entitlement_id,cust_id,product_id,month,consumed_units,licensed_amount_month
E00001,C0074,P0464,2025-08-01,148.9,1000.0
E00001,C0074,P0464,2025-09-01,428.5,1000.0
E00001,C0074,P0464,2025-10-01,714.9,1000.0
E00001,C0074,P0464,2025-11-01,593.0,1000.0
E00001,C0074,P0464,2025-12-01,661.9,1000.0
E00001,C0074,P0464,2026-01-01,860.7,1000.0
E00001,C0074,P0464,2026-02-01,681.7,1000.0
E00001,C0074,P0464,2026-03-01,717.4,1000.0
E00001,C0074,P0464,2026-04-01,802.4,1000.0
E00001,C0074,P0464,2026-05-01,778.1,1000.0
E00001,C0074,P0464,2026-06-01,837.7,1000.0
E00001,C0074,P0464,2026-07-01,895.6,1000.0
E00002,C0013,P0405,2025-06-01,34.12,200.0
E00002,C0013,P0405,2025-07-01,72.88,200.0
E00002,C0013,P0405,2025-08-01,101.8,200.0
E00002,C0013,P0405,2025-09-01,139.1,200.0
E00002,C0013,P0405,2025-10-01,164.92,200.0
E00002,C0013,P0405,2025-11-01,109.16,200.0
E00002,C0013,P0405,2025-12-01,159.6,200.0
E00002,C0013,P0405,2026-01-01,145.0,200.0
E00002,C0013,P0405,2026-02-01,116.26,200.0
E00002,C0013,P0405,2026-03-01,117.1,200.0
E00003,C0047,P0249,2025-06-01,2.17,10.0
E00003,C0047,P0249,2025-07-01,4.3,10.0
E00003,C0047,P0249,2025-08-01,4.91,10.0
E00003,C0047,P0249,2025-09-01,9.24,10.0
E00003,C0047,P0249,2025-10-01,8.39,10.0
E00003,C0047,P0249,2025-11-01,7.05,10.0
E00003,C0047,P0249,2025-12-01,5.55,10.0
E00003,C0047,P0249,2026-01-01,8.51,10.0
E00004,C0037,P0444,2025-06-01,74.2,500.0
E00004,C0037,P0444,2025-07-01,180.45,500.0
E00004,C0037,P0444,2025-08-01,344.65,500.0
E00004,C0037,P0444,2025-09-01,393.7,500.0
E00004,C0037,P0444,2025-10-01,376.85,500.0
E00004,C0037,P0444,2025-11-01,383.75,500.0
E00004,C0037,P0444,2025-12-01,305.0,500.0
E00005,C0007,P0454,2025-06-01,1751.02,500.0
E00005,C0007,P0454,2025-07-01,1980.43,500.0
E00005,C0007,P0454,2025-08-01,1897.25,500.0
E00005,C0007,P0454,2026-01-01,9.08,500.0
E00006,C0001,P0293,2025-11-01,8.94,50.0
E00006,C0001,P0293,2025-12-01,14.88,50.0
E00006,C0001,P0293,2026-01-01,26.13,50.0
E00006,C0001,P0293,2026-02-01,30.51,50.0
E00006,C0001,P0293,2026-03-01,41.48,50.0
E00006,C0001,P0293,2026-04-01,30.73,50.0
E00006,C0001,P0293,2026-05-01,29.11,50.0
E00006,C0001,P0293,2026-06-01,33.91,50.0
E00006,C0001,P0293,2026-07-01,30.3,50.0
E00006,C0001,P0293,2026-08-01,17.06,50.0
E00007,C0096,P0047,2025-09-01,80.4,500.0
E00007,C0096,P0047,2025-10-01,176.4,500.0
E00007,C0096,P0047,2025-11-01,249.4,500.0
E00007,C0096,P0047,2025-12-01,298.15,500.0
E00007,C0096,P0047,2026-01-01,507.2,500.0
E00007,C0096,P0047,2026-02-01,467.8,500.0
E00007,C0096,P0047,2026-03-01,343.4,500.0
E00007,C0096,P0047,2026-04-01,322.0,500.0
E00007,C0096,P0047,2026-05-01,396.9,500.0
E00007,C0096,P0047,2026-06-01,457.4,500.0
E00007,C0096,P0047,2026-07-01,419.9,500.0
E00007,C0096,P0047,2026-08-01,132.46,500.0
E00008,C0097,P0378,2025-06-01,1064.5,5000.0
E00008,C0097,P0378,2025-07-01,1377.0,5000.0
E00008,C0097,P0378,2025-08-01,2748.0,5000.0
E00008,C0097,P0378,2025-09-01,4652.0,5000.0
E00008,C0097,P0378,2025-10-01,3115.0,5000.0
E00008,C0097,P0378,2025-11-01,3741.0,5000.0
E00008,C0097,P0378,2025-12-01,4887.5,5000.0
E00008,C0097,P0378,2026-01-01,4450.5,5000.0
E00008,C0097,P0378,2026-02-01,4093.5,5000.0
E00008,C0097,P0378,2026-03-01,4276.5,5000.0
E00008,C0097,P0378,2026-04-01,3027.0,5000.0
E00009,C0016,P0112,2025-11-01,46.32,200.0
E00009,C0016,P0112,2025-12-01,65.32,200.0
E00009,C0016,P0112,2026-01-01,116.0,200.0
E00009,C0016,P0112,2026-02-01,195.88,200.0
E00009,C0016,P0112,2026-03-01,190.82,200.0
E00009,C0016,P0112,2026-04-01,166.7,200.0
E00009,C0016,P0112,2026-05-01,130.72,200.0
E00009,C0016,P0112,2026-06-01,157.28,200.0
E00009,C0016,P0112,2026-07-01,196.66,200.0
E00009,C0016,P0112,2026-08-01,61.13,200.0
E00010,C0046,P0131,2025-06-01,38.68,250.0
E00010,C0046,P0131,2025-07-01,79.78,250.0
E00010,C0046,P0131,2025-08-01,118.22,250.0
E00010,C0046,P0131,2025-09-01,209.68,250.0
E00010,C0046,P0131,2025-10-01,270.2,250.0
E00010,C0046,P0131,2025-11-01,213.0,250.0
E00010,C0046,P0131,2025-12-01,261.32,250.0
E00010,C0046,P0131,2026-01-01,234.2,250.0
E00010,C0046,P0131,2026-02-01,170.17,250.0
E00011,C0029,P0217,2025-06-01,48.12,250.0
E00011,C0029,P0217,2025-07-01,102.92,250.0
E00011,C0029,P0217,2025-08-01,151.6,250.0
E00011,C0029,P0217,2025-09-01,155.28,250.0
E00011,C0029,P0217,2025-10-01,183.38,250.0
E00011,C0029,P0217,2025-11-01,260.2,250.0
E00011,C0029,P0217,2025-12-01,175.75,250.0
E00011,C0029,P0217,2026-01-01,168.5,250.0
E00011,C0029,P0217,2026-02-01,215.07,250.0
E00011,C0029,P0217,2026-03-01,144.15,250.0
E00011,C0029,P0217,2026-04-01,186.72,250.0
E00013,C0084,P0340,2025-06-01,2.06,10.0
E00013,C0084,P0340,2025-07-01,4.76,10.0
E00013,C0084,P0340,2025-08-01,5.37,10.0
E00013,C0084,P0340,2025-09-01,8.62,10.0
E00013,C0084,P0340,2025-10-01,5.77,10.0
E00013,C0084,P0340,2025-11-01,7.26,10.0
E00014,C0071,P0197,2025-10-01,1407.02,400.0
E00014,C0071,P0197,2025-11-01,1418.6,400.0
E00014,C0071,P0197,2025-12-01,1408.49,400.0
E00015,C0064,P0351,2025-11-01,104.1,500.0
E00015,C0064,P0351,2025-12-01,172.15,500.0
E00015,C0064,P0351,2026-01-01,383.8,500.0
E00015,C0064,P0351,2026-02-01,339.7,500.0
E00015,C0064,P0351,2026-03-01,501.1,500.0
E00015,C0064,P0351,2026-04-01,308.15,500.0
E00015,C0064,P0351,2026-05-01,327.6,500.0
E00015,C0064,P0351,2026-06-01,346.2,500.0
E00015,C0064,P0351,2026-07-01,295.25,500.0
E00015,C0064,P0351,2026-08-01,121.7,500.0
E00016,C0060,P0466,2025-06-01,5580.0,25000.0
E00016,C0060,P0466,2025-07-01,8535.0,25000.0
E00016,C0060,P0466,2025-08-01,15490.0,25000.0
E00016,C0060,P0466,2025-09-01,17302.5,25000.0
E00016,C0060,P0466,2025-10-01,21355.0,25000.0
E00016,C0060,P0466,2025-11-01,16007.5,25000.0
E00016,C0060,P0466,2025-12-01,23115.0,25000.0
E00016,C0060,P0466,2026-01-01,21362.5,25000.0
E00016,C0060,P0466,2026-02-01,23005.0,25000.0
E00017,C0033,P0422,2025-06-01,117.35,500.0
E00017,C0033,P0422,2025-07-01,226.05,500.0
E00017,C0033,P0422,2025-08-01,311.35,500.0
E00017,C0033,P0422,2025-09-01,436.5,500.0
E00017,C0033,P0422,2025-10-01,341.3,500.0
E00017,C0033,P0422,2025-11-01,475.35,500.0
E00017,C0033,P0422,2025-12-01,475.5,500.0
E00017,C0033,P0422,2026-01-01,338.45,500.0
E00017,C0033,P0422,2026-02-01,463.35,500.0
E00017,C0033,P0422,2026-03-01,386.5,500.0
E00018,C0039,P0451,2025-06-01,4852.5,25000.0
E00018,C0039,P0451,2025-07-01,12222.5,25000.0
E00018,C0039,P0451,2025-08-01,19310.0,25000.0
E00018,C0039,P0451,2025-09-01,21407.5,25000.0
E00018,C0039,P0451,2025-10-01,17272.5,25000.0
E00018,C0039,P0451,2025-11-01,19507.5,25000.0
E00018,C0039,P0451,2025-12-01,22830.0,25000.0
E00018,C0039,P0451,2026-01-01,18532.5,25000.0
E00019,C0093,P0482,2025-06-01,160.5,250.0
E00019,C0093,P0482,2025-07-01,319.12,250.0
E00019,C0093,P0482,2025-08-01,367.98,250.0
E00019,C0093,P0482,2025-09-01,395.5,250.0
E00019,C0093,P0482,2025-10-01,337.03,250.0
E00019,C0093,P0482,2025-11-01,336.38,250.0
E00019,C0093,P0482,2025-12-01,330.2,250.0
E00019,C0093,P0482,2026-01-01,330.7,250.0
E00019,C0093,P0482,2026-02-01,381.9,250.0
E00019,C0093,P0482,2026-03-01,312.48,250.0
E00021,C0067,P0181,2025-11-01,556.75,2500.0
E00021,C0067,P0181,2025-12-01,889.75,2500.0
E00021,C0067,P0181,2026-01-01,1631.5,2500.0
E00021,C0067,P0181,2026-02-01,2236.5,2500.0
E00021,C0067,P0181,2026-03-01,2282.0,2500.0
E00021,C0067,P0181,2026-04-01,1855.5,2500.0
E00021,C0067,P0181,2026-05-01,1610.75,2500.0
E00021,C0067,P0181,2026-06-01,1833.25,2500.0
E00021,C0067,P0181,2026-07-01,2179.5,2500.0
E00021,C0067,P0181,2026-08-01,956.8,2500.0
E00023,C0051,P0070,2025-06-01,504.25,2500.0
E00023,C0051,P0070,2025-07-01,868.0,2500.0
E00023,C0051,P0070,2025-08-01,1012.0,2500.0
E00023,C0051,P0070,2025-09-01,2040.5,2500.0
E00023,C0051,P0070,2025-10-01,2236.25,2500.0
E00023,C0051,P0070,2025-11-01,2055.75,2500.0
E00023,C0051,P0070,2025-12-01,2118.5,2500.0
E00023,C0051,P0070,2026-01-01,2304.25,2500.0
E00024,C0057,P0043,2025-10-01,45.62,250.0
E00024,C0057,P0043,2025-11-01,87.67,250.0
E00024,C0057,P0043,2025-12-01,191.5,250.0
E00024,C0057,P0043,2026-01-01,196.6,250.0
E00024,C0057,P0043,2026-02-01,213.93,250.0
E00024,C0057,P0043,2026-03-01,224.05,250.0
E00024,C0057,P0043,2026-04-01,208.97,250.0
E00024,C0057,P0043,2026-05-01,218.95,250.0
E00024,C0057,P0043,2026-06-01,181.68,250.0
E00024,C0057,P0043,2026-07-01,198.28,250.0
E00024,C0057,P0043,2026-08-01,96.6,250.0
E00025,C0058,P0352,2025-08-01,84.4,500.0
E00025,C0058,P0352,2025-09-01,131.15,500.0
E00025,C0058,P0352,2025-10-01,362.35,500.0
E00025,C0058,P0352,2025-11-01,419.1,500.0
E00025,C0058,P0352,2025-12-01,320.4,500.0
E00025,C0058,P0352,2026-01-01,391.75,500.0
E00025,C0058,P0352,2026-02-01,384.3,500.0
E00025,C0058,P0352,2026-03-01,394.8,500.0
E00025,C0058,P0352,2026-04-01,349.05,500.0
E00025,C0058,P0352,2026-05-01,424.55,500.0
E00025,C0058,P0352,2026-06-01,393.55,500.0
E00025,C0058,P0352,2026-07-01,350.35,500.0
E00026,C0081,P0377,2025-06-01,753.0,5000.0
E00026,C0081,P0377,2025-07-01,1883.5,5000.0
E00026,C0081,P0377,2025-08-01,2461.0,5000.0
E00026,C0081,P0377,2025-09-01,3976.0,5000.0
E00026,C0081,P0377,2025-10-01,5070.0,5000.0
E00026,C0081,P0377,2025-11-01,3103.5,5000.0
E00026,C0081,P0377,2025-12-01,2713.0,5000.0
E00026,C0081,P0377,2026-01-01,3265.0,5000.0
E00026,C0081,P0377,2026-02-01,3383.5,5000.0
E00026,C0081,P0377,2026-03-01,4511.5,5000.0
E00026,C0081,P0377,2026-04-01,3431.0,5000.0
E00027,C0025,P0102,2025-10-01,122.65,500.0
E00027,C0025,P0102,2025-11-01,222.65,500.0
E00027,C0025,P0102,2025-12-01,260.9,500.0
E00027,C0025,P0102,2026-01-01,307.7,500.0
E00027,C0025,P0102,2026-02-01,477.45,500.0
E00027,C0025,P0102,2026-03-01,425.1,500.0
E00027,C0025,P0102,2026-04-01,299.1,500.0
E00027,C0025,P0102,2026-05-01,280.9,500.0
E00027,C0025,P0102,2026-06-01,348.25,500.0
E00027,C0025,P0102,2026-07-01,399.0,500.0
E00027,C0025,P0102,2026-08-01,163.98,500.0
E00028,C0034,P0484,2025-06-01,301.6,2000.0
E00028,C0034,P0484,2025-07-01,579.2,2000.0
E00028,C0034,P0484,2025-08-01,1509.8,2000.0
E00028,C0034,P0484,2025-09-01,1184.4,2000.0
E00028,C0034,P0484,2025-10-01,1711.4,2000.0
E00028,C0034,P0484,2025-11-01,1598.6,2000.0
E00028,C0034,P0484,2025-12-01,1314.8,2000.0
E00028,C0034,P0484,2026-01-01,1895.8,2000.0
E00029,C0068,P0499,2025-06-01,170.2,1000.0
E00029,C0068,P0499,2025-07-01,394.9,1000.0
E00029,C0068,P0499,2025-08-01,647.7,1000.0
E00029,C0068,P0499,2025-09-01,795.9,1000.0
E00029,C0068,P0499,2025-10-01,686.9,1000.0
E00029,C0068,P0499,2025-11-01,976.7,1000.0
E00030,C0053,P0317,2025-11-01,1602.01,500.0
E00030,C0053,P0317,2025-12-01,1808.7,500.0
E00030,C0053,P0317,2026-01-01,1701.8,500.0
E00032,C0055,P0476,2025-08-01,7797.0,10000.0
E00032,C0055,P0476,2025-09-01,12118.0,10000.0
E00032,C0055,P0476,2025-10-01,12554.0,10000.0
E00032,C0055,P0476,2025-11-01,12334.0,10000.0
E00032,C0055,P0476,2025-12-01,14766.0,10000.0
E00032,C0055,P0476,2026-01-01,12506.0,10000.0
E00032,C0055,P0476,2026-02-01,13095.0,10000.0
E00032,C0055,P0476,2026-03-01,12797.0,10000.0
E00032,C0055,P0476,2026-04-01,12368.0,10000.0
E00032,C0055,P0476,2026-05-01,14832.0,10000.0
E00032,C0055,P0476,2026-06-01,14608.0,10000.0
E00032,C0055,P0476,2026-07-01,13868.0,10000.0
E00033,C0008,P0105,2025-07-01,10.83,50.0
E00033,C0008,P0105,2025-08-01,26.23,50.0
E00033,C0008,P0105,2025-09-01,23.45,50.0
E00033,C0008,P0105,2025-10-01,47.73,50.0
E00033,C0008,P0105,2025-11-01,41.25,50.0
E00033,C0008,P0105,2025-12-01,45.03,50.0
E00033,C0008,P0105,2026-01-01,30.0,50.0
E00033,C0008,P0105,2026-02-01,41.78,50.0
E00033,C0008,P0105,2026-03-01,38.9,50.0
E00033,C0008,P0105,2026-04-01,32.87,50.0
E00033,C0008,P0105,2026-05-01,30.76,50.0
E00033,C0008,P0105,2026-06-01,32.02,50.0
E00034,C0055,P0196,2025-06-01,389.8,500.0
E00034,C0055,P0196,2025-07-01,763.85,500.0
E00034,C0055,P0196,2025-08-01,689.9,500.0
E00034,C0055,P0196,2025-09-01,777.9,500.0
E00034,C0055,P0196,2025-10-01,791.6,500.0
E00034,C0055,P0196,2025-11-01,650.6,500.0
E00034,C0055,P0196,2025-12-01,681.95,500.0
E00034,C0055,P0196,2026-01-01,720.8,500.0
E00034,C0055,P0196,2026-02-01,775.45,500.0
E00034,C0055,P0196,2026-03-01,790.1,500.0
E00035,C0083,P0145,2025-06-01,141.22,200.0
E00035,C0083,P0145,2025-07-01,271.86,200.0
E00035,C0083,P0145,2025-08-01,249.18,200.0
E00035,C0083,P0145,2025-09-01,304.72,200.0
E00035,C0083,P0145,2025-10-01,274.36,200.0
E00035,C0083,P0145,2025-11-01,254.88,200.0
E00035,C0083,P0145,2025-12-01,259.62,200.0
E00035,C0083,P0145,2026-01-01,257.22,200.0
E00035,C0083,P0145,2026-02-01,269.74,200.0
E00036,C0002,P0500,2025-06-01,30.72,200.0
E00036,C0002,P0500,2025-07-01,63.74,200.0
E00036,C0002,P0500,2025-08-01,116.68,200.0
E00036,C0002,P0500,2025-09-01,151.18,200.0
E00036,C0002,P0500,2025-10-01,118.56,200.0
E00036,C0002,P0500,2025-11-01,127.78,200.0
E00036,C0002,P0500,2025-12-01,137.7,200.0
E00036,C0002,P0500,2026-01-01,192.92,200.0
E00036,C0002,P0500,2026-02-01,185.6,200.0
E00036,C0002,P0500,2026-03-01,167.2,200.0
E00036,C0002,P0500,2026-04-01,164.48,200.0
E00036,C0002,P0500,2026-05-01,160.92,200.0
E00037,C0035,P0351,2025-07-01,154.1,1000.0
E00037,C0035,P0351,2025-08-01,287.3,1000.0
E00037,C0035,P0351,2025-09-01,474.5,1000.0
E00037,C0035,P0351,2025-10-01,832.7,1000.0
E00037,C0035,P0351,2025-11-01,584.7,1000.0
E00037,C0035,P0351,2025-12-01,657.8,1000.0
E00037,C0035,P0351,2026-01-01,682.4,1000.0
E00037,C0035,P0351,2026-02-01,677.3,1000.0
E00037,C0035,P0351,2026-03-01,808.1,1000.0
E00037,C0035,P0351,2026-04-01,793.2,1000.0
E00037,C0035,P0351,2026-05-01,613.9,1000.0
E00037,C0035,P0351,2026-06-01,840.1,1000.0
E00038,C0039,P0499,2025-07-01,87.6,500.0
E00038,C0039,P0499,2025-08-01,169.55,500.0
E00038,C0039,P0499,2025-09-01,254.85,500.0
E00038,C0039,P0499,2025-10-01,333.9,500.0
E00038,C0039,P0499,2025-11-01,403.35,500.0
E00038,C0039,P0499,2025-12-01,402.7,500.0
E00038,C0039,P0499,2026-01-01,506.6,500.0
E00038,C0039,P0499,2026-02-01,408.8,500.0
E00038,C0039,P0499,2026-03-01,372.3,500.0
E00038,C0039,P0499,2026-04-01,372.3,500.0
E00038,C0039,P0499,2026-05-01,481.05,500.0
E00038,C0039,P0499,2026-06-01,297.65,500.0
E00039,C0081,P0377,2025-11-01,933.2,4000.0
E00039,C0081,P0377,2025-12-01,1791.2,4000.0
E00039,C0081,P0377,2026-01-01,1907.2,4000.0
E00039,C0081,P0377,2026-02-01,2758.0,4000.0
E00039,C0081,P0377,2026-03-01,2126.8,4000.0
E00039,C0081,P0377,2026-04-01,2625.6,4000.0
E00039,C0081,P0377,2026-05-01,3657.2,4000.0
E00039,C0081,P0377,2026-06-01,3106.0,4000.0
E00039,C0081,P0377,2026-07-01,3787.2,4000.0
E00039,C0081,P0377,2026-08-01,971.52,4000.0
E00040,C0093,P0477,2025-08-01,12.59,20.0
E00040,C0093,P0477,2025-09-01,28.67,20.0
E00040,C0093,P0477,2025-10-01,30.8,20.0
E00040,C0093,P0477,2025-11-01,31.16,20.0
E00040,C0093,P0477,2025-12-01,29.1,20.0
E00040,C0093,P0477,2026-01-01,29.35,20.0
E00040,C0093,P0477,2026-02-01,28.17,20.0
E00040,C0093,P0477,2026-03-01,25.92,20.0
E00040,C0093,P0477,2026-04-01,27.82,20.0
E00040,C0093,P0477,2026-05-01,27.92,20.0
E00040,C0093,P0477,2026-06-01,26.24,20.0
E00040,C0093,P0477,2026-07-01,30.18,20.0
E00041,C0082,P0259,2025-06-01,69.65,100.0
E00041,C0082,P0259,2025-07-01,123.67,100.0
E00041,C0082,P0259,2025-08-01,150.65,100.0
E00041,C0082,P0259,2025-09-01,148.46,100.0
E00041,C0082,P0259,2025-10-01,134.12,100.0
E00041,C0082,P0259,2025-11-01,153.42,100.0
E00041,C0082,P0259,2025-12-01,129.7,100.0
E00041,C0082,P0259,2026-01-01,145.89,100.0
E00041,C0082,P0259,2026-02-01,154.23,100.0
E00041,C0082,P0259,2026-03-01,147.8,100.0
E00041,C0082,P0259,2026-04-01,123.01,100.0
E00042,C0011,P0457,2025-06-01,88.3,500.0
E00042,C0011,P0457,2025-07-01,206.65,500.0
E00042,C0011,P0457,2025-08-01,274.5,500.0
E00042,C0011,P0457,2025-09-01,393.45,500.0
E00042,C0011,P0457,2025-10-01,435.1,500.0
E00042,C0011,P0457,2025-11-01,402.15,500.0
E00042,C0011,P0457,2025-12-01,443.75,500.0
E00042,C0011,P0457,2026-01-01,395.3,500.0
E00042,C0011,P0457,2026-02-01,363.1,500.0
E00042,C0011,P0457,2026-03-01,362.25,500.0
E00042,C0011,P0457,2026-04-01,372.2,500.0
E00042,C0011,P0457,2026-05-01,322.15,500.0
E00043,C0043,P0477,2025-06-01,39.5,200.0
E00043,C0043,P0477,2025-07-01,95.46,200.0
E00043,C0043,P0477,2025-08-01,94.24,200.0
E00043,C0043,P0477,2025-09-01,112.6,200.0
E00043,C0043,P0477,2025-10-01,119.74,200.0
E00043,C0043,P0477,2025-11-01,137.68,200.0
E00043,C0043,P0477,2025-12-01,150.18,200.0
E00043,C0043,P0477,2026-01-01,130.22,200.0
E00043,C0043,P0477,2026-02-01,132.3,200.0
E00043,C0043,P0477,2026-03-01,144.72,200.0
E00044,C0051,P0272,2025-06-01,44.0,250.0
E00044,C0051,P0272,2025-07-01,78.85,250.0
E00044,C0051,P0272,2025-08-01,155.28,250.0
E00044,C0051,P0272,2025-09-01,151.43,250.0
E00044,C0051,P0272,2025-10-01,154.32,250.0
E00044,C0051,P0272,2025-11-01,204.28,250.0
E00044,C0051,P0272,2025-12-01,138.0,250.0
E00044,C0051,P0272,2026-01-01,151.75,250.0
E00045,C0053,P0066,2025-06-01,16460.75,5000.0
E00045,C0053,P0066,2025-07-01,19580.23,5000.0
E00045,C0053,P0066,2025-08-01,18300.92,5000.0
E00045,C0053,P0066,2025-12-01,104.93,5000.0
E00046,C0077,P0145,2025-06-01,1361.8,2000.0
E00046,C0077,P0145,2025-07-01,2714.4,2000.0
E00046,C0077,P0145,2025-08-01,2576.0,2000.0
E00046,C0077,P0145,2025-09-01,3059.2,2000.0
E00046,C0077,P0145,2025-10-01,2953.4,2000.0
E00046,C0077,P0145,2025-11-01,2796.2,2000.0
E00046,C0077,P0145,2025-12-01,2536.8,2000.0
E00046,C0077,P0145,2026-01-01,2562.8,2000.0
E00046,C0077,P0145,2026-02-01,2909.6,2000.0
E00046,C0077,P0145,2026-03-01,2964.6,2000.0
E00047,C0038,P0085,2025-06-01,298.2,2000.0
E00047,C0038,P0085,2025-07-01,746.2,2000.0
E00047,C0038,P0085,2025-08-01,1314.6,2000.0
E00047,C0038,P0085,2025-09-01,1898.0,2000.0
E00047,C0038,P0085,2025-10-01,1391.0,2000.0
E00047,C0038,P0085,2025-11-01,1250.4,2000.0
E00047,C0038,P0085,2025-12-01,1729.2,2000.0
E00047,C0038,P0085,2026-01-01,1630.2,2000.0
E00047,C0038,P0085,2026-02-01,1387.4,2000.0
E00047,C0038,P0085,2026-03-01,1637.4,2000.0
E00048,C0001,P0473,2025-07-01,92.35,500.0
E00048,C0001,P0473,2025-08-01,179.4,500.0
E00048,C0001,P0473,2025-09-01,250.35,500.0
E00048,C0001,P0473,2025-10-01,330.5,500.0
E00048,C0001,P0473,2025-11-01,319.4,500.0
E00048,C0001,P0473,2025-12-01,322.25,500.0
E00048,C0001,P0473,2026-01-01,417.75,500.0
E00048,C0001,P0473,2026-02-01,383.4,500.0
E00048,C0001,P0473,2026-03-01,418.95,500.0
E00048,C0001,P0473,2026-04-01,368.6,500.0
E00048,C0001,P0473,2026-05-01,414.9,500.0
E00048,C0001,P0473,2026-06-01,340.1,500.0
E00049,C0026,P0019,2025-06-01,20.92,100.0
E00049,C0026,P0019,2025-07-01,36.03,100.0
E00049,C0026,P0019,2025-08-01,69.27,100.0
E00049,C0026,P0019,2025-09-01,89.11,100.0
E00049,C0026,P0019,2025-10-01,69.85,100.0
E00049,C0026,P0019,2025-11-01,73.69,100.0
E00049,C0026,P0019,2025-12-01,68.12,100.0
E00049,C0026,P0019,2026-01-01,90.73,100.0
E00050,C0098,P0459,2025-11-01,80618.09,25000.0
E00050,C0098,P0459,2025-12-01,91551.68,25000.0
E00050,C0098,P0459,2026-01-01,93916.12,25000.0
E00050,C0098,P0459,2026-05-01,283.33,25000.0
E00051,C0047,P0058,2025-06-01,1110.5,5000.0
E00051,C0047,P0058,2025-07-01,2630.5,5000.0
E00051,C0047,P0058,2025-08-01,2785.0,5000.0
E00051,C0047,P0058,2025-09-01,3427.5,5000.0
E00051,C0047,P0058,2025-10-01,4569.5,5000.0
E00051,C0047,P0058,2025-11-01,3160.0,5000.0
E00051,C0047,P0058,2025-12-01,4257.0,5000.0
E00051,C0047,P0058,2026-01-01,3955.5,5000.0
E00051,C0047,P0058,2026-02-01,4479.5,5000.0
E00051,C0047,P0058,2026-03-01,4185.5,5000.0
E00051,C0047,P0058,2026-04-01,2722.0,5000.0
E00052,C0001,P0093,2025-06-01,41.34,200.0
E00052,C0001,P0093,2025-07-01,84.42,200.0
E00052,C0001,P0093,2025-08-01,107.04,200.0
E00052,C0001,P0093,2025-09-01,130.86,200.0
E00052,C0001,P0093,2025-10-01,116.86,200.0
E00052,C0001,P0093,2025-11-01,138.9,200.0
E00052,C0001,P0093,2025-12-01,157.7,200.0
E00053,C0045,P0498,2025-06-01,69.77,100.0
E00053,C0045,P0498,2025-07-01,120.2,100.0
E00053,C0045,P0498,2025-08-01,134.09,100.0
E00053,C0045,P0498,2025-09-01,153.36,100.0
E00053,C0045,P0498,2025-10-01,122.0,100.0
E00053,C0045,P0498,2025-11-01,125.51,100.0
E00053,C0045,P0498,2025-12-01,155.15,100.0
E00053,C0045,P0498,2026-01-01,151.41,100.0
E00053,C0045,P0498,2026-02-01,140.08,100.0
E00053,C0045,P0498,2026-03-01,158.34,100.0
E00054,C0052,P0040,2025-09-01,22.62,100.0
E00054,C0052,P0040,2025-10-01,37.93,100.0
E00054,C0052,P0040,2025-11-01,62.93,100.0
E00054,C0052,P0040,2025-12-01,86.36,100.0
E00054,C0052,P0040,2026-01-01,69.06,100.0
E00054,C0052,P0040,2026-02-01,72.38,100.0
E00054,C0052,P0040,2026-03-01,71.29,100.0
E00054,C0052,P0040,2026-04-01,102.45,100.0
E00054,C0052,P0040,2026-05-01,94.89,100.0
E00054,C0052,P0040,2026-06-01,64.79,100.0
E00054,C0052,P0040,2026-07-01,98.94,100.0
E00054,C0052,P0040,2026-08-01,28.03,100.0
E00056,C0045,P0303,2025-10-01,16.25,25.0
E00056,C0045,P0303,2025-11-01,34.16,25.0
E00056,C0045,P0303,2025-12-01,32.0,25.0
E00056,C0045,P0303,2026-01-01,33.05,25.0
E00056,C0045,P0303,2026-02-01,32.97,25.0
E00056,C0045,P0303,2026-03-01,39.27,25.0
E00056,C0045,P0303,2026-04-01,34.61,25.0
E00056,C0045,P0303,2026-05-01,31.83,25.0
E00056,C0045,P0303,2026-06-01,37.82,25.0
E00056,C0045,P0303,2026-07-01,38.34,25.0
E00056,C0045,P0303,2026-08-01,12.38,25.0
E00057,C0098,P0426,2025-06-01,362.13,100.0
E00057,C0098,P0426,2025-07-01,375.53,100.0
E00057,C0098,P0426,2025-08-01,360.31,100.0
E00057,C0098,P0426,2026-01-01,1.38,100.0
E00058,C0084,P0023,2025-06-01,19.72,100.0
E00058,C0084,P0023,2025-07-01,38.06,100.0
E00058,C0084,P0023,2025-08-01,54.63,100.0
E00058,C0084,P0023,2025-09-01,89.64,100.0
E00058,C0084,P0023,2025-10-01,75.71,100.0
E00058,C0084,P0023,2025-11-01,101.87,100.0
E00058,C0084,P0023,2025-12-01,68.28,100.0
E00058,C0084,P0023,2026-01-01,67.69,100.0
E00058,C0084,P0023,2026-02-01,82.21,100.0
E00058,C0084,P0023,2026-03-01,86.08,100.0
E00059,C0039,P0025,2025-11-01,29.32,200.0
E00059,C0039,P0025,2025-12-01,83.38,200.0
E00059,C0039,P0025,2026-01-01,132.9,200.0
E00059,C0039,P0025,2026-02-01,168.7,200.0
E00059,C0039,P0025,2026-03-01,160.0,200.0
E00059,C0039,P0025,2026-04-01,161.44,200.0
E00059,C0039,P0025,2026-05-01,180.48,200.0
E00059,C0039,P0025,2026-06-01,159.04,200.0
E00059,C0039,P0025,2026-07-01,167.24,200.0
E00059,C0039,P0025,2026-08-01,76.12,200.0
E00061,C0041,P0395,2025-06-01,84.9,500.0
E00061,C0041,P0395,2025-07-01,240.8,500.0
E00061,C0041,P0395,2025-08-01,343.0,500.0
E00061,C0041,P0395,2025-09-01,291.6,500.0
E00061,C0041,P0395,2025-10-01,364.0,500.0
E00061,C0041,P0395,2025-11-01,361.3,500.0
E00061,C0041,P0395,2025-12-01,272.75,500.0
E00061,C0041,P0395,2026-01-01,375.8,500.0
E00061,C0041,P0395,2026-02-01,434.3,500.0
E00061,C0041,P0395,2026-03-01,348.2,500.0
E00062,C0064,P0207,2025-06-01,37.66,200.0
E00062,C0064,P0207,2025-07-01,71.44,200.0
E00062,C0064,P0207,2025-08-01,118.42,200.0
E00062,C0064,P0207,2025-09-01,114.98,200.0
E00062,C0064,P0207,2025-10-01,108.46,200.0
E00062,C0064,P0207,2025-11-01,158.74,200.0
E00062,C0064,P0207,2025-12-01,165.14,200.0
E00062,C0064,P0207,2026-01-01,133.24,200.0
E00062,C0064,P0207,2026-02-01,123.44,200.0
E00063,C0057,P0252,2025-10-01,96.75,500.0
E00063,C0057,P0252,2025-11-01,168.1,500.0
E00063,C0057,P0252,2025-12-01,326.4,500.0
E00063,C0057,P0252,2026-01-01,395.65,500.0
E00063,C0057,P0252,2026-02-01,309.75,500.0
E00063,C0057,P0252,2026-03-01,377.05,500.0
E00063,C0057,P0252,2026-04-01,319.75,500.0
E00063,C0057,P0252,2026-05-01,408.1,500.0
E00063,C0057,P0252,2026-06-01,438.9,500.0
E00063,C0057,P0252,2026-07-01,361.6,500.0
E00063,C0057,P0252,2026-08-01,129.68,500.0
E00064,C0025,P0050,2025-06-01,32.78,200.0
E00064,C0025,P0050,2025-07-01,82.32,200.0
E00064,C0025,P0050,2025-08-01,138.42,200.0
E00064,C0025,P0050,2025-09-01,140.68,200.0
E00065,C0067,P0244,2025-07-01,1709.0,10000.0
E00065,C0067,P0244,2025-08-01,3937.0,10000.0
E00065,C0067,P0244,2025-09-01,6025.0,10000.0
E00065,C0067,P0244,2025-10-01,9163.0,10000.0
E00065,C0067,P0244,2025-11-01,8036.0,10000.0
E00065,C0067,P0244,2025-12-01,8894.0,10000.0
E00065,C0067,P0244,2026-01-01,9666.0,10000.0
E00065,C0067,P0244,2026-02-01,7046.0,10000.0
E00065,C0067,P0244,2026-03-01,8145.0,10000.0
E00065,C0067,P0244,2026-04-01,7317.0,10000.0
E00065,C0067,P0244,2026-05-01,8256.0,10000.0
E00065,C0067,P0244,2026-06-01,8842.0,10000.0
E00067,C0015,P0263,2025-06-01,535.6,4000.0
E00067,C0015,P0263,2025-07-01,1575.2,4000.0
E00067,C0015,P0263,2025-08-01,2498.0,4000.0
E00067,C0015,P0263,2025-09-01,3173.6,4000.0
E00067,C0015,P0263,2025-10-01,2946.4,4000.0
E00067,C0015,P0263,2025-11-01,4010.8,4000.0
E00067,C0015,P0263,2025-12-01,2838.8,4000.0
E00067,C0015,P0263,2026-01-01,3300.4,4000.0
E00067,C0015,P0263,2026-02-01,4239.6,4000.0
E00067,C0015,P0263,2026-03-01,2300.4,4000.0
E00067,C0015,P0263,2026-04-01,2636.4,4000.0
E00067,C0015,P0263,2026-05-01,2904.4,4000.0
E00068,C0056,P0366,2025-10-01,35.26,200.0
E00068,C0056,P0366,2025-11-01,58.32,200.0
E00068,C0056,P0366,2025-12-01,101.1,200.0
E00068,C0056,P0366,2026-01-01,167.4,200.0
E00068,C0056,P0366,2026-02-01,133.34,200.0
E00068,C0056,P0366,2026-03-01,153.72,200.0
E00068,C0056,P0366,2026-04-01,168.54,200.0
E00068,C0056,P0366,2026-05-01,170.66,200.0
E00068,C0056,P0366,2026-06-01,108.04,200.0
E00068,C0056,P0366,2026-07-01,164.52,200.0
E00068,C0056,P0366,2026-08-01,43.66,200.0
E00069,C0071,P0224,2025-08-01,80.1,25.0
E00069,C0071,P0224,2025-09-01,95.49,25.0
E00069,C0071,P0224,2025-10-01,91.37,25.0
E00069,C0071,P0224,2025-11-01,0.26,25.0
E00069,C0071,P0224,2026-01-01,0.55,25.0
E00070,C0073,P0066,2025-07-01,253.0,1000.0
E00070,C0073,P0066,2025-08-01,432.2,1000.0
E00070,C0073,P0066,2025-09-01,683.1,1000.0
E00070,C0073,P0066,2025-10-01,709.8,1000.0
E00070,C0073,P0066,2025-11-01,687.5,1000.0
E00070,C0073,P0066,2025-12-01,670.3,1000.0
E00070,C0073,P0066,2026-01-01,676.1,1000.0
E00070,C0073,P0066,2026-02-01,831.5,1000.0
E00070,C0073,P0066,2026-03-01,860.6,1000.0
E00070,C0073,P0066,2026-04-01,806.3,1000.0
E00070,C0073,P0066,2026-05-01,613.6,1000.0
E00070,C0073,P0066,2026-06-01,726.0,1000.0
E00071,C0056,P0025,2025-08-01,201.8,1000.0
E00071,C0056,P0025,2025-09-01,367.3,1000.0
E00071,C0056,P0025,2025-10-01,663.0,1000.0
E00071,C0056,P0025,2025-11-01,909.4,1000.0
E00071,C0056,P0025,2025-12-01,988.2,1000.0
E00071,C0056,P0025,2026-01-01,596.9,1000.0
E00071,C0056,P0025,2026-02-01,748.2,1000.0
E00071,C0056,P0025,2026-03-01,565.7,1000.0
E00071,C0056,P0025,2026-04-01,840.6,1000.0
E00071,C0056,P0025,2026-05-01,972.1,1000.0
E00071,C0056,P0025,2026-06-01,620.6,1000.0
E00071,C0056,P0025,2026-07-01,898.9,1000.0
E00072,C0091,P0212,2025-08-01,5.59,25.0
E00072,C0091,P0212,2025-09-01,10.52,25.0
E00072,C0091,P0212,2025-10-01,11.42,25.0
E00072,C0091,P0212,2025-11-01,24.23,25.0
E00072,C0091,P0212,2025-12-01,22.62,25.0
E00072,C0091,P0212,2026-01-01,17.21,25.0
E00072,C0091,P0212,2026-02-01,15.9,25.0
E00072,C0091,P0212,2026-03-01,16.21,25.0
E00072,C0091,P0212,2026-04-01,20.8,25.0
E00072,C0091,P0212,2026-05-01,20.82,25.0
E00072,C0091,P0212,2026-06-01,19.86,25.0
E00072,C0091,P0212,2026-07-01,19.85,25.0
E00074,C0032,P0237,2025-06-01,19.59,
E00074,C0032,P0237,2025-07-01,35.9,
E00074,C0032,P0237,2025-08-01,55.7,
E00074,C0032,P0237,2025-09-01,64.97,
E00074,C0032,P0237,2025-10-01,85.8,
E00074,C0032,P0237,2025-11-01,56.71,
E00075,C0065,P0449,2025-06-01,9.14,40.0
E00075,C0065,P0449,2025-07-01,13.78,40.0
E00075,C0065,P0449,2025-08-01,25.47,40.0
E00075,C0065,P0449,2025-09-01,21.57,40.0
E00075,C0065,P0449,2025-10-01,32.04,40.0
E00075,C0065,P0449,2025-11-01,35.69,40.0
E00075,C0065,P0449,2025-12-01,26.87,40.0
E00075,C0065,P0449,2026-01-01,33.51,40.0
E00075,C0065,P0449,2026-02-01,21.5,40.0
E00075,C0065,P0449,2026-03-01,28.18,40.0
E00075,C0065,P0449,2026-04-01,29.27,40.0
E00075,C0065,P0449,2026-05-01,41.92,40.0
E00077,C0079,P0383,2025-06-01,62.56,400.0
E00077,C0079,P0383,2025-07-01,173.84,400.0
E00077,C0079,P0383,2025-08-01,212.76,400.0
E00077,C0079,P0383,2025-09-01,285.36,400.0
E00077,C0079,P0383,2025-10-01,396.08,400.0
E00077,C0079,P0383,2025-11-01,354.12,400.0
E00077,C0079,P0383,2025-12-01,271.12,400.0
E00077,C0079,P0383,2026-01-01,352.32,400.0
E00078,C0023,P0003,2025-06-01,1916.0,10000.0
E00078,C0023,P0003,2025-07-01,3602.0,10000.0
E00078,C0023,P0003,2025-08-01,4554.0,10000.0
E00078,C0023,P0003,2025-09-01,8443.0,10000.0
E00078,C0023,P0003,2025-10-01,6728.0,10000.0
E00078,C0023,P0003,2025-11-01,10134.0,10000.0
E00078,C0023,P0003,2025-12-01,7366.0,10000.0
E00080,C0069,P0494,2025-09-01,879.5,5000.0
E00080,C0069,P0494,2025-10-01,2318.5,5000.0
E00080,C0069,P0494,2025-11-01,2114.5,5000.0
E00080,C0069,P0494,2025-12-01,4069.5,5000.0
E00080,C0069,P0494,2026-01-01,3997.5,5000.0
E00080,C0069,P0494,2026-02-01,4156.0,5000.0
E00080,C0069,P0494,2026-03-01,3788.0,5000.0
E00080,C0069,P0494,2026-04-01,4069.5,5000.0
E00080,C0069,P0494,2026-05-01,4339.0,5000.0
E00080,C0069,P0494,2026-06-01,2926.0,5000.0
E00080,C0069,P0494,2026-07-01,3465.0,5000.0
E00080,C0069,P0494,2026-08-01,1535.8,5000.0
E00081,C0005,P0098,2025-06-01,10.3,50.0
E00081,C0005,P0098,2025-07-01,16.48,50.0
E00081,C0005,P0098,2025-08-01,39.08,50.0
E00081,C0005,P0098,2025-09-01,41.08,50.0
E00081,C0005,P0098,2025-10-01,41.33,50.0
E00081,C0005,P0098,2025-11-01,39.51,50.0
E00081,C0005,P0098,2025-12-01,32.55,50.0
E00082,C0051,P0108,2025-11-01,226.8,1000.0
E00082,C0051,P0108,2025-12-01,493.1,1000.0
E00082,C0051,P0108,2026-01-01,707.2,1000.0
E00082,C0051,P0108,2026-02-01,901.4,1000.0
E00082,C0051,P0108,2026-03-01,867.3,1000.0
E00082,C0051,P0108,2026-04-01,956.7,1000.0
E00082,C0051,P0108,2026-05-01,797.6,1000.0
E00082,C0051,P0108,2026-06-01,806.6,1000.0
E00082,C0051,P0108,2026-07-01,926.9,1000.0
E00082,C0051,P0108,2026-08-01,349.2,1000.0
E00083,C0093,P0321,2025-10-01,156.3,200.0
E00083,C0093,P0321,2025-11-01,262.46,200.0
E00083,C0093,P0321,2025-12-01,294.6,200.0
E00083,C0093,P0321,2026-01-01,261.96,200.0
E00083,C0093,P0321,2026-02-01,319.9,200.0
E00083,C0093,P0321,2026-03-01,301.7,200.0
E00083,C0093,P0321,2026-04-01,263.66,200.0
E00083,C0093,P0321,2026-05-01,285.68,200.0
E00083,C0093,P0321,2026-06-01,243.08,200.0
E00083,C0093,P0321,2026-07-01,261.94,200.0
E00083,C0093,P0321,2026-08-01,104.6,200.0
E00084,C0013,P0012,2025-07-01,8.99,50.0
E00084,C0013,P0012,2025-08-01,18.57,50.0
E00084,C0013,P0012,2025-09-01,27.81,50.0
E00084,C0013,P0012,2025-10-01,49.29,50.0
E00084,C0013,P0012,2025-11-01,32.3,50.0
E00084,C0013,P0012,2025-12-01,25.96,50.0
E00084,C0013,P0012,2026-01-01,37.77,50.0
E00084,C0013,P0012,2026-02-01,38.65,50.0
E00084,C0013,P0012,2026-03-01,35.08,50.0
E00084,C0013,P0012,2026-04-01,46.41,50.0
E00084,C0013,P0012,2026-05-01,45.85,50.0
E00084,C0013,P0012,2026-06-01,37.48,50.0
E00085,C0010,P0242,2025-06-01,431.0,2500.0
E00085,C0010,P0242,2025-07-01,766.5,2500.0
E00085,C0010,P0242,2025-08-01,1776.25,2500.0
E00085,C0010,P0242,2025-09-01,1782.5,2500.0
E00085,C0010,P0242,2025-10-01,1664.5,2500.0
E00085,C0010,P0242,2025-11-01,1782.0,2500.0
E00085,C0010,P0242,2025-12-01,1822.25,2500.0
E00085,C0010,P0242,2026-01-01,2677.0,2500.0
E00086,C0023,P0292,2025-09-01,201.2,1000.0
E00086,C0023,P0292,2025-10-01,494.8,1000.0
E00086,C0023,P0292,2025-11-01,511.0,1000.0
E00086,C0023,P0292,2025-12-01,602.2,1000.0
E00086,C0023,P0292,2026-01-01,687.2,1000.0
E00086,C0023,P0292,2026-02-01,571.4,1000.0
E00086,C0023,P0292,2026-03-01,878.6,1000.0
E00086,C0023,P0292,2026-04-01,730.6,1000.0
E00086,C0023,P0292,2026-05-01,700.5,1000.0
E00086,C0023,P0292,2026-06-01,628.2,1000.0
E00086,C0023,P0292,2026-07-01,829.6,1000.0
E00086,C0023,P0292,2026-08-01,351.88,1000.0
E00087,C0073,P0366,2025-06-01,54.52,250.0
E00087,C0073,P0366,2025-07-01,73.35,250.0
E00087,C0073,P0366,2025-08-01,117.78,250.0
E00087,C0073,P0366,2025-09-01,177.9,250.0
E00087,C0073,P0366,2025-10-01,159.05,250.0
E00087,C0073,P0366,2025-11-01,228.07,250.0
E00088,C0028,P0205,2025-07-01,1891.75,2500.0
E00088,C0028,P0205,2025-08-01,3712.75,2500.0
E00088,C0028,P0205,2025-09-01,3940.0,2500.0
E00088,C0028,P0205,2025-10-01,3378.75,2500.0
E00088,C0028,P0205,2025-11-01,3582.75,2500.0
E00088,C0028,P0205,2025-12-01,3657.0,2500.0
E00088,C0028,P0205,2026-01-01,3150.0,2500.0
E00088,C0028,P0205,2026-02-01,3762.5,2500.0
E00088,C0028,P0205,2026-03-01,3649.25,2500.0
E00088,C0028,P0205,2026-04-01,3955.25,2500.0
E00088,C0028,P0205,2026-05-01,3958.75,2500.0
E00088,C0028,P0205,2026-06-01,3992.25,2500.0
E00089,C0074,P0032,2025-11-01,573.25,2500.0
E00089,C0074,P0032,2025-12-01,1097.75,2500.0
E00089,C0074,P0032,2026-01-01,1310.75,2500.0
E00089,C0074,P0032,2026-02-01,2471.75,2500.0
E00089,C0074,P0032,2026-03-01,2128.25,2500.0
E00089,C0074,P0032,2026-04-01,1848.0,2500.0
E00089,C0074,P0032,2026-05-01,1708.25,2500.0
E00089,C0074,P0032,2026-06-01,2179.0,2500.0
E00089,C0074,P0032,2026-07-01,2514.25,2500.0
E00089,C0074,P0032,2026-08-01,643.0,2500.0
E00090,C0083,P0332,2025-06-01,198.62,250.0
E00090,C0083,P0332,2025-07-01,369.3,250.0
E00090,C0083,P0332,2025-08-01,344.5,250.0
E00090,C0083,P0332,2025-09-01,395.75,250.0
E00090,C0083,P0332,2025-10-01,341.0,250.0
E00090,C0083,P0332,2025-11-01,307.98,250.0
E00090,C0083,P0332,2025-12-01,356.05,250.0
E00090,C0083,P0332,2026-01-01,307.65,250.0
E00090,C0083,P0332,2026-02-01,336.23,250.0
E00090,C0083,P0332,2026-03-01,348.43,250.0
E00090,C0083,P0332,2026-04-01,323.03,250.0
E00091,C0033,P0331,2025-06-01,2011.0,10000.0
E00091,C0033,P0331,2025-07-01,5098.0,10000.0
E00091,C0033,P0331,2025-08-01,6400.0,10000.0
E00091,C0033,P0331,2025-09-01,9662.0,10000.0
E00091,C0033,P0331,2025-10-01,8594.0,10000.0
E00091,C0033,P0331,2025-11-01,8368.0,10000.0
E00091,C0033,P0331,2025-12-01,6237.0,10000.0
E00092,C0043,P0372,2025-06-01,3.47,20.0
E00092,C0043,P0372,2025-07-01,8.61,20.0
E00092,C0043,P0372,2025-08-01,9.08,20.0
E00092,C0043,P0372,2025-09-01,13.66,20.0
E00092,C0043,P0372,2025-10-01,16.12,20.0
E00092,C0043,P0372,2025-11-01,16.83,20.0
E00092,C0043,P0372,2025-12-01,14.12,20.0
E00092,C0043,P0372,2026-01-01,15.29,20.0
E00092,C0043,P0372,2026-02-01,11.48,20.0
E00092,C0043,P0372,2026-03-01,15.74,20.0
E00092,C0043,P0372,2026-04-01,14.37,20.0
E00092,C0043,P0372,2026-05-01,13.65,20.0
E00093,C0013,P0301,2025-07-01,64.2,400.0
E00093,C0013,P0301,2025-08-01,157.56,400.0
E00093,C0013,P0301,2025-09-01,222.36,400.0
E00093,C0013,P0301,2025-10-01,272.08,400.0
E00093,C0013,P0301,2025-11-01,281.92,400.0
E00093,C0013,P0301,2025-12-01,418.96,400.0
E00093,C0013,P0301,2026-01-01,352.04,400.0
E00093,C0013,P0301,2026-02-01,324.28,400.0
E00093,C0013,P0301,2026-03-01,361.68,400.0
E00093,C0013,P0301,2026-04-01,350.48,400.0
E00093,C0013,P0301,2026-05-01,355.8,400.0
E00093,C0013,P0301,2026-06-01,222.72,400.0
E00094,C0017,P0151,2025-11-01,5310.0,25000.0
E00094,C0017,P0151,2025-12-01,8972.5,25000.0
E00094,C0017,P0151,2026-01-01,13237.5,25000.0
E00094,C0017,P0151,2026-02-01,18872.5,25000.0
E00094,C0017,P0151,2026-03-01,16997.5,25000.0
E00094,C0017,P0151,2026-04-01,15505.0,25000.0
E00094,C0017,P0151,2026-05-01,19645.0,25000.0
E00094,C0017,P0151,2026-06-01,21630.0,25000.0
E00094,C0017,P0151,2026-07-01,19777.5,25000.0
E00094,C0017,P0151,2026-08-01,8054.0,25000.0
E00095,C0046,P0410,2025-10-01,259.4,1000.0
E00095,C0046,P0410,2025-11-01,419.0,1000.0
E00095,C0046,P0410,2025-12-01,582.6,1000.0
E00095,C0046,P0410,2026-01-01,677.5,1000.0
E00095,C0046,P0410,2026-02-01,616.1,1000.0
E00095,C0046,P0410,2026-03-01,706.5,1000.0
E00095,C0046,P0410,2026-04-01,746.1,1000.0
E00095,C0046,P0410,2026-05-01,712.8,1000.0
E00095,C0046,P0410,2026-06-01,585.9,1000.0
E00095,C0046,P0410,2026-07-01,613.0,1000.0
E00095,C0046,P0410,2026-08-01,318.12,1000.0
E00097,C0029,P0213,2025-09-01,4240.0,25000.0
E00097,C0029,P0213,2025-10-01,8572.5,25000.0
E00097,C0029,P0213,2025-11-01,13427.5,25000.0
E00097,C0029,P0213,2025-12-01,21137.5,25000.0
E00097,C0029,P0213,2026-01-01,17040.0,25000.0
E00097,C0029,P0213,2026-02-01,22780.0,25000.0
E00097,C0029,P0213,2026-03-01,16772.5,25000.0
E00097,C0029,P0213,2026-04-01,21350.0,25000.0
E00097,C0029,P0213,2026-05-01,23942.5,25000.0
E00097,C0029,P0213,2026-06-01,17922.5,25000.0
E00097,C0029,P0213,2026-07-01,16922.5,25000.0
E00097,C0029,P0213,2026-08-01,6048.0,25000.0
E00098,C0085,P0184,2025-06-01,9.51,40.0
E00098,C0085,P0184,2025-07-01,18.92,40.0
E00098,C0085,P0184,2025-08-01,17.74,40.0
E00098,C0085,P0184,2025-09-01,24.9,40.0
E00098,C0085,P0184,2025-10-01,32.49,40.0
E00098,C0085,P0184,2025-11-01,29.14,40.0
E00098,C0085,P0184,2025-12-01,37.59,40.0
E00098,C0085,P0184,2026-01-01,21.6,40.0
E00098,C0085,P0184,2026-02-01,34.09,40.0
E00099,C0086,P0458,2025-06-01,167.62,50.0
E00099,C0086,P0458,2025-07-01,182.33,50.0
E00099,C0086,P0458,2025-08-01,193.51,50.0
E00099,C0086,P0458,2025-10-01,0.94,50.0
E00099,C0086,P0458,2026-01-01,0.33,50.0
E00100,C0044,P0117,2025-06-01,165.6,1000.0
E00100,C0044,P0117,2025-07-01,348.7,1000.0
E00100,C0044,P0117,2025-08-01,516.3,1000.0
E00100,C0044,P0117,2025-09-01,720.7,1000.0
E00100,C0044,P0117,2025-10-01,833.0,1000.0
E00100,C0044,P0117,2025-11-01,661.7,1000.0
E00100,C0044,P0117,2025-12-01,797.5,1000.0
E00100,C0044,P0117,2026-01-01,731.1,1000.0
E00100,C0044,P0117,2026-02-01,869.4,1000.0
E00100,C0044,P0117,2026-03-01,755.5,1000.0
E00100,C0044,P0117,2026-04-01,728.6,1000.0
E00101,C0009,P0402,2025-07-01,790.9,1000.0
E00101,C0009,P0402,2025-08-01,1551.2,1000.0
E00101,C0009,P0402,2025-09-01,1536.3,1000.0
E00101,C0009,P0402,2025-10-01,1550.0,1000.0
E00101,C0009,P0402,2025-11-01,1467.2,1000.0
E00101,C0009,P0402,2025-12-01,1396.1,1000.0
E00101,C0009,P0402,2026-01-01,1452.0,1000.0
E00101,C0009,P0402,2026-02-01,1439.1,1000.0
E00101,C0009,P0402,2026-03-01,1417.4,1000.0
E00101,C0009,P0402,2026-04-01,1318.2,1000.0
E00101,C0009,P0402,2026-05-01,1287.6,1000.0
E00101,C0009,P0402,2026-06-01,1585.2,1000.0
E00102,C0044,P0437,2025-08-01,61.65,250.0
E00102,C0044,P0437,2025-09-01,91.88,250.0
E00102,C0044,P0437,2025-10-01,125.82,250.0
E00102,C0044,P0437,2025-11-01,188.05,250.0
E00102,C0044,P0437,2025-12-01,198.3,250.0
E00102,C0044,P0437,2026-01-01,164.2,250.0
E00102,C0044,P0437,2026-02-01,250.38,250.0
E00102,C0044,P0437,2026-03-01,232.45,250.0
E00102,C0044,P0437,2026-04-01,180.45,250.0
E00102,C0044,P0437,2026-05-01,158.62,250.0
E00102,C0044,P0437,2026-06-01,218.32,250.0
E00102,C0044,P0437,2026-07-01,188.62,250.0
E00104,C0036,P0022,2025-09-01,5.09,25.0
E00104,C0036,P0022,2025-10-01,10.79,25.0
E00104,C0036,P0022,2025-11-01,11.23,25.0
E00104,C0036,P0022,2025-12-01,17.62,25.0
E00104,C0036,P0022,2026-01-01,17.77,25.0
E00104,C0036,P0022,2026-02-01,17.34,25.0
E00104,C0036,P0022,2026-03-01,22.91,25.0
E00104,C0036,P0022,2026-04-01,19.27,25.0
E00104,C0036,P0022,2026-05-01,24.25,25.0
E00104,C0036,P0022,2026-06-01,16.32,25.0
E00104,C0036,P0022,2026-07-01,19.96,25.0
E00104,C0036,P0022,2026-08-01,7.94,25.0
E00105,C0100,P0081,2025-06-01,68.48,400.0
E00105,C0100,P0081,2025-07-01,150.88,400.0
E00105,C0100,P0081,2025-08-01,169.08,400.0
E00105,C0100,P0081,2025-09-01,360.8,400.0
E00105,C0100,P0081,2025-10-01,346.16,400.0
E00105,C0100,P0081,2025-11-01,319.08,400.0
E00105,C0100,P0081,2025-12-01,252.68,400.0
E00106,C0035,P0051,2025-08-01,945.5,5000.0
E00106,C0035,P0051,2025-09-01,1467.0,5000.0
E00106,C0035,P0051,2025-10-01,3617.0,5000.0
E00106,C0035,P0051,2025-11-01,3923.0,5000.0
E00106,C0035,P0051,2025-12-01,3782.5,5000.0
E00106,C0035,P0051,2026-01-01,2996.5,5000.0
E00106,C0035,P0051,2026-02-01,4337.0,5000.0
E00106,C0035,P0051,2026-03-01,3288.5,5000.0
E00106,C0035,P0051,2026-04-01,4260.5,5000.0
E00106,C0035,P0051,2026-05-01,4054.5,5000.0
E00106,C0035,P0051,2026-06-01,5026.5,5000.0
E00106,C0035,P0051,2026-07-01,3138.0,5000.0
E00107,C0005,P0104,2025-06-01,113.15,500.0
E00107,C0005,P0104,2025-07-01,162.8,500.0
E00107,C0005,P0104,2025-08-01,333.3,500.0
E00107,C0005,P0104,2025-09-01,325.1,500.0
E00107,C0005,P0104,2025-10-01,405.1,500.0
E00107,C0005,P0104,2025-11-01,488.85,500.0
E00107,C0005,P0104,2025-12-01,401.75,500.0
E00107,C0005,P0104,2026-01-01,348.55,500.0
E00107,C0005,P0104,2026-02-01,362.15,500.0
E00107,C0005,P0104,2026-03-01,386.0,500.0
E00107,C0005,P0104,2026-04-01,343.9,500.0
E00108,C0083,P0243,2025-06-01,272.52,400.0
E00108,C0083,P0243,2025-07-01,524.56,400.0
E00108,C0083,P0243,2025-08-01,525.52,400.0
E00108,C0083,P0243,2025-09-01,592.48,400.0
E00108,C0083,P0243,2025-10-01,561.04,400.0
E00108,C0083,P0243,2025-11-01,541.2,400.0
E00109,C0014,P0367,2025-06-01,63.27,250.0
E00109,C0014,P0367,2025-07-01,125.82,250.0
E00109,C0014,P0367,2025-08-01,157.1,250.0
E00109,C0014,P0367,2025-09-01,171.97,250.0
E00109,C0014,P0367,2025-10-01,214.03,250.0
E00109,C0014,P0367,2025-11-01,169.22,250.0
E00109,C0014,P0367,2025-12-01,158.25,250.0
E00109,C0014,P0367,2026-01-01,179.5,250.0
E00110,C0010,P0386,2025-10-01,181.6,1000.0
E00110,C0010,P0386,2025-11-01,477.9,1000.0
E00110,C0010,P0386,2025-12-01,458.3,1000.0
E00110,C0010,P0386,2026-01-01,899.6,1000.0
E00110,C0010,P0386,2026-02-01,963.8,1000.0
E00110,C0010,P0386,2026-03-01,619.4,1000.0
E00110,C0010,P0386,2026-04-01,797.8,1000.0
E00110,C0010,P0386,2026-05-01,768.0,1000.0
E00110,C0010,P0386,2026-06-01,866.1,1000.0
E00110,C0010,P0386,2026-07-01,842.1,1000.0
E00110,C0010,P0386,2026-08-01,274.32,1000.0
E00111,C0094,P0210,2025-06-01,6977.0,10000.0
E00111,C0094,P0210,2025-07-01,13999.0,10000.0
E00111,C0094,P0210,2025-08-01,15838.0,10000.0
E00111,C0094,P0210,2025-09-01,12943.0,10000.0
E00111,C0094,P0210,2025-10-01,13845.0,10000.0
E00111,C0094,P0210,2025-11-01,13932.0,10000.0
E00111,C0094,P0210,2025-12-01,14219.0,10000.0
E00111,C0094,P0210,2026-01-01,14959.0,10000.0
E00112,C0017,P0227,2025-08-01,241.2,1000.0
E00112,C0017,P0227,2025-09-01,327.0,1000.0
E00112,C0017,P0227,2025-10-01,412.9,1000.0
E00112,C0017,P0227,2025-11-01,693.2,1000.0
E00112,C0017,P0227,2025-12-01,743.3,1000.0
E00112,C0017,P0227,2026-01-01,713.8,1000.0
E00112,C0017,P0227,2026-02-01,802.6,1000.0
E00112,C0017,P0227,2026-03-01,698.9,1000.0
E00112,C0017,P0227,2026-04-01,883.7,1000.0
E00112,C0017,P0227,2026-05-01,534.0,1000.0
E00112,C0017,P0227,2026-06-01,1011.1,1000.0
E00112,C0017,P0227,2026-07-01,845.7,1000.0
E00113,C0090,P0162,2025-11-01,49.75,250.0
E00113,C0090,P0162,2025-12-01,89.68,250.0
E00113,C0090,P0162,2026-01-01,138.85,250.0
E00113,C0090,P0162,2026-02-01,250.1,250.0
E00113,C0090,P0162,2026-03-01,188.2,250.0
E00113,C0090,P0162,2026-04-01,174.7,250.0
E00113,C0090,P0162,2026-05-01,192.12,250.0
E00113,C0090,P0162,2026-06-01,267.6,250.0
E00113,C0090,P0162,2026-07-01,174.97,250.0
E00113,C0090,P0162,2026-08-01,72.4,250.0
E00114,C0070,P0389,2025-06-01,635.8,1000.0
E00114,C0070,P0389,2025-07-01,1388.2,1000.0
E00114,C0070,P0389,2025-08-01,1597.3,1000.0
E00114,C0070,P0389,2025-09-01,1202.2,1000.0
E00114,C0070,P0389,2025-10-01,1480.6,1000.0
E00114,C0070,P0389,2025-11-01,1279.7,1000.0
E00114,C0070,P0389,2025-12-01,1237.5,1000.0
E00114,C0070,P0389,2026-01-01,1383.4,1000.0
E00115,C0073,P0030,2025-10-01,32.84,200.0
E00115,C0073,P0030,2025-11-01,70.3,200.0
E00115,C0073,P0030,2025-12-01,137.6,200.0
E00115,C0073,P0030,2026-01-01,123.14,200.0
E00115,C0073,P0030,2026-02-01,124.84,200.0
E00115,C0073,P0030,2026-03-01,179.74,200.0
E00115,C0073,P0030,2026-04-01,164.24,200.0
E00115,C0073,P0030,2026-05-01,196.32,200.0
E00115,C0073,P0030,2026-06-01,166.04,200.0
E00115,C0073,P0030,2026-07-01,137.92,200.0
E00115,C0073,P0030,2026-08-01,46.55,200.0
E00116,C0046,P0161,2025-10-01,168.8,1000.0
E00116,C0046,P0161,2025-11-01,324.3,1000.0
E00116,C0046,P0161,2025-12-01,597.5,1000.0
E00116,C0046,P0161,2026-01-01,886.5,1000.0
E00116,C0046,P0161,2026-02-01,925.3,1000.0
E00116,C0046,P0161,2026-03-01,887.9,1000.0
E00116,C0046,P0161,2026-04-01,838.2,1000.0
E00116,C0046,P0161,2026-05-01,552.6,1000.0
E00116,C0046,P0161,2026-06-01,762.8,1000.0
E00116,C0046,P0161,2026-07-01,728.0,1000.0
E00116,C0046,P0161,2026-08-01,260.6,1000.0
E00117,C0059,P0229,2025-06-01,61.56,100.0
E00117,C0059,P0229,2025-07-01,158.79,100.0
E00117,C0059,P0229,2025-08-01,125.48,100.0
E00117,C0059,P0229,2025-09-01,152.29,100.0
E00117,C0059,P0229,2025-10-01,137.02,100.0
E00117,C0059,P0229,2025-11-01,138.87,100.0
E00117,C0059,P0229,2025-12-01,132.1,100.0
E00117,C0059,P0229,2026-01-01,150.4,100.0
E00117,C0059,P0229,2026-02-01,129.63,100.0
E00117,C0059,P0229,2026-03-01,135.73,100.0
E00118,C0053,P0455,2025-09-01,95478.39,25000.0
E00118,C0053,P0455,2025-10-01,94124.89,25000.0
E00118,C0053,P0455,2025-11-01,87099.83,25000.0
E00119,C0016,P0172,2025-06-01,46.25,250.0
E00119,C0016,P0172,2025-07-01,97.53,250.0
E00119,C0016,P0172,2025-08-01,134.82,250.0
E00119,C0016,P0172,2025-09-01,187.05,250.0
E00119,C0016,P0172,2025-10-01,249.85,250.0
E00119,C0016,P0172,2025-11-01,207.4,250.0
E00119,C0016,P0172,2025-12-01,193.68,250.0
E00119,C0016,P0172,2026-01-01,255.27,250.0
E00119,C0016,P0172,2026-02-01,160.43,250.0
E00119,C0016,P0172,2026-03-01,266.07,250.0
E00120,C0096,P0277,2025-11-01,32.04,200.0
E00120,C0096,P0277,2025-12-01,68.54,200.0
E00120,C0096,P0277,2026-01-01,120.46,200.0
E00120,C0096,P0277,2026-02-01,184.26,200.0
E00120,C0096,P0277,2026-03-01,112.68,200.0
E00120,C0096,P0277,2026-04-01,172.34,200.0
E00120,C0096,P0277,2026-05-01,169.88,200.0
E00120,C0096,P0277,2026-06-01,157.82,200.0
E00120,C0096,P0277,2026-07-01,126.7,200.0
E00120,C0096,P0277,2026-08-01,52.05,200.0
E00121,C0068,P0388,2025-08-01,98.7,500.0
E00121,C0068,P0388,2025-09-01,171.2,500.0
E00121,C0068,P0388,2025-10-01,337.75,500.0
E00121,C0068,P0388,2025-11-01,348.5,500.0
E00121,C0068,P0388,2025-12-01,377.0,500.0
E00121,C0068,P0388,2026-01-01,451.05,500.0
E00121,C0068,P0388,2026-02-01,365.8,500.0
E00121,C0068,P0388,2026-03-01,346.0,500.0
E00121,C0068,P0388,2026-04-01,315.45,500.0
E00121,C0068,P0388,2026-05-01,400.7,500.0
E00121,C0068,P0388,2026-06-01,420.1,500.0
E00121,C0068,P0388,2026-07-01,470.1,500.0
E00123,C0077,P0431,2025-08-01,74.75,100.0
E00123,C0077,P0431,2025-09-01,133.31,100.0
E00123,C0077,P0431,2025-10-01,146.88,100.0
E00123,C0077,P0431,2025-11-01,155.99,100.0
E00123,C0077,P0431,2025-12-01,155.91,100.0
E00123,C0077,P0431,2026-01-01,126.77,100.0
E00123,C0077,P0431,2026-02-01,159.45,100.0
E00123,C0077,P0431,2026-03-01,148.89,100.0
E00123,C0077,P0431,2026-04-01,134.65,100.0
E00123,C0077,P0431,2026-05-01,120.57,100.0
E00123,C0077,P0431,2026-06-01,146.58,100.0
E00123,C0077,P0431,2026-07-01,136.66,100.0
E00125,C0056,P0121,2025-09-01,3.62,20.0
E00125,C0056,P0121,2025-10-01,7.2,20.0
E00125,C0056,P0121,2025-11-01,9.09,20.0
E00125,C0056,P0121,2025-12-01,11.4,20.0
E00125,C0056,P0121,2026-01-01,17.18,20.0
E00125,C0056,P0121,2026-02-01,15.47,20.0
E00125,C0056,P0121,2026-03-01,20.26,20.0
E00125,C0056,P0121,2026-04-01,14.44,20.0
E00125,C0056,P0121,2026-05-01,12.69,20.0
E00125,C0056,P0121,2026-06-01,15.64,20.0
E00125,C0056,P0121,2026-07-01,16.22,20.0
E00125,C0056,P0121,2026-08-01,6.67,20.0
E00126,C0029,P0267,2025-06-01,14.89,100.0
E00126,C0029,P0267,2025-07-01,35.07,100.0
E00126,C0029,P0267,2025-08-01,42.18,100.0
E00126,C0029,P0267,2025-09-01,81.35,100.0
E00126,C0029,P0267,2025-10-01,102.76,100.0
E00126,C0029,P0267,2025-11-01,74.61,100.0
E00126,C0029,P0267,2025-12-01,103.16,100.0
E00126,C0029,P0267,2026-01-01,92.31,100.0
E00126,C0029,P0267,2026-02-01,68.3,100.0
E00126,C0029,P0267,2026-03-01,65.4,100.0
E00127,C0029,P0185,2025-08-01,194.3,1000.0
E00127,C0029,P0185,2025-09-01,415.8,1000.0
E00127,C0029,P0185,2025-10-01,574.5,1000.0
E00127,C0029,P0185,2025-11-01,678.3,1000.0
E00127,C0029,P0185,2025-12-01,604.9,1000.0
E00127,C0029,P0185,2026-01-01,786.7,1000.0
E00127,C0029,P0185,2026-02-01,860.5,1000.0
E00127,C0029,P0185,2026-03-01,757.4,1000.0
E00127,C0029,P0185,2026-04-01,956.2,1000.0
E00127,C0029,P0185,2026-05-01,668.0,1000.0
E00127,C0029,P0185,2026-06-01,929.0,1000.0
E00127,C0029,P0185,2026-07-01,871.2,1000.0
E00128,C0075,P0042,2025-11-01,167.0,1000.0
E00128,C0075,P0042,2025-12-01,476.8,1000.0
E00128,C0075,P0042,2026-01-01,600.4,1000.0
E00128,C0075,P0042,2026-02-01,712.0,1000.0
E00128,C0075,P0042,2026-03-01,627.9,1000.0
E00128,C0075,P0042,2026-04-01,927.4,1000.0
E00128,C0075,P0042,2026-05-01,814.8,1000.0
E00128,C0075,P0042,2026-06-01,723.0,1000.0
E00128,C0075,P0042,2026-07-01,835.2,1000.0
E00128,C0075,P0042,2026-08-01,346.68,1000.0
E00129,C0079,P0040,2025-06-01,1524.0,10000.0
E00129,C0079,P0040,2025-07-01,4108.0,10000.0
E00129,C0079,P0040,2025-08-01,5467.0,10000.0
E00129,C0079,P0040,2025-09-01,8301.0,10000.0
E00129,C0079,P0040,2025-10-01,6519.0,10000.0
E00129,C0079,P0040,2025-11-01,8512.0,10000.0
E00129,C0079,P0040,2025-12-01,7800.0,10000.0
E00129,C0079,P0040,2026-01-01,8549.0,10000.0
E00130,C0006,P0300,2025-06-01,2123.0,10000.0
E00130,C0006,P0300,2025-07-01,3656.0,10000.0
E00130,C0006,P0300,2025-08-01,6046.0,10000.0
E00130,C0006,P0300,2025-09-01,6383.0,10000.0
E00130,C0006,P0300,2025-10-01,8514.0,10000.0
E00130,C0006,P0300,2025-11-01,10459.0,10000.0
E00130,C0006,P0300,2025-12-01,6236.0,10000.0
E00130,C0006,P0300,2026-01-01,7104.0,10000.0
E00130,C0006,P0300,2026-02-01,7262.0,10000.0
E00130,C0006,P0300,2026-03-01,6189.0,10000.0
E00130,C0006,P0300,2026-04-01,8569.0,10000.0
E00130,C0006,P0300,2026-05-01,8895.0,10000.0
E00131,C0100,P0214,2025-07-01,890.5,5000.0
E00131,C0100,P0214,2025-08-01,2260.5,5000.0
E00131,C0100,P0214,2025-09-01,2035.5,5000.0
E00131,C0100,P0214,2025-10-01,3915.5,5000.0
E00131,C0100,P0214,2025-11-01,3493.0,5000.0
E00131,C0100,P0214,2025-12-01,3987.0,5000.0
E00131,C0100,P0214,2026-01-01,3021.0,5000.0
E00131,C0100,P0214,2026-02-01,3203.5,5000.0
E00131,C0100,P0214,2026-03-01,4415.5,5000.0
E00131,C0100,P0214,2026-04-01,3824.5,5000.0
E00131,C0100,P0214,2026-05-01,4300.5,5000.0
E00131,C0100,P0214,2026-06-01,2701.0,5000.0
E00132,C0093,P0067,2025-06-01,1550.0,2500.0
E00132,C0093,P0067,2025-07-01,3549.75,2500.0
E00132,C0093,P0067,2025-08-01,3394.0,2500.0
E00132,C0093,P0067,2025-09-01,3212.5,2500.0
E00132,C0093,P0067,2025-10-01,3472.25,2500.0
E00132,C0093,P0067,2025-11-01,3376.25,2500.0
E00132,C0093,P0067,2025-12-01,3463.5,2500.0
E00132,C0093,P0067,2026-01-01,3242.75,2500.0
E00133,C0010,P0081,2025-07-01,2225.0,10000.0
E00133,C0010,P0081,2025-08-01,4022.0,10000.0
E00133,C0010,P0081,2025-09-01,5262.0,10000.0
E00133,C0010,P0081,2025-10-01,7358.0,10000.0
E00133,C0010,P0081,2025-11-01,9318.0,10000.0
E00133,C0010,P0081,2025-12-01,7508.0,10000.0
E00133,C0010,P0081,2026-01-01,9522.0,10000.0
E00133,C0010,P0081,2026-02-01,6799.0,10000.0
E00133,C0010,P0081,2026-03-01,6097.0,10000.0
E00133,C0010,P0081,2026-04-01,7271.0,10000.0
E00133,C0010,P0081,2026-05-01,6184.0,10000.0
E00133,C0010,P0081,2026-06-01,6456.0,10000.0
E00134,C0027,P0190,2025-06-01,680.4,4000.0
E00134,C0027,P0190,2025-07-01,1158.0,4000.0
E00134,C0027,P0190,2025-08-01,1831.6,4000.0
E00134,C0027,P0190,2025-09-01,2374.0,4000.0
E00134,C0027,P0190,2025-10-01,2984.8,4000.0
E00134,C0027,P0190,2025-11-01,2852.8,4000.0
E00134,C0027,P0190,2025-12-01,3377.6,4000.0
E00135,C0019,P0192,2025-06-01,18.58,100.0
E00135,C0019,P0192,2025-07-01,34.79,100.0
E00135,C0019,P0192,2025-08-01,57.87,100.0
E00135,C0019,P0192,2025-09-01,80.58,100.0
E00135,C0019,P0192,2025-10-01,79.26,100.0
E00135,C0019,P0192,2025-11-01,64.64,100.0
E00135,C0019,P0192,2025-12-01,71.71,100.0
E00135,C0019,P0192,2026-01-01,87.12,100.0
E00136,C0095,P0302,2025-06-01,81.0,500.0
E00136,C0095,P0302,2025-07-01,200.8,500.0
E00136,C0095,P0302,2025-08-01,262.35,500.0
E00136,C0095,P0302,2025-09-01,459.2,500.0
E00136,C0095,P0302,2025-10-01,464.45,500.0
E00136,C0095,P0302,2025-11-01,511.1,500.0
E00137,C0035,P0420,2025-06-01,361.0,2500.0
E00137,C0035,P0420,2025-07-01,1008.5,2500.0
E00137,C0035,P0420,2025-08-01,1482.5,2500.0
E00137,C0035,P0420,2025-09-01,1708.5,2500.0
E00137,C0035,P0420,2025-10-01,1965.25,2500.0
E00137,C0035,P0420,2025-11-01,2017.5,2500.0
E00137,C0035,P0420,2025-12-01,2219.0,2500.0
E00137,C0035,P0420,2026-01-01,1643.5,2500.0
E00137,C0035,P0420,2026-02-01,2232.5,2500.0
E00137,C0035,P0420,2026-03-01,1589.75,2500.0
E00138,C0003,P0023,2025-08-01,891.0,5000.0
E00138,C0003,P0023,2025-09-01,2258.0,5000.0
E00138,C0003,P0023,2025-10-01,2121.5,5000.0
E00138,C0003,P0023,2025-11-01,3426.0,5000.0
E00138,C0003,P0023,2025-12-01,3552.5,5000.0
E00138,C0003,P0023,2026-01-01,2705.5,5000.0
E00138,C0003,P0023,2026-02-01,4321.0,5000.0
E00138,C0003,P0023,2026-03-01,3333.5,5000.0
E00138,C0003,P0023,2026-04-01,3494.5,5000.0
E00138,C0003,P0023,2026-05-01,3246.5,5000.0
E00138,C0003,P0023,2026-06-01,4350.5,5000.0
E00138,C0003,P0023,2026-07-01,3935.5,5000.0
E00139,C0017,P0401,2025-06-01,6457.5,25000.0
E00139,C0017,P0401,2025-07-01,12692.5,25000.0
E00139,C0017,P0401,2025-08-01,12920.0,25000.0
E00139,C0017,P0401,2025-09-01,15385.0,25000.0
E00139,C0017,P0401,2025-10-01,21697.5,25000.0
E00139,C0017,P0401,2025-11-01,19462.5,25000.0
E00139,C0017,P0401,2025-12-01,20802.5,25000.0
E00139,C0017,P0401,2026-01-01,18692.5,25000.0
E00139,C0017,P0401,2026-02-01,17117.5,25000.0
E00139,C0017,P0401,2026-03-01,17840.0,25000.0
E00140,C0095,P0259,2025-11-01,114.35,500.0
E00140,C0095,P0259,2025-12-01,176.35,500.0
E00140,C0095,P0259,2026-01-01,382.65,500.0
E00140,C0095,P0259,2026-02-01,459.3,500.0
E00140,C0095,P0259,2026-03-01,412.5,500.0
E00140,C0095,P0259,2026-04-01,464.5,500.0
E00140,C0095,P0259,2026-05-01,315.35,500.0
E00140,C0095,P0259,2026-06-01,381.75,500.0
E00140,C0095,P0259,2026-07-01,367.8,500.0
E00140,C0095,P0259,2026-08-01,133.06,500.0
E00141,C0029,P0373,2025-10-01,1493.0,10000.0
E00141,C0029,P0373,2025-11-01,3103.0,10000.0
E00141,C0029,P0373,2025-12-01,4117.0,10000.0
E00141,C0029,P0373,2026-01-01,9149.0,10000.0
E00141,C0029,P0373,2026-02-01,6883.0,10000.0
E00141,C0029,P0373,2026-03-01,9121.0,10000.0
E00141,C0029,P0373,2026-04-01,5817.0,10000.0
E00141,C0029,P0373,2026-05-01,7772.0,10000.0
E00141,C0029,P0373,2026-06-01,8697.0,10000.0
E00141,C0029,P0373,2026-07-01,8037.0,10000.0
E00141,C0029,P0373,2026-08-01,3074.4,10000.0
E00142,C0019,P0461,2025-09-01,1959.0,10000.0
E00142,C0019,P0461,2025-10-01,3789.0,10000.0
E00142,C0019,P0461,2025-11-01,5856.0,10000.0
E00142,C0019,P0461,2025-12-01,7226.0,10000.0
E00142,C0019,P0461,2026-01-01,7821.0,10000.0
E00142,C0019,P0461,2026-02-01,6378.0,10000.0
E00142,C0019,P0461,2026-03-01,7768.0,10000.0
E00142,C0019,P0461,2026-04-01,6988.0,10000.0
E00142,C0019,P0461,2026-05-01,8824.0,10000.0
E00142,C0019,P0461,2026-06-01,6759.0,10000.0
E00142,C0019,P0461,2026-07-01,7392.0,10000.0
E00142,C0019,P0461,2026-08-01,3400.8,10000.0
E00144,C0097,P0408,2025-11-01,6.85,40.0
E00144,C0097,P0408,2025-12-01,16.7,40.0
E00144,C0097,P0408,2026-01-01,23.32,40.0
E00144,C0097,P0408,2026-02-01,37.33,40.0
E00144,C0097,P0408,2026-03-01,30.02,40.0
E00144,C0097,P0408,2026-04-01,36.44,40.0
E00144,C0097,P0408,2026-05-01,30.38,40.0
E00144,C0097,P0408,2026-06-01,33.07,40.0
E00144,C0097,P0408,2026-07-01,26.98,40.0
E00144,C0097,P0408,2026-08-01,9.57,40.0
E00145,C0086,P0317,2025-06-01,97.3,25.0
E00145,C0086,P0317,2025-07-01,95.34,25.0
E00145,C0086,P0317,2025-08-01,99.69,25.0
E00145,C0086,P0317,2025-09-01,0.41,25.0
E00145,C0086,P0317,2025-12-01,0.21,25.0
E00146,C0069,P0258,2025-08-01,22.59,100.0
E00146,C0069,P0258,2025-09-01,43.96,100.0
E00146,C0069,P0258,2025-10-01,64.14,100.0
E00146,C0069,P0258,2025-11-01,78.34,100.0
E00146,C0069,P0258,2025-12-01,65.92,100.0
E00146,C0069,P0258,2026-01-01,80.94,100.0
E00146,C0069,P0258,2026-02-01,82.85,100.0
E00146,C0069,P0258,2026-03-01,87.85,100.0
E00146,C0069,P0258,2026-04-01,66.07,100.0
E00146,C0069,P0258,2026-05-01,90.77,100.0
E00146,C0069,P0258,2026-06-01,73.81,100.0
E00146,C0069,P0258,2026-07-01,78.33,100.0
E00147,C0077,P0141,2025-08-01,68.37,100.0
E00147,C0077,P0141,2025-09-01,127.55,100.0
E00147,C0077,P0141,2025-10-01,121.16,100.0
E00147,C0077,P0141,2025-11-01,128.97,100.0
E00147,C0077,P0141,2025-12-01,144.39,100.0
E00147,C0077,P0141,2026-01-01,140.13,100.0
E00147,C0077,P0141,2026-02-01,123.22,100.0
E00147,C0077,P0141,2026-03-01,142.82,100.0
E00147,C0077,P0141,2026-04-01,136.35,100.0
E00147,C0077,P0141,2026-05-01,120.91,100.0
E00147,C0077,P0141,2026-06-01,144.39,100.0
E00147,C0077,P0141,2026-07-01,126.66,100.0
E00148,C0080,P0274,2025-11-01,2161.0,10000.0
E00148,C0080,P0274,2025-12-01,3998.0,10000.0
E00148,C0080,P0274,2026-01-01,6607.0,10000.0
E00148,C0080,P0274,2026-02-01,7388.0,10000.0
E00148,C0080,P0274,2026-03-01,7503.0,10000.0
E00148,C0080,P0274,2026-04-01,8111.0,10000.0
E00148,C0080,P0274,2026-05-01,6781.0,10000.0
E00148,C0080,P0274,2026-06-01,7730.0,10000.0
E00148,C0080,P0274,2026-07-01,5620.0,10000.0
E00148,C0080,P0274,2026-08-01,2500.0,10000.0
E00149,C0071,P0012,2025-06-01,35673.54,10000.0
E00149,C0071,P0012,2025-07-01,37469.37,10000.0
E00149,C0071,P0012,2025-08-01,35549.23,10000.0
E00150,C0080,P0163,2025-06-01,22.49,100.0
E00150,C0080,P0163,2025-07-01,49.65,100.0
E00150,C0080,P0163,2025-08-01,63.59,100.0
E00150,C0080,P0163,2025-09-01,74.27,100.0
E00150,C0080,P0163,2025-10-01,90.91,100.0
E00150,C0080,P0163,2025-11-01,74.66,100.0
E00150,C0080,P0163,2025-12-01,73.83,100.0
E00150,C0080,P0163,2026-01-01,99.4,100.0
E00150,C0080,P0163,2026-02-01,91.94,100.0
E00150,C0080,P0163,2026-03-01,87.78,100.0
E00150,C0080,P0163,2026-04-01,100.72,100.0
E00150,C0080,P0163,2026-05-01,82.76,100.0
E00151,C0050,P0147,2025-06-01,8.48,50.0
E00151,C0050,P0147,2025-07-01,23.75,50.0
E00151,C0050,P0147,2025-08-01,22.33,50.0
E00151,C0050,P0147,2025-09-01,48.02,50.0
E00151,C0050,P0147,2025-10-01,40.95,50.0
E00151,C0050,P0147,2025-11-01,35.12,50.0
E00151,C0050,P0147,2025-12-01,44.3,50.0
E00152,C0030,P0209,2025-06-01,23.39,100.0
E00152,C0030,P0209,2025-07-01,38.12,100.0
E00152,C0030,P0209,2025-08-01,44.97,100.0
E00152,C0030,P0209,2025-09-01,71.46,100.0
E00152,C0030,P0209,2025-10-01,75.71,100.0
E00152,C0030,P0209,2025-11-01,80.81,100.0
E00152,C0030,P0209,2025-12-01,92.99,100.0
E00153,C0032,P0030,2025-06-01,38.04,200.0
E00153,C0032,P0030,2025-07-01,70.5,200.0
E00153,C0032,P0030,2025-08-01,96.56,200.0
E00153,C0032,P0030,2025-09-01,109.28,200.0
E00153,C0032,P0030,2025-10-01,134.26,200.0
E00153,C0032,P0030,2025-11-01,185.08,200.0
E00153,C0032,P0030,2025-12-01,160.1,200.0
E00153,C0032,P0030,2026-01-01,173.56,200.0
E00153,C0032,P0030,2026-02-01,150.36,200.0
E00153,C0032,P0030,2026-03-01,149.8,200.0
E00153,C0032,P0030,2026-04-01,156.72,200.0
E00154,C0011,P0166,2025-06-01,45.0,200.0
E00154,C0011,P0166,2025-07-01,63.38,200.0
E00154,C0011,P0166,2025-08-01,138.04,200.0
E00154,C0011,P0166,2025-09-01,111.3,200.0
E00154,C0011,P0166,2025-10-01,145.86,200.0
E00154,C0011,P0166,2025-11-01,181.82,200.0
E00154,C0011,P0166,2025-12-01,171.8,200.0
E00154,C0011,P0166,2026-01-01,196.18,200.0
E00154,C0011,P0166,2026-02-01,161.16,200.0
E00154,C0011,P0166,2026-03-01,150.9,200.0
E00154,C0011,P0166,2026-04-01,193.06,200.0
E00156,C0055,P0138,2025-08-01,774.2,1000.0
E00156,C0055,P0138,2025-09-01,1392.8,1000.0
E00156,C0055,P0138,2025-10-01,1393.6,1000.0
E00156,C0055,P0138,2025-11-01,1351.9,1000.0
E00156,C0055,P0138,2025-12-01,1467.5,1000.0
E00156,C0055,P0138,2026-01-01,1225.9,1000.0
E00156,C0055,P0138,2026-02-01,1289.9,1000.0
E00156,C0055,P0138,2026-03-01,1282.6,1000.0
E00156,C0055,P0138,2026-04-01,1260.0,1000.0
E00156,C0055,P0138,2026-05-01,1443.5,1000.0
E00156,C0055,P0138,2026-06-01,1491.5,1000.0
E00156,C0055,P0138,2026-07-01,1247.8,1000.0
E00157,C0015,P0015,2025-08-01,1672.0,10000.0
E00157,C0015,P0015,2025-09-01,4163.0,10000.0
E00157,C0015,P0015,2025-10-01,4867.0,10000.0
E00157,C0015,P0015,2025-11-01,9631.0,10000.0
E00157,C0015,P0015,2025-12-01,9806.0,10000.0
E00157,C0015,P0015,2026-01-01,6253.0,10000.0
E00157,C0015,P0015,2026-02-01,9303.0,10000.0
E00157,C0015,P0015,2026-03-01,7243.0,10000.0
E00157,C0015,P0015,2026-04-01,10340.0,10000.0
E00157,C0015,P0015,2026-05-01,6888.0,10000.0
E00157,C0015,P0015,2026-06-01,8652.0,10000.0
E00157,C0015,P0015,2026-07-01,7231.0,10000.0
E00158,C0006,P0301,2025-06-01,49.7,250.0
E00158,C0006,P0301,2025-07-01,128.4,250.0
E00158,C0006,P0301,2025-08-01,135.8,250.0
E00158,C0006,P0301,2025-09-01,189.32,250.0
E00158,C0006,P0301,2025-10-01,161.7,250.0
E00158,C0006,P0301,2025-11-01,230.07,250.0
E00159,C0095,P0209,2025-08-01,129.15,500.0
E00159,C0095,P0209,2025-09-01,152.05,500.0
E00159,C0095,P0209,2025-10-01,232.9,500.0
E00159,C0095,P0209,2025-11-01,430.35,500.0
E00159,C0095,P0209,2025-12-01,353.5,500.0
E00159,C0095,P0209,2026-01-01,335.8,500.0
E00159,C0095,P0209,2026-02-01,310.75,500.0
E00159,C0095,P0209,2026-03-01,374.6,500.0
E00159,C0095,P0209,2026-04-01,326.0,500.0
E00159,C0095,P0209,2026-05-01,380.4,500.0
E00159,C0095,P0209,2026-06-01,295.3,500.0
E00159,C0095,P0209,2026-07-01,488.6,500.0
E00160,C0080,P0073,2025-10-01,78.72,400.0
E00160,C0080,P0073,2025-11-01,167.76,400.0
E00160,C0080,P0073,2025-12-01,297.64,400.0
E00160,C0080,P0073,2026-01-01,267.56,400.0
E00160,C0080,P0073,2026-02-01,288.84,400.0
E00160,C0080,P0073,2026-03-01,284.56,400.0
E00160,C0080,P0073,2026-04-01,291.92,400.0
E00160,C0080,P0073,2026-05-01,279.68,400.0
E00160,C0080,P0073,2026-06-01,303.12,400.0
E00160,C0080,P0073,2026-07-01,322.16,400.0
E00160,C0080,P0073,2026-08-01,110.11,400.0
E00163,C0067,P0430,2025-07-01,353.5,2500.0
E00163,C0067,P0430,2025-08-01,1144.0,2500.0
E00163,C0067,P0430,2025-09-01,1310.5,2500.0
E00163,C0067,P0430,2025-10-01,2277.75,2500.0
E00163,C0067,P0430,2025-11-01,1754.75,2500.0
E00163,C0067,P0430,2025-12-01,1900.5,2500.0
E00163,C0067,P0430,2026-01-01,2015.75,2500.0
E00163,C0067,P0430,2026-02-01,1466.75,2500.0
E00163,C0067,P0430,2026-03-01,1665.5,2500.0
E00163,C0067,P0430,2026-04-01,2152.25,2500.0
E00163,C0067,P0430,2026-05-01,2368.5,2500.0
E00163,C0067,P0430,2026-06-01,1770.75,2500.0
E00164,C0051,P0262,2025-10-01,64.72,400.0
E00164,C0051,P0262,2025-11-01,133.2,400.0
E00164,C0051,P0262,2025-12-01,206.16,400.0
E00164,C0051,P0262,2026-01-01,287.0,400.0
E00164,C0051,P0262,2026-02-01,315.08,400.0
E00164,C0051,P0262,2026-03-01,318.64,400.0
E00164,C0051,P0262,2026-04-01,252.68,400.0
E00164,C0051,P0262,2026-05-01,408.0,400.0
E00164,C0051,P0262,2026-06-01,274.96,400.0
E00164,C0051,P0262,2026-07-01,375.48,400.0
E00164,C0051,P0262,2026-08-01,107.12,400.0
E00165,C0075,P0203,2025-11-01,5.38,25.0
E00165,C0075,P0203,2025-12-01,8.52,25.0
E00165,C0075,P0203,2026-01-01,11.29,25.0
E00165,C0075,P0203,2026-02-01,18.42,25.0
E00165,C0075,P0203,2026-03-01,17.71,25.0
E00165,C0075,P0203,2026-04-01,20.18,25.0
E00165,C0075,P0203,2026-05-01,19.27,25.0
E00165,C0075,P0203,2026-06-01,19.1,25.0
E00165,C0075,P0203,2026-07-01,18.08,25.0
E00165,C0075,P0203,2026-08-01,8.52,25.0
E00166,C0064,P0108,2025-11-01,227.5,1000.0
E00166,C0064,P0108,2025-12-01,351.5,1000.0
E00166,C0064,P0108,2026-01-01,421.7,1000.0
E00166,C0064,P0108,2026-02-01,966.0,1000.0
E00166,C0064,P0108,2026-03-01,917.0,1000.0
E00166,C0064,P0108,2026-04-01,1009.9,1000.0
E00166,C0064,P0108,2026-05-01,838.1,1000.0
E00166,C0064,P0108,2026-06-01,783.7,1000.0
E00166,C0064,P0108,2026-07-01,969.8,1000.0
E00166,C0064,P0108,2026-08-01,215.24,1000.0
E00167,C0061,P0363,2025-06-01,1671.25,2500.0
E00167,C0061,P0363,2025-07-01,3538.0,2500.0
E00167,C0061,P0363,2025-08-01,3438.0,2500.0
E00167,C0061,P0363,2025-09-01,3284.25,2500.0
E00167,C0061,P0363,2025-10-01,3471.75,2500.0
E00167,C0061,P0363,2025-11-01,3880.75,2500.0
E00167,C0061,P0363,2025-12-01,3074.0,2500.0
E00167,C0061,P0363,2026-01-01,3977.25,2500.0
E00167,C0061,P0363,2026-02-01,3732.5,2500.0
E00167,C0061,P0363,2026-03-01,3824.25,2500.0
E00167,C0061,P0363,2026-04-01,3874.0,2500.0
E00168,C0068,P0236,2025-10-01,412.2,2000.0
E00168,C0068,P0236,2025-11-01,781.8,2000.0
E00168,C0068,P0236,2025-12-01,1087.2,2000.0
E00168,C0068,P0236,2026-01-01,1690.8,2000.0
E00168,C0068,P0236,2026-02-01,1872.8,2000.0
E00168,C0068,P0236,2026-03-01,1403.4,2000.0
E00168,C0068,P0236,2026-04-01,1917.6,2000.0
E00168,C0068,P0236,2026-05-01,1952.8,2000.0
E00168,C0068,P0236,2026-06-01,1571.8,2000.0
E00168,C0068,P0236,2026-07-01,1575.6,2000.0
E00168,C0068,P0236,2026-08-01,523.36,2000.0
E00169,C0072,P0002,2025-11-01,82.65,500.0
E00169,C0072,P0002,2025-12-01,218.0,500.0
E00169,C0072,P0002,2026-01-01,343.7,500.0
E00169,C0072,P0002,2026-02-01,338.4,500.0
E00169,C0072,P0002,2026-03-01,409.2,500.0
E00169,C0072,P0002,2026-04-01,483.4,500.0
E00169,C0072,P0002,2026-05-01,356.15,500.0
E00169,C0072,P0002,2026-06-01,372.55,500.0
E00169,C0072,P0002,2026-07-01,539.65,500.0
E00169,C0072,P0002,2026-08-01,171.72,500.0
E00170,C0087,P0459,2025-06-01,92.15,500.0
E00170,C0087,P0459,2025-07-01,155.95,500.0
E00170,C0087,P0459,2025-08-01,206.15,500.0
E00170,C0087,P0459,2025-09-01,351.45,500.0
E00170,C0087,P0459,2025-10-01,329.0,500.0
E00170,C0087,P0459,2025-11-01,458.95,500.0
E00171,C0048,P0333,2025-08-01,4.99,25.0
E00171,C0048,P0333,2025-09-01,7.27,25.0
E00171,C0048,P0333,2025-10-01,17.24,25.0
E00171,C0048,P0333,2025-11-01,21.3,25.0
E00171,C0048,P0333,2025-12-01,21.23,25.0
E00171,C0048,P0333,2026-01-01,16.18,25.0
E00171,C0048,P0333,2026-02-01,19.76,25.0
E00171,C0048,P0333,2026-03-01,23.4,25.0
E00171,C0048,P0333,2026-04-01,26.02,25.0
E00171,C0048,P0333,2026-05-01,17.37,25.0
E00171,C0048,P0333,2026-06-01,19.78,25.0
E00171,C0048,P0333,2026-07-01,14.27,25.0
E00172,C0041,P0181,2025-10-01,4515.0,25000.0
E00172,C0041,P0181,2025-11-01,10865.0,25000.0
E00172,C0041,P0181,2025-12-01,15422.5,25000.0
E00172,C0041,P0181,2026-01-01,18370.0,25000.0
E00172,C0041,P0181,2026-02-01,25822.5,25000.0
E00172,C0041,P0181,2026-03-01,21745.0,25000.0
E00172,C0041,P0181,2026-04-01,14895.0,25000.0
E00172,C0041,P0181,2026-05-01,15580.0,25000.0
E00172,C0041,P0181,2026-06-01,22290.0,25000.0
E00172,C0041,P0181,2026-07-01,13630.0,25000.0
E00172,C0041,P0181,2026-08-01,6287.0,25000.0
E00173,C0041,P0394,2025-06-01,255.2,1000.0
E00173,C0041,P0394,2025-07-01,378.0,1000.0
E00173,C0041,P0394,2025-08-01,565.5,1000.0
E00173,C0041,P0394,2025-09-01,767.4,1000.0
E00173,C0041,P0394,2025-10-01,746.9,1000.0
E00173,C0041,P0394,2025-11-01,1028.1,1000.0
E00173,C0041,P0394,2025-12-01,729.5,1000.0
E00173,C0041,P0394,2026-01-01,676.0,1000.0
E00173,C0041,P0394,2026-02-01,820.4,1000.0
E00173,C0041,P0394,2026-03-01,605.8,1000.0
E00173,C0041,P0394,2026-04-01,724.0,1000.0
E00175,C0070,P0418,2025-10-01,1436.0,2000.0
E00175,C0070,P0418,2025-11-01,2499.8,2000.0
E00175,C0070,P0418,2025-12-01,3175.4,2000.0
E00175,C0070,P0418,2026-01-01,2805.4,2000.0
E00175,C0070,P0418,2026-02-01,2862.6,2000.0
E00175,C0070,P0418,2026-03-01,2813.2,2000.0
E00175,C0070,P0418,2026-04-01,2530.4,2000.0
E00175,C0070,P0418,2026-05-01,2567.8,2000.0
E00175,C0070,P0418,2026-06-01,3152.6,2000.0
E00175,C0070,P0418,2026-07-01,2992.6,2000.0
E00175,C0070,P0418,2026-08-01,1074.72,2000.0
E00177,C0048,P0421,2025-07-01,231.1,1000.0
E00177,C0048,P0421,2025-08-01,295.5,1000.0
E00177,C0048,P0421,2025-09-01,579.2,1000.0
E00177,C0048,P0421,2025-10-01,881.9,1000.0
E00177,C0048,P0421,2025-11-01,583.9,1000.0
E00177,C0048,P0421,2025-12-01,850.4,1000.0
E00177,C0048,P0421,2026-01-01,608.4,1000.0
E00177,C0048,P0421,2026-02-01,616.1,1000.0
E00177,C0048,P0421,2026-03-01,973.5,1000.0
E00177,C0048,P0421,2026-04-01,721.3,1000.0
E00177,C0048,P0421,2026-05-01,904.7,1000.0
E00177,C0048,P0421,2026-06-01,774.9,1000.0
E00178,C0013,P0100,2025-06-01,1252.5,5000.0
E00178,C0013,P0100,2025-07-01,1973.5,5000.0
E00178,C0013,P0100,2025-08-01,3037.0,5000.0
E00178,C0013,P0100,2025-09-01,3033.0,5000.0
E00178,C0013,P0100,2025-10-01,3216.0,5000.0
E00178,C0013,P0100,2025-11-01,3157.0,5000.0
E00178,C0013,P0100,2025-12-01,3609.5,5000.0
E00178,C0013,P0100,2026-01-01,3637.0,5000.0
E00178,C0013,P0100,2026-02-01,4333.0,5000.0
E00178,C0013,P0100,2026-03-01,3324.0,5000.0
E00179,C0010,P0478,2025-06-01,8.92,50.0
E00179,C0010,P0478,2025-07-01,20.0,50.0
E00179,C0010,P0478,2025-08-01,37.62,50.0
E00179,C0010,P0478,2025-09-01,27.82,50.0
E00179,C0010,P0478,2025-10-01,35.66,50.0
E00179,C0010,P0478,2025-11-01,46.36,50.0
E00179,C0010,P0478,2025-12-01,26.16,50.0
E00179,C0010,P0478,2026-01-01,30.23,50.0
E00180,C0058,P0348,2025-11-01,47.85,250.0
E00180,C0058,P0348,2025-12-01,93.92,250.0
E00180,C0058,P0348,2026-01-01,173.4,250.0
E00180,C0058,P0348,2026-02-01,145.08,250.0
E00180,C0058,P0348,2026-03-01,165.5,250.0
E00180,C0058,P0348,2026-04-01,162.45,250.0
E00180,C0058,P0348,2026-05-01,232.25,250.0
E00180,C0058,P0348,2026-06-01,208.58,250.0
E00180,C0058,P0348,2026-07-01,208.72,250.0
E00180,C0058,P0348,2026-08-01,75.1,250.0
E00181,C0067,P0453,2025-11-01,536.5,2500.0
E00181,C0067,P0453,2025-12-01,816.5,2500.0
E00181,C0067,P0453,2026-01-01,1682.25,2500.0
E00181,C0067,P0453,2026-02-01,1832.5,2500.0
E00181,C0067,P0453,2026-03-01,2123.0,2500.0
E00181,C0067,P0453,2026-04-01,1775.25,2500.0
E00181,C0067,P0453,2026-05-01,2129.0,2500.0
E00181,C0067,P0453,2026-06-01,1702.25,2500.0
E00181,C0067,P0453,2026-07-01,2290.5,2500.0
E00181,C0067,P0453,2026-08-01,722.9,2500.0
E00182,C0010,P0166,2025-06-01,15.9,100.0
E00182,C0010,P0166,2025-07-01,40.22,100.0
E00182,C0010,P0166,2025-08-01,62.93,100.0
E00182,C0010,P0166,2025-09-01,81.09,100.0
E00182,C0010,P0166,2025-10-01,87.95,100.0
E00182,C0010,P0166,2025-11-01,86.76,100.0
E00183,C0042,P0266,2025-06-01,1687.5,2500.0
E00183,C0042,P0266,2025-07-01,3145.25,2500.0
E00183,C0042,P0266,2025-08-01,3736.5,2500.0
E00183,C0042,P0266,2025-09-01,3850.75,2500.0
E00183,C0042,P0266,2025-10-01,3748.0,2500.0
E00183,C0042,P0266,2025-11-01,3799.75,2500.0
E00183,C0042,P0266,2025-12-01,3632.0,2500.0
E00183,C0042,P0266,2026-01-01,3794.25,2500.0
E00183,C0042,P0266,2026-02-01,3979.5,2500.0
E00183,C0042,P0266,2026-03-01,3014.25,2500.0
E00183,C0042,P0266,2026-04-01,3634.75,2500.0
E00183,C0042,P0266,2026-05-01,3835.5,2500.0
E00184,C0034,P0115,2025-08-01,1.66,10.0
E00184,C0034,P0115,2025-09-01,3.0,10.0
E00184,C0034,P0115,2025-10-01,6.12,10.0
E00184,C0034,P0115,2025-11-01,10.32,10.0
E00184,C0034,P0115,2025-12-01,8.52,10.0
E00184,C0034,P0115,2026-01-01,7.05,10.0
E00184,C0034,P0115,2026-02-01,8.09,10.0
E00184,C0034,P0115,2026-03-01,8.33,10.0
E00184,C0034,P0115,2026-04-01,8.25,10.0
E00184,C0034,P0115,2026-05-01,6.33,10.0
E00184,C0034,P0115,2026-06-01,9.79,10.0
E00184,C0034,P0115,2026-07-01,6.68,10.0
E00186,C0007,P0116,2025-09-01,388.5,100.0
E00186,C0007,P0116,2025-10-01,381.06,100.0
E00186,C0007,P0116,2025-11-01,341.03,100.0
E00186,C0007,P0116,2026-05-01,2.49,100.0
E00187,C0087,P0160,2025-06-01,17.78,100.0
E00187,C0087,P0160,2025-07-01,44.92,100.0
E00187,C0087,P0160,2025-08-01,80.32,100.0
E00187,C0087,P0160,2025-09-01,72.77,100.0
E00187,C0087,P0160,2025-10-01,91.29,100.0
E00187,C0087,P0160,2025-11-01,68.48,100.0
E00187,C0087,P0160,2025-12-01,79.28,100.0
E00187,C0087,P0160,2026-01-01,86.72,100.0
E00187,C0087,P0160,2026-02-01,88.94,100.0
E00189,C0072,P0127,2025-10-01,84.85,500.0
E00189,C0072,P0127,2025-11-01,199.0,500.0
E00189,C0072,P0127,2025-12-01,363.2,500.0
E00189,C0072,P0127,2026-01-01,295.5,500.0
E00189,C0072,P0127,2026-02-01,436.05,500.0
E00189,C0072,P0127,2026-03-01,413.35,500.0
E00189,C0072,P0127,2026-04-01,492.85,500.0
E00189,C0072,P0127,2026-05-01,448.55,500.0
E00189,C0072,P0127,2026-06-01,340.75,500.0
E00189,C0072,P0127,2026-07-01,352.0,500.0
E00189,C0072,P0127,2026-08-01,143.16,500.0
E00190,C0084,P0267,2025-06-01,3.82,20.0
E00190,C0084,P0267,2025-07-01,7.26,20.0
E00190,C0084,P0267,2025-08-01,12.02,20.0
E00190,C0084,P0267,2025-09-01,13.31,20.0
E00190,C0084,P0267,2025-10-01,15.22,20.0
E00190,C0084,P0267,2025-11-01,17.62,20.0
E00190,C0084,P0267,2025-12-01,13.42,20.0
E00190,C0084,P0267,2026-01-01,12.91,20.0
E00190,C0084,P0267,2026-02-01,14.98,20.0
E00190,C0084,P0267,2026-03-01,21.54,20.0
E00190,C0084,P0267,2026-04-01,13.23,20.0
E00191,C0098,P0321,2025-09-01,88380.19,25000.0
E00191,C0098,P0321,2025-10-01,91828.33,25000.0
E00191,C0098,P0321,2025-11-01,84971.47,25000.0
E00191,C0098,P0321,2026-02-01,105.33,25000.0
E00193,C0057,P0032,2025-11-01,41.27,250.0
E00193,C0057,P0032,2025-12-01,103.5,250.0
E00193,C0057,P0032,2026-01-01,158.88,250.0
E00193,C0057,P0032,2026-02-01,186.1,250.0
E00193,C0057,P0032,2026-03-01,206.55,250.0
E00193,C0057,P0032,2026-04-01,203.88,250.0
E00193,C0057,P0032,2026-05-01,182.1,250.0
E00193,C0057,P0032,2026-06-01,230.25,250.0
E00193,C0057,P0032,2026-07-01,257.12,250.0
E00193,C0057,P0032,2026-08-01,67.66,250.0
E00194,C0087,P0347,2025-09-01,178.9,1000.0
E00194,C0087,P0347,2025-10-01,337.3,1000.0
E00194,C0087,P0347,2025-11-01,706.1,1000.0
E00194,C0087,P0347,2025-12-01,722.3,1000.0
E00194,C0087,P0347,2026-01-01,686.4,1000.0
E00194,C0087,P0347,2026-02-01,974.2,1000.0
E00194,C0087,P0347,2026-03-01,832.7,1000.0
E00194,C0087,P0347,2026-04-01,896.0,1000.0
E00194,C0087,P0347,2026-05-01,828.4,1000.0
E00194,C0087,P0347,2026-06-01,546.4,1000.0
E00194,C0087,P0347,2026-07-01,958.8,1000.0
E00194,C0087,P0347,2026-08-01,384.12,1000.0
E00195,C0044,P0317,2025-06-01,1954.0,10000.0
E00195,C0044,P0317,2025-07-01,3856.0,10000.0
E00195,C0044,P0317,2025-08-01,4642.0,10000.0
E00195,C0044,P0317,2025-09-01,8459.0,10000.0
E00195,C0044,P0317,2025-10-01,7377.0,10000.0
E00195,C0044,P0317,2025-11-01,6990.0,10000.0
E00195,C0044,P0317,2025-12-01,10419.0,10000.0
E00195,C0044,P0317,2026-01-01,7954.0,10000.0
E00195,C0044,P0317,2026-02-01,8235.0,10000.0
E00195,C0044,P0317,2026-03-01,9501.0,10000.0
E00196,C0094,P0238,2025-09-01,60.84,100.0
E00196,C0094,P0238,2025-10-01,124.31,100.0
E00196,C0094,P0238,2025-11-01,153.53,100.0
E00196,C0094,P0238,2025-12-01,145.71,100.0
E00196,C0094,P0238,2026-01-01,123.94,100.0
E00196,C0094,P0238,2026-02-01,123.8,100.0
E00196,C0094,P0238,2026-03-01,158.67,100.0
E00196,C0094,P0238,2026-04-01,129.54,100.0
E00196,C0094,P0238,2026-05-01,143.2,100.0
E00196,C0094,P0238,2026-06-01,148.37,100.0
E00196,C0094,P0238,2026-07-01,144.15,100.0
E00196,C0094,P0238,2026-08-01,61.04,100.0
E00197,C0027,P0481,2025-09-01,4.59,25.0
E00197,C0027,P0481,2025-10-01,10.14,25.0
E00197,C0027,P0481,2025-11-01,15.83,25.0
E00197,C0027,P0481,2025-12-01,14.86,25.0
E00197,C0027,P0481,2026-01-01,23.66,25.0
E00197,C0027,P0481,2026-02-01,21.08,25.0
E00197,C0027,P0481,2026-03-01,15.27,25.0
E00197,C0027,P0481,2026-04-01,19.46,25.0
E00197,C0027,P0481,2026-05-01,17.09,25.0
E00197,C0027,P0481,2026-06-01,15.05,25.0
E00197,C0027,P0481,2026-07-01,21.83,25.0
E00197,C0027,P0481,2026-08-01,8.02,25.0
E00201,C0027,P0334,2025-06-01,875.2,4000.0
E00201,C0027,P0334,2025-07-01,1656.4,4000.0
E00201,C0027,P0334,2025-08-01,2636.4,4000.0
E00201,C0027,P0334,2025-09-01,3122.0,4000.0
E00201,C0027,P0334,2025-10-01,3528.8,4000.0
E00201,C0027,P0334,2025-11-01,3546.4,4000.0
E00201,C0027,P0334,2025-12-01,3746.0,4000.0
E00201,C0027,P0334,2026-01-01,2640.8,4000.0
E00201,C0027,P0334,2026-02-01,2412.0,4000.0
E00201,C0027,P0334,2026-03-01,3442.4,4000.0
E00202,C0100,P0159,2025-08-01,44.32,200.0
E00202,C0100,P0159,2025-09-01,79.48,200.0
E00202,C0100,P0159,2025-10-01,92.08,200.0
E00202,C0100,P0159,2025-11-01,170.36,200.0
E00202,C0100,P0159,2025-12-01,157.5,200.0
E00202,C0100,P0159,2026-01-01,179.14,200.0
E00202,C0100,P0159,2026-02-01,140.9,200.0
E00202,C0100,P0159,2026-03-01,130.44,200.0
E00202,C0100,P0159,2026-04-01,112.66,200.0
E00202,C0100,P0159,2026-05-01,125.7,200.0
E00202,C0100,P0159,2026-06-01,162.06,200.0
E00202,C0100,P0159,2026-07-01,143.26,200.0
E00203,C0038,P0260,2025-06-01,8.58,50.0
E00203,C0038,P0260,2025-07-01,13.76,50.0
E00203,C0038,P0260,2025-08-01,35.8,50.0
E00203,C0038,P0260,2025-09-01,46.0,50.0
E00203,C0038,P0260,2025-10-01,30.99,50.0
E00203,C0038,P0260,2025-11-01,32.2,50.0
E00204,C0044,P0104,2025-06-01,20.27,100.0
E00204,C0044,P0104,2025-07-01,47.73,100.0
E00204,C0044,P0104,2025-08-01,68.2,100.0
E00205,C0037,P0240,2025-10-01,2225.0,10000.0
E00205,C0037,P0240,2025-11-01,3725.0,10000.0
E00205,C0037,P0240,2025-12-01,4613.0,10000.0
E00205,C0037,P0240,2026-01-01,8128.0,10000.0
E00205,C0037,P0240,2026-02-01,7183.0,10000.0
E00205,C0037,P0240,2026-03-01,7528.0,10000.0
E00205,C0037,P0240,2026-04-01,8246.0,10000.0
E00205,C0037,P0240,2026-05-01,6112.0,10000.0
E00205,C0037,P0240,2026-06-01,10382.0,10000.0
E00205,C0037,P0240,2026-07-01,7551.0,10000.0
E00205,C0037,P0240,2026-08-01,3654.0,10000.0
E00206,C0013,P0215,2025-09-01,302.2,2000.0
E00206,C0013,P0215,2025-10-01,758.0,2000.0
E00206,C0013,P0215,2025-11-01,1347.2,2000.0
E00206,C0013,P0215,2025-12-01,1365.8,2000.0
E00206,C0013,P0215,2026-01-01,1686.0,2000.0
E00206,C0013,P0215,2026-02-01,1725.0,2000.0
E00206,C0013,P0215,2026-03-01,1641.0,2000.0
E00206,C0013,P0215,2026-04-01,1380.8,2000.0
E00206,C0013,P0215,2026-05-01,1326.6,2000.0
E00206,C0013,P0215,2026-06-01,1565.2,2000.0
E00206,C0013,P0215,2026-07-01,1841.8,2000.0
E00206,C0013,P0215,2026-08-01,564.4,2000.0
E00207,C0066,P0472,2025-07-01,7.83,10.0
E00207,C0066,P0472,2025-08-01,15.94,10.0
E00207,C0066,P0472,2025-09-01,14.83,10.0
E00207,C0066,P0472,2025-10-01,14.14,10.0
E00207,C0066,P0472,2025-11-01,12.42,10.0
E00207,C0066,P0472,2025-12-01,15.3,10.0
E00207,C0066,P0472,2026-01-01,12.91,10.0
E00207,C0066,P0472,2026-02-01,13.39,10.0
E00207,C0066,P0472,2026-03-01,14.81,10.0
E00207,C0066,P0472,2026-04-01,15.91,10.0
E00207,C0066,P0472,2026-05-01,15.28,10.0
E00207,C0066,P0472,2026-06-01,12.9,10.0
E00208,C0002,P0110,2025-11-01,38.22,200.0
E00208,C0002,P0110,2025-12-01,74.68,200.0
E00208,C0002,P0110,2026-01-01,105.22,200.0
E00208,C0002,P0110,2026-02-01,162.5,200.0
E00208,C0002,P0110,2026-03-01,158.22,200.0
E00208,C0002,P0110,2026-04-01,181.42,200.0
E00208,C0002,P0110,2026-05-01,147.26,200.0
E00208,C0002,P0110,2026-06-01,164.56,200.0
E00208,C0002,P0110,2026-07-01,128.96,200.0
E00208,C0002,P0110,2026-08-01,62.74,200.0
E00209,C0057,P0095,2025-06-01,198.1,1000.0
E00209,C0057,P0095,2025-07-01,386.1,1000.0
E00209,C0057,P0095,2025-08-01,580.9,1000.0
E00209,C0057,P0095,2025-09-01,750.4,1000.0
E00209,C0057,P0095,2025-10-01,649.9,1000.0
E00209,C0057,P0095,2025-11-01,881.5,1000.0
E00209,C0057,P0095,2025-12-01,801.8,1000.0
E00209,C0057,P0095,2026-01-01,967.6,1000.0
E00209,C0057,P0095,2026-02-01,1029.4,1000.0
E00209,C0057,P0095,2026-03-01,665.8,1000.0
E00209,C0057,P0095,2026-04-01,872.0,1000.0
E00210,C0058,P0059,2025-06-01,135.8,1000.0
E00210,C0058,P0059,2025-07-01,334.5,1000.0
E00210,C0058,P0059,2025-08-01,573.2,1000.0
E00210,C0058,P0059,2025-09-01,998.7,1000.0
E00210,C0058,P0059,2025-10-01,766.5,1000.0
E00210,C0058,P0059,2025-11-01,988.6,1000.0
E00210,C0058,P0059,2025-12-01,628.9,1000.0
E00211,C0088,P0016,2025-06-01,196.5,1000.0
E00211,C0088,P0016,2025-07-01,458.4,1000.0
E00211,C0088,P0016,2025-08-01,545.9,1000.0
E00211,C0088,P0016,2025-09-01,811.3,1000.0
E00211,C0088,P0016,2025-10-01,640.3,1000.0
E00211,C0088,P0016,2025-11-01,694.8,1000.0
E00211,C0088,P0016,2025-12-01,586.4,1000.0
E00211,C0088,P0016,2026-01-01,640.3,1000.0
E00211,C0088,P0016,2026-02-01,722.8,1000.0
E00212,C0028,P0369,2025-06-01,138.06,200.0
E00212,C0028,P0369,2025-07-01,247.52,200.0
E00212,C0028,P0369,2025-08-01,260.62,200.0
E00212,C0028,P0369,2025-09-01,310.34,200.0
E00212,C0028,P0369,2025-10-01,244.88,200.0
E00212,C0028,P0369,2025-11-01,284.58,200.0
E00212,C0028,P0369,2025-12-01,294.62,200.0
E00212,C0028,P0369,2026-01-01,247.64,200.0
E00213,C0053,P0012,2025-08-01,640.28,200.0
E00213,C0053,P0012,2025-09-01,797.62,200.0
E00213,C0053,P0012,2025-10-01,642.01,200.0
E00214,C0009,P0071,2025-06-01,70.7,100.0
E00214,C0009,P0071,2025-07-01,159.03,100.0
E00214,C0009,P0071,2025-08-01,123.88,100.0
E00214,C0009,P0071,2025-09-01,147.33,100.0
E00214,C0009,P0071,2025-10-01,126.19,100.0
E00214,C0009,P0071,2025-11-01,134.97,100.0
E00214,C0009,P0071,2025-12-01,127.08,100.0
E00215,C0027,P0157,2025-06-01,1040.5,5000.0
E00215,C0027,P0157,2025-07-01,2180.5,5000.0
E00215,C0027,P0157,2025-08-01,3264.0,5000.0
E00215,C0027,P0157,2025-09-01,4622.5,5000.0
E00215,C0027,P0157,2025-10-01,4955.5,5000.0
E00215,C0027,P0157,2025-11-01,3628.5,5000.0
E00215,C0027,P0157,2025-12-01,4091.0,5000.0
E00216,C0027,P0410,2025-06-01,107.7,500.0
E00216,C0027,P0410,2025-07-01,144.85,500.0
E00216,C0027,P0410,2025-08-01,224.45,500.0
E00216,C0027,P0410,2025-09-01,387.45,500.0
E00216,C0027,P0410,2025-10-01,397.6,500.0
E00216,C0027,P0410,2025-11-01,483.55,500.0
E00216,C0027,P0410,2025-12-01,488.75,500.0
E00216,C0027,P0410,2026-01-01,287.75,500.0
E00216,C0027,P0410,2026-02-01,369.6,500.0
E00216,C0027,P0410,2026-03-01,419.95,500.0
E00216,C0027,P0410,2026-04-01,266.6,500.0
E00217,C0084,P0474,2025-06-01,11.73,50.0
E00217,C0084,P0474,2025-07-01,23.46,50.0
E00217,C0084,P0474,2025-08-01,33.29,50.0
E00217,C0084,P0474,2025-09-01,39.34,50.0
E00217,C0084,P0474,2025-10-01,46.58,50.0
E00217,C0084,P0474,2025-11-01,42.27,50.0
E00217,C0084,P0474,2025-12-01,42.14,50.0
E00218,C0009,P0163,2025-06-01,7286.0,10000.0
E00218,C0009,P0163,2025-07-01,13130.0,10000.0
E00218,C0009,P0163,2025-08-01,12542.0,10000.0
E00218,C0009,P0163,2025-09-01,15054.0,10000.0
E00218,C0009,P0163,2025-10-01,13172.0,10000.0
E00218,C0009,P0163,2025-11-01,14505.0,10000.0
E00218,C0009,P0163,2025-12-01,13617.0,10000.0
E00218,C0009,P0163,2026-01-01,13508.0,10000.0
E00218,C0009,P0163,2026-02-01,13962.0,10000.0
E00220,C0018,P0028,2025-06-01,36.54,200.0
E00220,C0018,P0028,2025-07-01,74.38,200.0
E00220,C0018,P0028,2025-08-01,126.1,200.0
E00220,C0018,P0028,2025-09-01,147.84,200.0
E00220,C0018,P0028,2025-10-01,136.16,200.0
E00220,C0018,P0028,2025-11-01,116.76,200.0
E00220,C0018,P0028,2025-12-01,196.02,200.0
E00220,C0018,P0028,2026-01-01,144.32,200.0
E00220,C0018,P0028,2026-02-01,122.7,200.0
E00220,C0018,P0028,2026-03-01,139.04,200.0
E00221,C0047,P0042,2025-08-01,4387.5,25000.0
E00221,C0047,P0042,2025-09-01,10810.0,25000.0
E00221,C0047,P0042,2025-10-01,15427.5,25000.0
E00221,C0047,P0042,2025-11-01,21485.0,25000.0
E00221,C0047,P0042,2025-12-01,20507.5,25000.0
E00221,C0047,P0042,2026-01-01,14072.5,25000.0
E00221,C0047,P0042,2026-02-01,17210.0,25000.0
E00221,C0047,P0042,2026-03-01,16025.0,25000.0
E00221,C0047,P0042,2026-04-01,21217.5,25000.0
E00221,C0047,P0042,2026-05-01,20675.0,25000.0
E00221,C0047,P0042,2026-06-01,14847.5,25000.0
E00221,C0047,P0042,2026-07-01,20245.0,25000.0
E00222,C0094,P0199,2025-09-01,65.81,100.0
E00222,C0094,P0199,2025-10-01,156.18,100.0
E00222,C0094,P0199,2025-11-01,146.38,100.0
E00222,C0094,P0199,2025-12-01,156.61,100.0
E00222,C0094,P0199,2026-01-01,133.23,100.0
E00222,C0094,P0199,2026-02-01,127.08,100.0
E00222,C0094,P0199,2026-03-01,135.6,100.0
E00222,C0094,P0199,2026-04-01,129.13,100.0
E00222,C0094,P0199,2026-05-01,156.7,100.0
E00222,C0094,P0199,2026-06-01,136.08,100.0
E00222,C0094,P0199,2026-07-01,126.24,100.0
E00222,C0094,P0199,2026-08-01,57.58,100.0
E00223,C0043,P0192,2025-07-01,94.8,500.0
E00223,C0043,P0192,2025-08-01,243.2,500.0
E00223,C0043,P0192,2025-09-01,356.6,500.0
E00223,C0043,P0192,2025-10-01,401.0,500.0
E00223,C0043,P0192,2025-11-01,465.75,500.0
E00223,C0043,P0192,2025-12-01,317.0,500.0
E00223,C0043,P0192,2026-01-01,427.75,500.0
E00223,C0043,P0192,2026-02-01,405.8,500.0
E00223,C0043,P0192,2026-03-01,404.1,500.0
E00223,C0043,P0192,2026-04-01,319.25,500.0
E00223,C0043,P0192,2026-05-01,331.95,500.0
E00223,C0043,P0192,2026-06-01,340.9,500.0
E00224,C0066,P0206,2025-07-01,1535.25,2500.0
E00224,C0066,P0206,2025-08-01,3114.5,2500.0
E00224,C0066,P0206,2025-09-01,3159.0,2500.0
E00224,C0066,P0206,2025-10-01,3791.25,2500.0
E00224,C0066,P0206,2025-11-01,3066.5,2500.0
E00224,C0066,P0206,2025-12-01,3537.0,2500.0
E00224,C0066,P0206,2026-01-01,3167.25,2500.0
E00224,C0066,P0206,2026-02-01,3740.0,2500.0
E00224,C0066,P0206,2026-03-01,3955.25,2500.0
E00224,C0066,P0206,2026-04-01,3715.0,2500.0
E00224,C0066,P0206,2026-05-01,3695.0,2500.0
E00224,C0066,P0206,2026-06-01,3284.75,2500.0
E00225,C0045,P0203,2025-06-01,3286.5,5000.0
E00225,C0045,P0203,2025-07-01,7711.0,5000.0
E00225,C0045,P0203,2025-08-01,6523.0,5000.0
E00225,C0045,P0203,2025-09-01,7522.0,5000.0
E00225,C0045,P0203,2025-10-01,6790.0,5000.0
E00225,C0045,P0203,2025-11-01,7771.0,5000.0
E00225,C0045,P0203,2025-12-01,6404.5,5000.0
E00225,C0045,P0203,2026-01-01,6173.0,5000.0
E00225,C0045,P0203,2026-02-01,7693.0,5000.0
E00226,C0065,P0192,2025-06-01,33.7,200.0
E00226,C0065,P0192,2025-07-01,60.86,200.0
E00226,C0065,P0192,2025-08-01,82.56,200.0
E00226,C0065,P0192,2025-09-01,128.78,200.0
E00226,C0065,P0192,2025-10-01,146.68,200.0
E00226,C0065,P0192,2025-11-01,144.68,200.0
E00226,C0065,P0192,2025-12-01,168.7,200.0
E00226,C0065,P0192,2026-01-01,182.34,200.0
E00226,C0065,P0192,2026-02-01,177.36,200.0
E00226,C0065,P0192,2026-03-01,185.52,200.0
E00226,C0065,P0192,2026-04-01,105.12,200.0
E00226,C0065,P0192,2026-05-01,144.78,200.0
E00227,C0057,P0266,2025-06-01,15.52,100.0
E00227,C0057,P0266,2025-07-01,42.67,100.0
E00227,C0057,P0266,2025-08-01,44.81,100.0
E00227,C0057,P0266,2025-09-01,93.3,100.0
E00227,C0057,P0266,2025-10-01,70.47,100.0
E00227,C0057,P0266,2025-11-01,76.52,100.0
E00227,C0057,P0266,2025-12-01,59.8,100.0
E00227,C0057,P0266,2026-01-01,92.25,100.0
E00228,C0007,P0173,2025-06-01,85756.13,25000.0
E00228,C0007,P0173,2025-07-01,83221.96,25000.0
E00228,C0007,P0173,2025-08-01,90942.47,25000.0
E00229,C0015,P0255,2025-06-01,668.4,4000.0
E00229,C0015,P0255,2025-07-01,1818.8,4000.0
E00229,C0015,P0255,2025-08-01,1841.6,4000.0
E00229,C0015,P0255,2025-09-01,3864.8,4000.0
E00229,C0015,P0255,2025-10-01,2049.6,4000.0
E00229,C0015,P0255,2025-11-01,2398.0,4000.0
E00229,C0015,P0255,2025-12-01,3535.6,4000.0
E00229,C0015,P0255,2026-01-01,2983.6,4000.0
E00229,C0015,P0255,2026-02-01,2708.0,4000.0
E00229,C0015,P0255,2026-03-01,3528.4,4000.0
E00229,C0015,P0255,2026-04-01,3090.8,4000.0
E00229,C0015,P0255,2026-05-01,3245.6,4000.0
E00230,C0009,P0136,2025-06-01,39.1,50.0
E00230,C0009,P0136,2025-07-01,64.75,50.0
E00230,C0009,P0136,2025-08-01,69.81,50.0
E00230,C0009,P0136,2025-09-01,65.0,50.0
E00230,C0009,P0136,2025-10-01,79.61,50.0
E00230,C0009,P0136,2025-11-01,72.73,50.0
E00231,C0078,P0263,2025-06-01,53.73,250.0
E00231,C0078,P0263,2025-07-01,105.68,250.0
E00231,C0078,P0263,2025-08-01,119.05,250.0
E00231,C0078,P0263,2025-09-01,243.68,250.0
E00231,C0078,P0263,2025-10-01,170.6,250.0
E00231,C0078,P0263,2025-11-01,175.85,250.0
E00231,C0078,P0263,2025-12-01,176.5,250.0
E00232,C0019,P0185,2025-06-01,3.74,25.0
E00232,C0019,P0185,2025-07-01,12.55,25.0
E00232,C0019,P0185,2025-08-01,15.73,25.0
E00232,C0019,P0185,2025-09-01,18.69,25.0
E00232,C0019,P0185,2025-10-01,20.69,25.0
E00232,C0019,P0185,2025-11-01,18.76,25.0
E00232,C0019,P0185,2025-12-01,23.08,25.0
E00232,C0019,P0185,2026-01-01,18.85,25.0
E00232,C0019,P0185,2026-02-01,16.31,25.0
E00233,C0026,P0129,2025-06-01,73.0,400.0
E00233,C0026,P0129,2025-07-01,181.28,400.0
E00233,C0026,P0129,2025-08-01,278.44,400.0
E00233,C0026,P0129,2025-09-01,287.68,400.0
E00233,C0026,P0129,2025-10-01,392.36,400.0
E00233,C0026,P0129,2025-11-01,275.52,400.0
E00233,C0026,P0129,2025-12-01,292.36,400.0
E00233,C0026,P0129,2026-01-01,311.48,400.0
E00233,C0026,P0129,2026-02-01,416.8,400.0
E00233,C0026,P0129,2026-03-01,352.28,400.0
E00233,C0026,P0129,2026-04-01,254.88,400.0
E00234,C0034,P0310,2025-10-01,119.4,500.0
E00234,C0034,P0310,2025-11-01,227.25,500.0
E00234,C0034,P0310,2025-12-01,298.95,500.0
E00234,C0034,P0310,2026-01-01,342.95,500.0
E00234,C0034,P0310,2026-02-01,378.05,500.0
E00234,C0034,P0310,2026-03-01,452.95,500.0
E00234,C0034,P0310,2026-04-01,421.5,500.0
E00234,C0034,P0310,2026-05-01,394.0,500.0
E00234,C0034,P0310,2026-06-01,328.25,500.0
E00234,C0034,P0310,2026-07-01,463.05,500.0
E00234,C0034,P0310,2026-08-01,159.16,500.0
E00235,C0056,P0154,2025-11-01,218.8,1000.0
E00235,C0056,P0154,2025-12-01,352.8,1000.0
E00235,C0056,P0154,2026-01-01,413.5,1000.0
E00235,C0056,P0154,2026-02-01,684.1,1000.0
E00235,C0056,P0154,2026-03-01,858.6,1000.0
E00235,C0056,P0154,2026-04-01,713.2,1000.0
E00235,C0056,P0154,2026-05-01,777.8,1000.0
E00235,C0056,P0154,2026-06-01,881.3,1000.0
E00235,C0056,P0154,2026-07-01,646.1,1000.0
E00235,C0056,P0154,2026-08-01,318.64,1000.0
E00236,C0053,P0388,2025-06-01,3557.29,1000.0
E00236,C0053,P0388,2025-07-01,3470.9,1000.0
E00236,C0053,P0388,2025-08-01,3340.17,1000.0
E00236,C0053,P0388,2025-12-01,4.9,1000.0
E00236,C0053,P0388,2026-02-01,12.29,1000.0
E00237,C0058,P0117,2025-08-01,19.28,100.0
E00237,C0058,P0117,2025-09-01,30.38,100.0
E00237,C0058,P0117,2025-10-01,78.39,100.0
E00237,C0058,P0117,2025-11-01,54.64,100.0
E00237,C0058,P0117,2025-12-01,90.07,100.0
E00237,C0058,P0117,2026-01-01,82.84,100.0
E00237,C0058,P0117,2026-02-01,92.3,100.0
E00237,C0058,P0117,2026-03-01,71.4,100.0
E00237,C0058,P0117,2026-04-01,78.75,100.0
E00237,C0058,P0117,2026-05-01,60.55,100.0
E00237,C0058,P0117,2026-06-01,79.6,100.0
E00237,C0058,P0117,2026-07-01,62.94,100.0
E00238,C0033,P0301,2025-06-01,4117.5,25000.0
E00238,C0033,P0301,2025-07-01,10775.0,25000.0
E00238,C0033,P0301,2025-08-01,15250.0,25000.0
E00238,C0033,P0301,2025-09-01,26382.5,25000.0
E00238,C0033,P0301,2025-10-01,17397.5,25000.0
E00238,C0033,P0301,2025-11-01,19100.0,25000.0
E00238,C0033,P0301,2025-12-01,20930.0,25000.0
E00238,C0033,P0301,2026-01-01,23570.0,25000.0
E00238,C0033,P0301,2026-02-01,20995.0,25000.0
E00239,C0016,P0161,2025-07-01,227.2,1000.0
E00239,C0016,P0161,2025-08-01,345.6,1000.0
E00239,C0016,P0161,2025-09-01,793.6,1000.0
E00239,C0016,P0161,2025-10-01,575.1,1000.0
E00239,C0016,P0161,2025-11-01,687.9,1000.0
E00239,C0016,P0161,2025-12-01,785.1,1000.0
E00239,C0016,P0161,2026-01-01,902.4,1000.0
E00239,C0016,P0161,2026-02-01,798.8,1000.0
E00239,C0016,P0161,2026-03-01,869.5,1000.0
E00239,C0016,P0161,2026-04-01,615.8,1000.0
E00239,C0016,P0161,2026-05-01,1021.0,1000.0
E00239,C0016,P0161,2026-06-01,617.1,1000.0
E00240,C0097,P0231,2025-11-01,160.6,1000.0
E00240,C0097,P0231,2025-12-01,369.5,1000.0
E00240,C0097,P0231,2026-01-01,588.9,1000.0
E00240,C0097,P0231,2026-02-01,702.1,1000.0
E00240,C0097,P0231,2026-03-01,894.8,1000.0
E00240,C0097,P0231,2026-04-01,795.1,1000.0
E00240,C0097,P0231,2026-05-01,616.5,1000.0
E00240,C0097,P0231,2026-06-01,627.8,1000.0
E00240,C0097,P0231,2026-07-01,611.2,1000.0
E00240,C0097,P0231,2026-08-01,318.6,1000.0
E00241,C0017,P0378,2025-09-01,12.39,50.0
E00241,C0017,P0378,2025-10-01,25.21,50.0
E00241,C0017,P0378,2025-11-01,20.26,50.0
E00241,C0017,P0378,2025-12-01,40.0,50.0
E00241,C0017,P0378,2026-01-01,28.78,50.0
E00241,C0017,P0378,2026-02-01,36.85,50.0
E00241,C0017,P0378,2026-03-01,27.52,50.0
E00241,C0017,P0378,2026-04-01,45.68,50.0
E00241,C0017,P0378,2026-05-01,40.38,50.0
E00241,C0017,P0378,2026-06-01,32.01,50.0
E00241,C0017,P0378,2026-07-01,53.5,50.0
E00241,C0017,P0378,2026-08-01,15.58,50.0
E00242,C0044,P0215,2025-10-01,1076.0,5000.0
E00242,C0044,P0215,2025-11-01,1381.0,5000.0
E00242,C0044,P0215,2025-12-01,3897.0,5000.0
E00242,C0044,P0215,2026-01-01,3542.5,5000.0
E00242,C0044,P0215,2026-02-01,3096.5,5000.0
E00242,C0044,P0215,2026-03-01,3834.5,5000.0
E00242,C0044,P0215,2026-04-01,4110.5,5000.0
E00242,C0044,P0215,2026-05-01,3717.0,5000.0
E00242,C0044,P0215,2026-06-01,4707.5,5000.0
E00242,C0044,P0215,2026-07-01,4106.0,5000.0
E00242,C0044,P0215,2026-08-01,1634.6,5000.0
E00243,C0006,P0012,2025-06-01,55.9,250.0
E00243,C0006,P0012,2025-07-01,94.58,250.0
E00243,C0006,P0012,2025-08-01,134.48,250.0
E00243,C0006,P0012,2025-09-01,192.68,250.0
E00243,C0006,P0012,2025-10-01,181.68,250.0
E00243,C0006,P0012,2025-11-01,173.47,250.0
E00243,C0006,P0012,2025-12-01,183.88,250.0
E00243,C0006,P0012,2026-01-01,198.53,250.0
E00243,C0006,P0012,2026-02-01,203.12,250.0
E00243,C0006,P0012,2026-03-01,171.33,250.0
E00243,C0006,P0012,2026-04-01,188.62,250.0
E00243,C0006,P0012,2026-05-01,163.95,250.0
E00244,C0071,P0410,2025-06-01,16963.08,5000.0
E00244,C0071,P0410,2025-07-01,16027.93,5000.0
E00244,C0071,P0410,2025-08-01,19562.22,5000.0
E00245,C0005,P0198,2025-06-01,397.6,2000.0
E00245,C0005,P0198,2025-07-01,846.4,2000.0
E00245,C0005,P0198,2025-08-01,1403.8,2000.0
E00245,C0005,P0198,2025-09-01,1728.6,2000.0
E00245,C0005,P0198,2025-10-01,1581.0,2000.0
E00245,C0005,P0198,2025-11-01,1956.4,2000.0
E00245,C0005,P0198,2025-12-01,1742.2,2000.0
E00245,C0005,P0198,2026-01-01,1910.4,2000.0
E00245,C0005,P0198,2026-02-01,1616.2,2000.0
E00246,C0098,P0156,2025-06-01,8716.23,2500.0
E00246,C0098,P0156,2025-07-01,9621.93,2500.0
E00246,C0098,P0156,2025-08-01,8740.89,2500.0
E00247,C0009,P0353,2025-10-01,388.0,500.0
E00247,C0009,P0353,2025-11-01,664.85,500.0
E00247,C0009,P0353,2025-12-01,759.25,500.0
E00247,C0009,P0353,2026-01-01,789.05,500.0
E00247,C0009,P0353,2026-02-01,680.65,500.0
E00247,C0009,P0353,2026-03-01,773.75,500.0
E00247,C0009,P0353,2026-04-01,692.9,500.0
E00247,C0009,P0353,2026-05-01,630.55,500.0
E00247,C0009,P0353,2026-06-01,747.55,500.0
E00247,C0009,P0353,2026-07-01,677.1,500.0
E00247,C0009,P0353,2026-08-01,315.98,500.0
E00248,C0044,P0198,2025-06-01,24.6,100.0
E00248,C0044,P0198,2025-07-01,40.75,100.0
E00248,C0044,P0198,2025-08-01,46.95,100.0
E00248,C0044,P0198,2025-09-01,82.36,100.0
E00248,C0044,P0198,2025-10-01,82.09,100.0
E00248,C0044,P0198,2025-11-01,85.21,100.0
E00248,C0044,P0198,2025-12-01,60.07,100.0
E00248,C0044,P0198,2026-01-01,63.18,100.0
E00248,C0044,P0198,2026-02-01,69.47,100.0
E00249,C0073,P0189,2025-06-01,6.16,25.0
E00249,C0073,P0189,2025-07-01,7.9,25.0
E00249,C0073,P0189,2025-08-01,15.23,25.0
E00249,C0073,P0189,2025-09-01,20.79,25.0
E00249,C0073,P0189,2025-10-01,20.22,25.0
E00249,C0073,P0189,2025-11-01,15.95,25.0
E00249,C0073,P0189,2025-12-01,24.78,25.0
E00249,C0073,P0189,2026-01-01,18.13,25.0
E00249,C0073,P0189,2026-02-01,19.5,25.0
E00249,C0073,P0189,2026-03-01,16.84,25.0
E00250,C0081,P0057,2025-06-01,485.8,2000.0
E00250,C0081,P0057,2025-07-01,677.6,2000.0
E00250,C0081,P0057,2025-08-01,1265.8,2000.0
E00250,C0081,P0057,2025-09-01,1633.8,2000.0
E00250,C0081,P0057,2025-10-01,1384.2,2000.0
E00250,C0081,P0057,2025-11-01,1494.4,2000.0
E00250,C0081,P0057,2025-12-01,1583.0,2000.0
E00250,C0081,P0057,2026-01-01,1165.2,2000.0
E00250,C0081,P0057,2026-02-01,1555.4,2000.0
E00250,C0081,P0057,2026-03-01,1888.8,2000.0
E00250,C0081,P0057,2026-04-01,1905.4,2000.0
E00250,C0081,P0057,2026-05-01,1818.2,2000.0
E00251,C0093,P0463,2025-07-01,32.8,50.0
E00251,C0093,P0463,2025-08-01,66.81,50.0
E00251,C0093,P0463,2025-09-01,75.88,50.0
E00251,C0093,P0463,2025-10-01,73.97,50.0
E00251,C0093,P0463,2025-11-01,78.03,50.0
E00251,C0093,P0463,2025-12-01,79.31,50.0
E00251,C0093,P0463,2026-01-01,75.63,50.0
E00251,C0093,P0463,2026-02-01,71.45,50.0
E00251,C0093,P0463,2026-03-01,78.23,50.0
E00251,C0093,P0463,2026-04-01,74.16,50.0
E00251,C0093,P0463,2026-05-01,72.19,50.0
E00251,C0093,P0463,2026-06-01,76.27,50.0
E00252,C0074,P0364,2025-06-01,437.75,2500.0
E00252,C0074,P0364,2025-07-01,1075.75,2500.0
E00252,C0074,P0364,2025-08-01,1643.75,2500.0
E00252,C0074,P0364,2025-09-01,1542.5,2500.0
E00252,C0074,P0364,2025-10-01,1941.0,2500.0
E00252,C0074,P0364,2025-11-01,2594.75,2500.0
E00252,C0074,P0364,2025-12-01,1859.25,2500.0
E00252,C0074,P0364,2026-01-01,1671.5,2500.0
E00252,C0074,P0364,2026-02-01,2312.0,2500.0
E00253,C0043,P0258,2025-09-01,492.5,2500.0
E00253,C0043,P0258,2025-10-01,877.75,2500.0
E00253,C0043,P0258,2025-11-01,1078.25,2500.0
E00253,C0043,P0258,2025-12-01,2081.0,2500.0
E00253,C0043,P0258,2026-01-01,2485.25,2500.0
E00253,C0043,P0258,2026-02-01,1816.75,2500.0
E00253,C0043,P0258,2026-03-01,2068.25,2500.0
E00253,C0043,P0258,2026-04-01,2002.75,2500.0
E00253,C0043,P0258,2026-05-01,2381.0,2500.0
E00253,C0043,P0258,2026-06-01,1526.75,2500.0
E00253,C0043,P0258,2026-07-01,2290.25,2500.0
E00253,C0043,P0258,2026-08-01,717.8,2500.0
E00254,C0042,P0423,2025-06-01,337.6,500.0
E00254,C0042,P0423,2025-07-01,740.15,500.0
E00254,C0042,P0423,2025-08-01,770.55,500.0
E00254,C0042,P0423,2025-09-01,659.65,500.0
E00254,C0042,P0423,2025-10-01,640.85,500.0
E00254,C0042,P0423,2025-11-01,659.2,500.0
E00255,C0043,P0451,2025-06-01,795.5,5000.0
E00255,C0043,P0451,2025-07-01,1795.0,5000.0
E00255,C0043,P0451,2025-08-01,3751.5,5000.0
E00255,C0043,P0451,2025-09-01,3648.0,5000.0
E00255,C0043,P0451,2025-10-01,3220.0,5000.0
E00255,C0043,P0451,2025-11-01,4015.0,5000.0
E00255,C0043,P0451,2025-12-01,3453.5,5000.0
E00255,C0043,P0451,2026-01-01,3799.0,5000.0
E00255,C0043,P0451,2026-02-01,3812.5,5000.0
E00256,C0015,P0148,2025-09-01,13.11,100.0
E00256,C0015,P0148,2025-10-01,35.47,100.0
E00256,C0015,P0148,2025-11-01,53.57,100.0
E00256,C0015,P0148,2025-12-01,62.72,100.0
E00256,C0015,P0148,2026-01-01,71.23,100.0
E00256,C0015,P0148,2026-02-01,68.48,100.0
E00256,C0015,P0148,2026-03-01,90.35,100.0
E00256,C0015,P0148,2026-04-01,76.83,100.0
E00256,C0015,P0148,2026-05-01,61.59,100.0
E00256,C0015,P0148,2026-06-01,90.76,100.0
E00256,C0015,P0148,2026-07-01,87.3,100.0
E00256,C0015,P0148,2026-08-01,22.86,100.0
E00258,C0078,P0467,2025-06-01,349.6,2000.0
E00258,C0078,P0467,2025-07-01,605.6,2000.0
E00258,C0078,P0467,2025-08-01,950.8,2000.0
E00258,C0078,P0467,2025-09-01,1254.4,2000.0
E00258,C0078,P0467,2025-10-01,1286.0,2000.0
E00258,C0078,P0467,2025-11-01,1621.0,2000.0
E00258,C0078,P0467,2025-12-01,1710.6,2000.0
E00258,C0078,P0467,2026-01-01,1151.8,2000.0
E00259,C0026,P0023,2025-06-01,353.6,2000.0
E00259,C0026,P0023,2025-07-01,830.0,2000.0
E00259,C0026,P0023,2025-08-01,980.8,2000.0
E00259,C0026,P0023,2025-09-01,1269.2,2000.0
E00259,C0026,P0023,2025-10-01,1677.4,2000.0
E00259,C0026,P0023,2025-11-01,1324.8,2000.0
E00259,C0026,P0023,2025-12-01,2119.2,2000.0
E00260,C0006,P0276,2025-06-01,153.3,1000.0
E00260,C0006,P0276,2025-07-01,382.6,1000.0
E00261,C0048,P0211,2025-06-01,18.52,100.0
E00261,C0048,P0211,2025-07-01,30.06,100.0
E00261,C0048,P0211,2025-08-01,62.13,100.0
E00261,C0048,P0211,2025-09-01,56.77,100.0
E00261,C0048,P0211,2025-10-01,56.29,100.0
E00261,C0048,P0211,2025-11-01,73.71,100.0
E00261,C0048,P0211,2025-12-01,70.01,100.0
E00262,C0070,P0400,2025-06-01,70.18,100.0
E00262,C0070,P0400,2025-07-01,153.16,100.0
E00262,C0070,P0400,2025-08-01,135.89,100.0
E00262,C0070,P0400,2025-09-01,126.09,100.0
E00262,C0070,P0400,2025-10-01,120.29,100.0
E00262,C0070,P0400,2025-11-01,145.11,100.0
E00262,C0070,P0400,2025-12-01,144.91,100.0
E00263,C0098,P0023,2025-06-01,8531.29,2500.0
E00263,C0098,P0023,2025-07-01,8748.6,2500.0
E00263,C0098,P0023,2025-08-01,8776.84,2500.0
E00263,C0098,P0023,2026-01-01,29.45,2500.0
E00264,C0061,P0382,2025-10-01,18252.5,25000.0
E00264,C0061,P0382,2025-11-01,34517.5,25000.0
E00264,C0061,P0382,2025-12-01,34455.0,25000.0
E00264,C0061,P0382,2026-01-01,39677.5,25000.0
E00264,C0061,P0382,2026-02-01,36717.5,25000.0
E00264,C0061,P0382,2026-03-01,37700.0,25000.0
E00264,C0061,P0382,2026-04-01,32045.0,25000.0
E00264,C0061,P0382,2026-05-01,31127.5,25000.0
E00264,C0061,P0382,2026-06-01,33875.0,25000.0
E00264,C0061,P0382,2026-07-01,31067.5,25000.0
E00264,C0061,P0382,2026-08-01,15732.0,25000.0
E00265,C0069,P0059,2025-06-01,3.62,20.0
E00265,C0069,P0059,2025-07-01,8.06,20.0
E00265,C0069,P0059,2025-08-01,11.54,20.0
E00265,C0069,P0059,2025-09-01,15.2,20.0
E00265,C0069,P0059,2025-10-01,15.92,20.0
E00265,C0069,P0059,2025-11-01,15.2,20.0
E00265,C0069,P0059,2025-12-01,16.38,20.0
E00265,C0069,P0059,2026-01-01,10.39,20.0
E00265,C0069,P0059,2026-02-01,19.73,20.0
E00265,C0069,P0059,2026-03-01,15.25,20.0
E00265,C0069,P0059,2026-04-01,13.96,20.0
E00265,C0069,P0059,2026-05-01,19.47,20.0
E00266,C0047,P0035,2025-11-01,410.0,2500.0
E00266,C0047,P0035,2025-12-01,931.25,2500.0
E00266,C0047,P0035,2026-01-01,1962.5,2500.0
E00266,C0047,P0035,2026-02-01,1777.5,2500.0
E00266,C0047,P0035,2026-03-01,2514.5,2500.0
E00266,C0047,P0035,2026-04-01,2260.75,2500.0
E00266,C0047,P0035,2026-05-01,2629.0,2500.0
E00266,C0047,P0035,2026-06-01,1702.75,2500.0
E00266,C0047,P0035,2026-07-01,1793.0,2500.0
E00266,C0047,P0035,2026-08-01,565.9,2500.0
E00267,C0056,P0421,2025-06-01,1629.0,10000.0
E00267,C0056,P0421,2025-07-01,3957.0,10000.0
E00267,C0056,P0421,2025-08-01,4794.0,10000.0
E00267,C0056,P0421,2025-09-01,9736.0,10000.0
E00267,C0056,P0421,2025-10-01,6555.0,10000.0
E00267,C0056,P0421,2025-11-01,10331.0,10000.0
E00267,C0056,P0421,2025-12-01,8022.0,10000.0
E00267,C0056,P0421,2026-01-01,9893.0,10000.0
E00267,C0056,P0421,2026-02-01,7205.0,10000.0
E00268,C0086,P0091,2025-06-01,157.79,40.0
E00268,C0086,P0091,2025-07-01,143.25,40.0
E00268,C0086,P0091,2025-08-01,128.46,40.0
E00268,C0086,P0091,2025-11-01,0.7,40.0
E00269,C0066,P0344,2025-11-01,740.6,1000.0
E00269,C0066,P0344,2025-12-01,1391.9,1000.0
E00269,C0066,P0344,2026-01-01,1492.6,1000.0
E00269,C0066,P0344,2026-02-01,1261.3,1000.0
E00269,C0066,P0344,2026-03-01,1226.1,1000.0
E00269,C0066,P0344,2026-04-01,1471.2,1000.0
E00269,C0066,P0344,2026-05-01,1212.0,1000.0
E00269,C0066,P0344,2026-06-01,1399.0,1000.0
E00269,C0066,P0344,2026-07-01,1532.2,1000.0
E00269,C0066,P0344,2026-08-01,546.0,1000.0
E00271,C0021,P0025,2025-08-01,24.05,100.0
E00271,C0021,P0025,2025-09-01,26.74,100.0
E00271,C0021,P0025,2025-10-01,60.91,100.0
E00271,C0021,P0025,2025-11-01,69.42,100.0
E00271,C0021,P0025,2025-12-01,75.5,100.0
E00271,C0021,P0025,2026-01-01,77.28,100.0
E00271,C0021,P0025,2026-02-01,67.15,100.0
E00271,C0021,P0025,2026-03-01,62.77,100.0
E00271,C0021,P0025,2026-04-01,99.69,100.0
E00271,C0021,P0025,2026-05-01,85.44,100.0
E00271,C0021,P0025,2026-06-01,70.89,100.0
E00271,C0021,P0025,2026-07-01,77.51,100.0
E00272,C0069,P0003,2025-06-01,468.0,2500.0
E00272,C0069,P0003,2025-07-01,941.75,2500.0
E00272,C0069,P0003,2025-08-01,1291.25,2500.0
E00272,C0069,P0003,2025-09-01,1852.75,2500.0
E00272,C0069,P0003,2025-10-01,1742.25,2500.0
E00272,C0069,P0003,2025-11-01,1627.0,2500.0
E00272,C0069,P0003,2025-12-01,1833.5,2500.0
E00272,C0069,P0003,2026-01-01,1691.75,2500.0
E00272,C0069,P0003,2026-02-01,2379.5,2500.0
E00272,C0069,P0003,2026-03-01,1957.25,2500.0
E00273,C0055,P0123,2025-06-01,134.42,200.0
E00273,C0055,P0123,2025-07-01,274.54,200.0
E00273,C0055,P0123,2025-08-01,288.18,200.0
E00273,C0055,P0123,2025-09-01,310.78,200.0
E00273,C0055,P0123,2025-10-01,266.62,200.0
E00273,C0055,P0123,2025-11-01,268.7,200.0
E00273,C0055,P0123,2025-12-01,277.32,200.0
E00273,C0055,P0123,2026-01-01,300.3,200.0
E00273,C0055,P0123,2026-02-01,308.94,200.0
E00274,C0058,P0173,2025-06-01,2.84,20.0
E00274,C0058,P0173,2025-07-01,8.61,20.0
E00274,C0058,P0173,2025-08-01,12.65,20.0
E00274,C0058,P0173,2025-09-01,17.35,20.0
E00274,C0058,P0173,2025-10-01,14.29,20.0
E00274,C0058,P0173,2025-11-01,14.21,20.0
E00274,C0058,P0173,2025-12-01,14.22,20.0
E00274,C0058,P0173,2026-01-01,12.27,20.0
E00274,C0058,P0173,2026-02-01,12.79,20.0
E00274,C0058,P0173,2026-03-01,10.83,20.0
E00274,C0058,P0173,2026-04-01,13.6,20.0
E00274,C0058,P0173,2026-05-01,14.98,20.0
E00275,C0034,P0050,2025-06-01,36.1,200.0
E00275,C0034,P0050,2025-07-01,63.48,200.0
E00275,C0034,P0050,2025-08-01,139.86,200.0
E00275,C0034,P0050,2025-09-01,153.4,200.0
E00275,C0034,P0050,2025-10-01,160.64,200.0
E00275,C0034,P0050,2025-11-01,172.42,200.0
E00275,C0034,P0050,2025-12-01,192.76,200.0
E00277,C0021,P0479,2025-10-01,177.1,1000.0
E00277,C0021,P0479,2025-11-01,346.3,1000.0
E00277,C0021,P0479,2025-12-01,689.8,1000.0
E00277,C0021,P0479,2026-01-01,1041.1,1000.0
E00277,C0021,P0479,2026-02-01,878.7,1000.0
E00277,C0021,P0479,2026-03-01,974.4,1000.0
E00277,C0021,P0479,2026-04-01,761.6,1000.0
E00277,C0021,P0479,2026-05-01,644.4,1000.0
E00277,C0021,P0479,2026-06-01,934.9,1000.0
E00277,C0021,P0479,2026-07-01,570.1,1000.0
E00277,C0021,P0479,2026-08-01,256.68,1000.0
E00278,C0029,P0183,2025-06-01,93.8,
E00278,C0029,P0183,2025-07-01,122.92,
E00278,C0029,P0183,2025-08-01,218.2,
E00278,C0029,P0183,2025-09-01,283.8,
E00278,C0029,P0183,2025-10-01,308.44,
E00278,C0029,P0183,2025-11-01,275.28,
E00278,C0029,P0183,2025-12-01,367.8,
E00279,C0058,P0109,2025-06-01,1056.5,5000.0
E00279,C0058,P0109,2025-07-01,2394.0,5000.0
E00279,C0058,P0109,2025-08-01,2777.0,5000.0
E00279,C0058,P0109,2025-09-01,3420.5,5000.0
E00279,C0058,P0109,2025-10-01,4730.0,5000.0
E00279,C0058,P0109,2025-11-01,4246.5,5000.0
E00279,C0058,P0109,2025-12-01,4487.5,5000.0
E00279,C0058,P0109,2026-01-01,4919.5,5000.0
E00279,C0058,P0109,2026-02-01,4570.0,5000.0
E00279,C0058,P0109,2026-03-01,5049.0,5000.0
E00279,C0058,P0109,2026-04-01,2917.5,5000.0
E00279,C0058,P0109,2026-05-01,2919.5,5000.0
E00280,C0069,P0189,2025-10-01,57.88,250.0
E00280,C0069,P0189,2025-11-01,76.25,250.0
E00280,C0069,P0189,2025-12-01,138.83,250.0
E00280,C0069,P0189,2026-01-01,180.9,250.0
E00280,C0069,P0189,2026-02-01,210.5,250.0
E00280,C0069,P0189,2026-03-01,195.95,250.0
E00280,C0069,P0189,2026-04-01,167.05,250.0
E00280,C0069,P0189,2026-05-01,212.55,250.0
E00280,C0069,P0189,2026-06-01,152.75,250.0
E00280,C0069,P0189,2026-07-01,141.12,250.0
E00280,C0069,P0189,2026-08-01,70.97,250.0
E00282,C0007,P0049,2025-06-01,768.21,200.0
E00282,C0007,P0049,2025-07-01,725.71,200.0
E00282,C0007,P0049,2025-08-01,755.89,200.0
E00283,C0021,P0498,2025-11-01,419.2,2000.0
E00283,C0021,P0498,2025-12-01,632.6,2000.0
E00283,C0021,P0498,2026-01-01,1187.0,2000.0
E00283,C0021,P0498,2026-02-01,1639.6,2000.0
E00283,C0021,P0498,2026-03-01,1421.8,2000.0
E00283,C0021,P0498,2026-04-01,1579.0,2000.0
E00283,C0021,P0498,2026-05-01,1496.8,2000.0
E00283,C0021,P0498,2026-06-01,1376.8,2000.0
E00283,C0021,P0498,2026-07-01,1505.2,2000.0
E00283,C0021,P0498,2026-08-01,642.08,2000.0
E00284,C0015,P0342,2025-10-01,1160.5,5000.0
E00284,C0015,P0342,2025-11-01,2061.0,5000.0
E00284,C0015,P0342,2025-12-01,2193.5,5000.0
E00284,C0015,P0342,2026-01-01,4861.5,5000.0
E00284,C0015,P0342,2026-02-01,3038.0,5000.0
E00284,C0015,P0342,2026-03-01,4298.0,5000.0
E00284,C0015,P0342,2026-04-01,4745.5,5000.0
E00284,C0015,P0342,2026-05-01,3692.0,5000.0
E00284,C0015,P0342,2026-06-01,3210.5,5000.0
E00284,C0015,P0342,2026-07-01,3991.5,5000.0
E00284,C0015,P0342,2026-08-01,1092.4,5000.0
E00285,C0096,P0328,2025-06-01,1190.0,5000.0
E00285,C0096,P0328,2025-07-01,1919.5,5000.0
E00285,C0096,P0328,2025-08-01,2899.0,5000.0
E00285,C0096,P0328,2025-09-01,2778.0,5000.0
E00285,C0096,P0328,2025-10-01,2855.0,5000.0
E00285,C0096,P0328,2025-11-01,3504.5,5000.0
E00286,C0075,P0316,2025-11-01,2.01,10.0
E00286,C0075,P0316,2025-12-01,4.38,10.0
E00286,C0075,P0316,2026-01-01,6.38,10.0
E00286,C0075,P0316,2026-02-01,5.52,10.0
E00286,C0075,P0316,2026-03-01,6.31,10.0
E00286,C0075,P0316,2026-04-01,8.33,10.0
E00286,C0075,P0316,2026-05-01,7.32,10.0
E00286,C0075,P0316,2026-06-01,6.09,10.0
E00286,C0075,P0316,2026-07-01,6.99,10.0
E00286,C0075,P0316,2026-08-01,3.09,10.0
E00287,C0068,P0318,2025-11-01,164.3,1000.0
E00287,C0068,P0318,2025-12-01,351.1,1000.0
E00287,C0068,P0318,2026-01-01,620.2,1000.0
E00287,C0068,P0318,2026-02-01,608.6,1000.0
E00287,C0068,P0318,2026-03-01,823.8,1000.0
E00287,C0068,P0318,2026-04-01,784.6,1000.0
E00287,C0068,P0318,2026-05-01,923.0,1000.0
E00287,C0068,P0318,2026-06-01,701.8,1000.0
E00287,C0068,P0318,2026-07-01,879.9,1000.0
E00287,C0068,P0318,2026-08-01,225.0,1000.0
E00288,C0018,P0078,2025-06-01,4987.5,25000.0
E00288,C0018,P0078,2025-07-01,11580.0,25000.0
E00288,C0018,P0078,2025-08-01,16215.0,25000.0
E00288,C0018,P0078,2025-09-01,18622.5,25000.0
E00288,C0018,P0078,2025-10-01,17242.5,25000.0
E00288,C0018,P0078,2025-11-01,17820.0,25000.0
E00288,C0018,P0078,2025-12-01,17995.0,25000.0
E00288,C0018,P0078,2026-01-01,20475.0,25000.0
E00288,C0018,P0078,2026-02-01,22797.5,25000.0
E00288,C0018,P0078,2026-03-01,23375.0,25000.0
E00288,C0018,P0078,2026-04-01,20627.5,25000.0
E00289,C0084,P0307,2025-06-01,189.6,1000.0
E00289,C0084,P0307,2025-07-01,390.9,1000.0
E00289,C0084,P0307,2025-08-01,483.8,1000.0
E00289,C0084,P0307,2025-09-01,759.9,1000.0
E00289,C0084,P0307,2025-10-01,916.9,1000.0
E00289,C0084,P0307,2025-11-01,750.4,1000.0
E00290,C0016,P0330,2025-06-01,8.14,50.0
E00290,C0016,P0330,2025-07-01,23.71,50.0
E00290,C0016,P0330,2025-08-01,29.7,50.0
E00290,C0016,P0330,2025-09-01,45.7,50.0
E00290,C0016,P0330,2025-10-01,44.56,50.0
E00290,C0016,P0330,2025-11-01,41.51,50.0
E00290,C0016,P0330,2025-12-01,45.89,50.0
E00290,C0016,P0330,2026-01-01,41.98,50.0
E00290,C0016,P0330,2026-02-01,43.96,50.0
E00290,C0016,P0330,2026-03-01,30.82,50.0
E00290,C0016,P0330,2026-04-01,48.1,50.0
E00296,C0074,P0041,2025-08-01,203.5,1000.0
E00296,C0074,P0041,2025-09-01,323.1,1000.0
E00296,C0074,P0041,2025-10-01,773.4,1000.0
E00296,C0074,P0041,2025-11-01,742.1,1000.0
E00296,C0074,P0041,2025-12-01,875.6,1000.0
E00296,C0074,P0041,2026-01-01,620.5,1000.0
E00296,C0074,P0041,2026-02-01,853.4,1000.0
E00296,C0074,P0041,2026-03-01,755.1,1000.0
E00296,C0074,P0041,2026-04-01,717.9,1000.0
E00296,C0074,P0041,2026-05-01,756.4,1000.0
E00296,C0074,P0041,2026-06-01,884.7,1000.0
E00296,C0074,P0041,2026-07-01,930.5,1000.0
E00297,C0050,P0126,2025-06-01,87.95,500.0
E00297,C0050,P0126,2025-07-01,215.7,500.0
E00297,C0050,P0126,2025-08-01,249.0,500.0
E00297,C0050,P0126,2025-09-01,346.1,500.0
E00297,C0050,P0126,2025-10-01,399.8,500.0
E00297,C0050,P0126,2025-11-01,353.35,500.0
E00297,C0050,P0126,2025-12-01,390.8,500.0
E00297,C0050,P0126,2026-01-01,497.55,500.0
E00297,C0050,P0126,2026-02-01,353.75,500.0
E00297,C0050,P0126,2026-03-01,480.7,500.0
E00298,C0027,P0230,2025-06-01,90.55,500.0
E00298,C0027,P0230,2025-07-01,150.15,500.0
E00298,C0027,P0230,2025-08-01,232.4,500.0
E00298,C0027,P0230,2025-09-01,383.65,500.0
E00298,C0027,P0230,2025-10-01,340.8,500.0
E00298,C0027,P0230,2025-11-01,344.1,500.0
E00298,C0027,P0230,2025-12-01,470.6,500.0
E00298,C0027,P0230,2026-01-01,445.2,500.0
E00298,C0027,P0230,2026-02-01,347.35,500.0
E00299,C0095,P0185,2025-07-01,61.25,250.0
E00299,C0095,P0185,2025-08-01,85.08,250.0
E00299,C0095,P0185,2025-09-01,133.28,250.0
E00299,C0095,P0185,2025-10-01,143.88,250.0
E00299,C0095,P0185,2025-11-01,248.6,250.0
E00299,C0095,P0185,2025-12-01,133.8,250.0
E00299,C0095,P0185,2026-01-01,161.07,250.0
E00299,C0095,P0185,2026-02-01,141.62,250.0
E00299,C0095,P0185,2026-03-01,210.08,250.0
E00299,C0095,P0185,2026-04-01,160.88,250.0
E00299,C0095,P0185,2026-05-01,137.15,250.0
E00299,C0095,P0185,2026-06-01,250.97,250.0
E00300,C0039,P0313,2025-07-01,4032.5,25000.0
E00300,C0039,P0313,2025-08-01,8727.5,25000.0
E00300,C0039,P0313,2025-09-01,18260.0,25000.0
E00300,C0039,P0313,2025-10-01,16662.5,25000.0
E00300,C0039,P0313,2025-11-01,15585.0,25000.0
E00300,C0039,P0313,2025-12-01,19537.5,25000.0
E00300,C0039,P0313,2026-01-01,22635.0,25000.0
E00300,C0039,P0313,2026-02-01,16882.5,25000.0
E00300,C0039,P0313,2026-03-01,16755.0,25000.0
E00300,C0039,P0313,2026-04-01,23272.5,25000.0
E00300,C0039,P0313,2026-05-01,19597.5,25000.0
E00300,C0039,P0313,2026-06-01,16672.5,25000.0
E00301,C0076,P0219,2025-07-01,1.77,10.0
E00301,C0076,P0219,2025-08-01,5.13,10.0
E00301,C0076,P0219,2025-09-01,4.45,10.0
E00301,C0076,P0219,2025-10-01,8.19,10.0
E00301,C0076,P0219,2025-11-01,9.96,10.0
E00301,C0076,P0219,2025-12-01,6.95,10.0
E00301,C0076,P0219,2026-01-01,8.72,10.0
E00301,C0076,P0219,2026-02-01,6.76,10.0
E00301,C0076,P0219,2026-03-01,10.07,10.0
E00301,C0076,P0219,2026-04-01,7.39,10.0
E00301,C0076,P0219,2026-05-01,7.91,10.0
E00301,C0076,P0219,2026-06-01,8.2,10.0
E00303,C0078,P0288,2025-06-01,5397.5,25000.0
E00303,C0078,P0288,2025-07-01,7607.5,25000.0
E00303,C0078,P0288,2025-08-01,13557.5,25000.0
E00303,C0078,P0288,2025-09-01,15007.5,25000.0
E00303,C0078,P0288,2025-10-01,17262.5,25000.0
E00303,C0078,P0288,2025-11-01,18892.5,25000.0
E00303,C0078,P0288,2025-12-01,16967.5,25000.0
E00303,C0078,P0288,2026-01-01,16865.0,25000.0
E00303,C0078,P0288,2026-02-01,23797.5,25000.0
E00303,C0078,P0288,2026-03-01,20395.0,25000.0
E00305,C0066,P0474,2025-08-01,3960.5,5000.0
E00305,C0066,P0474,2025-09-01,7373.0,5000.0
E00305,C0066,P0474,2025-10-01,7126.5,5000.0
E00305,C0066,P0474,2025-11-01,7291.0,5000.0
E00305,C0066,P0474,2025-12-01,6129.5,5000.0
E00305,C0066,P0474,2026-01-01,7426.0,5000.0
E00305,C0066,P0474,2026-02-01,6044.0,5000.0
E00305,C0066,P0474,2026-03-01,7143.5,5000.0
E00305,C0066,P0474,2026-04-01,6719.0,5000.0
E00305,C0066,P0474,2026-05-01,6041.0,5000.0
E00305,C0066,P0474,2026-06-01,6872.5,5000.0
E00305,C0066,P0474,2026-07-01,6890.5,5000.0
E00306,C0055,P0158,2025-11-01,342.4,500.0
E00306,C0055,P0158,2025-12-01,687.45,500.0
E00306,C0055,P0158,2026-01-01,669.65,500.0
E00306,C0055,P0158,2026-02-01,653.8,500.0
E00306,C0055,P0158,2026-03-01,782.3,500.0
E00306,C0055,P0158,2026-04-01,651.95,500.0
E00306,C0055,P0158,2026-05-01,631.6,500.0
E00306,C0055,P0158,2026-06-01,643.85,500.0
E00306,C0055,P0158,2026-07-01,717.1,500.0
E00306,C0055,P0158,2026-08-01,281.38,500.0
E00307,C0085,P0290,2025-06-01,8.92,50.0
E00307,C0085,P0290,2025-07-01,14.77,50.0
E00307,C0085,P0290,2025-08-01,21.25,50.0
E00307,C0085,P0290,2025-09-01,38.04,50.0
E00307,C0085,P0290,2025-10-01,41.41,50.0
E00307,C0085,P0290,2025-11-01,34.64,50.0
E00308,C0056,P0385,2025-06-01,154.2,1000.0
E00308,C0056,P0385,2025-07-01,318.5,1000.0
E00308,C0056,P0385,2025-08-01,614.7,1000.0
E00308,C0056,P0385,2025-09-01,669.0,1000.0
E00308,C0056,P0385,2025-10-01,692.9,1000.0
E00308,C0056,P0385,2025-11-01,835.1,1000.0
E00308,C0056,P0385,2025-12-01,971.6,1000.0
E00308,C0056,P0385,2026-01-01,968.7,1000.0
E00308,C0056,P0385,2026-02-01,694.6,1000.0
E00308,C0056,P0385,2026-03-01,673.6,1000.0
E00308,C0056,P0385,2026-04-01,689.9,1000.0
E00308,C0056,P0385,2026-05-01,708.0,1000.0
E00309,C0015,P0334,2025-07-01,1012.5,5000.0
E00309,C0015,P0334,2025-08-01,2207.5,5000.0
E00309,C0015,P0334,2025-09-01,3325.0,5000.0
E00309,C0015,P0334,2025-10-01,3294.5,5000.0
E00309,C0015,P0334,2025-11-01,3564.5,5000.0
E00309,C0015,P0334,2025-12-01,4148.0,5000.0
E00309,C0015,P0334,2026-01-01,3075.0,5000.0
E00309,C0015,P0334,2026-02-01,4424.5,5000.0
E00309,C0015,P0334,2026-03-01,4420.5,5000.0
E00309,C0015,P0334,2026-04-01,3261.5,5000.0
E00309,C0015,P0334,2026-05-01,4134.5,5000.0
E00309,C0015,P0334,2026-06-01,3903.5,5000.0
E00310,C0007,P0018,2025-11-01,1530.61,400.0
E00310,C0007,P0018,2025-12-01,1427.97,400.0
E00310,C0007,P0018,2026-01-01,1425.58,400.0
E00310,C0007,P0018,2026-07-01,1.63,400.0
E00311,C0096,P0331,2025-10-01,3.91,20.0
E00311,C0096,P0331,2025-11-01,8.77,20.0
E00311,C0096,P0331,2025-12-01,14.31,20.0
E00311,C0096,P0331,2026-01-01,15.94,20.0
E00311,C0096,P0331,2026-02-01,16.98,20.0
E00311,C0096,P0331,2026-03-01,17.67,20.0
E00311,C0096,P0331,2026-04-01,13.73,20.0
E00311,C0096,P0331,2026-05-01,16.7,20.0
E00311,C0096,P0331,2026-06-01,15.99,20.0
E00311,C0096,P0331,2026-07-01,10.69,20.0
E00311,C0096,P0331,2026-08-01,8.36,20.0
E00312,C0050,P0309,2025-07-01,17.95,100.0
E00312,C0050,P0309,2025-08-01,34.49,100.0
E00312,C0050,P0309,2025-09-01,45.45,100.0
E00312,C0050,P0309,2025-10-01,78.9,100.0
E00312,C0050,P0309,2025-11-01,93.67,100.0
E00312,C0050,P0309,2025-12-01,77.8,100.0
E00312,C0050,P0309,2026-01-01,77.2,100.0
E00312,C0050,P0309,2026-02-01,85.05,100.0
E00312,C0050,P0309,2026-03-01,72.79,100.0
E00312,C0050,P0309,2026-04-01,84.84,100.0
E00312,C0050,P0309,2026-05-01,78.7,100.0
E00312,C0050,P0309,2026-06-01,66.54,100.0
E00314,C0085,P0219,2025-06-01,734.8,4000.0
E00314,C0085,P0219,2025-07-01,1226.0,4000.0
E00314,C0085,P0219,2025-08-01,2176.4,4000.0
E00314,C0085,P0219,2025-09-01,2792.4,4000.0
E00314,C0085,P0219,2025-10-01,4099.6,4000.0
E00314,C0085,P0219,2025-11-01,3162.8,4000.0
E00314,C0085,P0219,2025-12-01,3082.4,4000.0
E00314,C0085,P0219,2026-01-01,2734.8,4000.0
E00314,C0085,P0219,2026-02-01,4166.8,4000.0
E00315,C0024,P0376,2025-08-01,1480.0,10000.0
E00315,C0024,P0376,2025-09-01,3550.0,10000.0
E00315,C0024,P0376,2025-10-01,3987.0,10000.0
E00315,C0024,P0376,2025-11-01,8764.0,10000.0
E00315,C0024,P0376,2025-12-01,6227.0,10000.0
E00315,C0024,P0376,2026-01-01,7890.0,10000.0
E00315,C0024,P0376,2026-02-01,7192.0,10000.0
E00315,C0024,P0376,2026-03-01,7771.0,10000.0
E00315,C0024,P0376,2026-04-01,6860.0,10000.0
E00315,C0024,P0376,2026-05-01,9030.0,10000.0
E00315,C0024,P0376,2026-06-01,9797.0,10000.0
E00315,C0024,P0376,2026-07-01,7548.0,10000.0
E00317,C0019,P0204,2025-06-01,84.52,400.0
E00317,C0019,P0204,2025-07-01,172.72,400.0
E00317,C0019,P0204,2025-08-01,255.24,400.0
E00317,C0019,P0204,2025-09-01,337.36,400.0
E00317,C0019,P0204,2025-10-01,363.6,400.0
E00317,C0019,P0204,2025-11-01,293.8,400.0
E00317,C0019,P0204,2025-12-01,315.12,400.0
E00317,C0019,P0204,2026-01-01,304.4,400.0
E00317,C0019,P0204,2026-02-01,233.8,400.0
E00317,C0019,P0204,2026-03-01,215.08,400.0
E00318,C0080,P0036,2025-06-01,4237.5,25000.0
E00318,C0080,P0036,2025-07-01,12262.5,25000.0
E00318,C0080,P0036,2025-08-01,14340.0,25000.0
E00318,C0080,P0036,2025-09-01,21612.5,25000.0
E00318,C0080,P0036,2025-10-01,21280.0,25000.0
E00318,C0080,P0036,2025-11-01,16372.5,25000.0
E00318,C0080,P0036,2025-12-01,20042.5,25000.0
E00318,C0080,P0036,2026-01-01,20700.0,25000.0
E00319,C0044,P0088,2025-10-01,92.35,500.0
E00319,C0044,P0088,2025-11-01,228.1,500.0
E00319,C0044,P0088,2025-12-01,288.45,500.0
E00319,C0044,P0088,2026-01-01,361.7,500.0
E00319,C0044,P0088,2026-02-01,478.2,500.0
E00319,C0044,P0088,2026-03-01,443.55,500.0
E00319,C0044,P0088,2026-04-01,446.85,500.0
E00319,C0044,P0088,2026-05-01,320.25,500.0
E00319,C0044,P0088,2026-06-01,446.6,500.0
E00319,C0044,P0088,2026-07-01,365.1,500.0
E00319,C0044,P0088,2026-08-01,180.8,500.0
E00320,C0054,P0094,2025-11-01,7.27,50.0
E00320,C0054,P0094,2025-12-01,18.24,50.0
E00320,C0054,P0094,2026-01-01,29.17,50.0
E00320,C0054,P0094,2026-02-01,41.45,50.0
E00320,C0054,P0094,2026-03-01,43.86,50.0
E00320,C0054,P0094,2026-04-01,39.78,50.0
E00320,C0054,P0094,2026-05-01,29.89,50.0
E00320,C0054,P0094,2026-06-01,48.7,50.0
E00320,C0054,P0094,2026-07-01,38.53,50.0
E00320,C0054,P0094,2026-08-01,19.58,50.0
E00321,C0035,P0384,2025-06-01,18.92,100.0
E00321,C0035,P0384,2025-07-01,37.74,100.0
E00321,C0035,P0384,2025-08-01,48.77,100.0
E00321,C0035,P0384,2025-09-01,92.81,100.0
E00321,C0035,P0384,2025-10-01,90.06,100.0
E00321,C0035,P0384,2025-11-01,80.13,100.0
E00321,C0035,P0384,2025-12-01,72.7,100.0
E00321,C0035,P0384,2026-01-01,85.19,100.0
E00321,C0035,P0384,2026-02-01,68.9,100.0
E00322,C0070,P0447,2025-06-01,1654.0,2500.0
E00322,C0070,P0447,2025-07-01,3486.5,2500.0
E00322,C0070,P0447,2025-08-01,3997.75,2500.0
E00322,C0070,P0447,2025-09-01,3927.75,2500.0
E00322,C0070,P0447,2025-10-01,3396.25,2500.0
E00322,C0070,P0447,2025-11-01,3214.0,2500.0
E00322,C0070,P0447,2025-12-01,3430.0,2500.0
E00322,C0070,P0447,2026-01-01,3235.0,2500.0
E00322,C0070,P0447,2026-02-01,3243.25,2500.0
E00323,C0080,P0086,2025-09-01,5.24,25.0
E00323,C0080,P0086,2025-10-01,10.4,25.0
E00323,C0080,P0086,2025-11-01,14.83,25.0
E00323,C0080,P0086,2025-12-01,16.84,25.0
E00323,C0080,P0086,2026-01-01,15.96,25.0
E00323,C0080,P0086,2026-02-01,25.82,25.0
E00323,C0080,P0086,2026-03-01,23.24,25.0
E00323,C0080,P0086,2026-04-01,14.13,25.0
E00323,C0080,P0086,2026-05-01,16.44,25.0
E00323,C0080,P0086,2026-06-01,19.36,25.0
E00323,C0080,P0086,2026-07-01,23.57,25.0
E00323,C0080,P0086,2026-08-01,8.87,25.0
E00324,C0088,P0176,2025-06-01,3.55,25.0
E00324,C0088,P0176,2025-07-01,7.79,25.0
E00324,C0088,P0176,2025-08-01,15.56,25.0
E00324,C0088,P0176,2025-09-01,13.05,25.0
E00324,C0088,P0176,2025-10-01,25.08,25.0
E00324,C0088,P0176,2025-11-01,25.07,25.0
E00324,C0088,P0176,2025-12-01,17.95,25.0
E00324,C0088,P0176,2026-01-01,19.32,25.0
E00324,C0088,P0176,2026-02-01,16.16,25.0
E00324,C0088,P0176,2026-03-01,16.03,25.0
E00324,C0088,P0176,2026-04-01,20.15,25.0
E00324,C0088,P0176,2026-05-01,21.89,25.0
E00325,C0033,P0052,2025-07-01,443.5,2500.0
E00325,C0033,P0052,2025-08-01,846.25,2500.0
E00325,C0033,P0052,2025-09-01,1211.0,2500.0
E00325,C0033,P0052,2025-10-01,1886.25,2500.0
E00325,C0033,P0052,2025-11-01,2197.25,2500.0
E00325,C0033,P0052,2025-12-01,2267.25,2500.0
E00325,C0033,P0052,2026-01-01,2106.75,2500.0
E00325,C0033,P0052,2026-02-01,2423.5,2500.0
E00325,C0033,P0052,2026-03-01,1902.0,2500.0
E00325,C0033,P0052,2026-04-01,2019.75,2500.0
E00325,C0033,P0052,2026-05-01,1329.25,2500.0
E00325,C0033,P0052,2026-06-01,2026.25,2500.0
E00326,C0098,P0268,2025-06-01,39.99,10.0
E00326,C0098,P0268,2025-07-01,33.01,10.0
E00326,C0098,P0268,2025-08-01,37.78,10.0
E00327,C0065,P0243,2025-08-01,170.0,1000.0
E00327,C0065,P0243,2025-09-01,419.7,1000.0
E00327,C0065,P0243,2025-10-01,657.6,1000.0
E00327,C0065,P0243,2025-11-01,804.6,1000.0
E00327,C0065,P0243,2025-12-01,948.8,1000.0
E00327,C0065,P0243,2026-01-01,795.9,1000.0
E00327,C0065,P0243,2026-02-01,702.5,1000.0
E00327,C0065,P0243,2026-03-01,680.3,1000.0
E00327,C0065,P0243,2026-04-01,852.1,1000.0
E00327,C0065,P0243,2026-05-01,874.7,1000.0
E00327,C0065,P0243,2026-06-01,1018.2,1000.0
E00327,C0065,P0243,2026-07-01,888.3,1000.0
E00328,C0061,P0176,2025-06-01,1526.4,2000.0
E00328,C0061,P0176,2025-07-01,2996.2,2000.0
E00328,C0061,P0176,2025-08-01,2966.0,2000.0
E00328,C0061,P0176,2025-09-01,2926.8,2000.0
E00328,C0061,P0176,2025-10-01,3166.4,2000.0
E00328,C0061,P0176,2025-11-01,3001.2,2000.0
E00328,C0061,P0176,2025-12-01,3094.6,2000.0
E00328,C0061,P0176,2026-01-01,2547.2,2000.0
E00328,C0061,P0176,2026-02-01,3095.4,2000.0
E00328,C0061,P0176,2026-03-01,2531.4,2000.0
E00328,C0061,P0176,2026-04-01,2600.4,2000.0
E00330,C0019,P0358,2025-06-01,17.6,100.0
E00330,C0019,P0358,2025-07-01,30.93,100.0
E00330,C0019,P0358,2025-08-01,48.87,100.0
E00330,C0019,P0358,2025-09-01,72.18,100.0
E00330,C0019,P0358,2025-10-01,60.65,100.0
E00330,C0019,P0358,2025-11-01,52.31,100.0
E00330,C0019,P0358,2025-12-01,69.2,100.0
E00331,C0076,P0445,2025-06-01,7.75,40.0
E00331,C0076,P0445,2025-07-01,13.77,40.0
E00332,C0026,P0352,2025-06-01,1069.0,5000.0
E00332,C0026,P0352,2025-07-01,1717.5,5000.0
E00332,C0026,P0352,2025-08-01,3623.0,5000.0
E00332,C0026,P0352,2025-09-01,3364.5,5000.0
E00332,C0026,P0352,2025-10-01,4032.0,5000.0
E00332,C0026,P0352,2025-11-01,4201.0,5000.0
E00332,C0026,P0352,2025-12-01,4648.5,5000.0
E00332,C0026,P0352,2026-01-01,3496.5,5000.0
E00332,C0026,P0352,2026-02-01,3780.5,5000.0
E00335,C0082,P0314,2025-06-01,1998.5,2500.0
E00335,C0082,P0314,2025-07-01,3456.5,2500.0
E00335,C0082,P0314,2025-08-01,3284.5,2500.0
E00335,C0082,P0314,2025-09-01,3018.0,2500.0
E00335,C0082,P0314,2025-10-01,3589.25,2500.0
E00335,C0082,P0314,2025-11-01,3965.0,2500.0
E00335,C0082,P0314,2025-12-01,3062.75,2500.0
E00335,C0082,P0314,2026-01-01,3829.5,2500.0
E00335,C0082,P0314,2026-02-01,3417.25,2500.0
E00336,C0027,P0151,2025-07-01,10.62,50.0
E00336,C0027,P0151,2025-08-01,22.55,50.0
E00336,C0027,P0151,2025-09-01,30.68,50.0
E00336,C0027,P0151,2025-10-01,38.7,50.0
E00336,C0027,P0151,2025-11-01,49.18,50.0
E00336,C0027,P0151,2025-12-01,42.7,50.0
E00336,C0027,P0151,2026-01-01,31.42,50.0
E00336,C0027,P0151,2026-02-01,31.18,50.0
E00336,C0027,P0151,2026-03-01,40.9,50.0
E00336,C0027,P0151,2026-04-01,25.96,50.0
E00336,C0027,P0151,2026-05-01,34.19,50.0
E00336,C0027,P0151,2026-06-01,44.09,50.0
E00337,C0037,P0408,2025-08-01,1.99,10.0
E00337,C0037,P0408,2025-09-01,4.84,10.0
E00337,C0037,P0408,2025-10-01,7.08,10.0
E00337,C0037,P0408,2025-11-01,9.12,10.0
E00337,C0037,P0408,2025-12-01,7.92,10.0
E00337,C0037,P0408,2026-01-01,7.99,10.0
E00337,C0037,P0408,2026-02-01,9.66,10.0
E00337,C0037,P0408,2026-03-01,8.93,10.0
E00337,C0037,P0408,2026-04-01,7.71,10.0
E00337,C0037,P0408,2026-05-01,7.09,10.0
E00337,C0037,P0408,2026-06-01,7.12,10.0
E00337,C0037,P0408,2026-07-01,6.82,10.0
E00338,C0001,P0229,2025-10-01,448.0,2500.0
E00338,C0001,P0229,2025-11-01,963.5,2500.0
E00338,C0001,P0229,2025-12-01,1220.75,2500.0
E00338,C0001,P0229,2026-01-01,1605.5,2500.0
E00338,C0001,P0229,2026-02-01,2049.25,2500.0
E00338,C0001,P0229,2026-03-01,2032.0,2500.0
E00338,C0001,P0229,2026-04-01,2509.5,2500.0
E00338,C0001,P0229,2026-05-01,1797.25,2500.0
E00338,C0001,P0229,2026-06-01,1450.25,2500.0
E00338,C0001,P0229,2026-07-01,2635.75,2500.0
E00338,C0001,P0229,2026-08-01,673.6,2500.0
E00339,C0001,P0088,2025-08-01,20.14,100.0
E00339,C0001,P0088,2025-09-01,35.76,100.0
E00339,C0001,P0088,2025-10-01,53.87,100.0
E00339,C0001,P0088,2025-11-01,90.16,100.0
E00339,C0001,P0088,2025-12-01,77.44,100.0
E00339,C0001,P0088,2026-01-01,88.48,100.0
E00339,C0001,P0088,2026-02-01,63.6,100.0
E00339,C0001,P0088,2026-03-01,72.26,100.0
E00339,C0001,P0088,2026-04-01,73.16,100.0
E00339,C0001,P0088,2026-05-01,68.17,100.0
E00339,C0001,P0088,2026-06-01,95.91,100.0
E00339,C0001,P0088,2026-07-01,54.77,100.0
E00341,C0030,P0341,2025-06-01,146.2,1000.0
E00341,C0030,P0341,2025-07-01,447.3,1000.0
E00341,C0030,P0341,2025-08-01,649.0,1000.0
E00341,C0030,P0341,2025-09-01,705.2,1000.0
E00341,C0030,P0341,2025-10-01,977.6,1000.0
E00341,C0030,P0341,2025-11-01,820.6,1000.0
E00341,C0030,P0341,2025-12-01,846.0,1000.0
E00341,C0030,P0341,2026-01-01,682.6,1000.0
E00341,C0030,P0341,2026-02-01,789.1,1000.0
E00341,C0030,P0341,2026-03-01,964.6,1000.0
E00342,C0051,P0473,2025-10-01,59.17,250.0
E00342,C0051,P0473,2025-11-01,125.6,250.0
E00342,C0051,P0473,2025-12-01,147.2,250.0
E00342,C0051,P0473,2026-01-01,171.17,250.0
E00342,C0051,P0473,2026-02-01,196.92,250.0
E00342,C0051,P0473,2026-03-01,170.0,250.0
E00342,C0051,P0473,2026-04-01,158.97,250.0
E00342,C0051,P0473,2026-05-01,173.78,250.0
E00342,C0051,P0473,2026-06-01,183.75,250.0
E00342,C0051,P0473,2026-07-01,175.62,250.0
E00342,C0051,P0473,2026-08-01,56.85,250.0
E00343,C0033,P0478,2025-11-01,105.6,500.0
E00343,C0033,P0478,2025-12-01,200.25,500.0
E00343,C0033,P0478,2026-01-01,302.25,500.0
E00343,C0033,P0478,2026-02-01,383.85,500.0
E00343,C0033,P0478,2026-03-01,479.85,500.0
E00343,C0033,P0478,2026-04-01,380.3,500.0
E00343,C0033,P0478,2026-05-01,385.2,500.0
E00343,C0033,P0478,2026-06-01,270.6,500.0
E00343,C0033,P0478,2026-07-01,487.3,500.0
E00343,C0033,P0478,2026-08-01,201.04,500.0
E00344,C0074,P0402,2025-06-01,2545.0,10000.0
E00344,C0074,P0402,2025-07-01,3857.0,10000.0
E00344,C0074,P0402,2025-08-01,8085.0,10000.0
E00344,C0074,P0402,2025-09-01,7270.0,10000.0
E00344,C0074,P0402,2025-10-01,8345.0,10000.0
E00344,C0074,P0402,2025-11-01,5699.0,10000.0
E00344,C0074,P0402,2025-12-01,5835.0,10000.0
E00344,C0074,P0402,2026-01-01,6530.0,10000.0
E00344,C0074,P0402,2026-02-01,7127.0,10000.0
E00344,C0074,P0402,2026-03-01,7308.0,10000.0
E00344,C0074,P0402,2026-04-01,8214.0,10000.0
E00344,C0074,P0402,2026-05-01,6581.0,10000.0
E00345,C0091,P0045,2025-06-01,43.9,250.0
E00345,C0091,P0045,2025-07-01,72.78,250.0
E00345,C0091,P0045,2025-08-01,174.83,250.0
E00345,C0091,P0045,2025-09-01,200.9,250.0
E00345,C0091,P0045,2025-10-01,240.1,250.0
E00345,C0091,P0045,2025-11-01,229.28,250.0
E00345,C0091,P0045,2025-12-01,240.18,250.0
E00345,C0091,P0045,2026-01-01,154.2,250.0
E00345,C0091,P0045,2026-02-01,218.38,250.0
E00346,C0003,P0060,2025-11-01,79.64,400.0
E00346,C0003,P0060,2025-12-01,153.68,400.0
E00346,C0003,P0060,2026-01-01,170.72,400.0
E00346,C0003,P0060,2026-02-01,316.88,400.0
E00346,C0003,P0060,2026-03-01,314.72,400.0
E00346,C0003,P0060,2026-04-01,343.36,400.0
E00346,C0003,P0060,2026-05-01,228.88,400.0
E00346,C0003,P0060,2026-06-01,415.6,400.0
E00346,C0003,P0060,2026-07-01,261.0,400.0
E00346,C0003,P0060,2026-08-01,119.71,400.0
E00347,C0033,P0001,2025-06-01,744.8,4000.0
E00347,C0033,P0001,2025-07-01,1752.8,4000.0
E00347,C0033,P0001,2025-08-01,2278.0,4000.0
E00347,C0033,P0001,2025-09-01,3764.8,4000.0
E00347,C0033,P0001,2025-10-01,3092.4,4000.0
E00347,C0033,P0001,2025-11-01,3132.8,4000.0
E00347,C0033,P0001,2025-12-01,3708.4,4000.0
E00347,C0033,P0001,2026-01-01,3772.8,4000.0
E00347,C0033,P0001,2026-02-01,2846.8,4000.0
E00347,C0033,P0001,2026-03-01,3103.6,4000.0
E00347,C0033,P0001,2026-04-01,3230.8,4000.0
E00348,C0017,P0217,2025-08-01,62.56,400.0
E00348,C0017,P0217,2025-09-01,183.16,400.0
E00348,C0017,P0217,2025-10-01,224.08,400.0
E00348,C0017,P0217,2025-11-01,364.44,400.0
E00348,C0017,P0217,2025-12-01,314.04,400.0
E00348,C0017,P0217,2026-01-01,276.16,400.0
E00348,C0017,P0217,2026-02-01,263.0,400.0
E00348,C0017,P0217,2026-03-01,364.32,400.0
E00348,C0017,P0217,2026-04-01,351.0,400.0
E00348,C0017,P0217,2026-05-01,366.24,400.0
E00348,C0017,P0217,2026-06-01,292.24,400.0
E00348,C0017,P0217,2026-07-01,251.88,400.0
E00350,C0098,P0418,2025-06-01,32372.51,10000.0
E00350,C0098,P0418,2025-07-01,32577.59,10000.0
E00350,C0098,P0418,2025-08-01,35157.75,10000.0
E00350,C0098,P0418,2025-09-01,82.96,10000.0
E00351,C0087,P0146,2025-07-01,743.5,5000.0
E00351,C0087,P0146,2025-08-01,2054.5,5000.0
E00351,C0087,P0146,2025-09-01,2655.0,5000.0
E00351,C0087,P0146,2025-10-01,3402.0,5000.0
E00351,C0087,P0146,2025-11-01,3089.0,5000.0
E00351,C0087,P0146,2025-12-01,4539.0,5000.0
E00351,C0087,P0146,2026-01-01,3644.5,5000.0
E00351,C0087,P0146,2026-02-01,4607.0,5000.0
E00351,C0087,P0146,2026-03-01,3147.0,5000.0
E00351,C0087,P0146,2026-04-01,3494.5,5000.0
E00351,C0087,P0146,2026-05-01,4297.5,5000.0
E00351,C0087,P0146,2026-06-01,3594.0,5000.0
E00352,C0042,P0159,2025-11-01,6.1,10.0
E00352,C0042,P0159,2025-12-01,12.01,10.0
E00352,C0042,P0159,2026-01-01,13.85,10.0
E00352,C0042,P0159,2026-02-01,12.25,10.0
E00352,C0042,P0159,2026-03-01,15.56,10.0
E00352,C0042,P0159,2026-04-01,12.24,10.0
E00352,C0042,P0159,2026-05-01,13.83,10.0
E00352,C0042,P0159,2026-06-01,13.16,10.0
E00352,C0042,P0159,2026-07-01,13.65,10.0
E00352,C0042,P0159,2026-08-01,6.21,10.0
E00353,C0098,P0111,2025-11-01,82813.96,25000.0
E00353,C0098,P0111,2025-12-01,85586.56,25000.0
E00353,C0098,P0111,2026-01-01,88523.05,25000.0
E00354,C0086,P0171,2025-06-01,75.01,20.0
E00354,C0086,P0171,2025-07-01,68.41,20.0
E00354,C0086,P0171,2025-08-01,71.63,20.0
E00354,C0086,P0171,2025-12-01,0.01,20.0
E00354,C0086,P0171,2026-04-01,0.31,20.0
E00354,C0086,P0171,2026-05-01,0.07,20.0
E00355,C0028,P0027,2025-06-01,148.84,200.0
E00355,C0028,P0027,2025-07-01,281.76,200.0
E00355,C0028,P0027,2025-08-01,295.2,200.0
E00355,C0028,P0027,2025-09-01,261.74,200.0
E00355,C0028,P0027,2025-10-01,292.66,200.0
E00355,C0028,P0027,2025-11-01,303.96,200.0
E00355,C0028,P0027,2025-12-01,299.72,200.0
E00355,C0028,P0027,2026-01-01,241.62,200.0
E00355,C0028,P0027,2026-02-01,285.38,200.0
E00356,C0087,P0418,2025-11-01,419.6,2000.0
E00356,C0087,P0418,2025-12-01,764.0,2000.0
E00356,C0087,P0418,2026-01-01,1363.4,2000.0
E00356,C0087,P0418,2026-02-01,1643.4,2000.0
E00356,C0087,P0418,2026-03-01,1775.0,2000.0
E00356,C0087,P0418,2026-04-01,1326.8,2000.0
E00356,C0087,P0418,2026-05-01,1404.6,2000.0
E00356,C0087,P0418,2026-06-01,1311.4,2000.0
E00356,C0087,P0418,2026-07-01,1697.0,2000.0
E00356,C0087,P0418,2026-08-01,572.32,2000.0
E00357,C0071,P0348,2025-08-01,33498.97,10000.0
E00357,C0071,P0348,2025-09-01,37860.95,10000.0
E00357,C0071,P0348,2025-10-01,37767.05,10000.0
E00358,C0013,P0373,2025-06-01,695.6,4000.0
E00358,C0013,P0373,2025-07-01,1184.4,4000.0
E00358,C0013,P0373,2025-08-01,2134.4,4000.0
E00358,C0013,P0373,2025-09-01,2600.8,4000.0
E00358,C0013,P0373,2025-10-01,3091.6,4000.0
E00358,C0013,P0373,2025-11-01,2114.8,4000.0
E00358,C0013,P0373,2025-12-01,2843.6,4000.0
E00358,C0013,P0373,2026-01-01,2568.0,4000.0
E00358,C0013,P0373,2026-02-01,3086.0,4000.0
E00358,C0013,P0373,2026-03-01,3024.8,4000.0
E00358,C0013,P0373,2026-04-01,3840.8,4000.0
E00358,C0013,P0373,2026-05-01,3120.4,4000.0
E00359,C0048,P0166,2025-06-01,162.2,1000.0
E00359,C0048,P0166,2025-07-01,261.5,1000.0
E00359,C0048,P0166,2025-08-01,535.4,1000.0
E00359,C0048,P0166,2025-09-01,716.7,1000.0
E00359,C0048,P0166,2025-10-01,691.3,1000.0
E00359,C0048,P0166,2025-11-01,662.5,1000.0
E00359,C0048,P0166,2025-12-01,700.4,1000.0
E00359,C0048,P0166,2026-01-01,886.6,1000.0
E00359,C0048,P0166,2026-02-01,884.4,1000.0
E00360,C0025,P0084,2025-11-01,81.3,500.0
E00360,C0025,P0084,2025-12-01,206.65,500.0
E00360,C0025,P0084,2026-01-01,269.5,500.0
E00360,C0025,P0084,2026-02-01,489.9,500.0
E00360,C0025,P0084,2026-03-01,328.9,500.0
E00360,C0025,P0084,2026-04-01,313.7,500.0
E00360,C0025,P0084,2026-05-01,453.25,500.0
E00360,C0025,P0084,2026-06-01,340.95,500.0
E00360,C0025,P0084,2026-07-01,345.55,500.0
E00360,C0025,P0084,2026-08-01,160.58,500.0
E00361,C0016,P0108,2025-07-01,67.0,500.0
E00361,C0016,P0108,2025-08-01,175.45,500.0
E00361,C0016,P0108,2025-09-01,235.45,500.0
E00361,C0016,P0108,2025-10-01,350.8,500.0
E00361,C0016,P0108,2025-11-01,389.1,500.0
E00361,C0016,P0108,2025-12-01,299.5,500.0
E00361,C0016,P0108,2026-01-01,399.1,500.0
E00361,C0016,P0108,2026-02-01,302.25,500.0
E00361,C0016,P0108,2026-03-01,360.3,500.0
E00361,C0016,P0108,2026-04-01,348.55,500.0
E00361,C0016,P0108,2026-05-01,426.75,500.0
E00361,C0016,P0108,2026-06-01,376.55,500.0
E00362,C0052,P0439,2025-06-01,1.74,10.0
E00362,C0052,P0439,2025-07-01,3.26,10.0
E00362,C0052,P0439,2025-08-01,5.54,10.0
E00362,C0052,P0439,2025-09-01,9.38,10.0
E00362,C0052,P0439,2025-10-01,6.89,10.0
E00362,C0052,P0439,2025-11-01,6.04,10.0
E00362,C0052,P0439,2025-12-01,5.86,10.0
E00362,C0052,P0439,2026-01-01,8.22,10.0
E00362,C0052,P0439,2026-02-01,7.95,10.0
E00363,C0060,P0219,2025-06-01,475.0,2000.0
E00363,C0060,P0219,2025-07-01,1037.0,2000.0
E00363,C0060,P0219,2025-08-01,1582.2,2000.0
E00363,C0060,P0219,2025-09-01,1633.4,2000.0
E00363,C0060,P0219,2025-10-01,1916.8,2000.0
E00363,C0060,P0219,2025-11-01,1814.4,2000.0
E00363,C0060,P0219,2025-12-01,1547.2,2000.0
E00363,C0060,P0219,2026-01-01,1640.0,2000.0
E00364,C0050,P0092,2025-06-01,79.0,500.0
E00364,C0050,P0092,2025-07-01,231.65,500.0
E00364,C0050,P0092,2025-08-01,221.2,500.0
E00364,C0050,P0092,2025-09-01,369.6,500.0
E00364,C0050,P0092,2025-10-01,514.25,500.0
E00364,C0050,P0092,2025-11-01,338.85,500.0
E00364,C0050,P0092,2025-12-01,420.55,500.0
E00365,C0032,P0497,2025-08-01,239.8,1000.0
E00365,C0032,P0497,2025-09-01,317.8,1000.0
E00365,C0032,P0497,2025-10-01,705.4,1000.0
E00365,C0032,P0497,2025-11-01,764.3,1000.0
E00365,C0032,P0497,2025-12-01,790.4,1000.0
E00365,C0032,P0497,2026-01-01,604.8,1000.0
E00365,C0032,P0497,2026-02-01,920.1,1000.0
E00365,C0032,P0497,2026-03-01,906.1,1000.0
E00365,C0032,P0497,2026-04-01,695.3,1000.0
E00365,C0032,P0497,2026-05-01,726.8,1000.0
E00365,C0032,P0497,2026-06-01,656.1,1000.0
E00365,C0032,P0497,2026-07-01,585.2,1000.0
E00366,C0035,P0124,2025-06-01,207.1,1000.0
E00366,C0035,P0124,2025-07-01,366.5,1000.0
E00366,C0035,P0124,2025-08-01,528.6,1000.0
E00366,C0035,P0124,2025-09-01,810.5,1000.0
E00366,C0035,P0124,2025-10-01,666.4,1000.0
E00366,C0035,P0124,2025-11-01,847.8,1000.0
E00366,C0035,P0124,2025-12-01,640.9,1000.0
E00366,C0035,P0124,2026-01-01,769.3,1000.0
E00366,C0035,P0124,2026-02-01,659.1,1000.0
E00366,C0035,P0124,2026-03-01,945.1,1000.0
E00366,C0035,P0124,2026-04-01,933.5,1000.0
E00366,C0035,P0124,2026-05-01,746.5,1000.0
E00367,C0033,P0193,2025-11-01,8.82,50.0
E00367,C0033,P0193,2025-12-01,17.99,50.0
E00367,C0033,P0193,2026-01-01,31.35,50.0
E00367,C0033,P0193,2026-02-01,43.29,50.0
E00367,C0033,P0193,2026-03-01,47.67,50.0
E00367,C0033,P0193,2026-04-01,32.22,50.0
E00367,C0033,P0193,2026-05-01,40.27,50.0
E00367,C0033,P0193,2026-06-01,31.19,50.0
E00367,C0033,P0193,2026-07-01,32.41,50.0
E00367,C0033,P0193,2026-08-01,19.2,50.0
E00368,C0036,P0335,2025-10-01,2004.0,10000.0
E00368,C0036,P0335,2025-11-01,3444.0,10000.0
E00368,C0036,P0335,2025-12-01,6215.0,10000.0
E00368,C0036,P0335,2026-01-01,7648.0,10000.0
E00368,C0036,P0335,2026-02-01,8019.0,10000.0
E00368,C0036,P0335,2026-03-01,7137.0,10000.0
E00368,C0036,P0335,2026-04-01,8426.0,10000.0
E00368,C0036,P0335,2026-05-01,7033.0,10000.0
E00368,C0036,P0335,2026-06-01,7699.0,10000.0
E00368,C0036,P0335,2026-07-01,5322.0,10000.0
E00368,C0036,P0335,2026-08-01,3712.0,10000.0
E00369,C0013,P0251,2025-06-01,9.53,50.0
E00369,C0013,P0251,2025-07-01,16.84,50.0
E00369,C0013,P0251,2025-08-01,23.37,50.0
E00369,C0013,P0251,2025-09-01,32.47,50.0
E00369,C0013,P0251,2025-10-01,40.55,50.0
E00369,C0013,P0251,2025-11-01,44.69,50.0
E00369,C0013,P0251,2025-12-01,31.54,50.0
E00370,C0022,P0382,2025-09-01,1655.0,2500.0
E00370,C0022,P0382,2025-10-01,3170.25,2500.0
E00370,C0022,P0382,2025-11-01,3576.75,2500.0
E00370,C0022,P0382,2025-12-01,3729.5,2500.0
E00370,C0022,P0382,2026-01-01,3552.5,2500.0
E00370,C0022,P0382,2026-02-01,3039.5,2500.0
E00370,C0022,P0382,2026-03-01,3469.75,2500.0
E00370,C0022,P0382,2026-04-01,3406.75,2500.0
E00370,C0022,P0382,2026-05-01,3240.5,2500.0
E00370,C0022,P0382,2026-06-01,3602.0,2500.0
E00370,C0022,P0382,2026-07-01,3614.25,2500.0
E00370,C0022,P0382,2026-08-01,1384.0,2500.0
E00371,C0026,P0331,2025-06-01,2082.0,10000.0
E00371,C0026,P0331,2025-07-01,4715.0,10000.0
E00371,C0026,P0331,2025-08-01,7750.0,10000.0
E00371,C0026,P0331,2025-09-01,6960.0,10000.0
E00371,C0026,P0331,2025-10-01,6775.0,10000.0
E00371,C0026,P0331,2025-11-01,10262.0,10000.0
E00371,C0026,P0331,2025-12-01,6944.0,10000.0
E00371,C0026,P0331,2026-01-01,10251.0,10000.0
E00372,C0002,P0366,2025-06-01,9.96,50.0
E00372,C0002,P0366,2025-07-01,24.39,50.0
E00372,C0002,P0366,2025-08-01,31.39,50.0
E00372,C0002,P0366,2025-09-01,42.66,50.0
E00372,C0002,P0366,2025-10-01,31.2,50.0
E00372,C0002,P0366,2025-11-01,38.58,50.0
E00372,C0002,P0366,2025-12-01,40.09,50.0
E00372,C0002,P0366,2026-01-01,36.02,50.0
E00374,C0093,P0107,2025-09-01,15.71,25.0
E00374,C0093,P0107,2025-10-01,34.0,25.0
E00374,C0093,P0107,2025-11-01,36.78,25.0
E00374,C0093,P0107,2025-12-01,37.26,25.0
E00374,C0093,P0107,2026-01-01,35.22,25.0
E00374,C0093,P0107,2026-02-01,36.45,25.0
E00374,C0093,P0107,2026-03-01,36.67,25.0
E00374,C0093,P0107,2026-04-01,33.07,25.0
E00374,C0093,P0107,2026-05-01,32.98,25.0
E00374,C0093,P0107,2026-06-01,30.21,25.0
E00374,C0093,P0107,2026-07-01,38.8,25.0
E00374,C0093,P0107,2026-08-01,15.03,25.0
E00376,C0008,P0045,2025-06-01,68.88,400.0
E00376,C0008,P0045,2025-07-01,175.44,400.0
E00376,C0008,P0045,2025-08-01,217.32,400.0
E00376,C0008,P0045,2025-09-01,272.12,400.0
E00376,C0008,P0045,2025-10-01,237.6,400.0
E00376,C0008,P0045,2025-11-01,387.08,400.0
E00376,C0008,P0045,2025-12-01,297.0,400.0
E00376,C0008,P0045,2026-01-01,273.96,400.0
E00377,C0044,P0260,2025-06-01,20.51,100.0
E00377,C0044,P0260,2025-07-01,46.71,100.0
E00377,C0044,P0260,2025-08-01,55.4,100.0
E00377,C0044,P0260,2025-09-01,60.39,100.0
E00377,C0044,P0260,2025-10-01,96.5,100.0
E00377,C0044,P0260,2025-11-01,82.65,100.0
E00378,C0068,P0484,2025-08-01,9.62,50.0
E00378,C0068,P0484,2025-09-01,22.64,50.0
E00378,C0068,P0484,2025-10-01,35.42,50.0
E00378,C0068,P0484,2025-11-01,39.44,50.0
E00378,C0068,P0484,2025-12-01,29.97,50.0
E00378,C0068,P0484,2026-01-01,36.25,50.0
E00378,C0068,P0484,2026-02-01,42.95,50.0
E00378,C0068,P0484,2026-03-01,37.18,50.0
E00378,C0068,P0484,2026-04-01,33.42,50.0
E00378,C0068,P0484,2026-05-01,44.4,50.0
E00378,C0068,P0484,2026-06-01,33.68,50.0
E00378,C0068,P0484,2026-07-01,47.27,50.0
E00379,C0081,P0228,2025-06-01,79.95,500.0
E00379,C0081,P0228,2025-07-01,192.7,500.0
E00379,C0081,P0228,2025-08-01,302.6,500.0
E00379,C0081,P0228,2025-09-01,402.35,500.0
E00379,C0081,P0228,2025-10-01,403.1,500.0
E00379,C0081,P0228,2025-11-01,466.8,500.0
E00380,C0011,P0181,2025-11-01,193.4,1000.0
E00380,C0011,P0181,2025-12-01,418.7,1000.0
E00380,C0011,P0181,2026-01-01,637.5,1000.0
E00380,C0011,P0181,2026-02-01,556.2,1000.0
E00380,C0011,P0181,2026-03-01,868.3,1000.0
E00380,C0011,P0181,2026-04-01,665.9,1000.0
E00380,C0011,P0181,2026-05-01,687.8,1000.0
E00380,C0011,P0181,2026-06-01,949.1,1000.0
E00380,C0011,P0181,2026-07-01,596.5,1000.0
E00380,C0011,P0181,2026-08-01,213.8,1000.0
E00381,C0058,P0097,2025-10-01,3.38,20.0
E00381,C0058,P0097,2025-11-01,8.66,20.0
E00381,C0058,P0097,2025-12-01,16.12,20.0
E00381,C0058,P0097,2026-01-01,14.42,20.0
E00381,C0058,P0097,2026-02-01,19.52,20.0
E00381,C0058,P0097,2026-03-01,17.17,20.0
E00381,C0058,P0097,2026-04-01,13.55,20.0
E00381,C0058,P0097,2026-05-01,11.55,20.0
E00381,C0058,P0097,2026-06-01,18.13,20.0
E00381,C0058,P0097,2026-07-01,13.98,20.0
E00381,C0058,P0097,2026-08-01,6.98,20.0
E00382,C0088,P0111,2025-06-01,33.44,200.0
E00382,C0088,P0111,2025-07-01,79.9,200.0
E00382,C0088,P0111,2025-08-01,123.34,200.0
E00382,C0088,P0111,2025-09-01,187.62,200.0
E00382,C0088,P0111,2025-10-01,184.06,200.0
E00382,C0088,P0111,2025-11-01,206.5,200.0
E00382,C0088,P0111,2025-12-01,191.58,200.0
E00382,C0088,P0111,2026-01-01,152.28,200.0
E00382,C0088,P0111,2026-02-01,160.9,200.0
E00383,C0035,P0131,2025-11-01,646.0,4000.0
E00383,C0035,P0131,2025-12-01,1962.4,4000.0
E00383,C0035,P0131,2026-01-01,2526.8,4000.0
E00383,C0035,P0131,2026-02-01,2393.2,4000.0
E00383,C0035,P0131,2026-03-01,2748.4,4000.0
E00383,C0035,P0131,2026-04-01,2470.8,4000.0
E00383,C0035,P0131,2026-05-01,2982.0,4000.0
E00383,C0035,P0131,2026-06-01,2925.2,4000.0
E00383,C0035,P0131,2026-07-01,2397.2,4000.0
E00383,C0035,P0131,2026-08-01,1160.16,4000.0
E00384,C0006,P0484,2025-06-01,638.0,4000.0
E00384,C0006,P0484,2025-07-01,1254.0,4000.0
E00384,C0006,P0484,2025-08-01,1780.4,4000.0
E00384,C0006,P0484,2025-09-01,3682.8,4000.0
E00384,C0006,P0484,2025-10-01,2610.0,4000.0
E00384,C0006,P0484,2025-11-01,3207.2,4000.0
E00384,C0006,P0484,2025-12-01,2495.2,4000.0
E00384,C0006,P0484,2026-01-01,3232.8,4000.0
E00385,C0019,P0037,2025-11-01,45.38,200.0
E00385,C0019,P0037,2025-12-01,100.68,200.0
E00385,C0019,P0037,2026-01-01,103.06,200.0
E00385,C0019,P0037,2026-02-01,168.44,200.0
E00385,C0019,P0037,2026-03-01,202.86,200.0
E00385,C0019,P0037,2026-04-01,207.0,200.0
E00385,C0019,P0037,2026-05-01,138.18,200.0
E00385,C0019,P0037,2026-06-01,140.84,200.0
E00385,C0019,P0037,2026-07-01,178.04,200.0
E00385,C0019,P0037,2026-08-01,66.99,200.0
E00386,C0034,P0289,2025-11-01,36.6,200.0
E00386,C0034,P0289,2025-12-01,84.9,200.0
E00386,C0034,P0289,2026-01-01,151.26,200.0
E00386,C0034,P0289,2026-02-01,131.2,200.0
E00386,C0034,P0289,2026-03-01,121.04,200.0
E00386,C0034,P0289,2026-04-01,155.48,200.0
E00386,C0034,P0289,2026-05-01,132.46,200.0
E00386,C0034,P0289,2026-06-01,166.12,200.0
E00386,C0034,P0289,2026-07-01,147.38,200.0
E00386,C0034,P0289,2026-08-01,54.3,200.0
E00387,C0008,P0223,2025-06-01,930.0,5000.0
E00387,C0008,P0223,2025-07-01,1416.5,5000.0
E00387,C0008,P0223,2025-08-01,2917.5,5000.0
E00387,C0008,P0223,2025-09-01,3862.0,5000.0
E00387,C0008,P0223,2025-10-01,3137.5,5000.0
E00387,C0008,P0223,2025-11-01,4027.0,5000.0
E00387,C0008,P0223,2025-12-01,4431.0,5000.0
E00387,C0008,P0223,2026-01-01,2798.0,5000.0
E00388,C0074,P0064,2025-09-01,16.4,100.0
E00388,C0074,P0064,2025-10-01,36.95,100.0
E00388,C0074,P0064,2025-11-01,61.6,100.0
E00388,C0074,P0064,2025-12-01,86.96,100.0
E00388,C0074,P0064,2026-01-01,59.22,100.0
E00388,C0074,P0064,2026-02-01,84.72,100.0
E00388,C0074,P0064,2026-03-01,82.45,100.0
E00388,C0074,P0064,2026-04-01,56.72,100.0
E00388,C0074,P0064,2026-05-01,108.83,100.0
E00388,C0074,P0064,2026-06-01,72.34,100.0
E00388,C0074,P0064,2026-07-01,91.82,100.0
E00388,C0074,P0064,2026-08-01,33.97,100.0
E00389,C0082,P0046,2025-06-01,75.33,100.0
E00389,C0082,P0046,2025-07-01,142.91,100.0
E00389,C0082,P0046,2025-08-01,135.03,100.0
E00389,C0082,P0046,2025-09-01,151.22,100.0
E00389,C0082,P0046,2025-10-01,131.86,100.0
E00389,C0082,P0046,2025-11-01,142.11,100.0
E00389,C0082,P0046,2025-12-01,144.19,100.0
E00389,C0082,P0046,2026-01-01,144.01,100.0
E00389,C0082,P0046,2026-02-01,149.19,100.0
E00389,C0082,P0046,2026-03-01,147.13,100.0
E00389,C0082,P0046,2026-04-01,159.25,100.0
E00389,C0082,P0046,2026-05-01,138.25,100.0
E00390,C0083,P0116,2025-06-01,155.56,200.0
E00390,C0083,P0116,2025-07-01,263.64,200.0
E00390,C0083,P0116,2025-08-01,282.82,200.0
E00390,C0083,P0116,2025-09-01,269.3,200.0
E00390,C0083,P0116,2025-10-01,270.72,200.0
E00390,C0083,P0116,2025-11-01,316.16,200.0
E00390,C0083,P0116,2025-12-01,259.86,200.0
E00390,C0083,P0116,2026-01-01,266.42,200.0
E00390,C0083,P0116,2026-02-01,248.24,200.0
E00390,C0083,P0116,2026-03-01,241.7,200.0
E00392,C0005,P0414,2025-11-01,456.75,2500.0
E00392,C0005,P0414,2025-12-01,1166.25,2500.0
E00392,C0005,P0414,2026-01-01,1130.5,2500.0
E00392,C0005,P0414,2026-02-01,1509.0,2500.0
E00392,C0005,P0414,2026-03-01,2392.0,2500.0
E00392,C0005,P0414,2026-04-01,1568.5,2500.0
E00392,C0005,P0414,2026-05-01,2280.5,2500.0
E00392,C0005,P0414,2026-06-01,2251.0,2500.0
E00392,C0005,P0414,2026-07-01,1968.0,2500.0
E00392,C0005,P0414,2026-08-01,938.8,2500.0
E00393,C0020,P0312,2025-06-01,40.9,250.0
E00393,C0020,P0312,2025-07-01,123.77,250.0
E00393,C0020,P0312,2025-08-01,112.5,250.0
E00393,C0020,P0312,2025-09-01,203.25,250.0
E00393,C0020,P0312,2025-10-01,248.18,250.0
E00393,C0020,P0312,2025-11-01,179.1,250.0
E00393,C0020,P0312,2025-12-01,215.05,250.0
E00393,C0020,P0312,2026-01-01,167.7,250.0
E00393,C0020,P0312,2026-02-01,207.85,250.0
E00393,C0020,P0312,2026-03-01,246.1,250.0
E00393,C0020,P0312,2026-04-01,255.35,250.0
E00394,C0007,P0200,2025-06-01,3862.41,1000.0
E00394,C0007,P0200,2025-07-01,3917.8,1000.0
E00394,C0007,P0200,2025-08-01,3968.02,1000.0
E00394,C0007,P0200,2025-09-01,3.53,1000.0
E00395,C0039,P0066,2025-11-01,875.2,
E00395,C0039,P0066,2025-12-01,1338.4,
E00395,C0039,P0066,2026-01-01,2292.0,
E00395,C0039,P0066,2026-02-01,2796.8,
E00395,C0039,P0066,2026-03-01,3373.6,
E00395,C0039,P0066,2026-04-01,2848.0,
E00395,C0039,P0066,2026-05-01,2749.2,
E00395,C0039,P0066,2026-06-01,2407.6,
E00395,C0039,P0066,2026-07-01,3150.8,
E00395,C0039,P0066,2026-08-01,1201.12,
E00396,C0073,P0074,2025-08-01,84.05,500.0
E00396,C0073,P0074,2025-09-01,228.85,500.0
E00396,C0073,P0074,2025-10-01,299.4,500.0
E00396,C0073,P0074,2025-11-01,310.3,500.0
E00396,C0073,P0074,2025-12-01,364.05,500.0
E00396,C0073,P0074,2026-01-01,414.4,500.0
E00396,C0073,P0074,2026-02-01,403.8,500.0
E00396,C0073,P0074,2026-03-01,263.75,500.0
E00396,C0073,P0074,2026-04-01,464.85,500.0
E00396,C0073,P0074,2026-05-01,288.95,500.0
E00396,C0073,P0074,2026-06-01,440.3,500.0
E00396,C0073,P0074,2026-07-01,410.95,500.0
E00397,C0014,P0328,2025-06-01,5.39,40.0
E00397,C0014,P0328,2025-07-01,19.24,40.0
E00397,C0014,P0328,2025-08-01,20.32,40.0
E00397,C0014,P0328,2025-09-01,36.5,40.0
E00397,C0014,P0328,2025-10-01,32.73,40.0
E00397,C0014,P0328,2025-11-01,31.08,40.0
E00397,C0014,P0328,2025-12-01,25.14,40.0
E00397,C0014,P0328,2026-01-01,30.41,40.0
E00397,C0014,P0328,2026-02-01,29.0,40.0
E00397,C0014,P0328,2026-03-01,34.08,40.0
E00398,C0023,P0094,2025-06-01,2052.0,10000.0
E00398,C0023,P0094,2025-07-01,4540.0,10000.0
E00398,C0023,P0094,2025-08-01,7704.0,10000.0
E00398,C0023,P0094,2025-09-01,8561.0,10000.0
E00398,C0023,P0094,2025-10-01,5932.0,10000.0
E00398,C0023,P0094,2025-11-01,7664.0,10000.0
E00398,C0023,P0094,2025-12-01,8972.0,10000.0
E00398,C0023,P0094,2026-01-01,7831.0,10000.0
E00398,C0023,P0094,2026-02-01,7028.0,10000.0
E00399,C0036,P0220,2025-07-01,121.45,500.0
E00399,C0036,P0220,2025-08-01,211.0,500.0
E00399,C0036,P0220,2025-09-01,215.7,500.0
E00399,C0036,P0220,2025-10-01,330.6,500.0
E00399,C0036,P0220,2025-11-01,429.5,500.0
E00399,C0036,P0220,2025-12-01,406.25,500.0
E00399,C0036,P0220,2026-01-01,317.45,500.0
E00399,C0036,P0220,2026-02-01,347.8,500.0
E00399,C0036,P0220,2026-03-01,438.05,500.0
E00399,C0036,P0220,2026-04-01,335.45,500.0
E00399,C0036,P0220,2026-05-01,395.65,500.0
E00399,C0036,P0220,2026-06-01,283.25,500.0
E00400,C0022,P0161,2025-06-01,640.5,
E00400,C0022,P0161,2025-07-01,1292.8,
E00400,C0022,P0161,2025-08-01,1574.9,
E00400,C0022,P0161,2025-09-01,1581.7,
E00400,C0022,P0161,2025-10-01,1325.7,
E00400,C0022,P0161,2025-11-01,1486.0,
E00400,C0022,P0161,2025-12-01,1268.5,
E00401,C0053,P0085,2025-06-01,347.58,100.0
E00401,C0053,P0085,2025-07-01,396.88,100.0
E00401,C0053,P0085,2025-08-01,328.7,100.0
E00402,C0039,P0006,2025-06-01,5140.0,25000.0
E00402,C0039,P0006,2025-07-01,8190.0,25000.0
E00402,C0039,P0006,2025-08-01,9945.0,25000.0
E00402,C0039,P0006,2025-09-01,19870.0,25000.0
E00402,C0039,P0006,2025-10-01,20482.5,25000.0
E00402,C0039,P0006,2025-11-01,16137.5,25000.0
E00402,C0039,P0006,2025-12-01,19087.5,25000.0
E00402,C0039,P0006,2026-01-01,14702.5,25000.0
E00402,C0039,P0006,2026-02-01,16437.5,25000.0
E00402,C0039,P0006,2026-03-01,16352.5,25000.0
E00404,C0025,P0382,2025-09-01,17.57,100.0
E00404,C0025,P0382,2025-10-01,42.73,100.0
E00404,C0025,P0382,2025-11-01,47.17,100.0
E00404,C0025,P0382,2025-12-01,88.91,100.0
E00404,C0025,P0382,2026-01-01,59.04,100.0
E00404,C0025,P0382,2026-02-01,87.33,100.0
E00404,C0025,P0382,2026-03-01,62.14,100.0
E00404,C0025,P0382,2026-04-01,62.99,100.0
E00404,C0025,P0382,2026-05-01,56.93,100.0
E00404,C0025,P0382,2026-06-01,82.86,100.0
E00404,C0025,P0382,2026-07-01,75.11,100.0
E00404,C0025,P0382,2026-08-01,22.73,100.0
E00406,C0022,P0188,2025-06-01,126.46,200.0
E00406,C0022,P0188,2025-07-01,247.38,200.0
E00406,C0022,P0188,2025-08-01,279.32,200.0
E00406,C0022,P0188,2025-09-01,305.66,200.0
E00406,C0022,P0188,2025-10-01,282.9,200.0
E00406,C0022,P0188,2025-11-01,254.6,200.0
E00406,C0022,P0188,2025-12-01,290.26,200.0
E00406,C0022,P0188,2026-01-01,260.88,200.0
E00407,C0027,P0088,2025-06-01,903.6,4000.0
E00407,C0027,P0088,2025-07-01,1524.0,4000.0
E00407,C0027,P0088,2025-08-01,2899.2,4000.0
E00407,C0027,P0088,2025-09-01,3298.8,4000.0
E00407,C0027,P0088,2025-10-01,3841.6,4000.0
E00407,C0027,P0088,2025-11-01,2988.0,4000.0
E00408,C0021,P0436,2025-06-01,15.15,100.0
E00408,C0021,P0436,2025-07-01,39.53,100.0
E00408,C0021,P0436,2025-08-01,69.19,100.0
E00408,C0021,P0436,2025-09-01,73.41,100.0
E00408,C0021,P0436,2025-10-01,81.16,100.0
E00408,C0021,P0436,2025-11-01,81.95,100.0
E00408,C0021,P0436,2025-12-01,82.3,100.0
E00408,C0021,P0436,2026-01-01,83.59,100.0
E00408,C0021,P0436,2026-02-01,63.75,100.0
E00408,C0021,P0436,2026-03-01,68.87,100.0
E00408,C0021,P0436,2026-04-01,86.67,100.0
E00409,C0009,P0002,2025-07-01,1759.25,2500.0
E00409,C0009,P0002,2025-08-01,3807.5,2500.0
E00409,C0009,P0002,2025-09-01,3860.0,2500.0
E00409,C0009,P0002,2025-10-01,3015.5,2500.0
E00409,C0009,P0002,2025-11-01,3764.5,2500.0
E00409,C0009,P0002,2025-12-01,3376.0,2500.0
E00409,C0009,P0002,2026-01-01,3143.75,2500.0
E00409,C0009,P0002,2026-02-01,3659.0,2500.0
E00409,C0009,P0002,2026-03-01,3171.0,2500.0
E00409,C0009,P0002,2026-04-01,3224.0,2500.0
E00409,C0009,P0002,2026-05-01,3349.25,2500.0
E00409,C0009,P0002,2026-06-01,3674.0,2500.0
E00410,C0005,P0457,2025-06-01,15.25,100.0
E00410,C0005,P0457,2025-07-01,43.47,100.0
E00410,C0005,P0457,2025-08-01,66.17,100.0
E00410,C0005,P0457,2025-09-01,66.69,100.0
E00410,C0005,P0457,2025-10-01,70.71,100.0
E00410,C0005,P0457,2025-11-01,86.22,100.0
E00410,C0005,P0457,2025-12-01,78.45,100.0
E00410,C0005,P0457,2026-01-01,84.13,100.0
E00410,C0005,P0457,2026-02-01,91.11,100.0
E00410,C0005,P0457,2026-03-01,98.22,100.0
E00411,C0052,P0182,2025-06-01,502.0,2500.0
E00411,C0052,P0182,2025-07-01,965.0,2500.0
E00411,C0052,P0182,2025-08-01,1553.5,2500.0
E00411,C0052,P0182,2025-09-01,2426.75,2500.0
E00411,C0052,P0182,2025-10-01,2072.75,2500.0
E00411,C0052,P0182,2025-11-01,2546.25,2500.0
E00412,C0090,P0005,2025-11-01,12.48,50.0
E00412,C0090,P0005,2025-12-01,19.35,50.0
E00412,C0090,P0005,2026-01-01,32.88,50.0
E00412,C0090,P0005,2026-02-01,45.36,50.0
E00412,C0090,P0005,2026-03-01,39.23,50.0
E00412,C0090,P0005,2026-04-01,38.84,50.0
E00412,C0090,P0005,2026-05-01,44.81,50.0
E00412,C0090,P0005,2026-06-01,41.33,50.0
E00412,C0090,P0005,2026-07-01,27.27,50.0
E00412,C0090,P0005,2026-08-01,14.97,50.0
E00413,C0030,P0461,2025-06-01,11.07,50.0
E00413,C0030,P0461,2025-07-01,18.57,50.0
E00413,C0030,P0461,2025-08-01,27.28,50.0
E00413,C0030,P0461,2025-09-01,42.5,50.0
E00413,C0030,P0461,2025-10-01,38.9,50.0
E00413,C0030,P0461,2025-11-01,38.81,50.0
E00413,C0030,P0461,2025-12-01,42.59,50.0
E00413,C0030,P0461,2026-01-01,45.67,50.0
E00413,C0030,P0461,2026-02-01,32.02,50.0
E00414,C0059,P0337,2025-07-01,28.91,40.0
E00414,C0059,P0337,2025-08-01,59.51,40.0
E00414,C0059,P0337,2025-09-01,58.62,40.0
E00414,C0059,P0337,2025-10-01,55.38,40.0
E00414,C0059,P0337,2025-11-01,57.77,40.0
E00414,C0059,P0337,2025-12-01,55.88,40.0
E00414,C0059,P0337,2026-01-01,56.67,40.0
E00414,C0059,P0337,2026-02-01,61.71,40.0
E00414,C0059,P0337,2026-03-01,57.19,40.0
E00414,C0059,P0337,2026-04-01,54.98,40.0
E00414,C0059,P0337,2026-05-01,55.96,40.0
E00414,C0059,P0337,2026-06-01,61.53,40.0
E00415,C0085,P0220,2025-06-01,396.8,
E00415,C0085,P0220,2025-07-01,709.4,
E00415,C0085,P0220,2025-08-01,1225.0,
E00415,C0085,P0220,2025-09-01,1560.4,
E00415,C0085,P0220,2025-10-01,1519.4,
E00415,C0085,P0220,2025-11-01,1380.4,
E00415,C0085,P0220,2025-12-01,1182.6,
E00415,C0085,P0220,2026-01-01,1192.8,
E00415,C0085,P0220,2026-02-01,1749.8,
E00415,C0085,P0220,2026-03-01,1828.4,
E00415,C0085,P0220,2026-04-01,1724.6,
E00415,C0085,P0220,2026-05-01,1373.4,
E00416,C0090,P0337,2025-06-01,37.57,250.0
E00416,C0090,P0337,2025-07-01,106.95,250.0
E00416,C0090,P0337,2025-08-01,129.9,250.0
E00416,C0090,P0337,2025-09-01,194.38,250.0
E00416,C0090,P0337,2025-10-01,189.57,250.0
E00416,C0090,P0337,2025-11-01,159.8,250.0
E00416,C0090,P0337,2025-12-01,207.68,250.0
E00416,C0090,P0337,2026-01-01,214.12,250.0
E00416,C0090,P0337,2026-02-01,163.23,250.0
E00416,C0090,P0337,2026-03-01,186.53,250.0
E00417,C0084,P0453,2025-06-01,409.0,2000.0
E00417,C0084,P0453,2025-07-01,820.4,2000.0
E00417,C0084,P0453,2025-08-01,1582.8,2000.0
E00417,C0084,P0453,2025-09-01,1765.2,2000.0
E00417,C0084,P0453,2025-10-01,1149.2,2000.0
E00417,C0084,P0453,2025-11-01,1589.8,2000.0
E00417,C0084,P0453,2025-12-01,1496.6,2000.0
E00417,C0084,P0453,2026-01-01,1883.0,2000.0
E00417,C0084,P0453,2026-02-01,1753.4,2000.0
E00417,C0084,P0453,2026-03-01,1347.2,2000.0
E00417,C0084,P0453,2026-04-01,1522.2,2000.0
E00418,C0076,P0216,2025-06-01,8.29,40.0
E00418,C0076,P0216,2025-07-01,17.04,40.0
E00418,C0076,P0216,2025-08-01,20.07,40.0
E00418,C0076,P0216,2025-09-01,37.93,40.0
E00418,C0076,P0216,2025-10-01,30.8,40.0
E00418,C0076,P0216,2025-11-01,33.07,40.0
E00418,C0076,P0216,2025-12-01,28.66,40.0
E00418,C0076,P0216,2026-01-01,32.5,40.0
E00418,C0076,P0216,2026-02-01,29.48,40.0
E00418,C0076,P0216,2026-03-01,37.42,40.0
E00419,C0024,P0492,2025-06-01,65.04,400.0
E00419,C0024,P0492,2025-07-01,113.52,400.0
E00419,C0024,P0492,2025-08-01,273.24,400.0
E00419,C0024,P0492,2025-09-01,400.68,400.0
E00419,C0024,P0492,2025-10-01,275.4,400.0
E00419,C0024,P0492,2025-11-01,378.88,400.0
E00419,C0024,P0492,2025-12-01,239.32,400.0
E00419,C0024,P0492,2026-01-01,338.84,400.0
E00420,C0039,P0366,2025-07-01,928.5,5000.0
E00420,C0039,P0366,2025-08-01,1511.0,5000.0
E00420,C0039,P0366,2025-09-01,2426.0,5000.0
E00420,C0039,P0366,2025-10-01,3100.0,5000.0
E00420,C0039,P0366,2025-11-01,4051.0,5000.0
E00420,C0039,P0366,2025-12-01,3048.0,5000.0
E00420,C0039,P0366,2026-01-01,3734.0,5000.0
E00420,C0039,P0366,2026-02-01,3989.5,5000.0
E00420,C0039,P0366,2026-03-01,4100.5,5000.0
E00420,C0039,P0366,2026-04-01,4328.5,5000.0
E00420,C0039,P0366,2026-05-01,3039.0,5000.0
E00420,C0039,P0366,2026-06-01,4641.5,5000.0
E00422,C0054,P0007,2025-06-01,18.09,100.0
E00422,C0054,P0007,2025-07-01,41.18,100.0
E00422,C0054,P0007,2025-08-01,57.13,100.0
E00422,C0054,P0007,2025-09-01,78.73,100.0
E00422,C0054,P0007,2025-10-01,74.05,100.0
E00422,C0054,P0007,2025-11-01,100.5,100.0
E00422,C0054,P0007,2025-12-01,79.78,100.0
E00422,C0054,P0007,2026-01-01,89.33,100.0
E00423,C0060,P0378,2025-06-01,184.3,1000.0
E00423,C0060,P0378,2025-07-01,334.3,1000.0
E00423,C0060,P0378,2025-08-01,595.1,1000.0
E00423,C0060,P0378,2025-09-01,843.0,1000.0
E00423,C0060,P0378,2025-10-01,1030.6,1000.0
E00423,C0060,P0378,2025-11-01,893.6,1000.0
E00423,C0060,P0378,2025-12-01,849.6,1000.0
E00423,C0060,P0378,2026-01-01,1036.5,1000.0
E00423,C0060,P0378,2026-02-01,783.9,1000.0
E00423,C0060,P0378,2026-03-01,874.1,1000.0
E00423,C0060,P0378,2026-04-01,773.7,1000.0
E00424,C0082,P0390,2025-06-01,1569.0,2500.0
E00424,C0082,P0390,2025-07-01,3706.0,2500.0
E00424,C0082,P0390,2025-08-01,3510.25,2500.0
E00424,C0082,P0390,2025-09-01,3983.25,2500.0
E00424,C0082,P0390,2025-10-01,3893.25,2500.0
E00424,C0082,P0390,2025-11-01,3279.5,2500.0
E00424,C0082,P0390,2025-12-01,3632.25,2500.0
E00424,C0082,P0390,2026-01-01,3733.0,2500.0
E00424,C0082,P0390,2026-02-01,3422.0,2500.0
E00424,C0082,P0390,2026-03-01,3363.75,2500.0
E00425,C0003,P0393,2025-06-01,12.26,50.0
E00425,C0003,P0393,2025-07-01,20.94,50.0
E00425,C0003,P0393,2025-08-01,27.38,50.0
E00425,C0003,P0393,2025-09-01,36.09,50.0
E00425,C0003,P0393,2025-10-01,33.27,50.0
E00425,C0003,P0393,2025-11-01,40.52,50.0
E00425,C0003,P0393,2025-12-01,39.46,50.0
E00425,C0003,P0393,2026-01-01,27.52,50.0
E00426,C0023,P0220,2025-11-01,36.84,200.0
E00426,C0023,P0220,2025-12-01,89.66,200.0
E00426,C0023,P0220,2026-01-01,86.4,200.0
E00426,C0023,P0220,2026-02-01,181.12,200.0
E00426,C0023,P0220,2026-03-01,167.56,200.0
E00426,C0023,P0220,2026-04-01,135.0,200.0
E00426,C0023,P0220,2026-05-01,127.48,200.0
E00426,C0023,P0220,2026-06-01,154.64,200.0
E00426,C0023,P0220,2026-07-01,160.68,200.0
E00426,C0023,P0220,2026-08-01,72.42,200.0
E00428,C0020,P0099,2025-06-01,327.0,2000.0
E00428,C0020,P0099,2025-07-01,809.4,2000.0
E00428,C0020,P0099,2025-08-01,1142.2,2000.0
E00428,C0020,P0099,2025-09-01,1520.0,2000.0
E00428,C0020,P0099,2025-10-01,1981.2,2000.0
E00428,C0020,P0099,2025-11-01,1812.8,2000.0
E00428,C0020,P0099,2025-12-01,1987.8,2000.0
E00428,C0020,P0099,2026-01-01,1597.6,2000.0
E00429,C0014,P0027,2025-09-01,200.0,1000.0
E00429,C0014,P0027,2025-10-01,356.2,1000.0
E00429,C0014,P0027,2025-11-01,751.8,1000.0
E00429,C0014,P0027,2025-12-01,863.1,1000.0
E00429,C0014,P0027,2026-01-01,812.0,1000.0
E00429,C0014,P0027,2026-02-01,740.1,1000.0
E00429,C0014,P0027,2026-03-01,925.9,1000.0
E00429,C0014,P0027,2026-04-01,567.1,1000.0
E00429,C0014,P0027,2026-05-01,792.6,1000.0
E00429,C0014,P0027,2026-06-01,904.6,1000.0
E00429,C0014,P0027,2026-07-01,857.2,1000.0
E00429,C0014,P0027,2026-08-01,284.04,1000.0
E00430,C0079,P0219,2025-06-01,239.4,1000.0
E00430,C0079,P0219,2025-07-01,381.0,1000.0
E00430,C0079,P0219,2025-08-01,527.1,1000.0
E00430,C0079,P0219,2025-09-01,756.6,1000.0
E00430,C0079,P0219,2025-10-01,849.4,1000.0
E00430,C0079,P0219,2025-11-01,787.3,1000.0
E00430,C0079,P0219,2025-12-01,752.1,1000.0
E00430,C0079,P0219,2026-01-01,633.4,1000.0
E00430,C0079,P0219,2026-02-01,707.7,1000.0
E00430,C0079,P0219,2026-03-01,958.2,1000.0
E00431,C0072,P0138,2025-06-01,6.17,40.0
E00431,C0072,P0138,2025-07-01,13.36,40.0
E00431,C0072,P0138,2025-08-01,16.38,40.0
E00431,C0072,P0138,2025-09-01,27.66,40.0
E00431,C0072,P0138,2025-10-01,38.58,40.0
E00431,C0072,P0138,2025-11-01,30.74,40.0
E00431,C0072,P0138,2025-12-01,24.11,40.0
E00431,C0072,P0138,2026-01-01,27.48,40.0
E00431,C0072,P0138,2026-02-01,38.76,40.0
E00431,C0072,P0138,2026-03-01,29.82,40.0
E00431,C0072,P0138,2026-04-01,27.8,40.0
E00431,C0072,P0138,2026-05-01,32.17,40.0
E00432,C0020,P0459,2025-06-01,172.3,1000.0
E00432,C0020,P0459,2025-07-01,364.1,1000.0
E00432,C0020,P0459,2025-08-01,575.3,1000.0
E00432,C0020,P0459,2025-09-01,595.0,1000.0
E00432,C0020,P0459,2025-10-01,1049.1,1000.0
E00432,C0020,P0459,2025-11-01,657.1,1000.0
E00432,C0020,P0459,2025-12-01,580.9,1000.0
E00432,C0020,P0459,2026-01-01,710.6,1000.0
E00432,C0020,P0459,2026-02-01,784.3,1000.0
E00432,C0020,P0459,2026-03-01,717.4,1000.0
E00432,C0020,P0459,2026-04-01,727.8,1000.0
E00433,C0020,P0165,2025-06-01,3.42,20.0
E00433,C0020,P0165,2025-07-01,10.19,20.0
E00433,C0020,P0165,2025-08-01,13.65,20.0
E00433,C0020,P0165,2025-09-01,16.12,20.0
E00433,C0020,P0165,2025-10-01,12.3,20.0
E00433,C0020,P0165,2025-11-01,16.88,20.0
E00434,C0091,P0130,2025-06-01,53.65,250.0
E00434,C0091,P0130,2025-07-01,79.42,250.0
E00434,C0091,P0130,2025-08-01,110.17,250.0
E00434,C0091,P0130,2025-09-01,198.75,250.0
E00434,C0091,P0130,2025-10-01,227.8,250.0
E00434,C0091,P0130,2025-11-01,206.1,250.0
E00434,C0091,P0130,2025-12-01,179.1,250.0
E00434,C0091,P0130,2026-01-01,223.97,250.0
E00434,C0091,P0130,2026-02-01,170.97,250.0
E00434,C0091,P0130,2026-03-01,196.38,250.0
E00435,C0091,P0007,2025-06-01,7.8,50.0
E00435,C0091,P0007,2025-07-01,21.44,50.0
E00435,C0091,P0007,2025-08-01,36.47,50.0
E00435,C0091,P0007,2025-09-01,38.93,50.0
E00435,C0091,P0007,2025-10-01,46.42,50.0
E00435,C0091,P0007,2025-11-01,36.81,50.0
E00435,C0091,P0007,2025-12-01,46.81,50.0
E00435,C0091,P0007,2026-01-01,27.71,50.0
E00435,C0091,P0007,2026-02-01,47.74,50.0
E00435,C0091,P0007,2026-03-01,31.04,50.0
E00436,C0095,P0302,2025-11-01,456.6,2000.0
E00436,C0095,P0302,2025-12-01,561.2,2000.0
E00436,C0095,P0302,2026-01-01,794.0,2000.0
E00436,C0095,P0302,2026-02-01,1727.0,2000.0
E00436,C0095,P0302,2026-03-01,1866.2,2000.0
E00436,C0095,P0302,2026-04-01,1527.6,2000.0
E00436,C0095,P0302,2026-05-01,1771.2,2000.0
E00436,C0095,P0302,2026-06-01,1775.8,2000.0
E00436,C0095,P0302,2026-07-01,1899.0,2000.0
E00436,C0095,P0302,2026-08-01,638.32,2000.0
E00437,C0014,P0045,2025-06-01,17.25,100.0
E00437,C0014,P0045,2025-07-01,50.31,100.0
E00437,C0014,P0045,2025-08-01,75.25,100.0
E00437,C0014,P0045,2025-09-01,76.28,100.0
E00437,C0014,P0045,2025-10-01,69.3,100.0
E00437,C0014,P0045,2025-11-01,65.97,100.0
E00437,C0014,P0045,2025-12-01,64.24,100.0
E00437,C0014,P0045,2026-01-01,83.08,100.0
E00437,C0014,P0045,2026-02-01,72.61,100.0
E00437,C0014,P0045,2026-03-01,102.84,100.0
E00438,C0091,P0496,2025-11-01,11.55,50.0
E00438,C0091,P0496,2025-12-01,20.3,50.0
E00438,C0091,P0496,2026-01-01,34.12,50.0
E00438,C0091,P0496,2026-02-01,37.15,50.0
E00438,C0091,P0496,2026-03-01,49.96,50.0
E00438,C0091,P0496,2026-04-01,36.53,50.0
E00438,C0091,P0496,2026-05-01,31.24,50.0
E00438,C0091,P0496,2026-06-01,45.34,50.0
E00438,C0091,P0496,2026-07-01,33.99,50.0
E00438,C0091,P0496,2026-08-01,18.8,50.0
E00439,C0045,P0280,2025-07-01,79.84,100.0
E00439,C0045,P0280,2025-08-01,123.31,100.0
E00439,C0045,P0280,2025-09-01,147.47,100.0
E00439,C0045,P0280,2025-10-01,139.99,100.0
E00439,C0045,P0280,2025-11-01,144.35,100.0
E00439,C0045,P0280,2025-12-01,124.61,100.0
E00439,C0045,P0280,2026-01-01,135.91,100.0
E00439,C0045,P0280,2026-02-01,145.33,100.0
E00439,C0045,P0280,2026-03-01,149.27,100.0
E00439,C0045,P0280,2026-04-01,124.62,100.0
E00439,C0045,P0280,2026-05-01,126.3,100.0
E00439,C0045,P0280,2026-06-01,154.67,100.0
E00440,C0090,P0079,2025-07-01,26.27,100.0
E00440,C0090,P0079,2025-08-01,39.99,100.0
E00440,C0090,P0079,2025-09-01,43.05,100.0
E00440,C0090,P0079,2025-10-01,91.52,100.0
E00440,C0090,P0079,2025-11-01,61.8,100.0
E00440,C0090,P0079,2025-12-01,71.55,100.0
E00440,C0090,P0079,2026-01-01,63.63,100.0
E00440,C0090,P0079,2026-02-01,54.44,100.0
E00440,C0090,P0079,2026-03-01,77.24,100.0
E00440,C0090,P0079,2026-04-01,77.05,100.0
E00440,C0090,P0079,2026-05-01,77.47,100.0
E00440,C0090,P0079,2026-06-01,78.75,100.0
E00441,C0054,P0389,2025-06-01,159.5,1000.0
E00441,C0054,P0389,2025-07-01,334.5,1000.0
E00441,C0054,P0389,2025-08-01,409.8,1000.0
E00441,C0054,P0389,2025-09-01,868.7,1000.0
E00441,C0054,P0389,2025-10-01,710.0,1000.0
E00441,C0054,P0389,2025-11-01,708.1,1000.0
E00441,C0054,P0389,2025-12-01,580.3,1000.0
E00441,C0054,P0389,2026-01-01,618.6,1000.0
E00441,C0054,P0389,2026-02-01,743.7,1000.0
E00441,C0054,P0389,2026-03-01,1022.3,1000.0
E00441,C0054,P0389,2026-04-01,760.1,1000.0
E00441,C0054,P0389,2026-05-01,665.8,1000.0
E00442,C0027,P0035,2025-07-01,39.1,250.0
E00442,C0027,P0035,2025-08-01,100.83,250.0
E00442,C0027,P0035,2025-09-01,193.03,250.0
E00442,C0027,P0035,2025-10-01,174.15,250.0
E00442,C0027,P0035,2025-11-01,239.62,250.0
E00442,C0027,P0035,2025-12-01,182.32,250.0
E00442,C0027,P0035,2026-01-01,246.4,250.0
E00442,C0027,P0035,2026-02-01,190.5,250.0
E00442,C0027,P0035,2026-03-01,223.65,250.0
E00442,C0027,P0035,2026-04-01,240.47,250.0
E00442,C0027,P0035,2026-05-01,167.67,250.0
E00442,C0027,P0035,2026-06-01,147.35,250.0
E00443,C0075,P0141,2025-08-01,4.71,20.0
E00443,C0075,P0141,2025-09-01,7.62,20.0
E00443,C0075,P0141,2025-10-01,11.56,20.0
E00443,C0075,P0141,2025-11-01,16.63,20.0
E00443,C0075,P0141,2025-12-01,13.44,20.0
E00443,C0075,P0141,2026-01-01,11.68,20.0
E00443,C0075,P0141,2026-02-01,13.32,20.0
E00443,C0075,P0141,2026-03-01,13.3,20.0
E00443,C0075,P0141,2026-04-01,15.62,20.0
E00443,C0075,P0141,2026-05-01,12.55,20.0
E00443,C0075,P0141,2026-06-01,16.06,20.0
E00443,C0075,P0141,2026-07-01,14.93,20.0
E00444,C0096,P0356,2025-09-01,3.85,20.0
E00444,C0096,P0356,2025-10-01,6.62,20.0
E00444,C0096,P0356,2025-11-01,13.64,20.0
E00444,C0096,P0356,2025-12-01,16.42,20.0
E00444,C0096,P0356,2026-01-01,16.17,20.0
E00444,C0096,P0356,2026-02-01,14.6,20.0
E00444,C0096,P0356,2026-03-01,14.0,20.0
E00444,C0096,P0356,2026-04-01,18.77,20.0
E00444,C0096,P0356,2026-05-01,10.61,20.0
E00444,C0096,P0356,2026-06-01,11.62,20.0
E00444,C0096,P0356,2026-07-01,20.85,20.0
E00444,C0096,P0356,2026-08-01,6.89,20.0
E00445,C0014,P0446,2025-06-01,462.75,2500.0
E00445,C0014,P0446,2025-07-01,1134.5,2500.0
E00445,C0014,P0446,2025-08-01,1405.5,2500.0
E00445,C0014,P0446,2025-09-01,2081.75,2500.0
E00445,C0014,P0446,2025-10-01,1929.75,2500.0
E00445,C0014,P0446,2025-11-01,2154.0,2500.0
E00445,C0014,P0446,2025-12-01,1992.75,2500.0
E00445,C0014,P0446,2026-01-01,2183.5,2500.0
E00445,C0014,P0446,2026-02-01,1297.0,2500.0
E00445,C0014,P0446,2026-03-01,1374.25,2500.0
E00445,C0014,P0446,2026-04-01,1938.25,2500.0
E00445,C0014,P0446,2026-05-01,1835.75,2500.0
E00446,C0033,P0200,2025-08-01,2088.0,10000.0
E00446,C0033,P0200,2025-09-01,3351.0,10000.0
E00446,C0033,P0200,2025-10-01,5920.0,10000.0
E00446,C0033,P0200,2025-11-01,7535.0,10000.0
E00446,C0033,P0200,2025-12-01,5251.0,10000.0
E00446,C0033,P0200,2026-01-01,6772.0,10000.0
E00446,C0033,P0200,2026-02-01,6424.0,10000.0
E00446,C0033,P0200,2026-03-01,8967.0,10000.0
E00446,C0033,P0200,2026-04-01,6078.0,10000.0
E00446,C0033,P0200,2026-05-01,5438.0,10000.0
E00446,C0033,P0200,2026-06-01,7566.0,10000.0
E00446,C0033,P0200,2026-07-01,5505.0,10000.0
E00447,C0019,P0293,2025-06-01,20.17,100.0
E00447,C0019,P0293,2025-07-01,51.36,100.0
E00447,C0019,P0293,2025-08-01,59.96,100.0
E00447,C0019,P0293,2025-09-01,93.16,100.0
E00447,C0019,P0293,2025-10-01,64.99,100.0
E00447,C0019,P0293,2025-11-01,58.17,100.0
E00447,C0019,P0293,2025-12-01,59.43,100.0
E00447,C0019,P0293,2026-01-01,80.0,100.0
E00447,C0019,P0293,2026-02-01,82.34,100.0
E00448,C0038,P0369,2025-06-01,2177.0,10000.0
E00448,C0038,P0369,2025-07-01,3525.0,10000.0
E00448,C0038,P0369,2025-08-01,5675.0,10000.0
E00448,C0038,P0369,2025-09-01,10364.0,10000.0
E00448,C0038,P0369,2025-10-01,8999.0,10000.0
E00448,C0038,P0369,2025-11-01,7157.0,10000.0
E00449,C0086,P0283,2025-06-01,987.75,250.0
E00449,C0086,P0283,2025-07-01,984.39,250.0
E00449,C0086,P0283,2025-08-01,967.67,250.0
E00449,C0086,P0283,2025-09-01,3.28,250.0
E00450,C0027,P0328,2025-06-01,38.46,200.0
E00450,C0027,P0328,2025-07-01,57.66,200.0
E00450,C0027,P0328,2025-08-01,98.36,200.0
E00450,C0027,P0328,2025-09-01,194.7,200.0
E00450,C0027,P0328,2025-10-01,105.96,200.0
E00450,C0027,P0328,2025-11-01,126.12,200.0
E00451,C0038,P0405,2025-06-01,9.53,50.0
E00451,C0038,P0405,2025-07-01,19.8,50.0
E00451,C0038,P0405,2025-08-01,30.03,50.0
E00451,C0038,P0405,2025-09-01,36.88,50.0
E00451,C0038,P0405,2025-10-01,43.48,50.0
E00451,C0038,P0405,2025-11-01,42.24,50.0
E00451,C0038,P0405,2025-12-01,44.88,50.0
E00451,C0038,P0405,2026-01-01,37.82,50.0
E00451,C0038,P0405,2026-02-01,44.29,50.0
E00451,C0038,P0405,2026-03-01,32.05,50.0
E00452,C0018,P0001,2025-06-01,71.2,400.0
E00452,C0018,P0001,2025-07-01,125.96,400.0
E00452,C0018,P0001,2025-08-01,255.16,400.0
E00452,C0018,P0001,2025-09-01,347.88,400.0
E00452,C0018,P0001,2025-10-01,352.72,400.0
E00452,C0018,P0001,2025-11-01,283.4,400.0
E00452,C0018,P0001,2025-12-01,246.36,400.0
E00452,C0018,P0001,2026-01-01,267.12,400.0
E00452,C0018,P0001,2026-02-01,307.24,400.0
E00453,C0028,P0362,2025-06-01,1500.0,2000.0
E00453,C0028,P0362,2025-07-01,2481.6,2000.0
E00453,C0028,P0362,2025-08-01,3126.4,2000.0
E00453,C0028,P0362,2025-09-01,3164.4,2000.0
E00453,C0028,P0362,2025-10-01,2518.8,2000.0
E00453,C0028,P0362,2025-11-01,2788.0,2000.0
E00453,C0028,P0362,2025-12-01,3162.0,2000.0
E00453,C0028,P0362,2026-01-01,2788.0,2000.0
E00453,C0028,P0362,2026-02-01,2856.8,2000.0
E00453,C0028,P0362,2026-03-01,2598.6,2000.0
E00453,C0028,P0362,2026-04-01,3064.8,2000.0
E00454,C0059,P0030,2025-06-01,188.1,250.0
E00454,C0059,P0030,2025-07-01,343.7,250.0
E00454,C0059,P0030,2025-08-01,321.1,250.0
E00454,C0059,P0030,2025-09-01,368.9,250.0
E00454,C0059,P0030,2025-10-01,351.55,250.0
E00454,C0059,P0030,2025-11-01,359.1,250.0
E00454,C0059,P0030,2025-12-01,328.9,250.0
E00454,C0059,P0030,2026-01-01,356.85,250.0
E00454,C0059,P0030,2026-02-01,311.4,250.0
E00454,C0059,P0030,2026-03-01,361.05,250.0
E00454,C0059,P0030,2026-04-01,380.7,250.0
E00454,C0059,P0030,2026-05-01,306.7,250.0
E00455,C0071,P0498,2025-06-01,964.51,250.0
E00455,C0071,P0498,2025-07-01,852.82,250.0
E00455,C0071,P0498,2025-08-01,976.68,250.0
E00455,C0071,P0498,2025-10-01,1.05,250.0
E00455,C0071,P0498,2026-02-01,6.33,250.0
E00456,C0083,P0353,2025-09-01,155.28,250.0
E00456,C0083,P0353,2025-10-01,341.08,250.0
E00456,C0083,P0353,2025-11-01,384.1,250.0
E00456,C0083,P0353,2025-12-01,366.07,250.0
E00456,C0083,P0353,2026-01-01,365.93,250.0
E00456,C0083,P0353,2026-02-01,363.07,250.0
E00456,C0083,P0353,2026-03-01,366.05,250.0
E00456,C0083,P0353,2026-04-01,325.95,250.0
E00456,C0083,P0353,2026-05-01,384.95,250.0
E00456,C0083,P0353,2026-06-01,390.2,250.0
E00456,C0083,P0353,2026-07-01,354.57,250.0
E00456,C0083,P0353,2026-08-01,158.93,250.0
E00457,C0072,P0113,2025-06-01,60.48,400.0
E00457,C0072,P0113,2025-07-01,174.96,400.0
E00457,C0072,P0113,2025-08-01,234.16,400.0
E00457,C0072,P0113,2025-09-01,388.64,400.0
E00457,C0072,P0113,2025-10-01,409.76,400.0
E00457,C0072,P0113,2025-11-01,247.48,400.0
E00457,C0072,P0113,2025-12-01,267.68,400.0
E00457,C0072,P0113,2026-01-01,318.68,400.0
E00457,C0072,P0113,2026-02-01,294.16,400.0
E00457,C0072,P0113,2026-03-01,267.76,400.0
E00458,C0064,P0119,2025-09-01,1584.0,10000.0
E00458,C0064,P0119,2025-10-01,3432.0,10000.0
E00458,C0064,P0119,2025-11-01,5304.0,10000.0
E00458,C0064,P0119,2025-12-01,7282.0,10000.0
E00458,C0064,P0119,2026-01-01,9152.0,10000.0
E00458,C0064,P0119,2026-02-01,7894.0,10000.0
E00458,C0064,P0119,2026-03-01,10778.0,10000.0
E00458,C0064,P0119,2026-04-01,8257.0,10000.0
E00458,C0064,P0119,2026-05-01,6850.0,10000.0
E00458,C0064,P0119,2026-06-01,6163.0,10000.0
E00458,C0064,P0119,2026-07-01,7063.0,10000.0
E00458,C0064,P0119,2026-08-01,3662.0,10000.0
E00461,C0024,P0091,2025-06-01,375.75,2500.0
E00461,C0024,P0091,2025-07-01,936.5,2500.0
E00461,C0024,P0091,2025-08-01,1500.0,2500.0
E00461,C0024,P0091,2025-09-01,2356.0,2500.0
E00461,C0024,P0091,2025-10-01,1946.75,2500.0
E00461,C0024,P0091,2025-11-01,2062.5,2500.0
E00462,C0003,P0219,2025-06-01,8.64,50.0
E00462,C0003,P0219,2025-07-01,19.93,50.0
E00462,C0003,P0219,2025-08-01,30.75,50.0
E00462,C0003,P0219,2025-09-01,46.13,50.0
E00462,C0003,P0219,2025-10-01,45.96,50.0
E00462,C0003,P0219,2025-11-01,38.25,50.0
E00462,C0003,P0219,2025-12-01,37.03,50.0
E00462,C0003,P0219,2026-01-01,35.95,50.0
E00462,C0003,P0219,2026-02-01,32.31,50.0
E00463,C0025,P0270,2025-10-01,312.6,2000.0
E00463,C0025,P0270,2025-11-01,785.0,2000.0
E00463,C0025,P0270,2025-12-01,1026.4,2000.0
E00463,C0025,P0270,2026-01-01,1826.6,2000.0
E00463,C0025,P0270,2026-02-01,1455.8,2000.0
E00463,C0025,P0270,2026-03-01,1631.4,2000.0
E00463,C0025,P0270,2026-04-01,1724.6,2000.0
E00463,C0025,P0270,2026-05-01,1919.4,2000.0
E00463,C0025,P0270,2026-06-01,1618.0,2000.0
E00463,C0025,P0270,2026-07-01,1213.2,2000.0
E00463,C0025,P0270,2026-08-01,634.08,2000.0
E00464,C0055,P0011,2025-06-01,18.2,25.0
E00464,C0055,P0011,2025-07-01,38.35,25.0
E00464,C0055,P0011,2025-08-01,33.76,25.0
E00464,C0055,P0011,2025-09-01,35.47,25.0
E00464,C0055,P0011,2025-10-01,37.2,25.0
E00464,C0055,P0011,2025-11-01,39.36,25.0
E00465,C0061,P0395,2025-10-01,6.86,10.0
E00465,C0061,P0395,2025-11-01,13.06,10.0
E00465,C0061,P0395,2025-12-01,14.05,10.0
E00465,C0061,P0395,2026-01-01,12.61,10.0
E00465,C0061,P0395,2026-02-01,13.78,10.0
E00465,C0061,P0395,2026-03-01,12.61,10.0
E00465,C0061,P0395,2026-04-01,13.35,10.0
E00465,C0061,P0395,2026-05-01,13.54,10.0
E00465,C0061,P0395,2026-06-01,12.64,10.0
E00465,C0061,P0395,2026-07-01,15.73,10.0
E00465,C0061,P0395,2026-08-01,5.73,10.0
E00468,C0017,P0125,2025-06-01,89.0,500.0
E00468,C0017,P0125,2025-07-01,176.5,500.0
E00468,C0017,P0125,2025-08-01,256.6,500.0
E00468,C0017,P0125,2025-09-01,507.15,500.0
E00468,C0017,P0125,2025-10-01,336.15,500.0
E00468,C0017,P0125,2025-11-01,387.5,500.0
E00468,C0017,P0125,2025-12-01,301.3,500.0
E00468,C0017,P0125,2026-01-01,457.5,500.0
E00468,C0017,P0125,2026-02-01,374.25,500.0
E00468,C0017,P0125,2026-03-01,404.25,500.0
E00470,C0047,P0468,2025-06-01,267.2,2000.0
E00470,C0047,P0468,2025-07-01,781.6,2000.0
E00470,C0047,P0468,2025-08-01,1079.2,2000.0
E00470,C0047,P0468,2025-09-01,1431.0,2000.0
E00470,C0047,P0468,2025-10-01,1752.8,2000.0
E00470,C0047,P0468,2025-11-01,1905.8,2000.0
E00470,C0047,P0468,2025-12-01,1481.6,2000.0
E00471,C0015,P0336,2025-06-01,808.8,4000.0
E00471,C0015,P0336,2025-07-01,1366.0,4000.0
E00471,C0015,P0336,2025-08-01,2235.2,4000.0
E00471,C0015,P0336,2025-09-01,2174.8,4000.0
E00471,C0015,P0336,2025-10-01,3092.8,4000.0
E00471,C0015,P0336,2025-11-01,2859.2,4000.0
E00471,C0015,P0336,2025-12-01,3209.2,4000.0
E00471,C0015,P0336,2026-01-01,3796.4,4000.0
E00471,C0015,P0336,2026-02-01,3302.0,4000.0
E00471,C0015,P0336,2026-03-01,3446.0,4000.0
E00471,C0015,P0336,2026-04-01,2863.6,4000.0
E00471,C0015,P0336,2026-05-01,3135.6,4000.0
E00472,C0075,P0367,2025-10-01,239.8,1000.0
E00472,C0075,P0367,2025-11-01,377.9,1000.0
E00472,C0075,P0367,2025-12-01,617.2,1000.0
E00472,C0075,P0367,2026-01-01,819.6,1000.0
E00472,C0075,P0367,2026-02-01,1032.1,1000.0
E00472,C0075,P0367,2026-03-01,625.8,1000.0
E00472,C0075,P0367,2026-04-01,869.0,1000.0
E00472,C0075,P0367,2026-05-01,811.8,1000.0
E00472,C0075,P0367,2026-06-01,622.2,1000.0
E00472,C0075,P0367,2026-07-01,780.8,1000.0
E00472,C0075,P0367,2026-08-01,325.72,1000.0
E00473,C0047,P0490,2025-06-01,60.64,400.0
E00473,C0047,P0490,2025-07-01,147.08,400.0
E00473,C0047,P0490,2025-08-01,237.12,400.0
E00473,C0047,P0490,2025-09-01,257.56,400.0
E00473,C0047,P0490,2025-10-01,257.44,400.0
E00473,C0047,P0490,2025-11-01,272.08,400.0
E00473,C0047,P0490,2025-12-01,313.76,400.0
E00474,C0052,P0473,2025-09-01,114.7,500.0
E00474,C0052,P0473,2025-10-01,216.35,500.0
E00474,C0052,P0473,2025-11-01,321.1,500.0
E00474,C0052,P0473,2025-12-01,355.25,500.0
E00474,C0052,P0473,2026-01-01,421.85,500.0
E00474,C0052,P0473,2026-02-01,428.3,500.0
E00474,C0052,P0473,2026-03-01,460.85,500.0
E00474,C0052,P0473,2026-04-01,381.05,500.0
E00474,C0052,P0473,2026-05-01,286.45,500.0
E00474,C0052,P0473,2026-06-01,366.05,500.0
E00474,C0052,P0473,2026-07-01,485.6,500.0
E00474,C0052,P0473,2026-08-01,175.2,500.0
E00475,C0009,P0272,2025-09-01,157.14,200.0
E00475,C0009,P0272,2025-10-01,311.14,200.0
E00475,C0009,P0272,2025-11-01,243.56,200.0
E00475,C0009,P0272,2025-12-01,249.08,200.0
E00475,C0009,P0272,2026-01-01,277.96,200.0
E00475,C0009,P0272,2026-02-01,273.8,200.0
E00475,C0009,P0272,2026-03-01,298.26,200.0
E00475,C0009,P0272,2026-04-01,258.16,200.0
E00475,C0009,P0272,2026-05-01,287.68,200.0
E00475,C0009,P0272,2026-06-01,300.22,200.0
E00475,C0009,P0272,2026-07-01,284.42,200.0
E00475,C0009,P0272,2026-08-01,108.64,200.0
E00476,C0032,P0342,2025-10-01,691.2,4000.0
E00476,C0032,P0342,2025-11-01,1966.4,4000.0
E00476,C0032,P0342,2025-12-01,1950.4,4000.0
E00476,C0032,P0342,2026-01-01,2944.0,4000.0
E00476,C0032,P0342,2026-02-01,2497.6,4000.0
E00476,C0032,P0342,2026-03-01,2548.8,4000.0
E00476,C0032,P0342,2026-04-01,3496.0,4000.0
E00476,C0032,P0342,2026-05-01,3216.8,4000.0
E00476,C0032,P0342,2026-06-01,2376.4,4000.0
E00476,C0032,P0342,2026-07-01,4240.4,4000.0
E00476,C0032,P0342,2026-08-01,1251.2,4000.0
E00477,C0055,P0139,2025-06-01,3903.0,5000.0
E00477,C0055,P0139,2025-07-01,7723.0,5000.0
E00477,C0055,P0139,2025-08-01,7227.0,5000.0
E00477,C0055,P0139,2025-09-01,6862.5,5000.0
E00477,C0055,P0139,2025-10-01,6821.0,5000.0
E00477,C0055,P0139,2025-11-01,6653.5,5000.0
E00477,C0055,P0139,2025-12-01,6871.5,5000.0
E00477,C0055,P0139,2026-01-01,6323.5,5000.0
E00477,C0055,P0139,2026-02-01,7640.5,5000.0
E00477,C0055,P0139,2026-03-01,7863.0,5000.0
E00478,C0074,P0442,2025-06-01,9.85,50.0
E00478,C0074,P0442,2025-07-01,18.96,50.0
E00478,C0074,P0442,2025-08-01,25.38,50.0
E00478,C0074,P0442,2025-09-01,43.04,50.0
E00478,C0074,P0442,2025-10-01,49.49,50.0
E00478,C0074,P0442,2025-11-01,33.43,50.0
E00478,C0074,P0442,2025-12-01,39.74,50.0
E00478,C0074,P0442,2026-01-01,37.15,50.0
E00478,C0074,P0442,2026-02-01,33.52,50.0
E00478,C0074,P0442,2026-03-01,32.61,50.0
E00479,C0054,P0229,2025-06-01,1110.5,5000.0
E00479,C0054,P0229,2025-07-01,1681.0,5000.0
E00479,C0054,P0229,2025-08-01,2487.5,5000.0
E00479,C0054,P0229,2025-09-01,3870.0,5000.0
E00479,C0054,P0229,2025-10-01,3939.0,5000.0
E00479,C0054,P0229,2025-11-01,4527.5,5000.0
E00479,C0054,P0229,2025-12-01,3982.5,5000.0
E00479,C0054,P0229,2026-01-01,2953.5,5000.0
E80001,C0006,P0276,2025-09-01,213.6,1000.0
E80001,C0006,P0276,2025-10-01,465.7,1000.0
E80001,C0006,P0276,2025-11-01,587.0,1000.0
E80001,C0006,P0276,2025-12-01,611.3,1000.0
E80001,C0006,P0276,2026-01-01,535.2,1000.0
E80001,C0006,P0276,2026-02-01,586.4,1000.0
E80001,C0006,P0276,2026-03-01,828.7,1000.0
E80001,C0006,P0276,2026-04-01,1015.7,1000.0
E80001,C0006,P0276,2026-05-01,819.3,1000.0
E80001,C0006,P0276,2026-06-01,915.7,1000.0
E80001,C0006,P0276,2026-07-01,807.3,1000.0
E80001,C0006,P0276,2026-08-01,370.68,1000.0
E80002,C0076,P0445,2025-09-01,6.55,40.0
E80002,C0076,P0445,2025-10-01,18.77,40.0
E80002,C0076,P0445,2025-11-01,23.6,40.0
E80002,C0076,P0445,2025-12-01,23.36,40.0
E80002,C0076,P0445,2026-01-01,35.77,40.0
E80002,C0076,P0445,2026-02-01,32.77,40.0
E80002,C0076,P0445,2026-03-01,41.29,40.0
E80002,C0076,P0445,2026-04-01,24.78,40.0
E80002,C0076,P0445,2026-05-01,37.04,40.0
E80002,C0076,P0445,2026-06-01,37.43,40.0
E80002,C0076,P0445,2026-07-01,26.78,40.0
E80002,C0076,P0445,2026-08-01,9.19,40.0
E80003,C0038,P0331,2025-08-01,388.25,2500.0
E80003,C0038,P0331,2025-09-01,1195.25,2500.0
E80003,C0038,P0331,2025-10-01,1321.25,2500.0
E80003,C0038,P0331,2025-11-01,2254.5,2500.0
E80003,C0038,P0331,2025-12-01,2280.0,2500.0
E80003,C0038,P0331,2026-01-01,1818.0,2500.0
E80003,C0038,P0331,2026-02-01,1996.5,2500.0
E80003,C0038,P0331,2026-03-01,2677.75,2500.0
E80003,C0038,P0331,2026-04-01,1468.5,2500.0
E80003,C0038,P0331,2026-05-01,2209.75,2500.0
E80003,C0038,P0331,2026-06-01,1613.75,2500.0
E80003,C0038,P0331,2026-07-01,1875.0,2500.0
E80003,C0038,P0331,2026-08-01,877.5,2500.0
E80004,C0024,P0065,2025-07-01,8.65,50.0
E80004,C0024,P0065,2025-08-01,18.02,50.0
E80004,C0024,P0065,2025-09-01,25.99,50.0
E80004,C0024,P0065,2025-10-01,47.71,50.0
E80004,C0024,P0065,2025-11-01,39.11,50.0
E80004,C0024,P0065,2025-12-01,29.47,50.0
E80004,C0024,P0065,2026-01-01,53.1,50.0
E80004,C0024,P0065,2026-02-01,35.38,50.0
E80004,C0024,P0065,2026-03-01,46.4,50.0
E80004,C0024,P0065,2026-04-01,43.7,50.0
E80004,C0024,P0065,2026-05-01,49.05,50.0
E80004,C0024,P0065,2026-06-01,42.45,50.0
E80004,C0024,P0065,2026-07-01,33.71,50.0
E80005,C0010,P0166,2026-01-01,21.72,100.0
E80005,C0010,P0166,2026-02-01,37.68,100.0
E80005,C0010,P0166,2026-03-01,44.88,100.0
E80005,C0010,P0166,2026-04-01,90.18,100.0
E80005,C0010,P0166,2026-05-01,92.03,100.0
E80005,C0010,P0166,2026-06-01,87.41,100.0
E80005,C0010,P0166,2026-07-01,61.22,100.0
E80005,C0010,P0166,2026-08-01,30.64,100.0
E80006,C0025,P0050,2025-11-01,49.78,200.0
E80006,C0025,P0050,2025-12-01,82.4,200.0
E80006,C0025,P0050,2026-01-01,115.84,200.0
E80006,C0025,P0050,2026-02-01,168.88,200.0
E80006,C0025,P0050,2026-03-01,178.62,200.0
E80006,C0025,P0050,2026-04-01,173.82,200.0
E80006,C0025,P0050,2026-05-01,155.06,200.0
E80006,C0025,P0050,2026-06-01,131.56,200.0
E80006,C0025,P0050,2026-07-01,121.7,200.0
E80006,C0025,P0050,2026-08-01,78.21,200.0
E80007,C0078,P0309,2025-07-01,45.28,250.0
E80007,C0078,P0309,2025-08-01,86.75,250.0
E80007,C0078,P0309,2025-09-01,141.62,250.0
E80007,C0078,P0309,2025-10-01,169.65,250.0
E80007,C0078,P0309,2025-11-01,214.65,250.0
E80007,C0078,P0309,2025-12-01,161.55,250.0
E80007,C0078,P0309,2026-01-01,199.82,250.0
E80007,C0078,P0309,2026-02-01,149.75,250.0
E80007,C0078,P0309,2026-03-01,215.35,250.0
E80007,C0078,P0309,2026-04-01,239.75,250.0
E80007,C0078,P0309,2026-05-01,198.45,250.0
E80007,C0078,P0309,2026-06-01,205.55,250.0
E80007,C0078,P0309,2026-07-01,166.15,250.0
E80008,C0044,P0104,2025-10-01,23.24,100.0
E80008,C0044,P0104,2025-11-01,40.41,100.0
E80008,C0044,P0104,2025-12-01,54.9,100.0
E80008,C0044,P0104,2026-01-01,89.66,100.0
E80008,C0044,P0104,2026-02-01,72.22,100.0
E80008,C0044,P0104,2026-03-01,76.16,100.0
E80008,C0044,P0104,2026-04-01,83.72,100.0
E80008,C0044,P0104,2026-05-01,95.37,100.0
E80008,C0044,P0104,2026-06-01,97.24,100.0
E80008,C0044,P0104,2026-07-01,89.32,100.0
E80008,C0044,P0104,2026-08-01,32.4,100.0
E90001,C0002,P0366,2025-08-01,20.19,99.06
E90001,C0002,P0366,2025-09-01,38.99,99.06
E90001,C0002,P0366,2025-10-01,70.02,99.06
E90001,C0002,P0366,2025-11-01,62.77,99.06
E90001,C0002,P0366,2025-12-01,97.03,99.06
E90001,C0002,P0366,2026-01-01,94.77,99.06
E90001,C0002,P0366,2026-02-01,98.71,99.06
E90001,C0002,P0366,2026-03-01,58.28,99.06
E90001,C0002,P0366,2026-04-01,67.63,99.06
E90001,C0002,P0366,2026-05-01,66.27,99.06
E90001,C0002,P0366,2026-06-01,71.44,99.06
E90001,C0002,P0366,2026-07-01,77.82,99.06
E90002,C0076,P0445,2025-08-01,16.51,98.91
E90002,C0076,P0445,2025-09-01,33.66,98.91
E90002,C0076,P0445,2025-10-01,61.37,98.91
E90002,C0076,P0445,2025-11-01,82.05,98.91
E90002,C0076,P0445,2025-12-01,72.5,98.91
E90002,C0076,P0445,2026-01-01,97.14,98.91
E90002,C0076,P0445,2026-02-01,71.84,98.91
E90002,C0076,P0445,2026-03-01,55.6,98.91
E90002,C0076,P0445,2026-04-01,57.41,98.91
E90002,C0076,P0445,2026-05-01,55.66,98.91
E90002,C0076,P0445,2026-06-01,61.94,98.91
E90002,C0076,P0445,2026-07-01,72.59,98.91
E90003,C0027,P0151,2026-01-01,13.89,105.09
E90003,C0027,P0151,2026-02-01,48.36,105.09
E90003,C0027,P0151,2026-03-01,80.19,105.09
E90003,C0027,P0151,2026-04-01,93.61,105.09
E90003,C0027,P0151,2026-05-01,68.5,105.09
E90003,C0027,P0151,2026-06-01,84.45,105.09
E90003,C0027,P0151,2026-07-01,67.74,105.09
E90003,C0027,P0151,2026-08-01,27.89,105.09
E90004,C0084,P0267,2025-11-01,9.15,42.73
E90004,C0084,P0267,2025-12-01,14.04,42.73
E90004,C0084,P0267,2026-01-01,30.61,42.73
E90004,C0084,P0267,2026-02-01,40.1,42.73
E90004,C0084,P0267,2026-03-01,32.3,42.73
E90004,C0084,P0267,2026-04-01,37.66,42.73
E90004,C0084,P0267,2026-05-01,26.17,42.73
E90004,C0084,P0267,2026-06-01,36.35,42.73
E90004,C0084,P0267,2026-07-01,31.98,42.73
E90004,C0084,P0267,2026-08-01,9.23,42.73
E90005,C0056,P0025,2026-02-01,402.84,1638.22
E90005,C0056,P0025,2026-03-01,669.54,1638.22
E90005,C0056,P0025,2026-04-01,962.62,1638.22
E90005,C0056,P0025,2026-05-01,1355.3,1638.22
E90005,C0056,P0025,2026-06-01,1257.01,1638.22
E90005,C0056,P0025,2026-07-01,1320.73,1638.22
E90005,C0056,P0025,2026-08-01,525.87,1638.22
E90007,C0054,P0389,2025-12-01,365.42,2421.6
E90007,C0054,P0389,2026-01-01,1070.11,2421.6
E90007,C0054,P0389,2026-02-01,1099.41,2421.6
E90007,C0054,P0389,2026-03-01,2148.69,2421.6
E90007,C0054,P0389,2026-04-01,1962.23,2421.6
E90007,C0054,P0389,2026-05-01,2179.69,2421.6
E90007,C0054,P0389,2026-06-01,2502.0,2421.6
E90007,C0054,P0389,2026-07-01,1946.97,2421.6
E90007,C0054,P0389,2026-08-01,694.03,2421.6
E90008,C0035,P0051,2026-02-01,1906.73,9415.93
E90008,C0035,P0051,2026-03-01,4033.78,9415.93
E90008,C0035,P0051,2026-04-01,4973.49,9415.93
E90008,C0035,P0051,2026-05-01,7371.73,9415.93
E90008,C0035,P0051,2026-06-01,6813.36,9415.93
E90008,C0035,P0051,2026-07-01,6404.71,9415.93
E90008,C0035,P0051,2026-08-01,2880.52,9415.93
E90010,C0087,P0347,2026-03-01,443.63,2038.75
E90010,C0087,P0347,2026-04-01,730.89,2038.75
E90010,C0087,P0347,2026-05-01,994.09,2038.75
E90010,C0087,P0347,2026-06-01,1362.49,2038.75
E90010,C0087,P0347,2026-07-01,1812.85,2038.75
E90010,C0087,P0347,2026-08-01,645.39,2038.75
E90011,C0068,P0484,2026-02-01,24.76,99.63
E90011,C0068,P0484,2026-03-01,39.66,99.63
E90011,C0068,P0484,2026-04-01,52.26,99.63
E90011,C0068,P0484,2026-05-01,72.7,99.63
E90011,C0068,P0484,2026-06-01,66.01,99.63
E90011,C0068,P0484,2026-07-01,72.84,99.63
E90011,C0068,P0484,2026-08-01,30.93,99.63
E00078,C0023,P0003,2025-08-01,4554.0,10000.0
E00021,C0067,P0181,2026-05-01,1610.75,2500.0
E00167,C0061,P0363,2026-04-01,3874.0,2500.0
E00222,C0094,P0199,2026-05-01,156.7,100.0
E00054,C0052,P0040,2026-02-01,72.38,100.0
E00019,C0093,P0482,2026-01-01,330.7,250.0
E00214,C0009,P0071,2025-08-01,123.88,100.0
E00315,C0024,P0376,2026-06-01,9797.0,10000.0
E00221,C0047,P0042,2026-06-01,14847.5,25000.0
E00241,C0017,P0378,2025-11-01,20.26,50.0
E00190,C0084,P0267,2025-12-01,13.42,20.0
E00456,C0083,P0353,2025-12-01,366.07,250.0
E00472,C0075,P0367,2026-08-01,325.72,1000.0
E00024,C0057,P0043,2026-04-01,208.97,250.0
E00194,C0087,P0347,2026-03-01,832.7,1000.0
E00233,C0026,P0129,2026-01-01,311.48,400.0
E00300,C0039,P0313,2026-04-01,23272.5,25000.0
E00053,C0045,P0498,2026-03-01,158.34,100.0
E00273,C0055,P0123,2025-06-01,134.42,200.0
E00019,C0093,P0482,2025-06-01,160.5,250.0
E00453,C0028,P0362,2025-06-01,1500.0,2000.0
E00477,C0055,P0139,2026-03-01,7863.0,5000.0
E00027,C0025,P0102,2026-06-01,348.25,500.0
E00141,C0029,P0373,2026-05-01,7772.0,10000.0
E00142,C0019,P0461,2025-11-01,5856.0,10000.0
E00178,C0013,P0100,2025-10-01,3216.0,5000.0
E00439,C0045,P0280,2025-08-01,123.31,100.0
E00277,C0021,P0479,2026-05-01,644.4,1000.0
E00408,C0021,P0436,2025-06-01,15.15,100.0
E00035,C0083,P0145,2025-06-01,141.22,200.0
E00441,C0054,P0389,2025-08-01,409.8,1000.0
E00443,C0075,P0141,2025-09-01,7.62,20.0
E00439,C0045,P0280,2026-01-01,135.91,100.0
E00024,C0057,P0043,2026-08-01,96.6,250.0
E00474,C0052,P0473,2026-04-01,381.05,500.0
E00189,C0072,P0127,2025-12-01,363.2,500.0
E00125,C0056,P0121,2026-05-01,12.69,20.0
E00038,C0039,P0499,2026-02-01,408.8,500.0
E00201,C0027,P0334,2025-11-01,3546.4,4000.0
E00059,C0039,P0025,2026-01-01,132.9,200.0
E00038,C0039,P0499,2025-08-01,169.55,500.0
E00218,C0009,P0163,2025-12-01,13617.0,10000.0
E00385,C0019,P0037,2026-06-01,140.84,200.0
E90010,C0087,P0347,2026-04-01,730.89,2038.75
E00394,C0007,P0200,2025-06-01,3862.41,1000.0
E00282,C0007,P0049,2025-08-01,755.89,200.0
E00038,C0039,P0499,2026-06-01,297.65,500.0
E80008,C0044,P0104,2025-10-01,23.24,100.0
E00330,C0019,P0358,2025-12-01,69.2,100.0
E00129,C0079,P0040,2025-10-01,6519.0,10000.0
E00439,C0045,P0280,2026-03-01,149.27,100.0
E00211,C0088,P0016,2025-09-01,811.3,1000.0
E00153,C0032,P0030,2025-10-01,134.26,200.0
E00470,C0047,P0468,2025-07-01,781.6,2000.0
E00343,C0033,P0478,2025-11-01,105.6,500.0
E00269,C0066,P0344,2026-07-01,1532.2,1000.0
E00242,C0044,P0215,2026-08-01,1634.6,5000.0
E00265,C0069,P0059,2025-08-01,11.54,20.0
E00123,C0077,P0431,2026-03-01,148.89,100.0
E00383,C0035,P0131,2026-08-01,1160.16,4000.0
E00034,C0055,P0196,2025-12-01,681.95,500.0
E00279,C0058,P0109,2025-11-01,4246.5,5000.0
E00407,C0027,P0088,2025-07-01,1524.0,4000.0
E00172,C0041,P0181,2026-02-01,25822.5,25000.0
E00090,C0083,P0332,2026-01-01,307.65,250.0
E00348,C0017,P0217,2026-06-01,292.24,400.0
E00131,C0100,P0214,2025-10-01,3915.5,5000.0
E00041,C0082,P0259,2026-04-01,123.01,100.0
E00211,C0088,P0016,2025-11-01,694.8,1000.0
E00205,C0037,P0240,2026-07-01,7551.0,10000.0
E00191,C0098,P0321,2025-09-01,88380.19,25000.0
E00303,C0078,P0288,2025-10-01,17262.5,25000.0
E00352,C0042,P0159,2026-07-01,13.65,10.0
E00361,C0016,P0108,2025-11-01,389.1,500.0
E90007,C0054,P0389,2026-01-01,1070.11,2421.6
E00300,C0039,P0313,2025-08-01,8727.5,25000.0
E00010,C0046,P0131,2025-06-01,38.68,250.0
E00024,C0057,P0043,2025-11-01,87.67,250.0
E00100,C0044,P0117,2025-11-01,661.7,1000.0
E00471,C0015,P0336,2025-11-01,2859.2,4000.0
E00011,C0029,P0217,2025-09-01,155.28,250.0
E00237,C0058,P0117,2026-04-01,78.75,100.0
E00146,C0069,P0258,2026-06-01,73.81,100.0
E00102,C0044,P0437,2026-05-01,158.62,250.0
