feature_id,product_id,feature_name,feature_description,feature_tier,feature_value_weight
F00001,P0001,Playbook Orchestration (Cortex XSOAR),Core capability providing playbook orchestration within Cortex XSOAR — Premium.,Core,3
F00002,P0001,Alert Triage (Cortex XSOAR),Differentiator capability providing alert triage within Cortex XSOAR — Premium.,Differentiator,2
F00003,P0001,Sandboxing (Cortex XSOAR),Differentiator capability providing sandboxing within Cortex XSOAR — Premium.,Differentiator,2
F00004,P0002,Incident Timeline (Enterprise DLP),Core capability providing incident timeline within Enterprise DLP — Premium.,Core,3
F00005,P0002,Threat Hunting (Enterprise DLP),Differentiator capability providing threat hunting within Enterprise DLP — Premium.,Differentiator,2
F00006,P0002,Playbook Orchestration (Enterprise DLP),Adjacent capability providing playbook orchestration within Enterprise DLP — Premium.,Adjacent,1
F00007,P0002,Rule Optimisation (Enterprise DLP),Differentiator capability providing rule optimisation within Enterprise DLP — Premium.,Differentiator,2
F00008,P0002,Risk Scoring (Enterprise DLP),Core capability providing risk scoring within Enterprise DLP — Premium.,Core,3
F00009,P0003,Automation (Enterprise DLP),Core capability providing automation within Enterprise DLP — Premium.,Core,3
F00010,P0003,Rule Optimisation (Enterprise DLP),Core capability providing rule optimisation within Enterprise DLP — Premium.,Core,3
F00011,P0003,Reporting (Enterprise DLP),Differentiator capability providing reporting within Enterprise DLP — Premium.,Differentiator,2
F00012,P0003,Traffic Inspection (Enterprise DLP),Differentiator capability providing traffic inspection within Enterprise DLP — Premium.,Differentiator,2
F00013,P0004,Reporting (Enterprise DLP),Core capability providing reporting within Enterprise DLP — Premium.,Core,3
F00014,P0004,Log Retention (Enterprise DLP),Differentiator capability providing log retention within Enterprise DLP — Premium.,Differentiator,2
F00015,P0004,Compliance Mapping (Enterprise DLP),Differentiator capability providing compliance mapping within Enterprise DLP — Premium.,Differentiator,2
F00016,P0005,Reporting (Advanced DNS Security),Core capability providing reporting within Advanced DNS Security — Premium.,Core,3
F00017,P0005,Data Classification (Advanced DNS Security),Adjacent capability providing data classification within Advanced DNS Security — Premium.,Adjacent,1
F00018,P0005,Data Classification (Advanced DNS Security),Differentiator capability providing data classification within Advanced DNS Security — Premium.,Differentiator,2
F00019,P0005,Playbook Orchestration (Advanced DNS Security),Differentiator capability providing playbook orchestration within Advanced DNS Security — Premium.,Differentiator,2
F00020,P0005,Incident Timeline (Advanced DNS Security),Differentiator capability providing incident timeline within Advanced DNS Security — Premium.,Differentiator,2
F00021,P0006,Anomaly Scoring (Prisma SD-WAN),Core capability providing anomaly scoring within Prisma SD-WAN — Premium.,Core,3
F00022,P0006,Incident Timeline (Prisma SD-WAN),Adjacent capability providing incident timeline within Prisma SD-WAN — Premium.,Adjacent,1
F00023,P0006,Rule Optimisation (Prisma SD-WAN),Adjacent capability providing rule optimisation within Prisma SD-WAN — Premium.,Adjacent,1
F00024,P0007,Alert Triage (Cortex XDR),Core capability providing alert triage within Cortex XDR — Premium.,Core,3
F00025,P0007,Anomaly Scoring (Cortex XDR),Adjacent capability providing anomaly scoring within Cortex XDR — Premium.,Adjacent,1
F00026,P0007,Reporting (Cortex XDR),Differentiator capability providing reporting within Cortex XDR — Premium.,Differentiator,2
F00027,P0008,Sandboxing (Autonomous DEM),Core capability providing sandboxing within Autonomous DEM — Premium.,Core,3
F00028,P0008,Risk Scoring (Autonomous DEM),Differentiator capability providing risk scoring within Autonomous DEM — Premium.,Differentiator,2
F00029,P0008,Incident Timeline (Autonomous DEM),Core capability providing incident timeline within Autonomous DEM — Premium.,Core,3
F00030,P0009,Compliance Mapping (Exposure Management),Core capability providing compliance mapping within Exposure Management — Advanced.,Core,3
F00031,P0009,Traffic Inspection (Exposure Management),Adjacent capability providing traffic inspection within Exposure Management — Advanced.,Adjacent,1
F00032,P0009,Posture Assessment (Exposure Management),Differentiator capability providing posture assessment within Exposure Management — Advanced.,Differentiator,2
F00033,P0010,Incident Timeline (NGFW),Core capability providing incident timeline within NGFW — Essentials.,Core,3
F00034,P0010,Detection (NGFW),Differentiator capability providing detection within NGFW — Essentials.,Differentiator,2
F00035,P0010,Data Classification (NGFW),Differentiator capability providing data classification within NGFW — Essentials.,Differentiator,2
F00036,P0010,Policy (NGFW),Differentiator capability providing policy within NGFW — Essentials.,Differentiator,2
F00037,P0010,Compliance Mapping (NGFW),Adjacent capability providing compliance mapping within NGFW — Essentials.,Adjacent,1
F00038,P0011,Traffic Inspection (Cortex XSIAM),Core capability providing traffic inspection within Cortex XSIAM — Advanced.,Core,3
F00039,P0011,Identity Correlation (Cortex XSIAM),Differentiator capability providing identity correlation within Cortex XSIAM — Advanced.,Differentiator,2
F00040,P0011,Compliance Mapping (Cortex XSIAM),Differentiator capability providing compliance mapping within Cortex XSIAM — Advanced.,Differentiator,2
F00041,P0012,Compliance Mapping (Cortex XDR),Core capability providing compliance mapping within Cortex XDR — Premium.,Core,3
F00042,P0012,Posture Assessment (Cortex XDR),Adjacent capability providing posture assessment within Cortex XDR — Premium.,Adjacent,1
F00043,P0012,Automation (Cortex XDR),Differentiator capability providing automation within Cortex XDR — Premium.,Differentiator,2
F00044,P0012,Rule Optimisation (Cortex XDR),Adjacent capability providing rule optimisation within Cortex XDR — Premium.,Adjacent,1
F00045,P0013,Detection (Prisma SD-WAN),Core capability providing detection within Prisma SD-WAN — Essentials.,Core,3
F00046,P0013,Log Retention (Prisma SD-WAN),Adjacent capability providing log retention within Prisma SD-WAN — Essentials.,Adjacent,1
F00047,P0013,Alert Triage (Prisma SD-WAN),Differentiator capability providing alert triage within Prisma SD-WAN — Essentials.,Differentiator,2
F00048,P0014,Compliance Mapping (Cortex XSIAM),Core capability providing compliance mapping within Cortex XSIAM — Advanced.,Core,3
F00049,P0014,Traffic Inspection (Cortex XSIAM),Differentiator capability providing traffic inspection within Cortex XSIAM — Advanced.,Differentiator,2
F00050,P0014,Identity Correlation (Cortex XSIAM),Adjacent capability providing identity correlation within Cortex XSIAM — Advanced.,Adjacent,1
F00051,P0014,Reporting (Cortex XSIAM),Adjacent capability providing reporting within Cortex XSIAM — Advanced.,Adjacent,1
F00052,P0014,Rule Optimisation (Cortex XSIAM),Adjacent capability providing rule optimisation within Cortex XSIAM — Advanced.,Adjacent,1
F00053,P0015,Data Classification (Exposure Management),Core capability providing data classification within Exposure Management — Premium.,Core,3
F00054,P0015,Traffic Inspection (Exposure Management),Differentiator capability providing traffic inspection within Exposure Management — Premium.,Differentiator,2
F00055,P0015,Detection (Exposure Management),Differentiator capability providing detection within Exposure Management — Premium.,Differentiator,2
F00056,P0016,Alert Triage (Prisma Access),Core capability providing alert triage within Prisma Access — Advanced.,Core,3
F00057,P0016,Anomaly Scoring (Prisma Access),Differentiator capability providing anomaly scoring within Prisma Access — Advanced.,Differentiator,2
F00058,P0016,Detection (Prisma Access),Differentiator capability providing detection within Prisma Access — Advanced.,Differentiator,2
F00059,P0016,Playbook Orchestration (Prisma Access),Differentiator capability providing playbook orchestration within Prisma Access — Advanced.,Differentiator,2
F00060,P0016,Log Retention (Prisma Access),Adjacent capability providing log retention within Prisma Access — Advanced.,Adjacent,1
F00061,P0017,Reporting (SaaS Security),Core capability providing reporting within SaaS Security — Premium.,Core,3
F00062,P0017,Alert Triage (SaaS Security),Adjacent capability providing alert triage within SaaS Security — Premium.,Adjacent,1
F00063,P0017,Threat Hunting (SaaS Security),Core capability providing threat hunting within SaaS Security — Premium.,Core,3
F00064,P0017,Rule Optimisation (SaaS Security),Adjacent capability providing rule optimisation within SaaS Security — Premium.,Adjacent,1
F00065,P0018,Inline Analysis (Autonomous DEM),Core capability providing inline analysis within Autonomous DEM — Premium.,Core,3
F00066,P0018,Threat Hunting (Autonomous DEM),Differentiator capability providing threat hunting within Autonomous DEM — Premium.,Differentiator,2
F00067,P0018,Threat Hunting (Autonomous DEM),Adjacent capability providing threat hunting within Autonomous DEM — Premium.,Adjacent,1
F00068,P0018,Detection (Autonomous DEM),Adjacent capability providing detection within Autonomous DEM — Premium.,Adjacent,1
F00069,P0018,Rule Optimisation (Autonomous DEM),Differentiator capability providing rule optimisation within Autonomous DEM — Premium.,Differentiator,2
F00070,P0019,Anomaly Scoring (Prisma SD-WAN),Core capability providing anomaly scoring within Prisma SD-WAN — Premium.,Core,3
F00071,P0019,Anomaly Scoring (Prisma SD-WAN),Differentiator capability providing anomaly scoring within Prisma SD-WAN — Premium.,Differentiator,2
F00072,P0019,Rule Optimisation (Prisma SD-WAN),Adjacent capability providing rule optimisation within Prisma SD-WAN — Premium.,Adjacent,1
F00073,P0019,Log Retention (Prisma SD-WAN),Differentiator capability providing log retention within Prisma SD-WAN — Premium.,Differentiator,2
F00074,P0020,Risk Scoring (Exposure Management),Core capability providing risk scoring within Exposure Management — Advanced.,Core,3
F00075,P0020,Detection (Exposure Management),Adjacent capability providing detection within Exposure Management — Advanced.,Adjacent,1
F00076,P0020,Log Retention (Exposure Management),Adjacent capability providing log retention within Exposure Management — Advanced.,Adjacent,1
F00077,P0020,Inline Analysis (Exposure Management),Core capability providing inline analysis within Exposure Management — Advanced.,Core,3
F00078,P0020,Inline Analysis (Exposure Management),Adjacent capability providing inline analysis within Exposure Management — Advanced.,Adjacent,1
F00079,P0021,Alert Triage (Autonomous DEM),Core capability providing alert triage within Autonomous DEM — Essentials.,Core,3
F00080,P0021,Sandboxing (Autonomous DEM),Core capability providing sandboxing within Autonomous DEM — Essentials.,Core,3
F00081,P0021,Compliance Mapping (Autonomous DEM),Differentiator capability providing compliance mapping within Autonomous DEM — Essentials.,Differentiator,2
F00082,P0022,Risk Scoring (Advanced URL Filtering),Core capability providing risk scoring within Advanced URL Filtering — Advanced.,Core,3
F00083,P0022,Sandboxing (Advanced URL Filtering),Adjacent capability providing sandboxing within Advanced URL Filtering — Advanced.,Adjacent,1
F00084,P0022,Playbook Orchestration (Advanced URL Filtering),Differentiator capability providing playbook orchestration within Advanced URL Filtering — Advanced.,Differentiator,2
F00085,P0023,Automation (Advanced Threat Prevention),Core capability providing automation within Advanced Threat Prevention — Advanced.,Core,3
F00086,P0023,Sandboxing (Advanced Threat Prevention),Adjacent capability providing sandboxing within Advanced Threat Prevention — Advanced.,Adjacent,1
F00087,P0023,Identity Correlation (Advanced Threat Prevention),Adjacent capability providing identity correlation within Advanced Threat Prevention — Advanced.,Adjacent,1
F00088,P0024,Segmentation (Advanced WildFire),Core capability providing segmentation within Advanced WildFire — Advanced.,Core,3
F00089,P0024,Rule Optimisation (Advanced WildFire),Differentiator capability providing rule optimisation within Advanced WildFire — Advanced.,Differentiator,2
F00090,P0024,Policy (Advanced WildFire),Adjacent capability providing policy within Advanced WildFire — Advanced.,Adjacent,1
F00091,P0024,Automation (Advanced WildFire),Differentiator capability providing automation within Advanced WildFire — Advanced.,Differentiator,2
F00092,P0024,Playbook Orchestration (Advanced WildFire),Adjacent capability providing playbook orchestration within Advanced WildFire — Advanced.,Adjacent,1
F00093,P0025,Threat Hunting (Advanced WildFire),Core capability providing threat hunting within Advanced WildFire — Advanced.,Core,3
F00094,P0025,Risk Scoring (Advanced WildFire),Adjacent capability providing risk scoring within Advanced WildFire — Advanced.,Adjacent,1
F00095,P0025,Threat Hunting (Advanced WildFire),Differentiator capability providing threat hunting within Advanced WildFire — Advanced.,Differentiator,2
F00096,P0025,Compliance Mapping (Advanced WildFire),Core capability providing compliance mapping within Advanced WildFire — Advanced.,Core,3
F00097,P0025,Log Retention (Advanced WildFire),Differentiator capability providing log retention within Advanced WildFire — Advanced.,Differentiator,2
F00098,P0026,Rule Optimisation (Attack Surface Management),Core capability providing rule optimisation within Attack Surface Management — Advanced.,Core,3
F00099,P0026,Compliance Mapping (Attack Surface Management),Adjacent capability providing compliance mapping within Attack Surface Management — Advanced.,Adjacent,1
F00100,P0026,Segmentation (Attack Surface Management),Differentiator capability providing segmentation within Attack Surface Management — Advanced.,Differentiator,2
F00101,P0026,Detection (Attack Surface Management),Adjacent capability providing detection within Attack Surface Management — Advanced.,Adjacent,1
F00102,P0027,Playbook Orchestration (AI Model Scanning),Core capability providing playbook orchestration within AI Model Scanning — Advanced.,Core,3
F00103,P0027,Policy (AI Model Scanning),Core capability providing policy within AI Model Scanning — Advanced.,Core,3
F00104,P0027,Reporting (AI Model Scanning),Adjacent capability providing reporting within AI Model Scanning — Advanced.,Adjacent,1
F00105,P0028,Risk Scoring (AI Posture Management),Core capability providing risk scoring within AI Posture Management — Premium.,Core,3
F00106,P0028,Threat Hunting (AI Posture Management),Differentiator capability providing threat hunting within AI Posture Management — Premium.,Differentiator,2
F00107,P0028,Inline Analysis (AI Posture Management),Core capability providing inline analysis within AI Posture Management — Premium.,Core,3
F00108,P0029,Data Classification (SaaS Security),Core capability providing data classification within SaaS Security — Essentials.,Core,3
F00109,P0029,Log Retention (SaaS Security),Differentiator capability providing log retention within SaaS Security — Essentials.,Differentiator,2
F00110,P0029,Automation (SaaS Security),Adjacent capability providing automation within SaaS Security — Essentials.,Adjacent,1
F00111,P0029,Data Classification (SaaS Security),Adjacent capability providing data classification within SaaS Security — Essentials.,Adjacent,1
F00112,P0029,Posture Assessment (SaaS Security),Core capability providing posture assessment within SaaS Security — Essentials.,Core,3
F00113,P0030,Alert Triage (Enterprise DLP),Core capability providing alert triage within Enterprise DLP — Advanced.,Core,3
F00114,P0030,Risk Scoring (Enterprise DLP),Differentiator capability providing risk scoring within Enterprise DLP — Advanced.,Differentiator,2
F00115,P0030,Automation (Enterprise DLP),Differentiator capability providing automation within Enterprise DLP — Advanced.,Differentiator,2
F00116,P0031,Identity Correlation (Cortex Cloud),Core capability providing identity correlation within Cortex Cloud — Essentials.,Core,3
F00117,P0031,Playbook Orchestration (Cortex Cloud),Core capability providing playbook orchestration within Cortex Cloud — Essentials.,Core,3
F00118,P0031,Policy (Cortex Cloud),Differentiator capability providing policy within Cortex Cloud — Essentials.,Differentiator,2
F00119,P0031,Policy (Cortex Cloud),Core capability providing policy within Cortex Cloud — Essentials.,Core,3
F00120,P0031,Segmentation (Cortex Cloud),Adjacent capability providing segmentation within Cortex Cloud — Essentials.,Adjacent,1
F00121,P0032,Inline Analysis (Enterprise DLP),Core capability providing inline analysis within Enterprise DLP — Premium.,Core,3
F00122,P0032,Compliance Mapping (Enterprise DLP),Adjacent capability providing compliance mapping within Enterprise DLP — Premium.,Adjacent,1
F00123,P0032,Automation (Enterprise DLP),Differentiator capability providing automation within Enterprise DLP — Premium.,Differentiator,2
F00124,P0033,Reporting (Cortex XDR),Core capability providing reporting within Cortex XDR — Advanced.,Core,3
F00125,P0033,Reporting (Cortex XDR),Differentiator capability providing reporting within Cortex XDR — Advanced.,Differentiator,2
F00126,P0033,Segmentation (Cortex XDR),Adjacent capability providing segmentation within Cortex XDR — Advanced.,Adjacent,1
F00127,P0034,Inline Analysis (Advanced URL Filtering),Core capability providing inline analysis within Advanced URL Filtering — Essentials.,Core,3
F00128,P0034,Inline Analysis (Advanced URL Filtering),Adjacent capability providing inline analysis within Advanced URL Filtering — Essentials.,Adjacent,1
F00129,P0034,Automation (Advanced URL Filtering),Core capability providing automation within Advanced URL Filtering — Essentials.,Core,3
F00130,P0034,Identity Correlation (Advanced URL Filtering),Adjacent capability providing identity correlation within Advanced URL Filtering — Essentials.,Adjacent,1
F00131,P0035,Inline Analysis (Cortex XSOAR),Core capability providing inline analysis within Cortex XSOAR — Advanced.,Core,3
F00132,P0035,Risk Scoring (Cortex XSOAR),Core capability providing risk scoring within Cortex XSOAR — Advanced.,Core,3
F00133,P0035,Incident Timeline (Cortex XSOAR),Adjacent capability providing incident timeline within Cortex XSOAR — Advanced.,Adjacent,1
F00134,P0035,Playbook Orchestration (Cortex XSOAR),Differentiator capability providing playbook orchestration within Cortex XSOAR — Advanced.,Differentiator,2
F00135,P0035,Threat Hunting (Cortex XSOAR),Adjacent capability providing threat hunting within Cortex XSOAR — Advanced.,Adjacent,1
F00136,P0036,Reporting (NGFW),Core capability providing reporting within NGFW — Premium.,Core,3
F00137,P0036,Rule Optimisation (NGFW),Adjacent capability providing rule optimisation within NGFW — Premium.,Adjacent,1
F00138,P0036,Sandboxing (NGFW),Core capability providing sandboxing within NGFW — Premium.,Core,3
F00139,P0037,Log Retention (IoT Security),Core capability providing log retention within IoT Security — Essentials.,Core,3
F00140,P0037,Automation (IoT Security),Adjacent capability providing automation within IoT Security — Essentials.,Adjacent,1
F00141,P0037,Alert Triage (IoT Security),Differentiator capability providing alert triage within IoT Security — Essentials.,Differentiator,2
F00142,P0037,Traffic Inspection (IoT Security),Core capability providing traffic inspection within IoT Security — Essentials.,Core,3
F00143,P0038,Anomaly Scoring (Cortex XDR),Core capability providing anomaly scoring within Cortex XDR — Essentials.,Core,3
F00144,P0038,Threat Hunting (Cortex XDR),Adjacent capability providing threat hunting within Cortex XDR — Essentials.,Adjacent,1
F00145,P0038,Identity Correlation (Cortex XDR),Adjacent capability providing identity correlation within Cortex XDR — Essentials.,Adjacent,1
F00146,P0038,Incident Timeline (Cortex XDR),Adjacent capability providing incident timeline within Cortex XDR — Essentials.,Adjacent,1
F00147,P0038,Identity Correlation (Cortex XDR),Adjacent capability providing identity correlation within Cortex XDR — Essentials.,Adjacent,1
F00148,P0039,Detection (Cortex XDR),Core capability providing detection within Cortex XDR — Essentials.,Core,3
F00149,P0039,Alert Triage (Cortex XDR),Adjacent capability providing alert triage within Cortex XDR — Essentials.,Adjacent,1
F00150,P0039,Compliance Mapping (Cortex XDR),Differentiator capability providing compliance mapping within Cortex XDR — Essentials.,Differentiator,2
F00151,P0040,Identity Correlation (Advanced Threat Prevention),Core capability providing identity correlation within Advanced Threat Prevention — Advanced.,Core,3
F00152,P0040,Policy (Advanced Threat Prevention),Core capability providing policy within Advanced Threat Prevention — Advanced.,Core,3
F00153,P0040,Data Classification (Advanced Threat Prevention),Differentiator capability providing data classification within Advanced Threat Prevention — Advanced.,Differentiator,2
F00154,P0040,Segmentation (Advanced Threat Prevention),Adjacent capability providing segmentation within Advanced Threat Prevention — Advanced.,Adjacent,1
F00155,P0041,Risk Scoring (Advanced DNS Security),Core capability providing risk scoring within Advanced DNS Security — Premium.,Core,3
F00156,P0041,Data Classification (Advanced DNS Security),Differentiator capability providing data classification within Advanced DNS Security — Premium.,Differentiator,2
F00157,P0041,Traffic Inspection (Advanced DNS Security),Adjacent capability providing traffic inspection within Advanced DNS Security — Premium.,Adjacent,1
F00158,P0042,Rule Optimisation (Advanced URL Filtering),Core capability providing rule optimisation within Advanced URL Filtering — Essentials.,Core,3
F00159,P0042,Automation (Advanced URL Filtering),Differentiator capability providing automation within Advanced URL Filtering — Essentials.,Differentiator,2
F00160,P0042,Policy (Advanced URL Filtering),Differentiator capability providing policy within Advanced URL Filtering — Essentials.,Differentiator,2
F00161,P0042,Log Retention (Advanced URL Filtering),Adjacent capability providing log retention within Advanced URL Filtering — Essentials.,Adjacent,1
F00162,P0042,Threat Hunting (Advanced URL Filtering),Core capability providing threat hunting within Advanced URL Filtering — Essentials.,Core,3
F00163,P0043,Sandboxing (Enterprise DLP),Core capability providing sandboxing within Enterprise DLP — Advanced.,Core,3
F00164,P0043,Identity Correlation (Enterprise DLP),Adjacent capability providing identity correlation within Enterprise DLP — Advanced.,Adjacent,1
F00165,P0043,Anomaly Scoring (Enterprise DLP),Adjacent capability providing anomaly scoring within Enterprise DLP — Advanced.,Adjacent,1
F00166,P0044,Traffic Inspection (Autonomous DEM),Core capability providing traffic inspection within Autonomous DEM — Essentials.,Core,3
F00167,P0044,Traffic Inspection (Autonomous DEM),Adjacent capability providing traffic inspection within Autonomous DEM — Essentials.,Adjacent,1
F00168,P0044,Incident Timeline (Autonomous DEM),Adjacent capability providing incident timeline within Autonomous DEM — Essentials.,Adjacent,1
F00169,P0044,Inline Analysis (Autonomous DEM),Differentiator capability providing inline analysis within Autonomous DEM — Essentials.,Differentiator,2
F00170,P0044,Log Retention (Autonomous DEM),Differentiator capability providing log retention within Autonomous DEM — Essentials.,Differentiator,2
F00171,P0045,Threat Hunting (Attack Surface Management),Core capability providing threat hunting within Attack Surface Management — Essentials.,Core,3
F00172,P0045,Inline Analysis (Attack Surface Management),Differentiator capability providing inline analysis within Attack Surface Management — Essentials.,Differentiator,2
F00173,P0045,Traffic Inspection (Attack Surface Management),Differentiator capability providing traffic inspection within Attack Surface Management — Essentials.,Differentiator,2
F00174,P0046,Automation (Prisma Access),Core capability providing automation within Prisma Access — Advanced.,Core,3
F00175,P0046,Anomaly Scoring (Prisma Access),Differentiator capability providing anomaly scoring within Prisma Access — Advanced.,Differentiator,2
F00176,P0046,Risk Scoring (Prisma Access),Adjacent capability providing risk scoring within Prisma Access — Advanced.,Adjacent,1
F00177,P0046,Alert Triage (Prisma Access),Adjacent capability providing alert triage within Prisma Access — Advanced.,Adjacent,1
F00178,P0047,Reporting (IoT Security),Core capability providing reporting within IoT Security — Advanced.,Core,3
F00179,P0047,Playbook Orchestration (IoT Security),Differentiator capability providing playbook orchestration within IoT Security — Advanced.,Differentiator,2
F00180,P0047,Incident Timeline (IoT Security),Adjacent capability providing incident timeline within IoT Security — Advanced.,Adjacent,1
F00181,P0048,Policy (Enterprise DLP),Core capability providing policy within Enterprise DLP — Advanced.,Core,3
F00182,P0048,Inline Analysis (Enterprise DLP),Core capability providing inline analysis within Enterprise DLP — Advanced.,Core,3
F00183,P0048,Policy (Enterprise DLP),Adjacent capability providing policy within Enterprise DLP — Advanced.,Adjacent,1
F00184,P0048,Posture Assessment (Enterprise DLP),Adjacent capability providing posture assessment within Enterprise DLP — Advanced.,Adjacent,1
F00185,P0048,Compliance Mapping (Enterprise DLP),Differentiator capability providing compliance mapping within Enterprise DLP — Advanced.,Differentiator,2
F00186,P0049,Posture Assessment (Cortex Cloud),Core capability providing posture assessment within Cortex Cloud — Essentials.,Core,3
F00187,P0049,Data Classification (Cortex Cloud),Differentiator capability providing data classification within Cortex Cloud — Essentials.,Differentiator,2
F00188,P0049,Inline Analysis (Cortex Cloud),Adjacent capability providing inline analysis within Cortex Cloud — Essentials.,Adjacent,1
F00189,P0049,Log Retention (Cortex Cloud),Adjacent capability providing log retention within Cortex Cloud — Essentials.,Adjacent,1
F00190,P0050,Log Retention (AI Model Scanning),Core capability providing log retention within AI Model Scanning — Premium.,Core,3
F00191,P0050,Identity Correlation (AI Model Scanning),Adjacent capability providing identity correlation within AI Model Scanning — Premium.,Adjacent,1
F00192,P0050,Automation (AI Model Scanning),Adjacent capability providing automation within AI Model Scanning — Premium.,Adjacent,1
F00193,P0050,Log Retention (AI Model Scanning),Core capability providing log retention within AI Model Scanning — Premium.,Core,3
F00194,P0050,Rule Optimisation (AI Model Scanning),Adjacent capability providing rule optimisation within AI Model Scanning — Premium.,Adjacent,1
F00195,P0051,Rule Optimisation (Enterprise DLP),Core capability providing rule optimisation within Enterprise DLP — Advanced.,Core,3
F00196,P0051,Posture Assessment (Enterprise DLP),Core capability providing posture assessment within Enterprise DLP — Advanced.,Core,3
F00197,P0051,Data Classification (Enterprise DLP),Differentiator capability providing data classification within Enterprise DLP — Advanced.,Differentiator,2
F00198,P0051,Posture Assessment (Enterprise DLP),Differentiator capability providing posture assessment within Enterprise DLP — Advanced.,Differentiator,2
F00199,P0051,Log Retention (Enterprise DLP),Differentiator capability providing log retention within Enterprise DLP — Advanced.,Differentiator,2
F00200,P0052,Reporting (Advanced Threat Prevention),Core capability providing reporting within Advanced Threat Prevention — Essentials.,Core,3
F00201,P0052,Alert Triage (Advanced Threat Prevention),Adjacent capability providing alert triage within Advanced Threat Prevention — Essentials.,Adjacent,1
F00202,P0052,Identity Correlation (Advanced Threat Prevention),Adjacent capability providing identity correlation within Advanced Threat Prevention — Essentials.,Adjacent,1
F00203,P0053,Alert Triage (Attack Surface Management),Core capability providing alert triage within Attack Surface Management — Premium.,Core,3
F00204,P0053,Detection (Attack Surface Management),Core capability providing detection within Attack Surface Management — Premium.,Core,3
F00205,P0053,Compliance Mapping (Attack Surface Management),Adjacent capability providing compliance mapping within Attack Surface Management — Premium.,Adjacent,1
F00206,P0054,Detection (Advanced WildFire),Core capability providing detection within Advanced WildFire — Advanced.,Core,3
F00207,P0054,Traffic Inspection (Advanced WildFire),Differentiator capability providing traffic inspection within Advanced WildFire — Advanced.,Differentiator,2
F00208,P0054,Risk Scoring (Advanced WildFire),Differentiator capability providing risk scoring within Advanced WildFire — Advanced.,Differentiator,2
F00209,P0054,Alert Triage (Advanced WildFire),Adjacent capability providing alert triage within Advanced WildFire — Advanced.,Adjacent,1
F00210,P0055,Automation (Cortex XSOAR),Core capability providing automation within Cortex XSOAR — Advanced.,Core,3
F00211,P0055,Rule Optimisation (Cortex XSOAR),Differentiator capability providing rule optimisation within Cortex XSOAR — Advanced.,Differentiator,2
F00212,P0055,Data Classification (Cortex XSOAR),Adjacent capability providing data classification within Cortex XSOAR — Advanced.,Adjacent,1
F00213,P0055,Reporting (Cortex XSOAR),Differentiator capability providing reporting within Cortex XSOAR — Advanced.,Differentiator,2
F00214,P0056,Detection (Cortex XSOAR),Core capability providing detection within Cortex XSOAR — Premium.,Core,3
F00215,P0056,Sandboxing (Cortex XSOAR),Adjacent capability providing sandboxing within Cortex XSOAR — Premium.,Adjacent,1
F00216,P0056,Automation (Cortex XSOAR),Core capability providing automation within Cortex XSOAR — Premium.,Core,3
F00217,P0056,Playbook Orchestration (Cortex XSOAR),Differentiator capability providing playbook orchestration within Cortex XSOAR — Premium.,Differentiator,2
F00218,P0056,Anomaly Scoring (Cortex XSOAR),Differentiator capability providing anomaly scoring within Cortex XSOAR — Premium.,Differentiator,2
F00219,P0057,Threat Hunting (AI Runtime Security),Core capability providing threat hunting within AI Runtime Security — Essentials.,Core,3
F00220,P0057,Anomaly Scoring (AI Runtime Security),Differentiator capability providing anomaly scoring within AI Runtime Security — Essentials.,Differentiator,2
F00221,P0057,Rule Optimisation (AI Runtime Security),Adjacent capability providing rule optimisation within AI Runtime Security — Essentials.,Adjacent,1
F00222,P0057,Anomaly Scoring (AI Runtime Security),Core capability providing anomaly scoring within AI Runtime Security — Essentials.,Core,3
F00223,P0058,Threat Hunting (Prisma SD-WAN),Core capability providing threat hunting within Prisma SD-WAN — Premium.,Core,3
F00224,P0058,Traffic Inspection (Prisma SD-WAN),Adjacent capability providing traffic inspection within Prisma SD-WAN — Premium.,Adjacent,1
F00225,P0058,Alert Triage (Prisma SD-WAN),Differentiator capability providing alert triage within Prisma SD-WAN — Premium.,Differentiator,2
F00226,P0058,Inline Analysis (Prisma SD-WAN),Adjacent capability providing inline analysis within Prisma SD-WAN — Premium.,Adjacent,1
F00227,P0058,Policy (Prisma SD-WAN),Differentiator capability providing policy within Prisma SD-WAN — Premium.,Differentiator,2
F00228,P0059,Policy (Prisma Access),Core capability providing policy within Prisma Access — Essentials.,Core,3
F00229,P0059,Segmentation (Prisma Access),Core capability providing segmentation within Prisma Access — Essentials.,Core,3
F00230,P0059,Policy (Prisma Access),Differentiator capability providing policy within Prisma Access — Essentials.,Differentiator,2
F00231,P0059,Sandboxing (Prisma Access),Adjacent capability providing sandboxing within Prisma Access — Essentials.,Adjacent,1
F00232,P0060,Compliance Mapping (IoT Security),Core capability providing compliance mapping within IoT Security — Premium.,Core,3
F00233,P0060,Detection (IoT Security),Adjacent capability providing detection within IoT Security — Premium.,Adjacent,1
F00234,P0060,Inline Analysis (IoT Security),Core capability providing inline analysis within IoT Security — Premium.,Core,3
F00235,P0060,Log Retention (IoT Security),Differentiator capability providing log retention within IoT Security — Premium.,Differentiator,2
F00236,P0060,Automation (IoT Security),Differentiator capability providing automation within IoT Security — Premium.,Differentiator,2
F00237,P0061,Identity Correlation (IoT Security),Core capability providing identity correlation within IoT Security — Premium.,Core,3
F00238,P0061,Risk Scoring (IoT Security),Adjacent capability providing risk scoring within IoT Security — Premium.,Adjacent,1
F00239,P0061,Data Classification (IoT Security),Adjacent capability providing data classification within IoT Security — Premium.,Adjacent,1
F00240,P0062,Inline Analysis (Advanced URL Filtering),Core capability providing inline analysis within Advanced URL Filtering — Essentials.,Core,3
F00241,P0062,Sandboxing (Advanced URL Filtering),Adjacent capability providing sandboxing within Advanced URL Filtering — Essentials.,Adjacent,1
F00242,P0062,Automation (Advanced URL Filtering),Core capability providing automation within Advanced URL Filtering — Essentials.,Core,3
F00243,P0062,Rule Optimisation (Advanced URL Filtering),Core capability providing rule optimisation within Advanced URL Filtering — Essentials.,Core,3
F00244,P0063,Segmentation (Advanced DNS Security),Core capability providing segmentation within Advanced DNS Security — Premium.,Core,3
F00245,P0063,Sandboxing (Advanced DNS Security),Core capability providing sandboxing within Advanced DNS Security — Premium.,Core,3
F00246,P0063,Segmentation (Advanced DNS Security),Adjacent capability providing segmentation within Advanced DNS Security — Premium.,Adjacent,1
F00247,P0063,Segmentation (Advanced DNS Security),Core capability providing segmentation within Advanced DNS Security — Premium.,Core,3
F00248,P0063,Playbook Orchestration (Advanced DNS Security),Differentiator capability providing playbook orchestration within Advanced DNS Security — Premium.,Differentiator,2
F00249,P0064,Rule Optimisation (Autonomous DEM),Core capability providing rule optimisation within Autonomous DEM — Premium.,Core,3
F00250,P0064,Reporting (Autonomous DEM),Differentiator capability providing reporting within Autonomous DEM — Premium.,Differentiator,2
F00251,P0064,Inline Analysis (Autonomous DEM),Adjacent capability providing inline analysis within Autonomous DEM — Premium.,Adjacent,1
F00252,P0064,Reporting (Autonomous DEM),Core capability providing reporting within Autonomous DEM — Premium.,Core,3
F00253,P0065,Reporting (NGFW),Core capability providing reporting within NGFW — Essentials.,Core,3
F00254,P0065,Traffic Inspection (NGFW),Differentiator capability providing traffic inspection within NGFW — Essentials.,Differentiator,2
F00255,P0065,Data Classification (NGFW),Differentiator capability providing data classification within NGFW — Essentials.,Differentiator,2
F00256,P0066,Reporting (IoT Security),Core capability providing reporting within IoT Security — Premium.,Core,3
F00257,P0066,Automation (IoT Security),Differentiator capability providing automation within IoT Security — Premium.,Differentiator,2
F00258,P0066,Posture Assessment (IoT Security),Differentiator capability providing posture assessment within IoT Security — Premium.,Differentiator,2
F00259,P0067,Segmentation (Advanced URL Filtering),Core capability providing segmentation within Advanced URL Filtering — Premium.,Core,3
F00260,P0067,Inline Analysis (Advanced URL Filtering),Differentiator capability providing inline analysis within Advanced URL Filtering — Premium.,Differentiator,2
F00261,P0067,Automation (Advanced URL Filtering),Adjacent capability providing automation within Advanced URL Filtering — Premium.,Adjacent,1
F00262,P0067,Alert Triage (Advanced URL Filtering),Adjacent capability providing alert triage within Advanced URL Filtering — Premium.,Adjacent,1
F00263,P0067,Data Classification (Advanced URL Filtering),Differentiator capability providing data classification within Advanced URL Filtering — Premium.,Differentiator,2
F00264,P0068,Posture Assessment (Cortex XSIAM),Core capability providing posture assessment within Cortex XSIAM — Essentials.,Core,3
F00265,P0068,Policy (Cortex XSIAM),Differentiator capability providing policy within Cortex XSIAM — Essentials.,Differentiator,2
F00266,P0068,Sandboxing (Cortex XSIAM),Adjacent capability providing sandboxing within Cortex XSIAM — Essentials.,Adjacent,1
F00267,P0068,Playbook Orchestration (Cortex XSIAM),Differentiator capability providing playbook orchestration within Cortex XSIAM — Essentials.,Differentiator,2
F00268,P0069,Inline Analysis (Enterprise DLP),Core capability providing inline analysis within Enterprise DLP — Advanced.,Core,3
F00269,P0069,Reporting (Enterprise DLP),Adjacent capability providing reporting within Enterprise DLP — Advanced.,Adjacent,1
F00270,P0069,Policy (Enterprise DLP),Differentiator capability providing policy within Enterprise DLP — Advanced.,Differentiator,2
F00271,P0069,Detection (Enterprise DLP),Differentiator capability providing detection within Enterprise DLP — Advanced.,Differentiator,2
F00272,P0069,Alert Triage (Enterprise DLP),Adjacent capability providing alert triage within Enterprise DLP — Advanced.,Adjacent,1
F00273,P0070,Automation (AI Posture Management),Core capability providing automation within AI Posture Management — Essentials.,Core,3
F00274,P0070,Rule Optimisation (AI Posture Management),Differentiator capability providing rule optimisation within AI Posture Management — Essentials.,Differentiator,2
F00275,P0070,Rule Optimisation (AI Posture Management),Differentiator capability providing rule optimisation within AI Posture Management — Essentials.,Differentiator,2
F00276,P0071,Threat Hunting (Prisma Access),Core capability providing threat hunting within Prisma Access — Premium.,Core,3
F00277,P0071,Playbook Orchestration (Prisma Access),Adjacent capability providing playbook orchestration within Prisma Access — Premium.,Adjacent,1
F00278,P0071,Inline Analysis (Prisma Access),Core capability providing inline analysis within Prisma Access — Premium.,Core,3
F00279,P0071,Automation (Prisma Access),Adjacent capability providing automation within Prisma Access — Premium.,Adjacent,1
F00280,P0072,Rule Optimisation (Advanced DNS Security),Core capability providing rule optimisation within Advanced DNS Security — Advanced.,Core,3
F00281,P0072,Risk Scoring (Advanced DNS Security),Core capability providing risk scoring within Advanced DNS Security — Advanced.,Core,3
F00282,P0072,Sandboxing (Advanced DNS Security),Adjacent capability providing sandboxing within Advanced DNS Security — Advanced.,Adjacent,1
F00283,P0072,Compliance Mapping (Advanced DNS Security),Core capability providing compliance mapping within Advanced DNS Security — Advanced.,Core,3
F00284,P0073,Data Classification (Enterprise DLP),Core capability providing data classification within Enterprise DLP — Premium.,Core,3
F00285,P0073,Threat Hunting (Enterprise DLP),Differentiator capability providing threat hunting within Enterprise DLP — Premium.,Differentiator,2
F00286,P0073,Posture Assessment (Enterprise DLP),Differentiator capability providing posture assessment within Enterprise DLP — Premium.,Differentiator,2
F00287,P0074,Incident Timeline (Cortex Cloud),Core capability providing incident timeline within Cortex Cloud — Advanced.,Core,3
F00288,P0074,Incident Timeline (Cortex Cloud),Differentiator capability providing incident timeline within Cortex Cloud — Advanced.,Differentiator,2
F00289,P0074,Alert Triage (Cortex Cloud),Adjacent capability providing alert triage within Cortex Cloud — Advanced.,Adjacent,1
F00290,P0074,Anomaly Scoring (Cortex Cloud),Core capability providing anomaly scoring within Cortex Cloud — Advanced.,Core,3
F00291,P0075,Log Retention (Advanced DNS Security),Core capability providing log retention within Advanced DNS Security — Advanced.,Core,3
F00292,P0075,Sandboxing (Advanced DNS Security),Differentiator capability providing sandboxing within Advanced DNS Security — Advanced.,Differentiator,2
F00293,P0075,Inline Analysis (Advanced DNS Security),Adjacent capability providing inline analysis within Advanced DNS Security — Advanced.,Adjacent,1
F00294,P0075,Risk Scoring (Advanced DNS Security),Core capability providing risk scoring within Advanced DNS Security — Advanced.,Core,3
F00295,P0076,Alert Triage (Exposure Management),Core capability providing alert triage within Exposure Management — Essentials.,Core,3
F00296,P0076,Traffic Inspection (Exposure Management),Adjacent capability providing traffic inspection within Exposure Management — Essentials.,Adjacent,1
F00297,P0076,Policy (Exposure Management),Adjacent capability providing policy within Exposure Management — Essentials.,Adjacent,1
F00298,P0077,Compliance Mapping (Advanced Threat Prevention),Core capability providing compliance mapping within Advanced Threat Prevention — Advanced.,Core,3
F00299,P0077,Data Classification (Advanced Threat Prevention),Adjacent capability providing data classification within Advanced Threat Prevention — Advanced.,Adjacent,1
F00300,P0077,Rule Optimisation (Advanced Threat Prevention),Differentiator capability providing rule optimisation within Advanced Threat Prevention — Advanced.,Differentiator,2
F00301,P0077,Identity Correlation (Advanced Threat Prevention),Differentiator capability providing identity correlation within Advanced Threat Prevention — Advanced.,Differentiator,2
F00302,P0078,Alert Triage (NGFW),Core capability providing alert triage within NGFW — Essentials.,Core,3
F00303,P0078,Policy (NGFW),Differentiator capability providing policy within NGFW — Essentials.,Differentiator,2
F00304,P0078,Log Retention (NGFW),Differentiator capability providing log retention within NGFW — Essentials.,Differentiator,2
F00305,P0078,Detection (NGFW),Differentiator capability providing detection within NGFW — Essentials.,Differentiator,2
F00306,P0079,Posture Assessment (Prisma Browser),Core capability providing posture assessment within Prisma Browser — Essentials.,Core,3
F00307,P0079,Reporting (Prisma Browser),Differentiator capability providing reporting within Prisma Browser — Essentials.,Differentiator,2
F00308,P0079,Alert Triage (Prisma Browser),Adjacent capability providing alert triage within Prisma Browser — Essentials.,Adjacent,1
F00309,P0079,Alert Triage (Prisma Browser),Adjacent capability providing alert triage within Prisma Browser — Essentials.,Adjacent,1
F00310,P0080,Alert Triage (Cortex Cloud),Core capability providing alert triage within Cortex Cloud — Essentials.,Core,3
F00311,P0080,Rule Optimisation (Cortex Cloud),Differentiator capability providing rule optimisation within Cortex Cloud — Essentials.,Differentiator,2
F00312,P0080,Sandboxing (Cortex Cloud),Adjacent capability providing sandboxing within Cortex Cloud — Essentials.,Adjacent,1
F00313,P0080,Data Classification (Cortex Cloud),Adjacent capability providing data classification within Cortex Cloud — Essentials.,Adjacent,1
F00314,P0081,Data Classification (AI Access Security),Core capability providing data classification within AI Access Security — Advanced.,Core,3
F00315,P0081,Rule Optimisation (AI Access Security),Differentiator capability providing rule optimisation within AI Access Security — Advanced.,Differentiator,2
F00316,P0081,Policy (AI Access Security),Adjacent capability providing policy within AI Access Security — Advanced.,Adjacent,1
F00317,P0082,Threat Hunting (Advanced Threat Prevention),Core capability providing threat hunting within Advanced Threat Prevention — Advanced.,Core,3
F00318,P0082,Compliance Mapping (Advanced Threat Prevention),Adjacent capability providing compliance mapping within Advanced Threat Prevention — Advanced.,Adjacent,1
F00319,P0082,Traffic Inspection (Advanced Threat Prevention),Adjacent capability providing traffic inspection within Advanced Threat Prevention — Advanced.,Adjacent,1
F00320,P0082,Anomaly Scoring (Advanced Threat Prevention),Adjacent capability providing anomaly scoring within Advanced Threat Prevention — Advanced.,Adjacent,1
F00321,P0082,Posture Assessment (Advanced Threat Prevention),Adjacent capability providing posture assessment within Advanced Threat Prevention — Advanced.,Adjacent,1
F00322,P0083,Policy (Advanced URL Filtering),Core capability providing policy within Advanced URL Filtering — Premium.,Core,3
F00323,P0083,Identity Correlation (Advanced URL Filtering),Core capability providing identity correlation within Advanced URL Filtering — Premium.,Core,3
F00324,P0083,Compliance Mapping (Advanced URL Filtering),Core capability providing compliance mapping within Advanced URL Filtering — Premium.,Core,3
F00325,P0083,Policy (Advanced URL Filtering),Adjacent capability providing policy within Advanced URL Filtering — Premium.,Adjacent,1
F00326,P0084,Posture Assessment (NGFW),Core capability providing posture assessment within NGFW — Advanced.,Core,3
F00327,P0084,Segmentation (NGFW),Adjacent capability providing segmentation within NGFW — Advanced.,Adjacent,1
F00328,P0084,Detection (NGFW),Differentiator capability providing detection within NGFW — Advanced.,Differentiator,2
F00329,P0084,Policy (NGFW),Core capability providing policy within NGFW — Advanced.,Core,3
F00330,P0085,Reporting (AI Posture Management),Core capability providing reporting within AI Posture Management — Advanced.,Core,3
F00331,P0085,Identity Correlation (AI Posture Management),Adjacent capability providing identity correlation within AI Posture Management — Advanced.,Adjacent,1
F00332,P0085,Data Classification (AI Posture Management),Adjacent capability providing data classification within AI Posture Management — Advanced.,Adjacent,1
F00333,P0086,Sandboxing (Advanced WildFire),Core capability providing sandboxing within Advanced WildFire — Premium.,Core,3
F00334,P0086,Rule Optimisation (Advanced WildFire),Differentiator capability providing rule optimisation within Advanced WildFire — Premium.,Differentiator,2
F00335,P0086,Reporting (Advanced WildFire),Adjacent capability providing reporting within Advanced WildFire — Premium.,Adjacent,1
F00336,P0087,Risk Scoring (IoT Security),Core capability providing risk scoring within IoT Security — Premium.,Core,3
F00337,P0087,Compliance Mapping (IoT Security),Differentiator capability providing compliance mapping within IoT Security — Premium.,Differentiator,2
F00338,P0087,Segmentation (IoT Security),Core capability providing segmentation within IoT Security — Premium.,Core,3
F00339,P0087,Posture Assessment (IoT Security),Differentiator capability providing posture assessment within IoT Security — Premium.,Differentiator,2
F00340,P0088,Alert Triage (Cortex XSOAR),Core capability providing alert triage within Cortex XSOAR — Premium.,Core,3
F00341,P0088,Rule Optimisation (Cortex XSOAR),Adjacent capability providing rule optimisation within Cortex XSOAR — Premium.,Adjacent,1
F00342,P0088,Posture Assessment (Cortex XSOAR),Adjacent capability providing posture assessment within Cortex XSOAR — Premium.,Adjacent,1
F00343,P0088,Sandboxing (Cortex XSOAR),Adjacent capability providing sandboxing within Cortex XSOAR — Premium.,Adjacent,1
F00344,P0088,Anomaly Scoring (Cortex XSOAR),Adjacent capability providing anomaly scoring within Cortex XSOAR — Premium.,Adjacent,1
F00345,P0089,Rule Optimisation (Cortex Cloud),Core capability providing rule optimisation within Cortex Cloud — Premium.,Core,3
F00346,P0089,Sandboxing (Cortex Cloud),Adjacent capability providing sandboxing within Cortex Cloud — Premium.,Adjacent,1
F00347,P0089,Rule Optimisation (Cortex Cloud),Core capability providing rule optimisation within Cortex Cloud — Premium.,Core,3
F00348,P0089,Detection (Cortex Cloud),Adjacent capability providing detection within Cortex Cloud — Premium.,Adjacent,1
F00349,P0089,Posture Assessment (Cortex Cloud),Adjacent capability providing posture assessment within Cortex Cloud — Premium.,Adjacent,1
F00350,P0090,Reporting (AI Access Security),Core capability providing reporting within AI Access Security — Premium.,Core,3
F00351,P0090,Compliance Mapping (AI Access Security),Differentiator capability providing compliance mapping within AI Access Security — Premium.,Differentiator,2
F00352,P0090,Inline Analysis (AI Access Security),Adjacent capability providing inline analysis within AI Access Security — Premium.,Adjacent,1
F00353,P0090,Segmentation (AI Access Security),Adjacent capability providing segmentation within AI Access Security — Premium.,Adjacent,1
F00354,P0090,Automation (AI Access Security),Adjacent capability providing automation within AI Access Security — Premium.,Adjacent,1
F00355,P0091,Automation (Cortex XSIAM),Core capability providing automation within Cortex XSIAM — Advanced.,Core,3
F00356,P0091,Segmentation (Cortex XSIAM),Differentiator capability providing segmentation within Cortex XSIAM — Advanced.,Differentiator,2
F00357,P0091,Playbook Orchestration (Cortex XSIAM),Differentiator capability providing playbook orchestration within Cortex XSIAM — Advanced.,Differentiator,2
F00358,P0092,Automation (IoT Security),Core capability providing automation within IoT Security — Essentials.,Core,3
F00359,P0092,Data Classification (IoT Security),Differentiator capability providing data classification within IoT Security — Essentials.,Differentiator,2
F00360,P0092,Log Retention (IoT Security),Differentiator capability providing log retention within IoT Security — Essentials.,Differentiator,2
F00361,P0093,Playbook Orchestration (Cortex XSOAR),Core capability providing playbook orchestration within Cortex XSOAR — Premium.,Core,3
F00362,P0093,Risk Scoring (Cortex XSOAR),Adjacent capability providing risk scoring within Cortex XSOAR — Premium.,Adjacent,1
F00363,P0093,Posture Assessment (Cortex XSOAR),Core capability providing posture assessment within Cortex XSOAR — Premium.,Core,3
F00364,P0094,Reporting (Attack Surface Management),Core capability providing reporting within Attack Surface Management — Essentials.,Core,3
F00365,P0094,Compliance Mapping (Attack Surface Management),Differentiator capability providing compliance mapping within Attack Surface Management — Essentials.,Differentiator,2
F00366,P0094,Rule Optimisation (Attack Surface Management),Differentiator capability providing rule optimisation within Attack Surface Management — Essentials.,Differentiator,2
F00367,P0094,Alert Triage (Attack Surface Management),Differentiator capability providing alert triage within Attack Surface Management — Essentials.,Differentiator,2
F00368,P0095,Detection (Advanced URL Filtering),Core capability providing detection within Advanced URL Filtering — Essentials.,Core,3
F00369,P0095,Anomaly Scoring (Advanced URL Filtering),Differentiator capability providing anomaly scoring within Advanced URL Filtering — Essentials.,Differentiator,2
F00370,P0095,Policy (Advanced URL Filtering),Adjacent capability providing policy within Advanced URL Filtering — Essentials.,Adjacent,1
F00371,P0096,Sandboxing (Prisma Access),Core capability providing sandboxing within Prisma Access — Premium.,Core,3
F00372,P0096,Posture Assessment (Prisma Access),Differentiator capability providing posture assessment within Prisma Access — Premium.,Differentiator,2
F00373,P0096,Automation (Prisma Access),Core capability providing automation within Prisma Access — Premium.,Core,3
F00374,P0096,Traffic Inspection (Prisma Access),Differentiator capability providing traffic inspection within Prisma Access — Premium.,Differentiator,2
F00375,P0097,Compliance Mapping (Advanced DNS Security),Core capability providing compliance mapping within Advanced DNS Security — Advanced.,Core,3
F00376,P0097,Policy (Advanced DNS Security),Differentiator capability providing policy within Advanced DNS Security — Advanced.,Differentiator,2
F00377,P0097,Risk Scoring (Advanced DNS Security),Adjacent capability providing risk scoring within Advanced DNS Security — Advanced.,Adjacent,1
F00378,P0098,Threat Hunting (Prisma Access),Core capability providing threat hunting within Prisma Access — Essentials.,Core,3
F00379,P0098,Threat Hunting (Prisma Access),Differentiator capability providing threat hunting within Prisma Access — Essentials.,Differentiator,2
F00380,P0098,Risk Scoring (Prisma Access),Adjacent capability providing risk scoring within Prisma Access — Essentials.,Adjacent,1
F00381,P0098,Traffic Inspection (Prisma Access),Differentiator capability providing traffic inspection within Prisma Access — Essentials.,Differentiator,2
F00382,P0098,Traffic Inspection (Prisma Access),Core capability providing traffic inspection within Prisma Access — Essentials.,Core,3
F00383,P0099,Sandboxing (IoT Security),Core capability providing sandboxing within IoT Security — Advanced.,Core,3
F00384,P0099,Rule Optimisation (IoT Security),Adjacent capability providing rule optimisation within IoT Security — Advanced.,Adjacent,1
F00385,P0099,Traffic Inspection (IoT Security),Differentiator capability providing traffic inspection within IoT Security — Advanced.,Differentiator,2
F00386,P0099,Compliance Mapping (IoT Security),Core capability providing compliance mapping within IoT Security — Advanced.,Core,3
F00387,P0100,Automation (Cortex XDR),Core capability providing automation within Cortex XDR — Premium.,Core,3
F00388,P0100,Anomaly Scoring (Cortex XDR),Core capability providing anomaly scoring within Cortex XDR — Premium.,Core,3
F00389,P0100,Incident Timeline (Cortex XDR),Core capability providing incident timeline within Cortex XDR — Premium.,Core,3
F00390,P0101,Anomaly Scoring (SaaS Security),Core capability providing anomaly scoring within SaaS Security — Advanced.,Core,3
F00391,P0101,Automation (SaaS Security),Differentiator capability providing automation within SaaS Security — Advanced.,Differentiator,2
F00392,P0101,Compliance Mapping (SaaS Security),Core capability providing compliance mapping within SaaS Security — Advanced.,Core,3
F00393,P0101,Reporting (SaaS Security),Differentiator capability providing reporting within SaaS Security — Advanced.,Differentiator,2
F00394,P0102,Log Retention (AI Posture Management),Core capability providing log retention within AI Posture Management — Essentials.,Core,3
F00395,P0102,Automation (AI Posture Management),Adjacent capability providing automation within AI Posture Management — Essentials.,Adjacent,1
F00396,P0102,Traffic Inspection (AI Posture Management),Differentiator capability providing traffic inspection within AI Posture Management — Essentials.,Differentiator,2
F00397,P0102,Sandboxing (AI Posture Management),Adjacent capability providing sandboxing within AI Posture Management — Essentials.,Adjacent,1
F00398,P0103,Posture Assessment (IoT Security),Core capability providing posture assessment within IoT Security — Advanced.,Core,3
F00399,P0103,Playbook Orchestration (IoT Security),Differentiator capability providing playbook orchestration within IoT Security — Advanced.,Differentiator,2
F00400,P0103,Detection (IoT Security),Differentiator capability providing detection within IoT Security — Advanced.,Differentiator,2
F00401,P0104,Rule Optimisation (Cortex Cloud),Core capability providing rule optimisation within Cortex Cloud — Essentials.,Core,3
F00402,P0104,Detection (Cortex Cloud),Differentiator capability providing detection within Cortex Cloud — Essentials.,Differentiator,2
F00403,P0104,Inline Analysis (Cortex Cloud),Differentiator capability providing inline analysis within Cortex Cloud — Essentials.,Differentiator,2
F00404,P0104,Reporting (Cortex Cloud),Adjacent capability providing reporting within Cortex Cloud — Essentials.,Adjacent,1
F00405,P0105,Risk Scoring (Advanced Threat Prevention),Core capability providing risk scoring within Advanced Threat Prevention — Premium.,Core,3
F00406,P0105,Rule Optimisation (Advanced Threat Prevention),Adjacent capability providing rule optimisation within Advanced Threat Prevention — Premium.,Adjacent,1
F00407,P0105,Alert Triage (Advanced Threat Prevention),Adjacent capability providing alert triage within Advanced Threat Prevention — Premium.,Adjacent,1
F00408,P0106,Compliance Mapping (Cortex XSOAR),Core capability providing compliance mapping within Cortex XSOAR — Advanced.,Core,3
F00409,P0106,Rule Optimisation (Cortex XSOAR),Core capability providing rule optimisation within Cortex XSOAR — Advanced.,Core,3
F00410,P0106,Alert Triage (Cortex XSOAR),Differentiator capability providing alert triage within Cortex XSOAR — Advanced.,Differentiator,2
F00411,P0106,Compliance Mapping (Cortex XSOAR),Differentiator capability providing compliance mapping within Cortex XSOAR — Advanced.,Differentiator,2
F00412,P0106,Anomaly Scoring (Cortex XSOAR),Adjacent capability providing anomaly scoring within Cortex XSOAR — Advanced.,Adjacent,1
F00413,P0107,Detection (Cortex XSOAR),Core capability providing detection within Cortex XSOAR — Essentials.,Core,3
F00414,P0107,Identity Correlation (Cortex XSOAR),Differentiator capability providing identity correlation within Cortex XSOAR — Essentials.,Differentiator,2
F00415,P0107,Rule Optimisation (Cortex XSOAR),Adjacent capability providing rule optimisation within Cortex XSOAR — Essentials.,Adjacent,1
F00416,P0108,Playbook Orchestration (Advanced DNS Security),Core capability providing playbook orchestration within Advanced DNS Security — Premium.,Core,3
F00417,P0108,Posture Assessment (Advanced DNS Security),Adjacent capability providing posture assessment within Advanced DNS Security — Premium.,Adjacent,1
F00418,P0108,Posture Assessment (Advanced DNS Security),Adjacent capability providing posture assessment within Advanced DNS Security — Premium.,Adjacent,1
F00419,P0108,Threat Hunting (Advanced DNS Security),Adjacent capability providing threat hunting within Advanced DNS Security — Premium.,Adjacent,1
F00420,P0108,Threat Hunting (Advanced DNS Security),Core capability providing threat hunting within Advanced DNS Security — Premium.,Core,3
F00421,P0109,Risk Scoring (Advanced DNS Security),Core capability providing risk scoring within Advanced DNS Security — Advanced.,Core,3
F00422,P0109,Threat Hunting (Advanced DNS Security),Core capability providing threat hunting within Advanced DNS Security — Advanced.,Core,3
F00423,P0109,Inline Analysis (Advanced DNS Security),Core capability providing inline analysis within Advanced DNS Security — Advanced.,Core,3
F00424,P0110,Sandboxing (Enterprise DLP),Core capability providing sandboxing within Enterprise DLP — Advanced.,Core,3
F00425,P0110,Traffic Inspection (Enterprise DLP),Differentiator capability providing traffic inspection within Enterprise DLP — Advanced.,Differentiator,2
F00426,P0110,Sandboxing (Enterprise DLP),Adjacent capability providing sandboxing within Enterprise DLP — Advanced.,Adjacent,1
F00427,P0110,Traffic Inspection (Enterprise DLP),Adjacent capability providing traffic inspection within Enterprise DLP — Advanced.,Adjacent,1
F00428,P0110,Segmentation (Enterprise DLP),Core capability providing segmentation within Enterprise DLP — Advanced.,Core,3
F00429,P0111,Incident Timeline (Advanced WildFire),Core capability providing incident timeline within Advanced WildFire — Essentials.,Core,3
F00430,P0111,Rule Optimisation (Advanced WildFire),Differentiator capability providing rule optimisation within Advanced WildFire — Essentials.,Differentiator,2
F00431,P0111,Identity Correlation (Advanced WildFire),Adjacent capability providing identity correlation within Advanced WildFire — Essentials.,Adjacent,1
F00432,P0111,Risk Scoring (Advanced WildFire),Core capability providing risk scoring within Advanced WildFire — Essentials.,Core,3
F00433,P0112,Rule Optimisation (Advanced WildFire),Core capability providing rule optimisation within Advanced WildFire — Premium.,Core,3
F00434,P0112,Rule Optimisation (Advanced WildFire),Differentiator capability providing rule optimisation within Advanced WildFire — Premium.,Differentiator,2
F00435,P0112,Reporting (Advanced WildFire),Core capability providing reporting within Advanced WildFire — Premium.,Core,3
F00436,P0113,Anomaly Scoring (AI Access Security),Core capability providing anomaly scoring within AI Access Security — Advanced.,Core,3
F00437,P0113,Traffic Inspection (AI Access Security),Adjacent capability providing traffic inspection within AI Access Security — Advanced.,Adjacent,1
F00438,P0113,Data Classification (AI Access Security),Core capability providing data classification within AI Access Security — Advanced.,Core,3
F00439,P0114,Compliance Mapping (Advanced DNS Security),Core capability providing compliance mapping within Advanced DNS Security — Advanced.,Core,3
F00440,P0114,Detection (Advanced DNS Security),Differentiator capability providing detection within Advanced DNS Security — Advanced.,Differentiator,2
F00441,P0114,Posture Assessment (Advanced DNS Security),Adjacent capability providing posture assessment within Advanced DNS Security — Advanced.,Adjacent,1
F00442,P0114,Log Retention (Advanced DNS Security),Adjacent capability providing log retention within Advanced DNS Security — Advanced.,Adjacent,1
F00443,P0115,Detection (SaaS Security),Core capability providing detection within SaaS Security — Advanced.,Core,3
F00444,P0115,Sandboxing (SaaS Security),Core capability providing sandboxing within SaaS Security — Advanced.,Core,3
F00445,P0115,Segmentation (SaaS Security),Adjacent capability providing segmentation within SaaS Security — Advanced.,Adjacent,1
F00446,P0115,Alert Triage (SaaS Security),Adjacent capability providing alert triage within SaaS Security — Advanced.,Adjacent,1
F00447,P0116,Data Classification (Cortex XDR),Core capability providing data classification within Cortex XDR — Essentials.,Core,3
F00448,P0116,Policy (Cortex XDR),Adjacent capability providing policy within Cortex XDR — Essentials.,Adjacent,1
F00449,P0116,Segmentation (Cortex XDR),Adjacent capability providing segmentation within Cortex XDR — Essentials.,Adjacent,1
F00450,P0117,Reporting (AI Model Scanning),Core capability providing reporting within AI Model Scanning — Premium.,Core,3
F00451,P0117,Alert Triage (AI Model Scanning),Differentiator capability providing alert triage within AI Model Scanning — Premium.,Differentiator,2
F00452,P0117,Inline Analysis (AI Model Scanning),Adjacent capability providing inline analysis within AI Model Scanning — Premium.,Adjacent,1
F00453,P0117,Anomaly Scoring (AI Model Scanning),Adjacent capability providing anomaly scoring within AI Model Scanning — Premium.,Adjacent,1
F00454,P0118,Automation (Cortex XSOAR),Core capability providing automation within Cortex XSOAR — Premium.,Core,3
F00455,P0118,Threat Hunting (Cortex XSOAR),Differentiator capability providing threat hunting within Cortex XSOAR — Premium.,Differentiator,2
F00456,P0118,Playbook Orchestration (Cortex XSOAR),Adjacent capability providing playbook orchestration within Cortex XSOAR — Premium.,Adjacent,1
F00457,P0118,Threat Hunting (Cortex XSOAR),Differentiator capability providing threat hunting within Cortex XSOAR — Premium.,Differentiator,2
F00458,P0118,Risk Scoring (Cortex XSOAR),Differentiator capability providing risk scoring within Cortex XSOAR — Premium.,Differentiator,2
F00459,P0119,Posture Assessment (Prisma Browser),Core capability providing posture assessment within Prisma Browser — Premium.,Core,3
F00460,P0119,Automation (Prisma Browser),Differentiator capability providing automation within Prisma Browser — Premium.,Differentiator,2
F00461,P0119,Anomaly Scoring (Prisma Browser),Differentiator capability providing anomaly scoring within Prisma Browser — Premium.,Differentiator,2
F00462,P0119,Identity Correlation (Prisma Browser),Differentiator capability providing identity correlation within Prisma Browser — Premium.,Differentiator,2
F00463,P0119,Sandboxing (Prisma Browser),Core capability providing sandboxing within Prisma Browser — Premium.,Core,3
F00464,P0120,Rule Optimisation (Cortex XSIAM),Core capability providing rule optimisation within Cortex XSIAM — Premium.,Core,3
F00465,P0120,Policy (Cortex XSIAM),Adjacent capability providing policy within Cortex XSIAM — Premium.,Adjacent,1
F00466,P0120,Posture Assessment (Cortex XSIAM),Differentiator capability providing posture assessment within Cortex XSIAM — Premium.,Differentiator,2
F00467,P0121,Detection (Cortex XSOAR),Core capability providing detection within Cortex XSOAR — Essentials.,Core,3
F00468,P0121,Alert Triage (Cortex XSOAR),Adjacent capability providing alert triage within Cortex XSOAR — Essentials.,Adjacent,1
F00469,P0121,Detection (Cortex XSOAR),Differentiator capability providing detection within Cortex XSOAR — Essentials.,Differentiator,2
F00470,P0122,Data Classification (Prisma Access),Core capability providing data classification within Prisma Access — Premium.,Core,3
F00471,P0122,Playbook Orchestration (Prisma Access),Core capability providing playbook orchestration within Prisma Access — Premium.,Core,3
F00472,P0122,Identity Correlation (Prisma Access),Differentiator capability providing identity correlation within Prisma Access — Premium.,Differentiator,2
F00473,P0122,Sandboxing (Prisma Access),Differentiator capability providing sandboxing within Prisma Access — Premium.,Differentiator,2
F00474,P0123,Playbook Orchestration (Advanced URL Filtering),Core capability providing playbook orchestration within Advanced URL Filtering — Essentials.,Core,3
F00475,P0123,Posture Assessment (Advanced URL Filtering),Adjacent capability providing posture assessment within Advanced URL Filtering — Essentials.,Adjacent,1
F00476,P0123,Compliance Mapping (Advanced URL Filtering),Adjacent capability providing compliance mapping within Advanced URL Filtering — Essentials.,Adjacent,1
F00477,P0123,Rule Optimisation (Advanced URL Filtering),Differentiator capability providing rule optimisation within Advanced URL Filtering — Essentials.,Differentiator,2
F00478,P0123,Traffic Inspection (Advanced URL Filtering),Differentiator capability providing traffic inspection within Advanced URL Filtering — Essentials.,Differentiator,2
F00479,P0124,Automation (Advanced URL Filtering),Core capability providing automation within Advanced URL Filtering — Advanced.,Core,3
F00480,P0124,Anomaly Scoring (Advanced URL Filtering),Differentiator capability providing anomaly scoring within Advanced URL Filtering — Advanced.,Differentiator,2
F00481,P0124,Policy (Advanced URL Filtering),Adjacent capability providing policy within Advanced URL Filtering — Advanced.,Adjacent,1
F00482,P0124,Sandboxing (Advanced URL Filtering),Differentiator capability providing sandboxing within Advanced URL Filtering — Advanced.,Differentiator,2
F00483,P0125,Threat Hunting (Prisma SD-WAN),Core capability providing threat hunting within Prisma SD-WAN — Essentials.,Core,3
F00484,P0125,Alert Triage (Prisma SD-WAN),Differentiator capability providing alert triage within Prisma SD-WAN — Essentials.,Differentiator,2
F00485,P0125,Alert Triage (Prisma SD-WAN),Adjacent capability providing alert triage within Prisma SD-WAN — Essentials.,Adjacent,1
F00486,P0126,Policy (Autonomous DEM),Core capability providing policy within Autonomous DEM — Essentials.,Core,3
F00487,P0126,Compliance Mapping (Autonomous DEM),Differentiator capability providing compliance mapping within Autonomous DEM — Essentials.,Differentiator,2
F00488,P0126,Inline Analysis (Autonomous DEM),Adjacent capability providing inline analysis within Autonomous DEM — Essentials.,Adjacent,1
F00489,P0126,Posture Assessment (Autonomous DEM),Differentiator capability providing posture assessment within Autonomous DEM — Essentials.,Differentiator,2
F00490,P0126,Incident Timeline (Autonomous DEM),Adjacent capability providing incident timeline within Autonomous DEM — Essentials.,Adjacent,1
F00491,P0127,Anomaly Scoring (IoT Security),Core capability providing anomaly scoring within IoT Security — Advanced.,Core,3
F00492,P0127,Log Retention (IoT Security),Differentiator capability providing log retention within IoT Security — Advanced.,Differentiator,2
F00493,P0127,Risk Scoring (IoT Security),Adjacent capability providing risk scoring within IoT Security — Advanced.,Adjacent,1
F00494,P0128,Anomaly Scoring (Cortex Cloud),Core capability providing anomaly scoring within Cortex Cloud — Advanced.,Core,3
F00495,P0128,Identity Correlation (Cortex Cloud),Adjacent capability providing identity correlation within Cortex Cloud — Advanced.,Adjacent,1
F00496,P0128,Incident Timeline (Cortex Cloud),Differentiator capability providing incident timeline within Cortex Cloud — Advanced.,Differentiator,2
F00497,P0128,Sandboxing (Cortex Cloud),Differentiator capability providing sandboxing within Cortex Cloud — Advanced.,Differentiator,2
F00498,P0129,Data Classification (Advanced WildFire),Core capability providing data classification within Advanced WildFire — Advanced.,Core,3
F00499,P0129,Traffic Inspection (Advanced WildFire),Core capability providing traffic inspection within Advanced WildFire — Advanced.,Core,3
F00500,P0129,Incident Timeline (Advanced WildFire),Differentiator capability providing incident timeline within Advanced WildFire — Advanced.,Differentiator,2
F00501,P0129,Incident Timeline (Advanced WildFire),Adjacent capability providing incident timeline within Advanced WildFire — Advanced.,Adjacent,1
F00502,P0129,Anomaly Scoring (Advanced WildFire),Adjacent capability providing anomaly scoring within Advanced WildFire — Advanced.,Adjacent,1
F00503,P0130,Log Retention (AI Model Scanning),Core capability providing log retention within AI Model Scanning — Advanced.,Core,3
F00504,P0130,Segmentation (AI Model Scanning),Adjacent capability providing segmentation within AI Model Scanning — Advanced.,Adjacent,1
F00505,P0130,Log Retention (AI Model Scanning),Differentiator capability providing log retention within AI Model Scanning — Advanced.,Differentiator,2
F00506,P0130,Log Retention (AI Model Scanning),Differentiator capability providing log retention within AI Model Scanning — Advanced.,Differentiator,2
F00507,P0131,Alert Triage (Advanced WildFire),Core capability providing alert triage within Advanced WildFire — Advanced.,Core,3
F00508,P0131,Detection (Advanced WildFire),Adjacent capability providing detection within Advanced WildFire — Advanced.,Adjacent,1
F00509,P0131,Incident Timeline (Advanced WildFire),Adjacent capability providing incident timeline within Advanced WildFire — Advanced.,Adjacent,1
F00510,P0131,Sandboxing (Advanced WildFire),Differentiator capability providing sandboxing within Advanced WildFire — Advanced.,Differentiator,2
F00511,P0131,Segmentation (Advanced WildFire),Core capability providing segmentation within Advanced WildFire — Advanced.,Core,3
F00512,P0132,Risk Scoring (Prisma Browser),Core capability providing risk scoring within Prisma Browser — Premium.,Core,3
F00513,P0132,Sandboxing (Prisma Browser),Core capability providing sandboxing within Prisma Browser — Premium.,Core,3
F00514,P0132,Sandboxing (Prisma Browser),Core capability providing sandboxing within Prisma Browser — Premium.,Core,3
F00515,P0132,Detection (Prisma Browser),Differentiator capability providing detection within Prisma Browser — Premium.,Differentiator,2
F00516,P0132,Rule Optimisation (Prisma Browser),Differentiator capability providing rule optimisation within Prisma Browser — Premium.,Differentiator,2
F00517,P0133,Traffic Inspection (Cortex XSOAR),Core capability providing traffic inspection within Cortex XSOAR — Essentials.,Core,3
F00518,P0133,Compliance Mapping (Cortex XSOAR),Adjacent capability providing compliance mapping within Cortex XSOAR — Essentials.,Adjacent,1
F00519,P0133,Data Classification (Cortex XSOAR),Adjacent capability providing data classification within Cortex XSOAR — Essentials.,Adjacent,1
F00520,P0133,Identity Correlation (Cortex XSOAR),Differentiator capability providing identity correlation within Cortex XSOAR — Essentials.,Differentiator,2
F00521,P0133,Anomaly Scoring (Cortex XSOAR),Adjacent capability providing anomaly scoring within Cortex XSOAR — Essentials.,Adjacent,1
F00522,P0134,Posture Assessment (Exposure Management),Core capability providing posture assessment within Exposure Management — Essentials.,Core,3
F00523,P0134,Anomaly Scoring (Exposure Management),Adjacent capability providing anomaly scoring within Exposure Management — Essentials.,Adjacent,1
F00524,P0134,Reporting (Exposure Management),Adjacent capability providing reporting within Exposure Management — Essentials.,Adjacent,1
F00525,P0135,Posture Assessment (Cortex XSOAR),Core capability providing posture assessment within Cortex XSOAR — Essentials.,Core,3
F00526,P0135,Segmentation (Cortex XSOAR),Core capability providing segmentation within Cortex XSOAR — Essentials.,Core,3
F00527,P0135,Automation (Cortex XSOAR),Differentiator capability providing automation within Cortex XSOAR — Essentials.,Differentiator,2
F00528,P0135,Alert Triage (Cortex XSOAR),Adjacent capability providing alert triage within Cortex XSOAR — Essentials.,Adjacent,1
F00529,P0136,Segmentation (Autonomous DEM),Core capability providing segmentation within Autonomous DEM — Essentials.,Core,3
F00530,P0136,Data Classification (Autonomous DEM),Differentiator capability providing data classification within Autonomous DEM — Essentials.,Differentiator,2
F00531,P0136,Log Retention (Autonomous DEM),Adjacent capability providing log retention within Autonomous DEM — Essentials.,Adjacent,1
F00532,P0136,Rule Optimisation (Autonomous DEM),Differentiator capability providing rule optimisation within Autonomous DEM — Essentials.,Differentiator,2
F00533,P0137,Rule Optimisation (Exposure Management),Core capability providing rule optimisation within Exposure Management — Premium.,Core,3
F00534,P0137,Rule Optimisation (Exposure Management),Differentiator capability providing rule optimisation within Exposure Management — Premium.,Differentiator,2
F00535,P0137,Incident Timeline (Exposure Management),Core capability providing incident timeline within Exposure Management — Premium.,Core,3
F00536,P0137,Automation (Exposure Management),Core capability providing automation within Exposure Management — Premium.,Core,3
F00537,P0138,Sandboxing (Exposure Management),Core capability providing sandboxing within Exposure Management — Premium.,Core,3
F00538,P0138,Identity Correlation (Exposure Management),Adjacent capability providing identity correlation within Exposure Management — Premium.,Adjacent,1
F00539,P0138,Anomaly Scoring (Exposure Management),Differentiator capability providing anomaly scoring within Exposure Management — Premium.,Differentiator,2
F00540,P0138,Risk Scoring (Exposure Management),Adjacent capability providing risk scoring within Exposure Management — Premium.,Adjacent,1
F00541,P0139,Threat Hunting (Cortex XSIAM),Core capability providing threat hunting within Cortex XSIAM — Premium.,Core,3
F00542,P0139,Segmentation (Cortex XSIAM),Adjacent capability providing segmentation within Cortex XSIAM — Premium.,Adjacent,1
F00543,P0139,Risk Scoring (Cortex XSIAM),Differentiator capability providing risk scoring within Cortex XSIAM — Premium.,Differentiator,2
F00544,P0140,Posture Assessment (Advanced URL Filtering),Core capability providing posture assessment within Advanced URL Filtering — Advanced.,Core,3
F00545,P0140,Automation (Advanced URL Filtering),Adjacent capability providing automation within Advanced URL Filtering — Advanced.,Adjacent,1
F00546,P0140,Compliance Mapping (Advanced URL Filtering),Adjacent capability providing compliance mapping within Advanced URL Filtering — Advanced.,Adjacent,1
F00547,P0140,Segmentation (Advanced URL Filtering),Core capability providing segmentation within Advanced URL Filtering — Advanced.,Core,3
F00548,P0140,Posture Assessment (Advanced URL Filtering),Adjacent capability providing posture assessment within Advanced URL Filtering — Advanced.,Adjacent,1
F00549,P0141,Posture Assessment (Advanced DNS Security),Core capability providing posture assessment within Advanced DNS Security — Advanced.,Core,3
F00550,P0141,Rule Optimisation (Advanced DNS Security),Adjacent capability providing rule optimisation within Advanced DNS Security — Advanced.,Adjacent,1
F00551,P0141,Posture Assessment (Advanced DNS Security),Core capability providing posture assessment within Advanced DNS Security — Advanced.,Core,3
F00552,P0141,Compliance Mapping (Advanced DNS Security),Differentiator capability providing compliance mapping within Advanced DNS Security — Advanced.,Differentiator,2
F00553,P0142,Risk Scoring (Cortex XSOAR),Core capability providing risk scoring within Cortex XSOAR — Advanced.,Core,3
F00554,P0142,Sandboxing (Cortex XSOAR),Core capability providing sandboxing within Cortex XSOAR — Advanced.,Core,3
F00555,P0142,Risk Scoring (Cortex XSOAR),Differentiator capability providing risk scoring within Cortex XSOAR — Advanced.,Differentiator,2
F00556,P0143,Data Classification (Advanced URL Filtering),Core capability providing data classification within Advanced URL Filtering — Essentials.,Core,3
F00557,P0143,Policy (Advanced URL Filtering),Differentiator capability providing policy within Advanced URL Filtering — Essentials.,Differentiator,2
F00558,P0143,Segmentation (Advanced URL Filtering),Core capability providing segmentation within Advanced URL Filtering — Essentials.,Core,3
F00559,P0143,Identity Correlation (Advanced URL Filtering),Differentiator capability providing identity correlation within Advanced URL Filtering — Essentials.,Differentiator,2
F00560,P0144,Alert Triage (Cortex XDR),Core capability providing alert triage within Cortex XDR — Premium.,Core,3
F00561,P0144,Alert Triage (Cortex XDR),Core capability providing alert triage within Cortex XDR — Premium.,Core,3
F00562,P0144,Data Classification (Cortex XDR),Core capability providing data classification within Cortex XDR — Premium.,Core,3
F00563,P0145,Posture Assessment (AI Model Scanning),Core capability providing posture assessment within AI Model Scanning — Essentials.,Core,3
F00564,P0145,Automation (AI Model Scanning),Core capability providing automation within AI Model Scanning — Essentials.,Core,3
F00565,P0145,Detection (AI Model Scanning),Differentiator capability providing detection within AI Model Scanning — Essentials.,Differentiator,2
F00566,P0145,Anomaly Scoring (AI Model Scanning),Adjacent capability providing anomaly scoring within AI Model Scanning — Essentials.,Adjacent,1
F00567,P0146,Risk Scoring (Advanced DNS Security),Core capability providing risk scoring within Advanced DNS Security — Essentials.,Core,3
F00568,P0146,Inline Analysis (Advanced DNS Security),Differentiator capability providing inline analysis within Advanced DNS Security — Essentials.,Differentiator,2
F00569,P0146,Segmentation (Advanced DNS Security),Differentiator capability providing segmentation within Advanced DNS Security — Essentials.,Differentiator,2
F00570,P0146,Compliance Mapping (Advanced DNS Security),Differentiator capability providing compliance mapping within Advanced DNS Security — Essentials.,Differentiator,2
F00571,P0147,Sandboxing (Attack Surface Management),Core capability providing sandboxing within Attack Surface Management — Advanced.,Core,3
F00572,P0147,Policy (Attack Surface Management),Adjacent capability providing policy within Attack Surface Management — Advanced.,Adjacent,1
F00573,P0147,Alert Triage (Attack Surface Management),Differentiator capability providing alert triage within Attack Surface Management — Advanced.,Differentiator,2
F00574,P0147,Alert Triage (Attack Surface Management),Adjacent capability providing alert triage within Attack Surface Management — Advanced.,Adjacent,1
F00575,P0148,Reporting (AI Runtime Security),Core capability providing reporting within AI Runtime Security — Premium.,Core,3
F00576,P0148,Data Classification (AI Runtime Security),Adjacent capability providing data classification within AI Runtime Security — Premium.,Adjacent,1
F00577,P0148,Detection (AI Runtime Security),Differentiator capability providing detection within AI Runtime Security — Premium.,Differentiator,2
F00578,P0148,Sandboxing (AI Runtime Security),Core capability providing sandboxing within AI Runtime Security — Premium.,Core,3
F00579,P0148,Log Retention (AI Runtime Security),Differentiator capability providing log retention within AI Runtime Security — Premium.,Differentiator,2
F00580,P0149,Policy (Advanced DNS Security),Core capability providing policy within Advanced DNS Security — Advanced.,Core,3
F00581,P0149,Detection (Advanced DNS Security),Adjacent capability providing detection within Advanced DNS Security — Advanced.,Adjacent,1
F00582,P0149,Reporting (Advanced DNS Security),Adjacent capability providing reporting within Advanced DNS Security — Advanced.,Adjacent,1
F00583,P0149,Risk Scoring (Advanced DNS Security),Core capability providing risk scoring within Advanced DNS Security — Advanced.,Core,3
F00584,P0149,Playbook Orchestration (Advanced DNS Security),Core capability providing playbook orchestration within Advanced DNS Security — Advanced.,Core,3
F00585,P0150,Threat Hunting (Advanced WildFire),Core capability providing threat hunting within Advanced WildFire — Premium.,Core,3
F00586,P0150,Policy (Advanced WildFire),Core capability providing policy within Advanced WildFire — Premium.,Core,3
F00587,P0150,Anomaly Scoring (Advanced WildFire),Differentiator capability providing anomaly scoring within Advanced WildFire — Premium.,Differentiator,2
F00588,P0150,Risk Scoring (Advanced WildFire),Adjacent capability providing risk scoring within Advanced WildFire — Premium.,Adjacent,1
F00589,P0151,Risk Scoring (NGFW),Core capability providing risk scoring within NGFW — Advanced.,Core,3
F00590,P0151,Reporting (NGFW),Core capability providing reporting within NGFW — Advanced.,Core,3
F00591,P0151,Identity Correlation (NGFW),Differentiator capability providing identity correlation within NGFW — Advanced.,Differentiator,2
F00592,P0151,Incident Timeline (NGFW),Adjacent capability providing incident timeline within NGFW — Advanced.,Adjacent,1
F00593,P0151,Reporting (NGFW),Adjacent capability providing reporting within NGFW — Advanced.,Adjacent,1
F00594,P0152,Threat Hunting (Advanced DNS Security),Core capability providing threat hunting within Advanced DNS Security — Essentials.,Core,3
F00595,P0152,Log Retention (Advanced DNS Security),Core capability providing log retention within Advanced DNS Security — Essentials.,Core,3
F00596,P0152,Identity Correlation (Advanced DNS Security),Core capability providing identity correlation within Advanced DNS Security — Essentials.,Core,3
F00597,P0152,Threat Hunting (Advanced DNS Security),Differentiator capability providing threat hunting within Advanced DNS Security — Essentials.,Differentiator,2
F00598,P0153,Compliance Mapping (AI Posture Management),Core capability providing compliance mapping within AI Posture Management — Premium.,Core,3
F00599,P0153,Threat Hunting (AI Posture Management),Adjacent capability providing threat hunting within AI Posture Management — Premium.,Adjacent,1
F00600,P0153,Compliance Mapping (AI Posture Management),Differentiator capability providing compliance mapping within AI Posture Management — Premium.,Differentiator,2
F00601,P0153,Segmentation (AI Posture Management),Core capability providing segmentation within AI Posture Management — Premium.,Core,3
F00602,P0154,Reporting (Advanced WildFire),Core capability providing reporting within Advanced WildFire — Premium.,Core,3
F00603,P0154,Rule Optimisation (Advanced WildFire),Core capability providing rule optimisation within Advanced WildFire — Premium.,Core,3
F00604,P0154,Compliance Mapping (Advanced WildFire),Adjacent capability providing compliance mapping within Advanced WildFire — Premium.,Adjacent,1
F00605,P0155,Automation (Prisma Browser),Core capability providing automation within Prisma Browser — Essentials.,Core,3
F00606,P0155,Reporting (Prisma Browser),Adjacent capability providing reporting within Prisma Browser — Essentials.,Adjacent,1
F00607,P0155,Log Retention (Prisma Browser),Adjacent capability providing log retention within Prisma Browser — Essentials.,Adjacent,1
F00608,P0156,Reporting (Prisma SD-WAN),Core capability providing reporting within Prisma SD-WAN — Advanced.,Core,3
F00609,P0156,Posture Assessment (Prisma SD-WAN),Differentiator capability providing posture assessment within Prisma SD-WAN — Advanced.,Differentiator,2
F00610,P0156,Detection (Prisma SD-WAN),Adjacent capability providing detection within Prisma SD-WAN — Advanced.,Adjacent,1
F00611,P0156,Anomaly Scoring (Prisma SD-WAN),Differentiator capability providing anomaly scoring within Prisma SD-WAN — Advanced.,Differentiator,2
F00612,P0156,Data Classification (Prisma SD-WAN),Differentiator capability providing data classification within Prisma SD-WAN — Advanced.,Differentiator,2
F00613,P0157,Detection (Autonomous DEM),Core capability providing detection within Autonomous DEM — Advanced.,Core,3
F00614,P0157,Policy (Autonomous DEM),Differentiator capability providing policy within Autonomous DEM — Advanced.,Differentiator,2
F00615,P0157,Inline Analysis (Autonomous DEM),Adjacent capability providing inline analysis within Autonomous DEM — Advanced.,Adjacent,1
F00616,P0157,Posture Assessment (Autonomous DEM),Core capability providing posture assessment within Autonomous DEM — Advanced.,Core,3
F00617,P0157,Segmentation (Autonomous DEM),Adjacent capability providing segmentation within Autonomous DEM — Advanced.,Adjacent,1
F00618,P0158,Automation (AI Posture Management),Core capability providing automation within AI Posture Management — Essentials.,Core,3
F00619,P0158,Data Classification (AI Posture Management),Adjacent capability providing data classification within AI Posture Management — Essentials.,Adjacent,1
F00620,P0158,Segmentation (AI Posture Management),Adjacent capability providing segmentation within AI Posture Management — Essentials.,Adjacent,1
F00621,P0158,Posture Assessment (AI Posture Management),Differentiator capability providing posture assessment within AI Posture Management — Essentials.,Differentiator,2
F00622,P0159,Log Retention (Attack Surface Management),Core capability providing log retention within Attack Surface Management — Essentials.,Core,3
F00623,P0159,Sandboxing (Attack Surface Management),Differentiator capability providing sandboxing within Attack Surface Management — Essentials.,Differentiator,2
F00624,P0159,Compliance Mapping (Attack Surface Management),Adjacent capability providing compliance mapping within Attack Surface Management — Essentials.,Adjacent,1
F00625,P0160,Detection (Advanced Threat Prevention),Core capability providing detection within Advanced Threat Prevention — Premium.,Core,3
F00626,P0160,Posture Assessment (Advanced Threat Prevention),Adjacent capability providing posture assessment within Advanced Threat Prevention — Premium.,Adjacent,1
F00627,P0160,Reporting (Advanced Threat Prevention),Adjacent capability providing reporting within Advanced Threat Prevention — Premium.,Adjacent,1
F00628,P0160,Risk Scoring (Advanced Threat Prevention),Core capability providing risk scoring within Advanced Threat Prevention — Premium.,Core,3
F00629,P0161,Data Classification (SaaS Security),Core capability providing data classification within SaaS Security — Essentials.,Core,3
F00630,P0161,Incident Timeline (SaaS Security),Differentiator capability providing incident timeline within SaaS Security — Essentials.,Differentiator,2
F00631,P0161,Policy (SaaS Security),Adjacent capability providing policy within SaaS Security — Essentials.,Adjacent,1
F00632,P0161,Inline Analysis (SaaS Security),Differentiator capability providing inline analysis within SaaS Security — Essentials.,Differentiator,2
F00633,P0161,Compliance Mapping (SaaS Security),Adjacent capability providing compliance mapping within SaaS Security — Essentials.,Adjacent,1
F00634,P0162,Log Retention (Attack Surface Management),Core capability providing log retention within Attack Surface Management — Essentials.,Core,3
F00635,P0162,Segmentation (Attack Surface Management),Core capability providing segmentation within Attack Surface Management — Essentials.,Core,3
F00636,P0162,Policy (Attack Surface Management),Differentiator capability providing policy within Attack Surface Management — Essentials.,Differentiator,2
F00637,P0162,Identity Correlation (Attack Surface Management),Core capability providing identity correlation within Attack Surface Management — Essentials.,Core,3
F00638,P0163,Segmentation (AI Access Security),Core capability providing segmentation within AI Access Security — Premium.,Core,3
F00639,P0163,Identity Correlation (AI Access Security),Adjacent capability providing identity correlation within AI Access Security — Premium.,Adjacent,1
F00640,P0163,Identity Correlation (AI Access Security),Adjacent capability providing identity correlation within AI Access Security — Premium.,Adjacent,1
F00641,P0163,Incident Timeline (AI Access Security),Adjacent capability providing incident timeline within AI Access Security — Premium.,Adjacent,1
F00642,P0163,Reporting (AI Access Security),Adjacent capability providing reporting within AI Access Security — Premium.,Adjacent,1
F00643,P0164,Sandboxing (IoT Security),Core capability providing sandboxing within IoT Security — Essentials.,Core,3
F00644,P0164,Inline Analysis (IoT Security),Adjacent capability providing inline analysis within IoT Security — Essentials.,Adjacent,1
F00645,P0164,Traffic Inspection (IoT Security),Differentiator capability providing traffic inspection within IoT Security — Essentials.,Differentiator,2
F00646,P0164,Incident Timeline (IoT Security),Differentiator capability providing incident timeline within IoT Security — Essentials.,Differentiator,2
F00647,P0165,Identity Correlation (Attack Surface Management),Core capability providing identity correlation within Attack Surface Management — Advanced.,Core,3
F00648,P0165,Compliance Mapping (Attack Surface Management),Core capability providing compliance mapping within Attack Surface Management — Advanced.,Core,3
F00649,P0165,Compliance Mapping (Attack Surface Management),Adjacent capability providing compliance mapping within Attack Surface Management — Advanced.,Adjacent,1
F00650,P0166,Alert Triage (Advanced Threat Prevention),Core capability providing alert triage within Advanced Threat Prevention — Premium.,Core,3
F00651,P0166,Segmentation (Advanced Threat Prevention),Core capability providing segmentation within Advanced Threat Prevention — Premium.,Core,3
F00652,P0166,Log Retention (Advanced Threat Prevention),Differentiator capability providing log retention within Advanced Threat Prevention — Premium.,Differentiator,2
F00653,P0167,Sandboxing (Advanced WildFire),Core capability providing sandboxing within Advanced WildFire — Advanced.,Core,3
F00654,P0167,Sandboxing (Advanced WildFire),Differentiator capability providing sandboxing within Advanced WildFire — Advanced.,Differentiator,2
F00655,P0167,Alert Triage (Advanced WildFire),Adjacent capability providing alert triage within Advanced WildFire — Advanced.,Adjacent,1
F00656,P0168,Playbook Orchestration (SaaS Security),Core capability providing playbook orchestration within SaaS Security — Essentials.,Core,3
F00657,P0168,Automation (SaaS Security),Differentiator capability providing automation within SaaS Security — Essentials.,Differentiator,2
F00658,P0168,Compliance Mapping (SaaS Security),Adjacent capability providing compliance mapping within SaaS Security — Essentials.,Adjacent,1
F00659,P0169,Policy (Cortex XSOAR),Core capability providing policy within Cortex XSOAR — Advanced.,Core,3
F00660,P0169,Reporting (Cortex XSOAR),Differentiator capability providing reporting within Cortex XSOAR — Advanced.,Differentiator,2
F00661,P0169,Sandboxing (Cortex XSOAR),Adjacent capability providing sandboxing within Cortex XSOAR — Advanced.,Adjacent,1
F00662,P0169,Risk Scoring (Cortex XSOAR),Adjacent capability providing risk scoring within Cortex XSOAR — Advanced.,Adjacent,1
F00663,P0170,Automation (Advanced WildFire),Core capability providing automation within Advanced WildFire — Advanced.,Core,3
F00664,P0170,Incident Timeline (Advanced WildFire),Adjacent capability providing incident timeline within Advanced WildFire — Advanced.,Adjacent,1
F00665,P0170,Incident Timeline (Advanced WildFire),Core capability providing incident timeline within Advanced WildFire — Advanced.,Core,3
F00666,P0171,Segmentation (Cortex Cloud),Core capability providing segmentation within Cortex Cloud — Essentials.,Core,3
F00667,P0171,Data Classification (Cortex Cloud),Differentiator capability providing data classification within Cortex Cloud — Essentials.,Differentiator,2
F00668,P0171,Detection (Cortex Cloud),Differentiator capability providing detection within Cortex Cloud — Essentials.,Differentiator,2
F00669,P0171,Alert Triage (Cortex Cloud),Differentiator capability providing alert triage within Cortex Cloud — Essentials.,Differentiator,2
F00670,P0171,Playbook Orchestration (Cortex Cloud),Adjacent capability providing playbook orchestration within Cortex Cloud — Essentials.,Adjacent,1
F00671,P0172,Data Classification (Advanced Threat Prevention),Core capability providing data classification within Advanced Threat Prevention — Essentials.,Core,3
F00672,P0172,Playbook Orchestration (Advanced Threat Prevention),Adjacent capability providing playbook orchestration within Advanced Threat Prevention — Essentials.,Adjacent,1
F00673,P0172,Reporting (Advanced Threat Prevention),Adjacent capability providing reporting within Advanced Threat Prevention — Essentials.,Adjacent,1
F00674,P0172,Reporting (Advanced Threat Prevention),Differentiator capability providing reporting within Advanced Threat Prevention — Essentials.,Differentiator,2
F00675,P0173,Anomaly Scoring (Autonomous DEM),Core capability providing anomaly scoring within Autonomous DEM — Advanced.,Core,3
F00676,P0173,Traffic Inspection (Autonomous DEM),Differentiator capability providing traffic inspection within Autonomous DEM — Advanced.,Differentiator,2
F00677,P0173,Identity Correlation (Autonomous DEM),Differentiator capability providing identity correlation within Autonomous DEM — Advanced.,Differentiator,2
F00678,P0173,Data Classification (Autonomous DEM),Adjacent capability providing data classification within Autonomous DEM — Advanced.,Adjacent,1
F00679,P0173,Reporting (Autonomous DEM),Adjacent capability providing reporting within Autonomous DEM — Advanced.,Adjacent,1
F00680,P0174,Risk Scoring (Advanced DNS Security),Core capability providing risk scoring within Advanced DNS Security — Premium.,Core,3
F00681,P0174,Reporting (Advanced DNS Security),Adjacent capability providing reporting within Advanced DNS Security — Premium.,Adjacent,1
F00682,P0174,Log Retention (Advanced DNS Security),Differentiator capability providing log retention within Advanced DNS Security — Premium.,Differentiator,2
F00683,P0175,Threat Hunting (IoT Security),Core capability providing threat hunting within IoT Security — Premium.,Core,3
F00684,P0175,Segmentation (IoT Security),Differentiator capability providing segmentation within IoT Security — Premium.,Differentiator,2
F00685,P0175,Reporting (IoT Security),Core capability providing reporting within IoT Security — Premium.,Core,3
F00686,P0175,Risk Scoring (IoT Security),Adjacent capability providing risk scoring within IoT Security — Premium.,Adjacent,1
F00687,P0175,Detection (IoT Security),Differentiator capability providing detection within IoT Security — Premium.,Differentiator,2
F00688,P0176,Rule Optimisation (Cortex Cloud),Core capability providing rule optimisation within Cortex Cloud — Advanced.,Core,3
F00689,P0176,Identity Correlation (Cortex Cloud),Adjacent capability providing identity correlation within Cortex Cloud — Advanced.,Adjacent,1
F00690,P0176,Inline Analysis (Cortex Cloud),Adjacent capability providing inline analysis within Cortex Cloud — Advanced.,Adjacent,1
F00691,P0176,Compliance Mapping (Cortex Cloud),Adjacent capability providing compliance mapping within Cortex Cloud — Advanced.,Adjacent,1
F00692,P0176,Policy (Cortex Cloud),Differentiator capability providing policy within Cortex Cloud — Advanced.,Differentiator,2
F00693,P0177,Identity Correlation (Enterprise DLP),Core capability providing identity correlation within Enterprise DLP — Advanced.,Core,3
F00694,P0177,Posture Assessment (Enterprise DLP),Adjacent capability providing posture assessment within Enterprise DLP — Advanced.,Adjacent,1
F00695,P0177,Rule Optimisation (Enterprise DLP),Adjacent capability providing rule optimisation within Enterprise DLP — Advanced.,Adjacent,1
F00696,P0177,Posture Assessment (Enterprise DLP),Differentiator capability providing posture assessment within Enterprise DLP — Advanced.,Differentiator,2
F00697,P0177,Inline Analysis (Enterprise DLP),Adjacent capability providing inline analysis within Enterprise DLP — Advanced.,Adjacent,1
F00698,P0178,Segmentation (Autonomous DEM),Core capability providing segmentation within Autonomous DEM — Advanced.,Core,3
F00699,P0178,Identity Correlation (Autonomous DEM),Differentiator capability providing identity correlation within Autonomous DEM — Advanced.,Differentiator,2
F00700,P0178,Sandboxing (Autonomous DEM),Adjacent capability providing sandboxing within Autonomous DEM — Advanced.,Adjacent,1
F00701,P0179,Log Retention (AI Runtime Security),Core capability providing log retention within AI Runtime Security — Essentials.,Core,3
F00702,P0179,Sandboxing (AI Runtime Security),Adjacent capability providing sandboxing within AI Runtime Security — Essentials.,Adjacent,1
F00703,P0179,Segmentation (AI Runtime Security),Adjacent capability providing segmentation within AI Runtime Security — Essentials.,Adjacent,1
F00704,P0179,Anomaly Scoring (AI Runtime Security),Adjacent capability providing anomaly scoring within AI Runtime Security — Essentials.,Adjacent,1
F00705,P0180,Identity Correlation (NGFW),Core capability providing identity correlation within NGFW — Premium.,Core,3
F00706,P0180,Anomaly Scoring (NGFW),Adjacent capability providing anomaly scoring within NGFW — Premium.,Adjacent,1
F00707,P0180,Traffic Inspection (NGFW),Core capability providing traffic inspection within NGFW — Premium.,Core,3
F00708,P0180,Segmentation (NGFW),Adjacent capability providing segmentation within NGFW — Premium.,Adjacent,1
F00709,P0181,Anomaly Scoring (SaaS Security),Core capability providing anomaly scoring within SaaS Security — Premium.,Core,3
F00710,P0181,Data Classification (SaaS Security),Adjacent capability providing data classification within SaaS Security — Premium.,Adjacent,1
F00711,P0181,Inline Analysis (SaaS Security),Adjacent capability providing inline analysis within SaaS Security — Premium.,Adjacent,1
F00712,P0181,Posture Assessment (SaaS Security),Differentiator capability providing posture assessment within SaaS Security — Premium.,Differentiator,2
F00713,P0181,Identity Correlation (SaaS Security),Differentiator capability providing identity correlation within SaaS Security — Premium.,Differentiator,2
F00714,P0182,Compliance Mapping (Autonomous DEM),Core capability providing compliance mapping within Autonomous DEM — Advanced.,Core,3
F00715,P0182,Rule Optimisation (Autonomous DEM),Adjacent capability providing rule optimisation within Autonomous DEM — Advanced.,Adjacent,1
F00716,P0182,Rule Optimisation (Autonomous DEM),Differentiator capability providing rule optimisation within Autonomous DEM — Advanced.,Differentiator,2
F00717,P0182,Risk Scoring (Autonomous DEM),Core capability providing risk scoring within Autonomous DEM — Advanced.,Core,3
F00718,P0182,Traffic Inspection (Autonomous DEM),Differentiator capability providing traffic inspection within Autonomous DEM — Advanced.,Differentiator,2
F00719,P0183,Reporting (AI Model Scanning),Core capability providing reporting within AI Model Scanning — Advanced.,Core,3
F00720,P0183,Policy (AI Model Scanning),Adjacent capability providing policy within AI Model Scanning — Advanced.,Adjacent,1
F00721,P0183,Sandboxing (AI Model Scanning),Differentiator capability providing sandboxing within AI Model Scanning — Advanced.,Differentiator,2
F00722,P0183,Inline Analysis (AI Model Scanning),Core capability providing inline analysis within AI Model Scanning — Advanced.,Core,3
F00723,P0184,Posture Assessment (Prisma SD-WAN),Core capability providing posture assessment within Prisma SD-WAN — Premium.,Core,3
F00724,P0184,Anomaly Scoring (Prisma SD-WAN),Adjacent capability providing anomaly scoring within Prisma SD-WAN — Premium.,Adjacent,1
F00725,P0184,Log Retention (Prisma SD-WAN),Differentiator capability providing log retention within Prisma SD-WAN — Premium.,Differentiator,2
F00726,P0185,Anomaly Scoring (SaaS Security),Core capability providing anomaly scoring within SaaS Security — Advanced.,Core,3
F00727,P0185,Threat Hunting (SaaS Security),Adjacent capability providing threat hunting within SaaS Security — Advanced.,Adjacent,1
F00728,P0185,Traffic Inspection (SaaS Security),Adjacent capability providing traffic inspection within SaaS Security — Advanced.,Adjacent,1
F00729,P0186,Incident Timeline (Advanced WildFire),Core capability providing incident timeline within Advanced WildFire — Premium.,Core,3
F00730,P0186,Traffic Inspection (Advanced WildFire),Differentiator capability providing traffic inspection within Advanced WildFire — Premium.,Differentiator,2
F00731,P0186,Alert Triage (Advanced WildFire),Differentiator capability providing alert triage within Advanced WildFire — Premium.,Differentiator,2
F00732,P0187,Anomaly Scoring (Exposure Management),Core capability providing anomaly scoring within Exposure Management — Premium.,Core,3
F00733,P0187,Detection (Exposure Management),Adjacent capability providing detection within Exposure Management — Premium.,Adjacent,1
F00734,P0187,Sandboxing (Exposure Management),Differentiator capability providing sandboxing within Exposure Management — Premium.,Differentiator,2
F00735,P0187,Sandboxing (Exposure Management),Differentiator capability providing sandboxing within Exposure Management — Premium.,Differentiator,2
F00736,P0187,Risk Scoring (Exposure Management),Adjacent capability providing risk scoring within Exposure Management — Premium.,Adjacent,1
F00737,P0188,Incident Timeline (AI Model Scanning),Core capability providing incident timeline within AI Model Scanning — Essentials.,Core,3
F00738,P0188,Playbook Orchestration (AI Model Scanning),Differentiator capability providing playbook orchestration within AI Model Scanning — Essentials.,Differentiator,2
F00739,P0188,Alert Triage (AI Model Scanning),Adjacent capability providing alert triage within AI Model Scanning — Essentials.,Adjacent,1
F00740,P0188,Data Classification (AI Model Scanning),Core capability providing data classification within AI Model Scanning — Essentials.,Core,3
F00741,P0188,Rule Optimisation (AI Model Scanning),Differentiator capability providing rule optimisation within AI Model Scanning — Essentials.,Differentiator,2
F00742,P0189,Playbook Orchestration (Cortex XSOAR),Core capability providing playbook orchestration within Cortex XSOAR — Advanced.,Core,3
F00743,P0189,Posture Assessment (Cortex XSOAR),Adjacent capability providing posture assessment within Cortex XSOAR — Advanced.,Adjacent,1
F00744,P0189,Automation (Cortex XSOAR),Differentiator capability providing automation within Cortex XSOAR — Advanced.,Differentiator,2
F00745,P0189,Posture Assessment (Cortex XSOAR),Adjacent capability providing posture assessment within Cortex XSOAR — Advanced.,Adjacent,1
F00746,P0189,Posture Assessment (Cortex XSOAR),Differentiator capability providing posture assessment within Cortex XSOAR — Advanced.,Differentiator,2
F00747,P0190,Inline Analysis (Advanced Threat Prevention),Core capability providing inline analysis within Advanced Threat Prevention — Premium.,Core,3
F00748,P0190,Posture Assessment (Advanced Threat Prevention),Differentiator capability providing posture assessment within Advanced Threat Prevention — Premium.,Differentiator,2
F00749,P0190,Rule Optimisation (Advanced Threat Prevention),Differentiator capability providing rule optimisation within Advanced Threat Prevention — Premium.,Differentiator,2
F00750,P0190,Log Retention (Advanced Threat Prevention),Differentiator capability providing log retention within Advanced Threat Prevention — Premium.,Differentiator,2
F00751,P0190,Policy (Advanced Threat Prevention),Adjacent capability providing policy within Advanced Threat Prevention — Premium.,Adjacent,1
F00752,P0191,Segmentation (Cortex XSIAM),Core capability providing segmentation within Cortex XSIAM — Essentials.,Core,3
F00753,P0191,Incident Timeline (Cortex XSIAM),Differentiator capability providing incident timeline within Cortex XSIAM — Essentials.,Differentiator,2
F00754,P0191,Detection (Cortex XSIAM),Adjacent capability providing detection within Cortex XSIAM — Essentials.,Adjacent,1
F00755,P0191,Incident Timeline (Cortex XSIAM),Core capability providing incident timeline within Cortex XSIAM — Essentials.,Core,3
F00756,P0192,Segmentation (Advanced WildFire),Core capability providing segmentation within Advanced WildFire — Advanced.,Core,3
F00757,P0192,Identity Correlation (Advanced WildFire),Differentiator capability providing identity correlation within Advanced WildFire — Advanced.,Differentiator,2
F00758,P0192,Alert Triage (Advanced WildFire),Adjacent capability providing alert triage within Advanced WildFire — Advanced.,Adjacent,1
F00759,P0192,Posture Assessment (Advanced WildFire),Adjacent capability providing posture assessment within Advanced WildFire — Advanced.,Adjacent,1
F00760,P0192,Identity Correlation (Advanced WildFire),Core capability providing identity correlation within Advanced WildFire — Advanced.,Core,3
F00761,P0193,Traffic Inspection (Attack Surface Management),Core capability providing traffic inspection within Attack Surface Management — Premium.,Core,3
F00762,P0193,Traffic Inspection (Attack Surface Management),Adjacent capability providing traffic inspection within Attack Surface Management — Premium.,Adjacent,1
F00763,P0193,Sandboxing (Attack Surface Management),Differentiator capability providing sandboxing within Attack Surface Management — Premium.,Differentiator,2
F00764,P0194,Segmentation (Advanced Threat Prevention),Core capability providing segmentation within Advanced Threat Prevention — Premium.,Core,3
F00765,P0194,Segmentation (Advanced Threat Prevention),Differentiator capability providing segmentation within Advanced Threat Prevention — Premium.,Differentiator,2
F00766,P0194,Data Classification (Advanced Threat Prevention),Adjacent capability providing data classification within Advanced Threat Prevention — Premium.,Adjacent,1
F00767,P0195,Traffic Inspection (Enterprise DLP),Core capability providing traffic inspection within Enterprise DLP — Advanced.,Core,3
F00768,P0195,Policy (Enterprise DLP),Differentiator capability providing policy within Enterprise DLP — Advanced.,Differentiator,2
F00769,P0195,Reporting (Enterprise DLP),Adjacent capability providing reporting within Enterprise DLP — Advanced.,Adjacent,1
F00770,P0195,Data Classification (Enterprise DLP),Differentiator capability providing data classification within Enterprise DLP — Advanced.,Differentiator,2
F00771,P0196,Alert Triage (Advanced DNS Security),Core capability providing alert triage within Advanced DNS Security — Essentials.,Core,3
F00772,P0196,Detection (Advanced DNS Security),Differentiator capability providing detection within Advanced DNS Security — Essentials.,Differentiator,2
F00773,P0196,Segmentation (Advanced DNS Security),Adjacent capability providing segmentation within Advanced DNS Security — Essentials.,Adjacent,1
F00774,P0196,Sandboxing (Advanced DNS Security),Adjacent capability providing sandboxing within Advanced DNS Security — Essentials.,Adjacent,1
F00775,P0197,Anomaly Scoring (Attack Surface Management),Core capability providing anomaly scoring within Attack Surface Management — Advanced.,Core,3
F00776,P0197,Policy (Attack Surface Management),Differentiator capability providing policy within Attack Surface Management — Advanced.,Differentiator,2
F00777,P0197,Identity Correlation (Attack Surface Management),Differentiator capability providing identity correlation within Attack Surface Management — Advanced.,Differentiator,2
F00778,P0198,Anomaly Scoring (Advanced Threat Prevention),Core capability providing anomaly scoring within Advanced Threat Prevention — Advanced.,Core,3
F00779,P0198,Threat Hunting (Advanced Threat Prevention),Differentiator capability providing threat hunting within Advanced Threat Prevention — Advanced.,Differentiator,2
F00780,P0198,Segmentation (Advanced Threat Prevention),Differentiator capability providing segmentation within Advanced Threat Prevention — Advanced.,Differentiator,2
F00781,P0198,Identity Correlation (Advanced Threat Prevention),Differentiator capability providing identity correlation within Advanced Threat Prevention — Advanced.,Differentiator,2
F00782,P0199,Traffic Inspection (Advanced Threat Prevention),Core capability providing traffic inspection within Advanced Threat Prevention — Essentials.,Core,3
F00783,P0199,Traffic Inspection (Advanced Threat Prevention),Adjacent capability providing traffic inspection within Advanced Threat Prevention — Essentials.,Adjacent,1
F00784,P0199,Policy (Advanced Threat Prevention),Differentiator capability providing policy within Advanced Threat Prevention — Essentials.,Differentiator,2
F00785,P0200,Risk Scoring (Advanced WildFire),Core capability providing risk scoring within Advanced WildFire — Premium.,Core,3
F00786,P0200,Reporting (Advanced WildFire),Core capability providing reporting within Advanced WildFire — Premium.,Core,3
F00787,P0200,Threat Hunting (Advanced WildFire),Adjacent capability providing threat hunting within Advanced WildFire — Premium.,Adjacent,1
F00788,P0200,Traffic Inspection (Advanced WildFire),Adjacent capability providing traffic inspection within Advanced WildFire — Premium.,Adjacent,1
F00789,P0200,Risk Scoring (Advanced WildFire),Adjacent capability providing risk scoring within Advanced WildFire — Premium.,Adjacent,1
F00790,P0201,Segmentation (Prisma SD-WAN),Core capability providing segmentation within Prisma SD-WAN — Premium.,Core,3
F00791,P0201,Detection (Prisma SD-WAN),Adjacent capability providing detection within Prisma SD-WAN — Premium.,Adjacent,1
F00792,P0201,Automation (Prisma SD-WAN),Core capability providing automation within Prisma SD-WAN — Premium.,Core,3
F00793,P0201,Automation (Prisma SD-WAN),Adjacent capability providing automation within Prisma SD-WAN — Premium.,Adjacent,1
F00794,P0201,Detection (Prisma SD-WAN),Core capability providing detection within Prisma SD-WAN — Premium.,Core,3
F00795,P0202,Rule Optimisation (Enterprise DLP),Core capability providing rule optimisation within Enterprise DLP — Premium.,Core,3
F00796,P0202,Alert Triage (Enterprise DLP),Adjacent capability providing alert triage within Enterprise DLP — Premium.,Adjacent,1
F00797,P0202,Log Retention (Enterprise DLP),Adjacent capability providing log retention within Enterprise DLP — Premium.,Adjacent,1
F00798,P0203,Policy (AI Model Scanning),Core capability providing policy within AI Model Scanning — Premium.,Core,3
F00799,P0203,Sandboxing (AI Model Scanning),Differentiator capability providing sandboxing within AI Model Scanning — Premium.,Differentiator,2
F00800,P0203,Reporting (AI Model Scanning),Adjacent capability providing reporting within AI Model Scanning — Premium.,Adjacent,1
F00801,P0203,Traffic Inspection (AI Model Scanning),Differentiator capability providing traffic inspection within AI Model Scanning — Premium.,Differentiator,2
F00802,P0204,Rule Optimisation (Autonomous DEM),Core capability providing rule optimisation within Autonomous DEM — Advanced.,Core,3
F00803,P0204,Detection (Autonomous DEM),Adjacent capability providing detection within Autonomous DEM — Advanced.,Adjacent,1
F00804,P0204,Automation (Autonomous DEM),Adjacent capability providing automation within Autonomous DEM — Advanced.,Adjacent,1
F00805,P0205,Anomaly Scoring (AI Access Security),Core capability providing anomaly scoring within AI Access Security — Premium.,Core,3
F00806,P0205,Incident Timeline (AI Access Security),Adjacent capability providing incident timeline within AI Access Security — Premium.,Adjacent,1
F00807,P0205,Automation (AI Access Security),Core capability providing automation within AI Access Security — Premium.,Core,3
F00808,P0205,Anomaly Scoring (AI Access Security),Adjacent capability providing anomaly scoring within AI Access Security — Premium.,Adjacent,1
F00809,P0206,Posture Assessment (Cortex XSOAR),Core capability providing posture assessment within Cortex XSOAR — Essentials.,Core,3
F00810,P0206,Traffic Inspection (Cortex XSOAR),Differentiator capability providing traffic inspection within Cortex XSOAR — Essentials.,Differentiator,2
F00811,P0206,Alert Triage (Cortex XSOAR),Adjacent capability providing alert triage within Cortex XSOAR — Essentials.,Adjacent,1
F00812,P0206,Inline Analysis (Cortex XSOAR),Core capability providing inline analysis within Cortex XSOAR — Essentials.,Core,3
F00813,P0207,Inline Analysis (Advanced WildFire),Core capability providing inline analysis within Advanced WildFire — Premium.,Core,3
F00814,P0207,Anomaly Scoring (Advanced WildFire),Differentiator capability providing anomaly scoring within Advanced WildFire — Premium.,Differentiator,2
F00815,P0207,Data Classification (Advanced WildFire),Adjacent capability providing data classification within Advanced WildFire — Premium.,Adjacent,1
F00816,P0207,Policy (Advanced WildFire),Differentiator capability providing policy within Advanced WildFire — Premium.,Differentiator,2
F00817,P0207,Traffic Inspection (Advanced WildFire),Adjacent capability providing traffic inspection within Advanced WildFire — Premium.,Adjacent,1
F00818,P0208,Traffic Inspection (Exposure Management),Core capability providing traffic inspection within Exposure Management — Advanced.,Core,3
F00819,P0208,Automation (Exposure Management),Core capability providing automation within Exposure Management — Advanced.,Core,3
F00820,P0208,Anomaly Scoring (Exposure Management),Core capability providing anomaly scoring within Exposure Management — Advanced.,Core,3
F00821,P0208,Threat Hunting (Exposure Management),Adjacent capability providing threat hunting within Exposure Management — Advanced.,Adjacent,1
F00822,P0208,Data Classification (Exposure Management),Differentiator capability providing data classification within Exposure Management — Advanced.,Differentiator,2
F00823,P0209,Identity Correlation (Cortex XSIAM),Core capability providing identity correlation within Cortex XSIAM — Premium.,Core,3
F00824,P0209,Inline Analysis (Cortex XSIAM),Differentiator capability providing inline analysis within Cortex XSIAM — Premium.,Differentiator,2
F00825,P0209,Posture Assessment (Cortex XSIAM),Adjacent capability providing posture assessment within Cortex XSIAM — Premium.,Adjacent,1
F00826,P0210,Threat Hunting (Prisma SD-WAN),Core capability providing threat hunting within Prisma SD-WAN — Advanced.,Core,3
F00827,P0210,Reporting (Prisma SD-WAN),Differentiator capability providing reporting within Prisma SD-WAN — Advanced.,Differentiator,2
F00828,P0210,Posture Assessment (Prisma SD-WAN),Adjacent capability providing posture assessment within Prisma SD-WAN — Advanced.,Adjacent,1
F00829,P0211,Traffic Inspection (Cortex XDR),Core capability providing traffic inspection within Cortex XDR — Essentials.,Core,3
F00830,P0211,Playbook Orchestration (Cortex XDR),Adjacent capability providing playbook orchestration within Cortex XDR — Essentials.,Adjacent,1
F00831,P0211,Traffic Inspection (Cortex XDR),Adjacent capability providing traffic inspection within Cortex XDR — Essentials.,Adjacent,1
F00832,P0211,Automation (Cortex XDR),Adjacent capability providing automation within Cortex XDR — Essentials.,Adjacent,1
F00833,P0211,Anomaly Scoring (Cortex XDR),Adjacent capability providing anomaly scoring within Cortex XDR — Essentials.,Adjacent,1
F00834,P0212,Segmentation (Advanced Threat Prevention),Core capability providing segmentation within Advanced Threat Prevention — Premium.,Core,3
F00835,P0212,Data Classification (Advanced Threat Prevention),Core capability providing data classification within Advanced Threat Prevention — Premium.,Core,3
F00836,P0212,Inline Analysis (Advanced Threat Prevention),Core capability providing inline analysis within Advanced Threat Prevention — Premium.,Core,3
F00837,P0212,Alert Triage (Advanced Threat Prevention),Adjacent capability providing alert triage within Advanced Threat Prevention — Premium.,Adjacent,1
F00838,P0212,Reporting (Advanced Threat Prevention),Differentiator capability providing reporting within Advanced Threat Prevention — Premium.,Differentiator,2
F00839,P0213,Playbook Orchestration (IoT Security),Core capability providing playbook orchestration within IoT Security — Advanced.,Core,3
F00840,P0213,Segmentation (IoT Security),Adjacent capability providing segmentation within IoT Security — Advanced.,Adjacent,1
F00841,P0213,Incident Timeline (IoT Security),Adjacent capability providing incident timeline within IoT Security — Advanced.,Adjacent,1
F00842,P0213,Anomaly Scoring (IoT Security),Differentiator capability providing anomaly scoring within IoT Security — Advanced.,Differentiator,2
F00843,P0214,Risk Scoring (Autonomous DEM),Core capability providing risk scoring within Autonomous DEM — Premium.,Core,3
F00844,P0214,Posture Assessment (Autonomous DEM),Adjacent capability providing posture assessment within Autonomous DEM — Premium.,Adjacent,1
F00845,P0214,Policy (Autonomous DEM),Adjacent capability providing policy within Autonomous DEM — Premium.,Adjacent,1
F00846,P0214,Segmentation (Autonomous DEM),Differentiator capability providing segmentation within Autonomous DEM — Premium.,Differentiator,2
F00847,P0214,Alert Triage (Autonomous DEM),Differentiator capability providing alert triage within Autonomous DEM — Premium.,Differentiator,2
F00848,P0215,Log Retention (IoT Security),Core capability providing log retention within IoT Security — Advanced.,Core,3
F00849,P0215,Data Classification (IoT Security),Adjacent capability providing data classification within IoT Security — Advanced.,Adjacent,1
F00850,P0215,Inline Analysis (IoT Security),Adjacent capability providing inline analysis within IoT Security — Advanced.,Adjacent,1
F00851,P0216,Anomaly Scoring (Prisma Browser),Core capability providing anomaly scoring within Prisma Browser — Advanced.,Core,3
F00852,P0216,Compliance Mapping (Prisma Browser),Adjacent capability providing compliance mapping within Prisma Browser — Advanced.,Adjacent,1
F00853,P0216,Traffic Inspection (Prisma Browser),Adjacent capability providing traffic inspection within Prisma Browser — Advanced.,Adjacent,1
F00854,P0216,Reporting (Prisma Browser),Differentiator capability providing reporting within Prisma Browser — Advanced.,Differentiator,2
F00855,P0216,Posture Assessment (Prisma Browser),Differentiator capability providing posture assessment within Prisma Browser — Advanced.,Differentiator,2
F00856,P0217,Traffic Inspection (Advanced WildFire),Core capability providing traffic inspection within Advanced WildFire — Advanced.,Core,3
F00857,P0217,Threat Hunting (Advanced WildFire),Adjacent capability providing threat hunting within Advanced WildFire — Advanced.,Adjacent,1
F00858,P0217,Log Retention (Advanced WildFire),Adjacent capability providing log retention within Advanced WildFire — Advanced.,Adjacent,1
F00859,P0217,Automation (Advanced WildFire),Adjacent capability providing automation within Advanced WildFire — Advanced.,Adjacent,1
F00860,P0217,Automation (Advanced WildFire),Core capability providing automation within Advanced WildFire — Advanced.,Core,3
F00861,P0218,Rule Optimisation (IoT Security),Core capability providing rule optimisation within IoT Security — Essentials.,Core,3
F00862,P0218,Rule Optimisation (IoT Security),Adjacent capability providing rule optimisation within IoT Security — Essentials.,Adjacent,1
F00863,P0218,Sandboxing (IoT Security),Adjacent capability providing sandboxing within IoT Security — Essentials.,Adjacent,1
F00864,P0219,Traffic Inspection (SaaS Security),Core capability providing traffic inspection within SaaS Security — Premium.,Core,3
F00865,P0219,Compliance Mapping (SaaS Security),Differentiator capability providing compliance mapping within SaaS Security — Premium.,Differentiator,2
F00866,P0219,Inline Analysis (SaaS Security),Core capability providing inline analysis within SaaS Security — Premium.,Core,3
F00867,P0219,Data Classification (SaaS Security),Differentiator capability providing data classification within SaaS Security — Premium.,Differentiator,2
F00868,P0219,Sandboxing (SaaS Security),Adjacent capability providing sandboxing within SaaS Security — Premium.,Adjacent,1
F00869,P0220,Anomaly Scoring (Exposure Management),Core capability providing anomaly scoring within Exposure Management — Essentials.,Core,3
F00870,P0220,Inline Analysis (Exposure Management),Adjacent capability providing inline analysis within Exposure Management — Essentials.,Adjacent,1
F00871,P0220,Playbook Orchestration (Exposure Management),Adjacent capability providing playbook orchestration within Exposure Management — Essentials.,Adjacent,1
F00872,P0221,Incident Timeline (Prisma SD-WAN),Core capability providing incident timeline within Prisma SD-WAN — Essentials.,Core,3
F00873,P0221,Posture Assessment (Prisma SD-WAN),Differentiator capability providing posture assessment within Prisma SD-WAN — Essentials.,Differentiator,2
F00874,P0221,Identity Correlation (Prisma SD-WAN),Differentiator capability providing identity correlation within Prisma SD-WAN — Essentials.,Differentiator,2
F00875,P0221,Inline Analysis (Prisma SD-WAN),Differentiator capability providing inline analysis within Prisma SD-WAN — Essentials.,Differentiator,2
F00876,P0221,Playbook Orchestration (Prisma SD-WAN),Adjacent capability providing playbook orchestration within Prisma SD-WAN — Essentials.,Adjacent,1
F00877,P0222,Inline Analysis (Exposure Management),Core capability providing inline analysis within Exposure Management — Essentials.,Core,3
F00878,P0222,Compliance Mapping (Exposure Management),Differentiator capability providing compliance mapping within Exposure Management — Essentials.,Differentiator,2
F00879,P0222,Data Classification (Exposure Management),Adjacent capability providing data classification within Exposure Management — Essentials.,Adjacent,1
F00880,P0223,Automation (Advanced Threat Prevention),Core capability providing automation within Advanced Threat Prevention — Premium.,Core,3
F00881,P0223,Log Retention (Advanced Threat Prevention),Differentiator capability providing log retention within Advanced Threat Prevention — Premium.,Differentiator,2
F00882,P0223,Data Classification (Advanced Threat Prevention),Differentiator capability providing data classification within Advanced Threat Prevention — Premium.,Differentiator,2
F00883,P0224,Data Classification (Prisma SD-WAN),Core capability providing data classification within Prisma SD-WAN — Advanced.,Core,3
F00884,P0224,Sandboxing (Prisma SD-WAN),Core capability providing sandboxing within Prisma SD-WAN — Advanced.,Core,3
F00885,P0224,Compliance Mapping (Prisma SD-WAN),Differentiator capability providing compliance mapping within Prisma SD-WAN — Advanced.,Differentiator,2
F00886,P0225,Reporting (Prisma Browser),Core capability providing reporting within Prisma Browser — Premium.,Core,3
F00887,P0225,Identity Correlation (Prisma Browser),Adjacent capability providing identity correlation within Prisma Browser — Premium.,Adjacent,1
F00888,P0225,Log Retention (Prisma Browser),Core capability providing log retention within Prisma Browser — Premium.,Core,3
F00889,P0225,Log Retention (Prisma Browser),Adjacent capability providing log retention within Prisma Browser — Premium.,Adjacent,1
F00890,P0226,Automation (Cortex XSIAM),Core capability providing automation within Cortex XSIAM — Advanced.,Core,3
F00891,P0226,Identity Correlation (Cortex XSIAM),Differentiator capability providing identity correlation within Cortex XSIAM — Advanced.,Differentiator,2
F00892,P0226,Log Retention (Cortex XSIAM),Differentiator capability providing log retention within Cortex XSIAM — Advanced.,Differentiator,2
F00893,P0226,Sandboxing (Cortex XSIAM),Adjacent capability providing sandboxing within Cortex XSIAM — Advanced.,Adjacent,1
F00894,P0226,Alert Triage (Cortex XSIAM),Differentiator capability providing alert triage within Cortex XSIAM — Advanced.,Differentiator,2
F00895,P0227,Incident Timeline (Cortex XSOAR),Core capability providing incident timeline within Cortex XSOAR — Advanced.,Core,3
F00896,P0227,Policy (Cortex XSOAR),Differentiator capability providing policy within Cortex XSOAR — Advanced.,Differentiator,2
F00897,P0227,Identity Correlation (Cortex XSOAR),Adjacent capability providing identity correlation within Cortex XSOAR — Advanced.,Adjacent,1
F00898,P0227,Inline Analysis (Cortex XSOAR),Differentiator capability providing inline analysis within Cortex XSOAR — Advanced.,Differentiator,2
F00899,P0227,Playbook Orchestration (Cortex XSOAR),Adjacent capability providing playbook orchestration within Cortex XSOAR — Advanced.,Adjacent,1
F00900,P0228,Log Retention (Attack Surface Management),Core capability providing log retention within Attack Surface Management — Essentials.,Core,3
F00901,P0228,Threat Hunting (Attack Surface Management),Differentiator capability providing threat hunting within Attack Surface Management — Essentials.,Differentiator,2
F00902,P0228,Inline Analysis (Attack Surface Management),Differentiator capability providing inline analysis within Attack Surface Management — Essentials.,Differentiator,2
F00903,P0229,Reporting (Prisma SD-WAN),Core capability providing reporting within Prisma SD-WAN — Advanced.,Core,3
F00904,P0229,Alert Triage (Prisma SD-WAN),Differentiator capability providing alert triage within Prisma SD-WAN — Advanced.,Differentiator,2
F00905,P0229,Risk Scoring (Prisma SD-WAN),Adjacent capability providing risk scoring within Prisma SD-WAN — Advanced.,Adjacent,1
F00906,P0230,Threat Hunting (Cortex XDR),Core capability providing threat hunting within Cortex XDR — Premium.,Core,3
F00907,P0230,Rule Optimisation (Cortex XDR),Adjacent capability providing rule optimisation within Cortex XDR — Premium.,Adjacent,1
F00908,P0230,Posture Assessment (Cortex XDR),Differentiator capability providing posture assessment within Cortex XDR — Premium.,Differentiator,2
F00909,P0230,Risk Scoring (Cortex XDR),Differentiator capability providing risk scoring within Cortex XDR — Premium.,Differentiator,2
F00910,P0231,Rule Optimisation (Advanced DNS Security),Core capability providing rule optimisation within Advanced DNS Security — Advanced.,Core,3
F00911,P0231,Posture Assessment (Advanced DNS Security),Differentiator capability providing posture assessment within Advanced DNS Security — Advanced.,Differentiator,2
F00912,P0231,Inline Analysis (Advanced DNS Security),Core capability providing inline analysis within Advanced DNS Security — Advanced.,Core,3
F00913,P0232,Posture Assessment (IoT Security),Core capability providing posture assessment within IoT Security — Premium.,Core,3
F00914,P0232,Identity Correlation (IoT Security),Differentiator capability providing identity correlation within IoT Security — Premium.,Differentiator,2
F00915,P0232,Sandboxing (IoT Security),Adjacent capability providing sandboxing within IoT Security — Premium.,Adjacent,1
F00916,P0232,Incident Timeline (IoT Security),Core capability providing incident timeline within IoT Security — Premium.,Core,3
F00917,P0232,Rule Optimisation (IoT Security),Differentiator capability providing rule optimisation within IoT Security — Premium.,Differentiator,2
F00918,P0233,Automation (IoT Security),Core capability providing automation within IoT Security — Advanced.,Core,3
F00919,P0233,Threat Hunting (IoT Security),Core capability providing threat hunting within IoT Security — Advanced.,Core,3
F00920,P0233,Playbook Orchestration (IoT Security),Adjacent capability providing playbook orchestration within IoT Security — Advanced.,Adjacent,1
F00921,P0233,Incident Timeline (IoT Security),Adjacent capability providing incident timeline within IoT Security — Advanced.,Adjacent,1
F00922,P0233,Compliance Mapping (IoT Security),Differentiator capability providing compliance mapping within IoT Security — Advanced.,Differentiator,2
F00923,P0234,Rule Optimisation (Advanced Threat Prevention),Core capability providing rule optimisation within Advanced Threat Prevention — Advanced.,Core,3
F00924,P0234,Posture Assessment (Advanced Threat Prevention),Differentiator capability providing posture assessment within Advanced Threat Prevention — Advanced.,Differentiator,2
F00925,P0234,Incident Timeline (Advanced Threat Prevention),Adjacent capability providing incident timeline within Advanced Threat Prevention — Advanced.,Adjacent,1
F00926,P0234,Identity Correlation (Advanced Threat Prevention),Adjacent capability providing identity correlation within Advanced Threat Prevention — Advanced.,Adjacent,1
F00927,P0235,Incident Timeline (Advanced Threat Prevention),Core capability providing incident timeline within Advanced Threat Prevention — Essentials.,Core,3
F00928,P0235,Rule Optimisation (Advanced Threat Prevention),Differentiator capability providing rule optimisation within Advanced Threat Prevention — Essentials.,Differentiator,2
F00929,P0235,Automation (Advanced Threat Prevention),Adjacent capability providing automation within Advanced Threat Prevention — Essentials.,Adjacent,1
F00930,P0235,Alert Triage (Advanced Threat Prevention),Adjacent capability providing alert triage within Advanced Threat Prevention — Essentials.,Adjacent,1
F00931,P0236,Identity Correlation (Advanced DNS Security),Core capability providing identity correlation within Advanced DNS Security — Premium.,Core,3
F00932,P0236,Risk Scoring (Advanced DNS Security),Differentiator capability providing risk scoring within Advanced DNS Security — Premium.,Differentiator,2
F00933,P0236,Inline Analysis (Advanced DNS Security),Core capability providing inline analysis within Advanced DNS Security — Premium.,Core,3
F00934,P0236,Incident Timeline (Advanced DNS Security),Differentiator capability providing incident timeline within Advanced DNS Security — Premium.,Differentiator,2
F00935,P0237,Incident Timeline (Advanced DNS Security),Core capability providing incident timeline within Advanced DNS Security — Essentials.,Core,3
F00936,P0237,Detection (Advanced DNS Security),Differentiator capability providing detection within Advanced DNS Security — Essentials.,Differentiator,2
F00937,P0237,Traffic Inspection (Advanced DNS Security),Adjacent capability providing traffic inspection within Advanced DNS Security — Essentials.,Adjacent,1
F00938,P0238,Traffic Inspection (IoT Security),Core capability providing traffic inspection within IoT Security — Premium.,Core,3
F00939,P0238,Policy (IoT Security),Adjacent capability providing policy within IoT Security — Premium.,Adjacent,1
F00940,P0238,Risk Scoring (IoT Security),Core capability providing risk scoring within IoT Security — Premium.,Core,3
F00941,P0238,Identity Correlation (IoT Security),Adjacent capability providing identity correlation within IoT Security — Premium.,Adjacent,1
F00942,P0238,Risk Scoring (IoT Security),Adjacent capability providing risk scoring within IoT Security — Premium.,Adjacent,1
F00943,P0239,Compliance Mapping (Enterprise DLP),Core capability providing compliance mapping within Enterprise DLP — Advanced.,Core,3
F00944,P0239,Sandboxing (Enterprise DLP),Adjacent capability providing sandboxing within Enterprise DLP — Advanced.,Adjacent,1
F00945,P0239,Data Classification (Enterprise DLP),Adjacent capability providing data classification within Enterprise DLP — Advanced.,Adjacent,1
F00946,P0239,Rule Optimisation (Enterprise DLP),Differentiator capability providing rule optimisation within Enterprise DLP — Advanced.,Differentiator,2
F00947,P0240,Log Retention (Prisma Browser),Core capability providing log retention within Prisma Browser — Premium.,Core,3
F00948,P0240,Compliance Mapping (Prisma Browser),Adjacent capability providing compliance mapping within Prisma Browser — Premium.,Adjacent,1
F00949,P0240,Alert Triage (Prisma Browser),Adjacent capability providing alert triage within Prisma Browser — Premium.,Adjacent,1
F00950,P0240,Automation (Prisma Browser),Adjacent capability providing automation within Prisma Browser — Premium.,Adjacent,1
F00951,P0240,Anomaly Scoring (Prisma Browser),Differentiator capability providing anomaly scoring within Prisma Browser — Premium.,Differentiator,2
F00952,P0241,Policy (Advanced WildFire),Core capability providing policy within Advanced WildFire — Essentials.,Core,3
F00953,P0241,Rule Optimisation (Advanced WildFire),Adjacent capability providing rule optimisation within Advanced WildFire — Essentials.,Adjacent,1
F00954,P0241,Identity Correlation (Advanced WildFire),Differentiator capability providing identity correlation within Advanced WildFire — Essentials.,Differentiator,2
F00955,P0241,Reporting (Advanced WildFire),Differentiator capability providing reporting within Advanced WildFire — Essentials.,Differentiator,2
F00956,P0241,Identity Correlation (Advanced WildFire),Adjacent capability providing identity correlation within Advanced WildFire — Essentials.,Adjacent,1
F00957,P0242,Segmentation (AI Posture Management),Core capability providing segmentation within AI Posture Management — Advanced.,Core,3
F00958,P0242,Risk Scoring (AI Posture Management),Differentiator capability providing risk scoring within AI Posture Management — Advanced.,Differentiator,2
F00959,P0242,Data Classification (AI Posture Management),Differentiator capability providing data classification within AI Posture Management — Advanced.,Differentiator,2
F00960,P0243,Log Retention (Enterprise DLP),Core capability providing log retention within Enterprise DLP — Essentials.,Core,3
F00961,P0243,Log Retention (Enterprise DLP),Differentiator capability providing log retention within Enterprise DLP — Essentials.,Differentiator,2
F00962,P0243,Traffic Inspection (Enterprise DLP),Adjacent capability providing traffic inspection within Enterprise DLP — Essentials.,Adjacent,1
F00963,P0244,Sandboxing (Advanced URL Filtering),Core capability providing sandboxing within Advanced URL Filtering — Essentials.,Core,3
F00964,P0244,Threat Hunting (Advanced URL Filtering),Adjacent capability providing threat hunting within Advanced URL Filtering — Essentials.,Adjacent,1
F00965,P0244,Risk Scoring (Advanced URL Filtering),Adjacent capability providing risk scoring within Advanced URL Filtering — Essentials.,Adjacent,1
F00966,P0244,Traffic Inspection (Advanced URL Filtering),Adjacent capability providing traffic inspection within Advanced URL Filtering — Essentials.,Adjacent,1
F00967,P0245,Anomaly Scoring (Prisma Access),Core capability providing anomaly scoring within Prisma Access — Premium.,Core,3
F00968,P0245,Rule Optimisation (Prisma Access),Differentiator capability providing rule optimisation within Prisma Access — Premium.,Differentiator,2
F00969,P0245,Data Classification (Prisma Access),Differentiator capability providing data classification within Prisma Access — Premium.,Differentiator,2
F00970,P0245,Sandboxing (Prisma Access),Adjacent capability providing sandboxing within Prisma Access — Premium.,Adjacent,1
F00971,P0245,Inline Analysis (Prisma Access),Differentiator capability providing inline analysis within Prisma Access — Premium.,Differentiator,2
F00972,P0246,Reporting (Advanced Threat Prevention),Core capability providing reporting within Advanced Threat Prevention — Advanced.,Core,3
F00973,P0246,Threat Hunting (Advanced Threat Prevention),Core capability providing threat hunting within Advanced Threat Prevention — Advanced.,Core,3
F00974,P0246,Identity Correlation (Advanced Threat Prevention),Differentiator capability providing identity correlation within Advanced Threat Prevention — Advanced.,Differentiator,2
F00975,P0246,Sandboxing (Advanced Threat Prevention),Adjacent capability providing sandboxing within Advanced Threat Prevention — Advanced.,Adjacent,1
F00976,P0246,Segmentation (Advanced Threat Prevention),Adjacent capability providing segmentation within Advanced Threat Prevention — Advanced.,Adjacent,1
F00977,P0247,Policy (Cortex XSIAM),Core capability providing policy within Cortex XSIAM — Essentials.,Core,3
F00978,P0247,Automation (Cortex XSIAM),Adjacent capability providing automation within Cortex XSIAM — Essentials.,Adjacent,1
F00979,P0247,Inline Analysis (Cortex XSIAM),Adjacent capability providing inline analysis within Cortex XSIAM — Essentials.,Adjacent,1
F00980,P0247,Compliance Mapping (Cortex XSIAM),Core capability providing compliance mapping within Cortex XSIAM — Essentials.,Core,3
F00981,P0247,Incident Timeline (Cortex XSIAM),Differentiator capability providing incident timeline within Cortex XSIAM — Essentials.,Differentiator,2
F00982,P0248,Incident Timeline (Cortex XSIAM),Core capability providing incident timeline within Cortex XSIAM — Advanced.,Core,3
F00983,P0248,Detection (Cortex XSIAM),Core capability providing detection within Cortex XSIAM — Advanced.,Core,3
F00984,P0248,Sandboxing (Cortex XSIAM),Differentiator capability providing sandboxing within Cortex XSIAM — Advanced.,Differentiator,2
F00985,P0248,Sandboxing (Cortex XSIAM),Differentiator capability providing sandboxing within Cortex XSIAM — Advanced.,Differentiator,2
F00986,P0249,Posture Assessment (Prisma SD-WAN),Core capability providing posture assessment within Prisma SD-WAN — Advanced.,Core,3
F00987,P0249,Compliance Mapping (Prisma SD-WAN),Adjacent capability providing compliance mapping within Prisma SD-WAN — Advanced.,Adjacent,1
F00988,P0249,Playbook Orchestration (Prisma SD-WAN),Differentiator capability providing playbook orchestration within Prisma SD-WAN — Advanced.,Differentiator,2
F00989,P0249,Policy (Prisma SD-WAN),Adjacent capability providing policy within Prisma SD-WAN — Advanced.,Adjacent,1
F00990,P0249,Threat Hunting (Prisma SD-WAN),Core capability providing threat hunting within Prisma SD-WAN — Advanced.,Core,3
F00991,P0250,Identity Correlation (NGFW),Core capability providing identity correlation within NGFW — Premium.,Core,3
F00992,P0250,Identity Correlation (NGFW),Adjacent capability providing identity correlation within NGFW — Premium.,Adjacent,1
F00993,P0250,Alert Triage (NGFW),Differentiator capability providing alert triage within NGFW — Premium.,Differentiator,2
F00994,P0250,Incident Timeline (NGFW),Differentiator capability providing incident timeline within NGFW — Premium.,Differentiator,2
F00995,P0250,Posture Assessment (NGFW),Adjacent capability providing posture assessment within NGFW — Premium.,Adjacent,1
F00996,P0251,Log Retention (Advanced URL Filtering),Core capability providing log retention within Advanced URL Filtering — Advanced.,Core,3
F00997,P0251,Sandboxing (Advanced URL Filtering),Core capability providing sandboxing within Advanced URL Filtering — Advanced.,Core,3
F00998,P0251,Data Classification (Advanced URL Filtering),Differentiator capability providing data classification within Advanced URL Filtering — Advanced.,Differentiator,2
F00999,P0251,Sandboxing (Advanced URL Filtering),Core capability providing sandboxing within Advanced URL Filtering — Advanced.,Core,3
F01000,P0251,Sandboxing (Advanced URL Filtering),Differentiator capability providing sandboxing within Advanced URL Filtering — Advanced.,Differentiator,2
F01001,P0252,Traffic Inspection (Cortex Cloud),Core capability providing traffic inspection within Cortex Cloud — Premium.,Core,3
F01002,P0252,Anomaly Scoring (Cortex Cloud),Differentiator capability providing anomaly scoring within Cortex Cloud — Premium.,Differentiator,2
F01003,P0252,Traffic Inspection (Cortex Cloud),Core capability providing traffic inspection within Cortex Cloud — Premium.,Core,3
F01004,P0252,Rule Optimisation (Cortex Cloud),Adjacent capability providing rule optimisation within Cortex Cloud — Premium.,Adjacent,1
F01005,P0252,Data Classification (Cortex Cloud),Adjacent capability providing data classification within Cortex Cloud — Premium.,Adjacent,1
F01006,P0253,Threat Hunting (Advanced URL Filtering),Core capability providing threat hunting within Advanced URL Filtering — Essentials.,Core,3
F01007,P0253,Playbook Orchestration (Advanced URL Filtering),Adjacent capability providing playbook orchestration within Advanced URL Filtering — Essentials.,Adjacent,1
F01008,P0253,Sandboxing (Advanced URL Filtering),Differentiator capability providing sandboxing within Advanced URL Filtering — Essentials.,Differentiator,2
F01009,P0253,Rule Optimisation (Advanced URL Filtering),Adjacent capability providing rule optimisation within Advanced URL Filtering — Essentials.,Adjacent,1
F01010,P0254,Reporting (Attack Surface Management),Core capability providing reporting within Attack Surface Management — Advanced.,Core,3
F01011,P0254,Traffic Inspection (Attack Surface Management),Differentiator capability providing traffic inspection within Attack Surface Management — Advanced.,Differentiator,2
F01012,P0254,Automation (Attack Surface Management),Differentiator capability providing automation within Attack Surface Management — Advanced.,Differentiator,2
F01013,P0255,Traffic Inspection (Advanced URL Filtering),Core capability providing traffic inspection within Advanced URL Filtering — Essentials.,Core,3
F01014,P0255,Rule Optimisation (Advanced URL Filtering),Differentiator capability providing rule optimisation within Advanced URL Filtering — Essentials.,Differentiator,2
F01015,P0255,Log Retention (Advanced URL Filtering),Adjacent capability providing log retention within Advanced URL Filtering — Essentials.,Adjacent,1
F01016,P0255,Playbook Orchestration (Advanced URL Filtering),Adjacent capability providing playbook orchestration within Advanced URL Filtering — Essentials.,Adjacent,1
F01017,P0255,Sandboxing (Advanced URL Filtering),Adjacent capability providing sandboxing within Advanced URL Filtering — Essentials.,Adjacent,1
F01018,P0256,Playbook Orchestration (Cortex Cloud),Core capability providing playbook orchestration within Cortex Cloud — Essentials.,Core,3
F01019,P0256,Rule Optimisation (Cortex Cloud),Differentiator capability providing rule optimisation within Cortex Cloud — Essentials.,Differentiator,2
F01020,P0256,Policy (Cortex Cloud),Differentiator capability providing policy within Cortex Cloud — Essentials.,Differentiator,2
F01021,P0256,Compliance Mapping (Cortex Cloud),Differentiator capability providing compliance mapping within Cortex Cloud — Essentials.,Differentiator,2
F01022,P0256,Reporting (Cortex Cloud),Adjacent capability providing reporting within Cortex Cloud — Essentials.,Adjacent,1
F01023,P0257,Alert Triage (AI Runtime Security),Core capability providing alert triage within AI Runtime Security — Premium.,Core,3
F01024,P0257,Segmentation (AI Runtime Security),Core capability providing segmentation within AI Runtime Security — Premium.,Core,3
F01025,P0257,Risk Scoring (AI Runtime Security),Adjacent capability providing risk scoring within AI Runtime Security — Premium.,Adjacent,1
F01026,P0257,Data Classification (AI Runtime Security),Adjacent capability providing data classification within AI Runtime Security — Premium.,Adjacent,1
F01027,P0258,Sandboxing (Advanced Threat Prevention),Core capability providing sandboxing within Advanced Threat Prevention — Advanced.,Core,3
F01028,P0258,Segmentation (Advanced Threat Prevention),Differentiator capability providing segmentation within Advanced Threat Prevention — Advanced.,Differentiator,2
F01029,P0258,Automation (Advanced Threat Prevention),Adjacent capability providing automation within Advanced Threat Prevention — Advanced.,Adjacent,1
F01030,P0258,Traffic Inspection (Advanced Threat Prevention),Differentiator capability providing traffic inspection within Advanced Threat Prevention — Advanced.,Differentiator,2
F01031,P0258,Posture Assessment (Advanced Threat Prevention),Differentiator capability providing posture assessment within Advanced Threat Prevention — Advanced.,Differentiator,2
F01032,P0259,Posture Assessment (Advanced WildFire),Core capability providing posture assessment within Advanced WildFire — Essentials.,Core,3
F01033,P0259,Threat Hunting (Advanced WildFire),Differentiator capability providing threat hunting within Advanced WildFire — Essentials.,Differentiator,2
F01034,P0259,Compliance Mapping (Advanced WildFire),Differentiator capability providing compliance mapping within Advanced WildFire — Essentials.,Differentiator,2
F01035,P0259,Threat Hunting (Advanced WildFire),Adjacent capability providing threat hunting within Advanced WildFire — Essentials.,Adjacent,1
F01036,P0260,Threat Hunting (AI Runtime Security),Core capability providing threat hunting within AI Runtime Security — Premium.,Core,3
F01037,P0260,Alert Triage (AI Runtime Security),Adjacent capability providing alert triage within AI Runtime Security — Premium.,Adjacent,1
F01038,P0260,Threat Hunting (AI Runtime Security),Adjacent capability providing threat hunting within AI Runtime Security — Premium.,Adjacent,1
F01039,P0261,Reporting (Attack Surface Management),Core capability providing reporting within Attack Surface Management — Premium.,Core,3
F01040,P0261,Reporting (Attack Surface Management),Adjacent capability providing reporting within Attack Surface Management — Premium.,Adjacent,1
F01041,P0261,Automation (Attack Surface Management),Differentiator capability providing automation within Attack Surface Management — Premium.,Differentiator,2
F01042,P0262,Detection (Cortex XSIAM),Core capability providing detection within Cortex XSIAM — Premium.,Core,3
F01043,P0262,Compliance Mapping (Cortex XSIAM),Adjacent capability providing compliance mapping within Cortex XSIAM — Premium.,Adjacent,1
F01044,P0262,Data Classification (Cortex XSIAM),Differentiator capability providing data classification within Cortex XSIAM — Premium.,Differentiator,2
F01045,P0262,Incident Timeline (Cortex XSIAM),Core capability providing incident timeline within Cortex XSIAM — Premium.,Core,3
F01046,P0262,Segmentation (Cortex XSIAM),Adjacent capability providing segmentation within Cortex XSIAM — Premium.,Adjacent,1
F01047,P0263,Log Retention (Autonomous DEM),Core capability providing log retention within Autonomous DEM — Essentials.,Core,3
F01048,P0263,Compliance Mapping (Autonomous DEM),Adjacent capability providing compliance mapping within Autonomous DEM — Essentials.,Adjacent,1
F01049,P0263,Posture Assessment (Autonomous DEM),Adjacent capability providing posture assessment within Autonomous DEM — Essentials.,Adjacent,1
F01050,P0263,Identity Correlation (Autonomous DEM),Adjacent capability providing identity correlation within Autonomous DEM — Essentials.,Adjacent,1
F01051,P0264,Identity Correlation (IoT Security),Core capability providing identity correlation within IoT Security — Premium.,Core,3
F01052,P0264,Risk Scoring (IoT Security),Differentiator capability providing risk scoring within IoT Security — Premium.,Differentiator,2
F01053,P0264,Compliance Mapping (IoT Security),Adjacent capability providing compliance mapping within IoT Security — Premium.,Adjacent,1
F01054,P0264,Traffic Inspection (IoT Security),Core capability providing traffic inspection within IoT Security — Premium.,Core,3
F01055,P0265,Posture Assessment (Cortex XDR),Core capability providing posture assessment within Cortex XDR — Essentials.,Core,3
F01056,P0265,Playbook Orchestration (Cortex XDR),Differentiator capability providing playbook orchestration within Cortex XDR — Essentials.,Differentiator,2
F01057,P0265,Reporting (Cortex XDR),Differentiator capability providing reporting within Cortex XDR — Essentials.,Differentiator,2
F01058,P0266,Sandboxing (IoT Security),Core capability providing sandboxing within IoT Security — Essentials.,Core,3
F01059,P0266,Rule Optimisation (IoT Security),Differentiator capability providing rule optimisation within IoT Security — Essentials.,Differentiator,2
F01060,P0266,Reporting (IoT Security),Differentiator capability providing reporting within IoT Security — Essentials.,Differentiator,2
F01061,P0266,Segmentation (IoT Security),Core capability providing segmentation within IoT Security — Essentials.,Core,3
F01062,P0266,Data Classification (IoT Security),Adjacent capability providing data classification within IoT Security — Essentials.,Adjacent,1
F01063,P0267,Incident Timeline (AI Posture Management),Core capability providing incident timeline within AI Posture Management — Premium.,Core,3
F01064,P0267,Segmentation (AI Posture Management),Adjacent capability providing segmentation within AI Posture Management — Premium.,Adjacent,1
F01065,P0267,Data Classification (AI Posture Management),Differentiator capability providing data classification within AI Posture Management — Premium.,Differentiator,2
F01066,P0267,Posture Assessment (AI Posture Management),Differentiator capability providing posture assessment within AI Posture Management — Premium.,Differentiator,2
F01067,P0267,Compliance Mapping (AI Posture Management),Differentiator capability providing compliance mapping within AI Posture Management — Premium.,Differentiator,2
F01068,P0268,Sandboxing (IoT Security),Core capability providing sandboxing within IoT Security — Advanced.,Core,3
F01069,P0268,Log Retention (IoT Security),Differentiator capability providing log retention within IoT Security — Advanced.,Differentiator,2
F01070,P0268,Playbook Orchestration (IoT Security),Adjacent capability providing playbook orchestration within IoT Security — Advanced.,Adjacent,1
F01071,P0268,Posture Assessment (IoT Security),Differentiator capability providing posture assessment within IoT Security — Advanced.,Differentiator,2
F01072,P0269,Log Retention (Cortex XSIAM),Core capability providing log retention within Cortex XSIAM — Advanced.,Core,3
F01073,P0269,Alert Triage (Cortex XSIAM),Core capability providing alert triage within Cortex XSIAM — Advanced.,Core,3
F01074,P0269,Traffic Inspection (Cortex XSIAM),Adjacent capability providing traffic inspection within Cortex XSIAM — Advanced.,Adjacent,1
F01075,P0269,Risk Scoring (Cortex XSIAM),Differentiator capability providing risk scoring within Cortex XSIAM — Advanced.,Differentiator,2
F01076,P0269,Sandboxing (Cortex XSIAM),Core capability providing sandboxing within Cortex XSIAM — Advanced.,Core,3
F01077,P0270,Inline Analysis (SaaS Security),Core capability providing inline analysis within SaaS Security — Advanced.,Core,3
F01078,P0270,Compliance Mapping (SaaS Security),Core capability providing compliance mapping within SaaS Security — Advanced.,Core,3
F01079,P0270,Policy (SaaS Security),Adjacent capability providing policy within SaaS Security — Advanced.,Adjacent,1
F01080,P0271,Identity Correlation (Advanced URL Filtering),Core capability providing identity correlation within Advanced URL Filtering — Essentials.,Core,3
F01081,P0271,Traffic Inspection (Advanced URL Filtering),Differentiator capability providing traffic inspection within Advanced URL Filtering — Essentials.,Differentiator,2
F01082,P0271,Segmentation (Advanced URL Filtering),Core capability providing segmentation within Advanced URL Filtering — Essentials.,Core,3
F01083,P0272,Sandboxing (Advanced URL Filtering),Core capability providing sandboxing within Advanced URL Filtering — Advanced.,Core,3
F01084,P0272,Reporting (Advanced URL Filtering),Differentiator capability providing reporting within Advanced URL Filtering — Advanced.,Differentiator,2
F01085,P0272,Posture Assessment (Advanced URL Filtering),Adjacent capability providing posture assessment within Advanced URL Filtering — Advanced.,Adjacent,1
F01086,P0272,Detection (Advanced URL Filtering),Adjacent capability providing detection within Advanced URL Filtering — Advanced.,Adjacent,1
F01087,P0273,Reporting (Cortex Cloud),Core capability providing reporting within Cortex Cloud — Advanced.,Core,3
F01088,P0273,Playbook Orchestration (Cortex Cloud),Adjacent capability providing playbook orchestration within Cortex Cloud — Advanced.,Adjacent,1
F01089,P0273,Segmentation (Cortex Cloud),Differentiator capability providing segmentation within Cortex Cloud — Advanced.,Differentiator,2
F01090,P0274,Log Retention (Enterprise DLP),Core capability providing log retention within Enterprise DLP — Advanced.,Core,3
F01091,P0274,Data Classification (Enterprise DLP),Differentiator capability providing data classification within Enterprise DLP — Advanced.,Differentiator,2
F01092,P0274,Policy (Enterprise DLP),Adjacent capability providing policy within Enterprise DLP — Advanced.,Adjacent,1
F01093,P0274,Risk Scoring (Enterprise DLP),Adjacent capability providing risk scoring within Enterprise DLP — Advanced.,Adjacent,1
F01094,P0275,Incident Timeline (Exposure Management),Core capability providing incident timeline within Exposure Management — Advanced.,Core,3
F01095,P0275,Threat Hunting (Exposure Management),Differentiator capability providing threat hunting within Exposure Management — Advanced.,Differentiator,2
F01096,P0275,Rule Optimisation (Exposure Management),Adjacent capability providing rule optimisation within Exposure Management — Advanced.,Adjacent,1
F01097,P0276,Segmentation (Cortex XDR),Core capability providing segmentation within Cortex XDR — Premium.,Core,3
F01098,P0276,Identity Correlation (Cortex XDR),Adjacent capability providing identity correlation within Cortex XDR — Premium.,Adjacent,1
F01099,P0276,Compliance Mapping (Cortex XDR),Differentiator capability providing compliance mapping within Cortex XDR — Premium.,Differentiator,2
F01100,P0276,Playbook Orchestration (Cortex XDR),Adjacent capability providing playbook orchestration within Cortex XDR — Premium.,Adjacent,1
F01101,P0276,Automation (Cortex XDR),Differentiator capability providing automation within Cortex XDR — Premium.,Differentiator,2
F01102,P0277,Posture Assessment (Advanced URL Filtering),Core capability providing posture assessment within Advanced URL Filtering — Premium.,Core,3
F01103,P0277,Segmentation (Advanced URL Filtering),Adjacent capability providing segmentation within Advanced URL Filtering — Premium.,Adjacent,1
F01104,P0277,Risk Scoring (Advanced URL Filtering),Differentiator capability providing risk scoring within Advanced URL Filtering — Premium.,Differentiator,2
F01105,P0277,Incident Timeline (Advanced URL Filtering),Adjacent capability providing incident timeline within Advanced URL Filtering — Premium.,Adjacent,1
F01106,P0278,Segmentation (Cortex XDR),Core capability providing segmentation within Cortex XDR — Premium.,Core,3
F01107,P0278,Segmentation (Cortex XDR),Differentiator capability providing segmentation within Cortex XDR — Premium.,Differentiator,2
F01108,P0278,Anomaly Scoring (Cortex XDR),Adjacent capability providing anomaly scoring within Cortex XDR — Premium.,Adjacent,1
F01109,P0278,Log Retention (Cortex XDR),Core capability providing log retention within Cortex XDR — Premium.,Core,3
F01110,P0278,Incident Timeline (Cortex XDR),Differentiator capability providing incident timeline within Cortex XDR — Premium.,Differentiator,2
F01111,P0279,Rule Optimisation (Autonomous DEM),Core capability providing rule optimisation within Autonomous DEM — Advanced.,Core,3
F01112,P0279,Identity Correlation (Autonomous DEM),Differentiator capability providing identity correlation within Autonomous DEM — Advanced.,Differentiator,2
F01113,P0279,Playbook Orchestration (Autonomous DEM),Adjacent capability providing playbook orchestration within Autonomous DEM — Advanced.,Adjacent,1
F01114,P0279,Risk Scoring (Autonomous DEM),Adjacent capability providing risk scoring within Autonomous DEM — Advanced.,Adjacent,1
F01115,P0279,Posture Assessment (Autonomous DEM),Adjacent capability providing posture assessment within Autonomous DEM — Advanced.,Adjacent,1
F01116,P0280,Alert Triage (Cortex XSIAM),Core capability providing alert triage within Cortex XSIAM — Essentials.,Core,3
F01117,P0280,Log Retention (Cortex XSIAM),Adjacent capability providing log retention within Cortex XSIAM — Essentials.,Adjacent,1
F01118,P0280,Automation (Cortex XSIAM),Core capability providing automation within Cortex XSIAM — Essentials.,Core,3
F01119,P0281,Automation (SaaS Security),Core capability providing automation within SaaS Security — Premium.,Core,3
F01120,P0281,Compliance Mapping (SaaS Security),Differentiator capability providing compliance mapping within SaaS Security — Premium.,Differentiator,2
F01121,P0281,Traffic Inspection (SaaS Security),Core capability providing traffic inspection within SaaS Security — Premium.,Core,3
F01122,P0282,Automation (Advanced DNS Security),Core capability providing automation within Advanced DNS Security — Premium.,Core,3
F01123,P0282,Reporting (Advanced DNS Security),Core capability providing reporting within Advanced DNS Security — Premium.,Core,3
F01124,P0282,Log Retention (Advanced DNS Security),Differentiator capability providing log retention within Advanced DNS Security — Premium.,Differentiator,2
F01125,P0283,Alert Triage (IoT Security),Core capability providing alert triage within IoT Security — Advanced.,Core,3
F01126,P0283,Anomaly Scoring (IoT Security),Differentiator capability providing anomaly scoring within IoT Security — Advanced.,Differentiator,2
F01127,P0283,Playbook Orchestration (IoT Security),Adjacent capability providing playbook orchestration within IoT Security — Advanced.,Adjacent,1
F01128,P0283,Inline Analysis (IoT Security),Adjacent capability providing inline analysis within IoT Security — Advanced.,Adjacent,1
F01129,P0283,Inline Analysis (IoT Security),Differentiator capability providing inline analysis within IoT Security — Advanced.,Differentiator,2
F01130,P0284,Segmentation (Advanced Threat Prevention),Core capability providing segmentation within Advanced Threat Prevention — Premium.,Core,3
F01131,P0284,Compliance Mapping (Advanced Threat Prevention),Adjacent capability providing compliance mapping within Advanced Threat Prevention — Premium.,Adjacent,1
F01132,P0284,Playbook Orchestration (Advanced Threat Prevention),Core capability providing playbook orchestration within Advanced Threat Prevention — Premium.,Core,3
F01133,P0284,Traffic Inspection (Advanced Threat Prevention),Adjacent capability providing traffic inspection within Advanced Threat Prevention — Premium.,Adjacent,1
F01134,P0284,Log Retention (Advanced Threat Prevention),Adjacent capability providing log retention within Advanced Threat Prevention — Premium.,Adjacent,1
F01135,P0285,Incident Timeline (Prisma Access),Core capability providing incident timeline within Prisma Access — Premium.,Core,3
F01136,P0285,Playbook Orchestration (Prisma Access),Differentiator capability providing playbook orchestration within Prisma Access — Premium.,Differentiator,2
F01137,P0285,Rule Optimisation (Prisma Access),Adjacent capability providing rule optimisation within Prisma Access — Premium.,Adjacent,1
F01138,P0285,Risk Scoring (Prisma Access),Adjacent capability providing risk scoring within Prisma Access — Premium.,Adjacent,1
F01139,P0285,Identity Correlation (Prisma Access),Differentiator capability providing identity correlation within Prisma Access — Premium.,Differentiator,2
F01140,P0286,Automation (Advanced URL Filtering),Core capability providing automation within Advanced URL Filtering — Essentials.,Core,3
F01141,P0286,Playbook Orchestration (Advanced URL Filtering),Adjacent capability providing playbook orchestration within Advanced URL Filtering — Essentials.,Adjacent,1
F01142,P0286,Anomaly Scoring (Advanced URL Filtering),Differentiator capability providing anomaly scoring within Advanced URL Filtering — Essentials.,Differentiator,2
F01143,P0286,Data Classification (Advanced URL Filtering),Differentiator capability providing data classification within Advanced URL Filtering — Essentials.,Differentiator,2
F01144,P0286,Risk Scoring (Advanced URL Filtering),Differentiator capability providing risk scoring within Advanced URL Filtering — Essentials.,Differentiator,2
F01145,P0287,Inline Analysis (Advanced DNS Security),Core capability providing inline analysis within Advanced DNS Security — Advanced.,Core,3
F01146,P0287,Data Classification (Advanced DNS Security),Differentiator capability providing data classification within Advanced DNS Security — Advanced.,Differentiator,2
F01147,P0287,Anomaly Scoring (Advanced DNS Security),Core capability providing anomaly scoring within Advanced DNS Security — Advanced.,Core,3
F01148,P0287,Compliance Mapping (Advanced DNS Security),Differentiator capability providing compliance mapping within Advanced DNS Security — Advanced.,Differentiator,2
F01149,P0288,Policy (Exposure Management),Core capability providing policy within Exposure Management — Advanced.,Core,3
F01150,P0288,Risk Scoring (Exposure Management),Core capability providing risk scoring within Exposure Management — Advanced.,Core,3
F01151,P0288,Anomaly Scoring (Exposure Management),Adjacent capability providing anomaly scoring within Exposure Management — Advanced.,Adjacent,1
F01152,P0288,Incident Timeline (Exposure Management),Adjacent capability providing incident timeline within Exposure Management — Advanced.,Adjacent,1
F01153,P0288,Alert Triage (Exposure Management),Differentiator capability providing alert triage within Exposure Management — Advanced.,Differentiator,2
F01154,P0289,Traffic Inspection (Exposure Management),Core capability providing traffic inspection within Exposure Management — Advanced.,Core,3
F01155,P0289,Risk Scoring (Exposure Management),Differentiator capability providing risk scoring within Exposure Management — Advanced.,Differentiator,2
F01156,P0289,Sandboxing (Exposure Management),Differentiator capability providing sandboxing within Exposure Management — Advanced.,Differentiator,2
F01157,P0290,Sandboxing (NGFW),Core capability providing sandboxing within NGFW — Advanced.,Core,3
F01158,P0290,Sandboxing (NGFW),Differentiator capability providing sandboxing within NGFW — Advanced.,Differentiator,2
F01159,P0290,Alert Triage (NGFW),Adjacent capability providing alert triage within NGFW — Advanced.,Adjacent,1
F01160,P0291,Incident Timeline (AI Model Scanning),Core capability providing incident timeline within AI Model Scanning — Premium.,Core,3
F01161,P0291,Log Retention (AI Model Scanning),Core capability providing log retention within AI Model Scanning — Premium.,Core,3
F01162,P0291,Anomaly Scoring (AI Model Scanning),Adjacent capability providing anomaly scoring within AI Model Scanning — Premium.,Adjacent,1
F01163,P0291,Traffic Inspection (AI Model Scanning),Differentiator capability providing traffic inspection within AI Model Scanning — Premium.,Differentiator,2
F01164,P0292,Anomaly Scoring (Advanced DNS Security),Core capability providing anomaly scoring within Advanced DNS Security — Advanced.,Core,3
F01165,P0292,Reporting (Advanced DNS Security),Differentiator capability providing reporting within Advanced DNS Security — Advanced.,Differentiator,2
F01166,P0292,Playbook Orchestration (Advanced DNS Security),Adjacent capability providing playbook orchestration within Advanced DNS Security — Advanced.,Adjacent,1
F01167,P0292,Incident Timeline (Advanced DNS Security),Differentiator capability providing incident timeline within Advanced DNS Security — Advanced.,Differentiator,2
F01168,P0293,Policy (Exposure Management),Core capability providing policy within Exposure Management — Premium.,Core,3
F01169,P0293,Inline Analysis (Exposure Management),Differentiator capability providing inline analysis within Exposure Management — Premium.,Differentiator,2
F01170,P0293,Detection (Exposure Management),Adjacent capability providing detection within Exposure Management — Premium.,Adjacent,1
F01171,P0293,Traffic Inspection (Exposure Management),Differentiator capability providing traffic inspection within Exposure Management — Premium.,Differentiator,2
F01172,P0294,Log Retention (Prisma SD-WAN),Core capability providing log retention within Prisma SD-WAN — Essentials.,Core,3
F01173,P0294,Inline Analysis (Prisma SD-WAN),Differentiator capability providing inline analysis within Prisma SD-WAN — Essentials.,Differentiator,2
F01174,P0294,Playbook Orchestration (Prisma SD-WAN),Core capability providing playbook orchestration within Prisma SD-WAN — Essentials.,Core,3
F01175,P0295,Risk Scoring (Advanced WildFire),Core capability providing risk scoring within Advanced WildFire — Essentials.,Core,3
F01176,P0295,Anomaly Scoring (Advanced WildFire),Core capability providing anomaly scoring within Advanced WildFire — Essentials.,Core,3
F01177,P0295,Compliance Mapping (Advanced WildFire),Core capability providing compliance mapping within Advanced WildFire — Essentials.,Core,3
F01178,P0295,Data Classification (Advanced WildFire),Core capability providing data classification within Advanced WildFire — Essentials.,Core,3
F01179,P0295,Playbook Orchestration (Advanced WildFire),Differentiator capability providing playbook orchestration within Advanced WildFire — Essentials.,Differentiator,2
F01180,P0296,Detection (SaaS Security),Core capability providing detection within SaaS Security — Essentials.,Core,3
F01181,P0296,Log Retention (SaaS Security),Adjacent capability providing log retention within SaaS Security — Essentials.,Adjacent,1
F01182,P0296,Sandboxing (SaaS Security),Differentiator capability providing sandboxing within SaaS Security — Essentials.,Differentiator,2
F01183,P0296,Automation (SaaS Security),Adjacent capability providing automation within SaaS Security — Essentials.,Adjacent,1
F01184,P0296,Traffic Inspection (SaaS Security),Adjacent capability providing traffic inspection within SaaS Security — Essentials.,Adjacent,1
F01185,P0297,Sandboxing (IoT Security),Core capability providing sandboxing within IoT Security — Premium.,Core,3
F01186,P0297,Policy (IoT Security),Differentiator capability providing policy within IoT Security — Premium.,Differentiator,2
F01187,P0297,Reporting (IoT Security),Adjacent capability providing reporting within IoT Security — Premium.,Adjacent,1
F01188,P0297,Alert Triage (IoT Security),Differentiator capability providing alert triage within IoT Security — Premium.,Differentiator,2
F01189,P0298,Detection (SaaS Security),Core capability providing detection within SaaS Security — Essentials.,Core,3
F01190,P0298,Threat Hunting (SaaS Security),Adjacent capability providing threat hunting within SaaS Security — Essentials.,Adjacent,1
F01191,P0298,Playbook Orchestration (SaaS Security),Differentiator capability providing playbook orchestration within SaaS Security — Essentials.,Differentiator,2
F01192,P0298,Reporting (SaaS Security),Adjacent capability providing reporting within SaaS Security — Essentials.,Adjacent,1
F01193,P0299,Segmentation (Advanced WildFire),Core capability providing segmentation within Advanced WildFire — Premium.,Core,3
F01194,P0299,Posture Assessment (Advanced WildFire),Adjacent capability providing posture assessment within Advanced WildFire — Premium.,Adjacent,1
F01195,P0299,Detection (Advanced WildFire),Differentiator capability providing detection within Advanced WildFire — Premium.,Differentiator,2
F01196,P0299,Traffic Inspection (Advanced WildFire),Differentiator capability providing traffic inspection within Advanced WildFire — Premium.,Differentiator,2
F01197,P0299,Identity Correlation (Advanced WildFire),Adjacent capability providing identity correlation within Advanced WildFire — Premium.,Adjacent,1
F01198,P0300,Threat Hunting (Attack Surface Management),Core capability providing threat hunting within Attack Surface Management — Premium.,Core,3
F01199,P0300,Data Classification (Attack Surface Management),Differentiator capability providing data classification within Attack Surface Management — Premium.,Differentiator,2
F01200,P0300,Detection (Attack Surface Management),Adjacent capability providing detection within Attack Surface Management — Premium.,Adjacent,1
F01201,P0301,Posture Assessment (Cortex XDR),Core capability providing posture assessment within Cortex XDR — Advanced.,Core,3
F01202,P0301,Log Retention (Cortex XDR),Differentiator capability providing log retention within Cortex XDR — Advanced.,Differentiator,2
F01203,P0301,Rule Optimisation (Cortex XDR),Core capability providing rule optimisation within Cortex XDR — Advanced.,Core,3
F01204,P0301,Reporting (Cortex XDR),Adjacent capability providing reporting within Cortex XDR — Advanced.,Adjacent,1
F01205,P0301,Sandboxing (Cortex XDR),Differentiator capability providing sandboxing within Cortex XDR — Advanced.,Differentiator,2
F01206,P0302,Compliance Mapping (Cortex XSIAM),Core capability providing compliance mapping within Cortex XSIAM — Premium.,Core,3
F01207,P0302,Incident Timeline (Cortex XSIAM),Core capability providing incident timeline within Cortex XSIAM — Premium.,Core,3
F01208,P0302,Inline Analysis (Cortex XSIAM),Core capability providing inline analysis within Cortex XSIAM — Premium.,Core,3
F01209,P0303,Incident Timeline (Advanced URL Filtering),Core capability providing incident timeline within Advanced URL Filtering — Premium.,Core,3
F01210,P0303,Segmentation (Advanced URL Filtering),Adjacent capability providing segmentation within Advanced URL Filtering — Premium.,Adjacent,1
F01211,P0303,Detection (Advanced URL Filtering),Differentiator capability providing detection within Advanced URL Filtering — Premium.,Differentiator,2
F01212,P0303,Detection (Advanced URL Filtering),Differentiator capability providing detection within Advanced URL Filtering — Premium.,Differentiator,2
F01213,P0304,Inline Analysis (Prisma Browser),Core capability providing inline analysis within Prisma Browser — Essentials.,Core,3
F01214,P0304,Compliance Mapping (Prisma Browser),Adjacent capability providing compliance mapping within Prisma Browser — Essentials.,Adjacent,1
F01215,P0304,Alert Triage (Prisma Browser),Adjacent capability providing alert triage within Prisma Browser — Essentials.,Adjacent,1
F01216,P0304,Segmentation (Prisma Browser),Adjacent capability providing segmentation within Prisma Browser — Essentials.,Adjacent,1
F01217,P0305,Threat Hunting (Prisma SD-WAN),Core capability providing threat hunting within Prisma SD-WAN — Premium.,Core,3
F01218,P0305,Policy (Prisma SD-WAN),Adjacent capability providing policy within Prisma SD-WAN — Premium.,Adjacent,1
F01219,P0305,Sandboxing (Prisma SD-WAN),Adjacent capability providing sandboxing within Prisma SD-WAN — Premium.,Adjacent,1
F01220,P0305,Data Classification (Prisma SD-WAN),Adjacent capability providing data classification within Prisma SD-WAN — Premium.,Adjacent,1
F01221,P0305,Inline Analysis (Prisma SD-WAN),Differentiator capability providing inline analysis within Prisma SD-WAN — Premium.,Differentiator,2
F01222,P0306,Anomaly Scoring (Prisma SD-WAN),Core capability providing anomaly scoring within Prisma SD-WAN — Premium.,Core,3
F01223,P0306,Traffic Inspection (Prisma SD-WAN),Adjacent capability providing traffic inspection within Prisma SD-WAN — Premium.,Adjacent,1
F01224,P0306,Compliance Mapping (Prisma SD-WAN),Differentiator capability providing compliance mapping within Prisma SD-WAN — Premium.,Differentiator,2
F01225,P0306,Threat Hunting (Prisma SD-WAN),Differentiator capability providing threat hunting within Prisma SD-WAN — Premium.,Differentiator,2
F01226,P0307,Incident Timeline (Exposure Management),Core capability providing incident timeline within Exposure Management — Premium.,Core,3
F01227,P0307,Traffic Inspection (Exposure Management),Differentiator capability providing traffic inspection within Exposure Management — Premium.,Differentiator,2
F01228,P0307,Posture Assessment (Exposure Management),Differentiator capability providing posture assessment within Exposure Management — Premium.,Differentiator,2
F01229,P0307,Automation (Exposure Management),Adjacent capability providing automation within Exposure Management — Premium.,Adjacent,1
F01230,P0307,Identity Correlation (Exposure Management),Differentiator capability providing identity correlation within Exposure Management — Premium.,Differentiator,2
F01231,P0308,Traffic Inspection (AI Runtime Security),Core capability providing traffic inspection within AI Runtime Security — Essentials.,Core,3
F01232,P0308,Data Classification (AI Runtime Security),Differentiator capability providing data classification within AI Runtime Security — Essentials.,Differentiator,2
F01233,P0308,Playbook Orchestration (AI Runtime Security),Adjacent capability providing playbook orchestration within AI Runtime Security — Essentials.,Adjacent,1
F01234,P0309,Posture Assessment (AI Model Scanning),Core capability providing posture assessment within AI Model Scanning — Premium.,Core,3
F01235,P0309,Policy (AI Model Scanning),Adjacent capability providing policy within AI Model Scanning — Premium.,Adjacent,1
F01236,P0309,Incident Timeline (AI Model Scanning),Differentiator capability providing incident timeline within AI Model Scanning — Premium.,Differentiator,2
F01237,P0310,Traffic Inspection (SaaS Security),Core capability providing traffic inspection within SaaS Security — Premium.,Core,3
F01238,P0310,Sandboxing (SaaS Security),Adjacent capability providing sandboxing within SaaS Security — Premium.,Adjacent,1
F01239,P0310,Threat Hunting (SaaS Security),Differentiator capability providing threat hunting within SaaS Security — Premium.,Differentiator,2
F01240,P0310,Identity Correlation (SaaS Security),Adjacent capability providing identity correlation within SaaS Security — Premium.,Adjacent,1
F01241,P0311,Segmentation (Autonomous DEM),Core capability providing segmentation within Autonomous DEM — Advanced.,Core,3
F01242,P0311,Reporting (Autonomous DEM),Differentiator capability providing reporting within Autonomous DEM — Advanced.,Differentiator,2
F01243,P0311,Reporting (Autonomous DEM),Adjacent capability providing reporting within Autonomous DEM — Advanced.,Adjacent,1
F01244,P0311,Identity Correlation (Autonomous DEM),Adjacent capability providing identity correlation within Autonomous DEM — Advanced.,Adjacent,1
F01245,P0311,Automation (Autonomous DEM),Differentiator capability providing automation within Autonomous DEM — Advanced.,Differentiator,2
F01246,P0312,Detection (Cortex XSOAR),Core capability providing detection within Cortex XSOAR — Advanced.,Core,3
F01247,P0312,Threat Hunting (Cortex XSOAR),Adjacent capability providing threat hunting within Cortex XSOAR — Advanced.,Adjacent,1
F01248,P0312,Reporting (Cortex XSOAR),Core capability providing reporting within Cortex XSOAR — Advanced.,Core,3
F01249,P0313,Sandboxing (Advanced WildFire),Core capability providing sandboxing within Advanced WildFire — Advanced.,Core,3
F01250,P0313,Compliance Mapping (Advanced WildFire),Differentiator capability providing compliance mapping within Advanced WildFire — Advanced.,Differentiator,2
F01251,P0313,Identity Correlation (Advanced WildFire),Core capability providing identity correlation within Advanced WildFire — Advanced.,Core,3
F01252,P0313,Incident Timeline (Advanced WildFire),Adjacent capability providing incident timeline within Advanced WildFire — Advanced.,Adjacent,1
F01253,P0314,Policy (Cortex XSOAR),Core capability providing policy within Cortex XSOAR — Premium.,Core,3
F01254,P0314,Threat Hunting (Cortex XSOAR),Adjacent capability providing threat hunting within Cortex XSOAR — Premium.,Adjacent,1
F01255,P0314,Compliance Mapping (Cortex XSOAR),Core capability providing compliance mapping within Cortex XSOAR — Premium.,Core,3
F01256,P0314,Automation (Cortex XSOAR),Differentiator capability providing automation within Cortex XSOAR — Premium.,Differentiator,2
F01257,P0314,Playbook Orchestration (Cortex XSOAR),Adjacent capability providing playbook orchestration within Cortex XSOAR — Premium.,Adjacent,1
F01258,P0315,Data Classification (AI Model Scanning),Core capability providing data classification within AI Model Scanning — Advanced.,Core,3
F01259,P0315,Detection (AI Model Scanning),Core capability providing detection within AI Model Scanning — Advanced.,Core,3
F01260,P0315,Incident Timeline (AI Model Scanning),Adjacent capability providing incident timeline within AI Model Scanning — Advanced.,Adjacent,1
F01261,P0315,Log Retention (AI Model Scanning),Adjacent capability providing log retention within AI Model Scanning — Advanced.,Adjacent,1
F01262,P0315,Identity Correlation (AI Model Scanning),Differentiator capability providing identity correlation within AI Model Scanning — Advanced.,Differentiator,2
F01263,P0316,Automation (SaaS Security),Core capability providing automation within SaaS Security — Essentials.,Core,3
F01264,P0316,Threat Hunting (SaaS Security),Adjacent capability providing threat hunting within SaaS Security — Essentials.,Adjacent,1
F01265,P0316,Identity Correlation (SaaS Security),Adjacent capability providing identity correlation within SaaS Security — Essentials.,Adjacent,1
F01266,P0317,Sandboxing (Advanced Threat Prevention),Core capability providing sandboxing within Advanced Threat Prevention — Essentials.,Core,3
F01267,P0317,Threat Hunting (Advanced Threat Prevention),Core capability providing threat hunting within Advanced Threat Prevention — Essentials.,Core,3
F01268,P0317,Threat Hunting (Advanced Threat Prevention),Differentiator capability providing threat hunting within Advanced Threat Prevention — Essentials.,Differentiator,2
F01269,P0318,Traffic Inspection (SaaS Security),Core capability providing traffic inspection within SaaS Security — Advanced.,Core,3
F01270,P0318,Risk Scoring (SaaS Security),Adjacent capability providing risk scoring within SaaS Security — Advanced.,Adjacent,1
F01271,P0318,Reporting (SaaS Security),Adjacent capability providing reporting within SaaS Security — Advanced.,Adjacent,1
F01272,P0318,Rule Optimisation (SaaS Security),Adjacent capability providing rule optimisation within SaaS Security — Advanced.,Adjacent,1
F01273,P0318,Data Classification (SaaS Security),Adjacent capability providing data classification within SaaS Security — Advanced.,Adjacent,1
F01274,P0319,Posture Assessment (Advanced URL Filtering),Core capability providing posture assessment within Advanced URL Filtering — Premium.,Core,3
F01275,P0319,Traffic Inspection (Advanced URL Filtering),Differentiator capability providing traffic inspection within Advanced URL Filtering — Premium.,Differentiator,2
F01276,P0319,Sandboxing (Advanced URL Filtering),Adjacent capability providing sandboxing within Advanced URL Filtering — Premium.,Adjacent,1
F01277,P0319,Identity Correlation (Advanced URL Filtering),Adjacent capability providing identity correlation within Advanced URL Filtering — Premium.,Adjacent,1
F01278,P0319,Segmentation (Advanced URL Filtering),Differentiator capability providing segmentation within Advanced URL Filtering — Premium.,Differentiator,2
F01279,P0320,Segmentation (Advanced DNS Security),Core capability providing segmentation within Advanced DNS Security — Advanced.,Core,3
F01280,P0320,Traffic Inspection (Advanced DNS Security),Differentiator capability providing traffic inspection within Advanced DNS Security — Advanced.,Differentiator,2
F01281,P0320,Segmentation (Advanced DNS Security),Adjacent capability providing segmentation within Advanced DNS Security — Advanced.,Adjacent,1
F01282,P0320,Data Classification (Advanced DNS Security),Differentiator capability providing data classification within Advanced DNS Security — Advanced.,Differentiator,2
F01283,P0320,Risk Scoring (Advanced DNS Security),Differentiator capability providing risk scoring within Advanced DNS Security — Advanced.,Differentiator,2
F01284,P0321,Threat Hunting (Advanced WildFire),Core capability providing threat hunting within Advanced WildFire — Premium.,Core,3
F01285,P0321,Sandboxing (Advanced WildFire),Differentiator capability providing sandboxing within Advanced WildFire — Premium.,Differentiator,2
F01286,P0321,Traffic Inspection (Advanced WildFire),Adjacent capability providing traffic inspection within Advanced WildFire — Premium.,Adjacent,1
F01287,P0321,Log Retention (Advanced WildFire),Adjacent capability providing log retention within Advanced WildFire — Premium.,Adjacent,1
F01288,P0321,Data Classification (Advanced WildFire),Adjacent capability providing data classification within Advanced WildFire — Premium.,Adjacent,1
F01289,P0322,Anomaly Scoring (Prisma Access),Core capability providing anomaly scoring within Prisma Access — Essentials.,Core,3
F01290,P0322,Incident Timeline (Prisma Access),Differentiator capability providing incident timeline within Prisma Access — Essentials.,Differentiator,2
F01291,P0322,Policy (Prisma Access),Differentiator capability providing policy within Prisma Access — Essentials.,Differentiator,2
F01292,P0322,Identity Correlation (Prisma Access),Adjacent capability providing identity correlation within Prisma Access — Essentials.,Adjacent,1
F01293,P0323,Anomaly Scoring (Exposure Management),Core capability providing anomaly scoring within Exposure Management — Advanced.,Core,3
F01294,P0323,Alert Triage (Exposure Management),Adjacent capability providing alert triage within Exposure Management — Advanced.,Adjacent,1
F01295,P0323,Threat Hunting (Exposure Management),Differentiator capability providing threat hunting within Exposure Management — Advanced.,Differentiator,2
F01296,P0324,Log Retention (NGFW),Core capability providing log retention within NGFW — Advanced.,Core,3
F01297,P0324,Traffic Inspection (NGFW),Core capability providing traffic inspection within NGFW — Advanced.,Core,3
F01298,P0324,Identity Correlation (NGFW),Adjacent capability providing identity correlation within NGFW — Advanced.,Adjacent,1
F01299,P0324,Traffic Inspection (NGFW),Adjacent capability providing traffic inspection within NGFW — Advanced.,Adjacent,1
F01300,P0325,Inline Analysis (Enterprise DLP),Core capability providing inline analysis within Enterprise DLP — Advanced.,Core,3
F01301,P0325,Log Retention (Enterprise DLP),Adjacent capability providing log retention within Enterprise DLP — Advanced.,Adjacent,1
F01302,P0325,Data Classification (Enterprise DLP),Differentiator capability providing data classification within Enterprise DLP — Advanced.,Differentiator,2
F01303,P0325,Rule Optimisation (Enterprise DLP),Core capability providing rule optimisation within Enterprise DLP — Advanced.,Core,3
F01304,P0325,Alert Triage (Enterprise DLP),Differentiator capability providing alert triage within Enterprise DLP — Advanced.,Differentiator,2
F01305,P0326,Rule Optimisation (Prisma Browser),Core capability providing rule optimisation within Prisma Browser — Premium.,Core,3
F01306,P0326,Sandboxing (Prisma Browser),Differentiator capability providing sandboxing within Prisma Browser — Premium.,Differentiator,2
F01307,P0326,Rule Optimisation (Prisma Browser),Differentiator capability providing rule optimisation within Prisma Browser — Premium.,Differentiator,2
F01308,P0327,Compliance Mapping (SaaS Security),Core capability providing compliance mapping within SaaS Security — Advanced.,Core,3
F01309,P0327,Posture Assessment (SaaS Security),Adjacent capability providing posture assessment within SaaS Security — Advanced.,Adjacent,1
F01310,P0327,Compliance Mapping (SaaS Security),Adjacent capability providing compliance mapping within SaaS Security — Advanced.,Adjacent,1
F01311,P0328,Detection (Cortex XDR),Core capability providing detection within Cortex XDR — Essentials.,Core,3
F01312,P0328,Rule Optimisation (Cortex XDR),Adjacent capability providing rule optimisation within Cortex XDR — Essentials.,Adjacent,1
F01313,P0328,Sandboxing (Cortex XDR),Adjacent capability providing sandboxing within Cortex XDR — Essentials.,Adjacent,1
F01314,P0328,Automation (Cortex XDR),Core capability providing automation within Cortex XDR — Essentials.,Core,3
F01315,P0328,Detection (Cortex XDR),Adjacent capability providing detection within Cortex XDR — Essentials.,Adjacent,1
F01316,P0329,Reporting (Cortex XSOAR),Core capability providing reporting within Cortex XSOAR — Premium.,Core,3
F01317,P0329,Alert Triage (Cortex XSOAR),Differentiator capability providing alert triage within Cortex XSOAR — Premium.,Differentiator,2
F01318,P0329,Incident Timeline (Cortex XSOAR),Adjacent capability providing incident timeline within Cortex XSOAR — Premium.,Adjacent,1
F01319,P0329,Policy (Cortex XSOAR),Differentiator capability providing policy within Cortex XSOAR — Premium.,Differentiator,2
F01320,P0330,Traffic Inspection (Cortex XDR),Core capability providing traffic inspection within Cortex XDR — Premium.,Core,3
F01321,P0330,Rule Optimisation (Cortex XDR),Adjacent capability providing rule optimisation within Cortex XDR — Premium.,Adjacent,1
F01322,P0330,Inline Analysis (Cortex XDR),Differentiator capability providing inline analysis within Cortex XDR — Premium.,Differentiator,2
F01323,P0330,Segmentation (Cortex XDR),Differentiator capability providing segmentation within Cortex XDR — Premium.,Differentiator,2
F01324,P0330,Identity Correlation (Cortex XDR),Core capability providing identity correlation within Cortex XDR — Premium.,Core,3
F01325,P0331,Playbook Orchestration (Prisma Access),Core capability providing playbook orchestration within Prisma Access — Essentials.,Core,3
F01326,P0331,Incident Timeline (Prisma Access),Differentiator capability providing incident timeline within Prisma Access — Essentials.,Differentiator,2
F01327,P0331,Rule Optimisation (Prisma Access),Core capability providing rule optimisation within Prisma Access — Essentials.,Core,3
F01328,P0331,Identity Correlation (Prisma Access),Adjacent capability providing identity correlation within Prisma Access — Essentials.,Adjacent,1
F01329,P0331,Automation (Prisma Access),Differentiator capability providing automation within Prisma Access — Essentials.,Differentiator,2
F01330,P0332,Inline Analysis (Enterprise DLP),Core capability providing inline analysis within Enterprise DLP — Essentials.,Core,3
F01331,P0332,Inline Analysis (Enterprise DLP),Differentiator capability providing inline analysis within Enterprise DLP — Essentials.,Differentiator,2
F01332,P0332,Segmentation (Enterprise DLP),Adjacent capability providing segmentation within Enterprise DLP — Essentials.,Adjacent,1
F01333,P0333,Traffic Inspection (Advanced DNS Security),Core capability providing traffic inspection within Advanced DNS Security — Advanced.,Core,3
F01334,P0333,Sandboxing (Advanced DNS Security),Differentiator capability providing sandboxing within Advanced DNS Security — Advanced.,Differentiator,2
F01335,P0333,Log Retention (Advanced DNS Security),Adjacent capability providing log retention within Advanced DNS Security — Advanced.,Adjacent,1
F01336,P0334,Inline Analysis (Cortex XSOAR),Core capability providing inline analysis within Cortex XSOAR — Premium.,Core,3
F01337,P0334,Inline Analysis (Cortex XSOAR),Differentiator capability providing inline analysis within Cortex XSOAR — Premium.,Differentiator,2
F01338,P0334,Compliance Mapping (Cortex XSOAR),Differentiator capability providing compliance mapping within Cortex XSOAR — Premium.,Differentiator,2
F01339,P0335,Identity Correlation (Attack Surface Management),Core capability providing identity correlation within Attack Surface Management — Advanced.,Core,3
F01340,P0335,Alert Triage (Attack Surface Management),Differentiator capability providing alert triage within Attack Surface Management — Advanced.,Differentiator,2
F01341,P0335,Alert Triage (Attack Surface Management),Differentiator capability providing alert triage within Attack Surface Management — Advanced.,Differentiator,2
F01342,P0335,Automation (Attack Surface Management),Adjacent capability providing automation within Attack Surface Management — Advanced.,Adjacent,1
F01343,P0335,Log Retention (Attack Surface Management),Adjacent capability providing log retention within Attack Surface Management — Advanced.,Adjacent,1
F01344,P0336,Risk Scoring (NGFW),Core capability providing risk scoring within NGFW — Advanced.,Core,3
F01345,P0336,Risk Scoring (NGFW),Differentiator capability providing risk scoring within NGFW — Advanced.,Differentiator,2
F01346,P0336,Data Classification (NGFW),Adjacent capability providing data classification within NGFW — Advanced.,Adjacent,1
F01347,P0336,Data Classification (NGFW),Core capability providing data classification within NGFW — Advanced.,Core,3
F01348,P0337,Policy (Prisma Browser),Core capability providing policy within Prisma Browser — Premium.,Core,3
F01349,P0337,Anomaly Scoring (Prisma Browser),Differentiator capability providing anomaly scoring within Prisma Browser — Premium.,Differentiator,2
F01350,P0337,Posture Assessment (Prisma Browser),Adjacent capability providing posture assessment within Prisma Browser — Premium.,Adjacent,1
F01351,P0338,Inline Analysis (Prisma Browser),Core capability providing inline analysis within Prisma Browser — Premium.,Core,3
F01352,P0338,Playbook Orchestration (Prisma Browser),Adjacent capability providing playbook orchestration within Prisma Browser — Premium.,Adjacent,1
F01353,P0338,Detection (Prisma Browser),Adjacent capability providing detection within Prisma Browser — Premium.,Adjacent,1
F01354,P0338,Alert Triage (Prisma Browser),Differentiator capability providing alert triage within Prisma Browser — Premium.,Differentiator,2
F01355,P0339,Automation (Autonomous DEM),Core capability providing automation within Autonomous DEM — Essentials.,Core,3
F01356,P0339,Reporting (Autonomous DEM),Adjacent capability providing reporting within Autonomous DEM — Essentials.,Adjacent,1
F01357,P0339,Detection (Autonomous DEM),Differentiator capability providing detection within Autonomous DEM — Essentials.,Differentiator,2
F01358,P0340,Anomaly Scoring (Attack Surface Management),Core capability providing anomaly scoring within Attack Surface Management — Advanced.,Core,3
F01359,P0340,Policy (Attack Surface Management),Adjacent capability providing policy within Attack Surface Management — Advanced.,Adjacent,1
F01360,P0340,Segmentation (Attack Surface Management),Adjacent capability providing segmentation within Attack Surface Management — Advanced.,Adjacent,1
F01361,P0341,Traffic Inspection (Cortex XSIAM),Core capability providing traffic inspection within Cortex XSIAM — Premium.,Core,3
F01362,P0341,Threat Hunting (Cortex XSIAM),Adjacent capability providing threat hunting within Cortex XSIAM — Premium.,Adjacent,1
F01363,P0341,Threat Hunting (Cortex XSIAM),Differentiator capability providing threat hunting within Cortex XSIAM — Premium.,Differentiator,2
F01364,P0341,Traffic Inspection (Cortex XSIAM),Differentiator capability providing traffic inspection within Cortex XSIAM — Premium.,Differentiator,2
F01365,P0341,Identity Correlation (Cortex XSIAM),Differentiator capability providing identity correlation within Cortex XSIAM — Premium.,Differentiator,2
F01366,P0342,Policy (NGFW),Core capability providing policy within NGFW — Advanced.,Core,3
F01367,P0342,Sandboxing (NGFW),Differentiator capability providing sandboxing within NGFW — Advanced.,Differentiator,2
F01368,P0342,Rule Optimisation (NGFW),Adjacent capability providing rule optimisation within NGFW — Advanced.,Adjacent,1
F01369,P0342,Identity Correlation (NGFW),Adjacent capability providing identity correlation within NGFW — Advanced.,Adjacent,1
F01370,P0343,Threat Hunting (Cortex Cloud),Core capability providing threat hunting within Cortex Cloud — Premium.,Core,3
F01371,P0343,Incident Timeline (Cortex Cloud),Differentiator capability providing incident timeline within Cortex Cloud — Premium.,Differentiator,2
F01372,P0343,Log Retention (Cortex Cloud),Core capability providing log retention within Cortex Cloud — Premium.,Core,3
F01373,P0344,Automation (AI Runtime Security),Core capability providing automation within AI Runtime Security — Premium.,Core,3
F01374,P0344,Sandboxing (AI Runtime Security),Differentiator capability providing sandboxing within AI Runtime Security — Premium.,Differentiator,2
F01375,P0344,Log Retention (AI Runtime Security),Adjacent capability providing log retention within AI Runtime Security — Premium.,Adjacent,1
F01376,P0345,Sandboxing (Advanced URL Filtering),Core capability providing sandboxing within Advanced URL Filtering — Premium.,Core,3
F01377,P0345,Alert Triage (Advanced URL Filtering),Adjacent capability providing alert triage within Advanced URL Filtering — Premium.,Adjacent,1
F01378,P0345,Sandboxing (Advanced URL Filtering),Adjacent capability providing sandboxing within Advanced URL Filtering — Premium.,Adjacent,1
F01379,P0345,Identity Correlation (Advanced URL Filtering),Adjacent capability providing identity correlation within Advanced URL Filtering — Premium.,Adjacent,1
F01380,P0345,Reporting (Advanced URL Filtering),Core capability providing reporting within Advanced URL Filtering — Premium.,Core,3
F01381,P0346,Threat Hunting (AI Posture Management),Core capability providing threat hunting within AI Posture Management — Premium.,Core,3
F01382,P0346,Identity Correlation (AI Posture Management),Differentiator capability providing identity correlation within AI Posture Management — Premium.,Differentiator,2
F01383,P0346,Playbook Orchestration (AI Posture Management),Adjacent capability providing playbook orchestration within AI Posture Management — Premium.,Adjacent,1
F01384,P0346,Traffic Inspection (AI Posture Management),Core capability providing traffic inspection within AI Posture Management — Premium.,Core,3
F01385,P0347,Sandboxing (Autonomous DEM),Core capability providing sandboxing within Autonomous DEM — Premium.,Core,3
F01386,P0347,Posture Assessment (Autonomous DEM),Core capability providing posture assessment within Autonomous DEM — Premium.,Core,3
F01387,P0347,Policy (Autonomous DEM),Differentiator capability providing policy within Autonomous DEM — Premium.,Differentiator,2
F01388,P0347,Data Classification (Autonomous DEM),Differentiator capability providing data classification within Autonomous DEM — Premium.,Differentiator,2
F01389,P0347,Data Classification (Autonomous DEM),Differentiator capability providing data classification within Autonomous DEM — Premium.,Differentiator,2
F01390,P0348,Identity Correlation (Cortex XDR),Core capability providing identity correlation within Cortex XDR — Essentials.,Core,3
F01391,P0348,Log Retention (Cortex XDR),Adjacent capability providing log retention within Cortex XDR — Essentials.,Adjacent,1
F01392,P0348,Detection (Cortex XDR),Differentiator capability providing detection within Cortex XDR — Essentials.,Differentiator,2
F01393,P0348,Log Retention (Cortex XDR),Adjacent capability providing log retention within Cortex XDR — Essentials.,Adjacent,1
F01394,P0349,Traffic Inspection (Advanced URL Filtering),Core capability providing traffic inspection within Advanced URL Filtering — Advanced.,Core,3
F01395,P0349,Log Retention (Advanced URL Filtering),Adjacent capability providing log retention within Advanced URL Filtering — Advanced.,Adjacent,1
F01396,P0349,Alert Triage (Advanced URL Filtering),Adjacent capability providing alert triage within Advanced URL Filtering — Advanced.,Adjacent,1
F01397,P0349,Inline Analysis (Advanced URL Filtering),Core capability providing inline analysis within Advanced URL Filtering — Advanced.,Core,3
F01398,P0350,Sandboxing (Enterprise DLP),Core capability providing sandboxing within Enterprise DLP — Advanced.,Core,3
F01399,P0350,Identity Correlation (Enterprise DLP),Adjacent capability providing identity correlation within Enterprise DLP — Advanced.,Adjacent,1
F01400,P0350,Incident Timeline (Enterprise DLP),Adjacent capability providing incident timeline within Enterprise DLP — Advanced.,Adjacent,1
F01401,P0350,Alert Triage (Enterprise DLP),Core capability providing alert triage within Enterprise DLP — Advanced.,Core,3
F01402,P0351,Incident Timeline (Cortex XSOAR),Core capability providing incident timeline within Cortex XSOAR — Essentials.,Core,3
F01403,P0351,Segmentation (Cortex XSOAR),Differentiator capability providing segmentation within Cortex XSOAR — Essentials.,Differentiator,2
F01404,P0351,Playbook Orchestration (Cortex XSOAR),Differentiator capability providing playbook orchestration within Cortex XSOAR — Essentials.,Differentiator,2
F01405,P0351,Traffic Inspection (Cortex XSOAR),Adjacent capability providing traffic inspection within Cortex XSOAR — Essentials.,Adjacent,1
F01406,P0352,Traffic Inspection (Enterprise DLP),Core capability providing traffic inspection within Enterprise DLP — Advanced.,Core,3
F01407,P0352,Threat Hunting (Enterprise DLP),Differentiator capability providing threat hunting within Enterprise DLP — Advanced.,Differentiator,2
F01408,P0352,Inline Analysis (Enterprise DLP),Core capability providing inline analysis within Enterprise DLP — Advanced.,Core,3
F01409,P0353,Risk Scoring (Advanced URL Filtering),Core capability providing risk scoring within Advanced URL Filtering — Premium.,Core,3
F01410,P0353,Inline Analysis (Advanced URL Filtering),Adjacent capability providing inline analysis within Advanced URL Filtering — Premium.,Adjacent,1
F01411,P0353,Rule Optimisation (Advanced URL Filtering),Adjacent capability providing rule optimisation within Advanced URL Filtering — Premium.,Adjacent,1
F01412,P0353,Posture Assessment (Advanced URL Filtering),Adjacent capability providing posture assessment within Advanced URL Filtering — Premium.,Adjacent,1
F01413,P0354,Posture Assessment (Exposure Management),Core capability providing posture assessment within Exposure Management — Advanced.,Core,3
F01414,P0354,Segmentation (Exposure Management),Core capability providing segmentation within Exposure Management — Advanced.,Core,3
F01415,P0354,Inline Analysis (Exposure Management),Differentiator capability providing inline analysis within Exposure Management — Advanced.,Differentiator,2
F01416,P0354,Policy (Exposure Management),Adjacent capability providing policy within Exposure Management — Advanced.,Adjacent,1
F01417,P0355,Playbook Orchestration (Cortex XSOAR),Core capability providing playbook orchestration within Cortex XSOAR — Premium.,Core,3
F01418,P0355,Log Retention (Cortex XSOAR),Adjacent capability providing log retention within Cortex XSOAR — Premium.,Adjacent,1
F01419,P0355,Inline Analysis (Cortex XSOAR),Differentiator capability providing inline analysis within Cortex XSOAR — Premium.,Differentiator,2
F01420,P0355,Threat Hunting (Cortex XSOAR),Differentiator capability providing threat hunting within Cortex XSOAR — Premium.,Differentiator,2
F01421,P0356,Incident Timeline (Advanced DNS Security),Core capability providing incident timeline within Advanced DNS Security — Premium.,Core,3
F01422,P0356,Incident Timeline (Advanced DNS Security),Core capability providing incident timeline within Advanced DNS Security — Premium.,Core,3
F01423,P0356,Log Retention (Advanced DNS Security),Core capability providing log retention within Advanced DNS Security — Premium.,Core,3
F01424,P0357,Data Classification (Attack Surface Management),Core capability providing data classification within Attack Surface Management — Essentials.,Core,3
F01425,P0357,Automation (Attack Surface Management),Adjacent capability providing automation within Attack Surface Management — Essentials.,Adjacent,1
F01426,P0357,Compliance Mapping (Attack Surface Management),Differentiator capability providing compliance mapping within Attack Surface Management — Essentials.,Differentiator,2
F01427,P0357,Inline Analysis (Attack Surface Management),Differentiator capability providing inline analysis within Attack Surface Management — Essentials.,Differentiator,2
F01428,P0357,Identity Correlation (Attack Surface Management),Adjacent capability providing identity correlation within Attack Surface Management — Essentials.,Adjacent,1
F01429,P0358,Compliance Mapping (Advanced WildFire),Core capability providing compliance mapping within Advanced WildFire — Advanced.,Core,3
F01430,P0358,Inline Analysis (Advanced WildFire),Differentiator capability providing inline analysis within Advanced WildFire — Advanced.,Differentiator,2
F01431,P0358,Posture Assessment (Advanced WildFire),Adjacent capability providing posture assessment within Advanced WildFire — Advanced.,Adjacent,1
F01432,P0358,Threat Hunting (Advanced WildFire),Differentiator capability providing threat hunting within Advanced WildFire — Advanced.,Differentiator,2
F01433,P0358,Alert Triage (Advanced WildFire),Differentiator capability providing alert triage within Advanced WildFire — Advanced.,Differentiator,2
F01434,P0359,Log Retention (Cortex XSIAM),Core capability providing log retention within Cortex XSIAM — Premium.,Core,3
F01435,P0359,Risk Scoring (Cortex XSIAM),Differentiator capability providing risk scoring within Cortex XSIAM — Premium.,Differentiator,2
F01436,P0359,Alert Triage (Cortex XSIAM),Adjacent capability providing alert triage within Cortex XSIAM — Premium.,Adjacent,1
F01437,P0360,Playbook Orchestration (IoT Security),Core capability providing playbook orchestration within IoT Security — Advanced.,Core,3
F01438,P0360,Incident Timeline (IoT Security),Adjacent capability providing incident timeline within IoT Security — Advanced.,Adjacent,1
F01439,P0360,Compliance Mapping (IoT Security),Differentiator capability providing compliance mapping within IoT Security — Advanced.,Differentiator,2
F01440,P0360,Segmentation (IoT Security),Differentiator capability providing segmentation within IoT Security — Advanced.,Differentiator,2
F01441,P0360,Playbook Orchestration (IoT Security),Differentiator capability providing playbook orchestration within IoT Security — Advanced.,Differentiator,2
F01442,P0361,Incident Timeline (AI Model Scanning),Core capability providing incident timeline within AI Model Scanning — Advanced.,Core,3
F01443,P0361,Sandboxing (AI Model Scanning),Differentiator capability providing sandboxing within AI Model Scanning — Advanced.,Differentiator,2
F01444,P0361,Segmentation (AI Model Scanning),Adjacent capability providing segmentation within AI Model Scanning — Advanced.,Adjacent,1
F01445,P0362,Identity Correlation (AI Runtime Security),Core capability providing identity correlation within AI Runtime Security — Premium.,Core,3
F01446,P0362,Detection (AI Runtime Security),Adjacent capability providing detection within AI Runtime Security — Premium.,Adjacent,1
F01447,P0362,Identity Correlation (AI Runtime Security),Adjacent capability providing identity correlation within AI Runtime Security — Premium.,Adjacent,1
F01448,P0362,Reporting (AI Runtime Security),Adjacent capability providing reporting within AI Runtime Security — Premium.,Adjacent,1
F01449,P0363,Alert Triage (Autonomous DEM),Core capability providing alert triage within Autonomous DEM — Essentials.,Core,3
F01450,P0363,Identity Correlation (Autonomous DEM),Differentiator capability providing identity correlation within Autonomous DEM — Essentials.,Differentiator,2
F01451,P0363,Traffic Inspection (Autonomous DEM),Adjacent capability providing traffic inspection within Autonomous DEM — Essentials.,Adjacent,1
F01452,P0363,Sandboxing (Autonomous DEM),Adjacent capability providing sandboxing within Autonomous DEM — Essentials.,Adjacent,1
F01453,P0364,Threat Hunting (Cortex XDR),Core capability providing threat hunting within Cortex XDR — Essentials.,Core,3
F01454,P0364,Anomaly Scoring (Cortex XDR),Core capability providing anomaly scoring within Cortex XDR — Essentials.,Core,3
F01455,P0364,Playbook Orchestration (Cortex XDR),Differentiator capability providing playbook orchestration within Cortex XDR — Essentials.,Differentiator,2
F01456,P0364,Sandboxing (Cortex XDR),Adjacent capability providing sandboxing within Cortex XDR — Essentials.,Adjacent,1
F01457,P0364,Anomaly Scoring (Cortex XDR),Adjacent capability providing anomaly scoring within Cortex XDR — Essentials.,Adjacent,1
F01458,P0365,Detection (Enterprise DLP),Core capability providing detection within Enterprise DLP — Essentials.,Core,3
F01459,P0365,Identity Correlation (Enterprise DLP),Differentiator capability providing identity correlation within Enterprise DLP — Essentials.,Differentiator,2
F01460,P0365,Inline Analysis (Enterprise DLP),Differentiator capability providing inline analysis within Enterprise DLP — Essentials.,Differentiator,2
F01461,P0365,Playbook Orchestration (Enterprise DLP),Adjacent capability providing playbook orchestration within Enterprise DLP — Essentials.,Adjacent,1
F01462,P0366,Traffic Inspection (AI Runtime Security),Core capability providing traffic inspection within AI Runtime Security — Essentials.,Core,3
F01463,P0366,Inline Analysis (AI Runtime Security),Differentiator capability providing inline analysis within AI Runtime Security — Essentials.,Differentiator,2
F01464,P0366,Sandboxing (AI Runtime Security),Adjacent capability providing sandboxing within AI Runtime Security — Essentials.,Adjacent,1
F01465,P0366,Risk Scoring (AI Runtime Security),Core capability providing risk scoring within AI Runtime Security — Essentials.,Core,3
F01466,P0366,Segmentation (AI Runtime Security),Adjacent capability providing segmentation within AI Runtime Security — Essentials.,Adjacent,1
F01467,P0367,Threat Hunting (Cortex XSOAR),Core capability providing threat hunting within Cortex XSOAR — Advanced.,Core,3
F01468,P0367,Playbook Orchestration (Cortex XSOAR),Core capability providing playbook orchestration within Cortex XSOAR — Advanced.,Core,3
F01469,P0367,Automation (Cortex XSOAR),Differentiator capability providing automation within Cortex XSOAR — Advanced.,Differentiator,2
F01470,P0367,Log Retention (Cortex XSOAR),Adjacent capability providing log retention within Cortex XSOAR — Advanced.,Adjacent,1
F01471,P0368,Reporting (Attack Surface Management),Core capability providing reporting within Attack Surface Management — Advanced.,Core,3
F01472,P0368,Automation (Attack Surface Management),Adjacent capability providing automation within Attack Surface Management — Advanced.,Adjacent,1
F01473,P0368,Reporting (Attack Surface Management),Adjacent capability providing reporting within Attack Surface Management — Advanced.,Adjacent,1
F01474,P0368,Playbook Orchestration (Attack Surface Management),Adjacent capability providing playbook orchestration within Attack Surface Management — Advanced.,Adjacent,1
F01475,P0369,Identity Correlation (Advanced DNS Security),Core capability providing identity correlation within Advanced DNS Security — Advanced.,Core,3
F01476,P0369,Incident Timeline (Advanced DNS Security),Differentiator capability providing incident timeline within Advanced DNS Security — Advanced.,Differentiator,2
F01477,P0369,Posture Assessment (Advanced DNS Security),Differentiator capability providing posture assessment within Advanced DNS Security — Advanced.,Differentiator,2
F01478,P0369,Sandboxing (Advanced DNS Security),Differentiator capability providing sandboxing within Advanced DNS Security — Advanced.,Differentiator,2
F01479,P0369,Traffic Inspection (Advanced DNS Security),Adjacent capability providing traffic inspection within Advanced DNS Security — Advanced.,Adjacent,1
F01480,P0370,Inline Analysis (IoT Security),Core capability providing inline analysis within IoT Security — Advanced.,Core,3
F01481,P0370,Posture Assessment (IoT Security),Core capability providing posture assessment within IoT Security — Advanced.,Core,3
F01482,P0370,Inline Analysis (IoT Security),Differentiator capability providing inline analysis within IoT Security — Advanced.,Differentiator,2
F01483,P0370,Posture Assessment (IoT Security),Differentiator capability providing posture assessment within IoT Security — Advanced.,Differentiator,2
F01484,P0371,Anomaly Scoring (Advanced URL Filtering),Core capability providing anomaly scoring within Advanced URL Filtering — Advanced.,Core,3
F01485,P0371,Posture Assessment (Advanced URL Filtering),Core capability providing posture assessment within Advanced URL Filtering — Advanced.,Core,3
F01486,P0371,Reporting (Advanced URL Filtering),Differentiator capability providing reporting within Advanced URL Filtering — Advanced.,Differentiator,2
F01487,P0371,Inline Analysis (Advanced URL Filtering),Adjacent capability providing inline analysis within Advanced URL Filtering — Advanced.,Adjacent,1
F01488,P0371,Threat Hunting (Advanced URL Filtering),Adjacent capability providing threat hunting within Advanced URL Filtering — Advanced.,Adjacent,1
F01489,P0372,Playbook Orchestration (IoT Security),Core capability providing playbook orchestration within IoT Security — Advanced.,Core,3
F01490,P0372,Compliance Mapping (IoT Security),Adjacent capability providing compliance mapping within IoT Security — Advanced.,Adjacent,1
F01491,P0372,Compliance Mapping (IoT Security),Differentiator capability providing compliance mapping within IoT Security — Advanced.,Differentiator,2
F01492,P0373,Compliance Mapping (IoT Security),Core capability providing compliance mapping within IoT Security — Essentials.,Core,3
F01493,P0373,Playbook Orchestration (IoT Security),Adjacent capability providing playbook orchestration within IoT Security — Essentials.,Adjacent,1
F01494,P0373,Risk Scoring (IoT Security),Adjacent capability providing risk scoring within IoT Security — Essentials.,Adjacent,1
F01495,P0373,Playbook Orchestration (IoT Security),Differentiator capability providing playbook orchestration within IoT Security — Essentials.,Differentiator,2
F01496,P0373,Automation (IoT Security),Differentiator capability providing automation within IoT Security — Essentials.,Differentiator,2
F01497,P0374,Traffic Inspection (Advanced Threat Prevention),Core capability providing traffic inspection within Advanced Threat Prevention — Essentials.,Core,3
F01498,P0374,Threat Hunting (Advanced Threat Prevention),Adjacent capability providing threat hunting within Advanced Threat Prevention — Essentials.,Adjacent,1
F01499,P0374,Detection (Advanced Threat Prevention),Differentiator capability providing detection within Advanced Threat Prevention — Essentials.,Differentiator,2
F01500,P0374,Posture Assessment (Advanced Threat Prevention),Differentiator capability providing posture assessment within Advanced Threat Prevention — Essentials.,Differentiator,2
F01501,P0374,Inline Analysis (Advanced Threat Prevention),Adjacent capability providing inline analysis within Advanced Threat Prevention — Essentials.,Adjacent,1
F01502,P0375,Detection (Cortex XSOAR),Core capability providing detection within Cortex XSOAR — Advanced.,Core,3
F01503,P0375,Rule Optimisation (Cortex XSOAR),Adjacent capability providing rule optimisation within Cortex XSOAR — Advanced.,Adjacent,1
F01504,P0375,Incident Timeline (Cortex XSOAR),Core capability providing incident timeline within Cortex XSOAR — Advanced.,Core,3
F01505,P0376,Posture Assessment (Prisma Browser),Core capability providing posture assessment within Prisma Browser — Premium.,Core,3
F01506,P0376,Posture Assessment (Prisma Browser),Differentiator capability providing posture assessment within Prisma Browser — Premium.,Differentiator,2
F01507,P0376,Anomaly Scoring (Prisma Browser),Core capability providing anomaly scoring within Prisma Browser — Premium.,Core,3
F01508,P0376,Incident Timeline (Prisma Browser),Core capability providing incident timeline within Prisma Browser — Premium.,Core,3
F01509,P0377,Playbook Orchestration (Cortex Cloud),Core capability providing playbook orchestration within Cortex Cloud — Advanced.,Core,3
F01510,P0377,Rule Optimisation (Cortex Cloud),Adjacent capability providing rule optimisation within Cortex Cloud — Advanced.,Adjacent,1
F01511,P0377,Data Classification (Cortex Cloud),Adjacent capability providing data classification within Cortex Cloud — Advanced.,Adjacent,1
F01512,P0377,Detection (Cortex Cloud),Adjacent capability providing detection within Cortex Cloud — Advanced.,Adjacent,1
F01513,P0377,Automation (Cortex Cloud),Differentiator capability providing automation within Cortex Cloud — Advanced.,Differentiator,2
F01514,P0378,Risk Scoring (Exposure Management),Core capability providing risk scoring within Exposure Management — Advanced.,Core,3
F01515,P0378,Traffic Inspection (Exposure Management),Differentiator capability providing traffic inspection within Exposure Management — Advanced.,Differentiator,2
F01516,P0378,Automation (Exposure Management),Adjacent capability providing automation within Exposure Management — Advanced.,Adjacent,1
F01517,P0378,Anomaly Scoring (Exposure Management),Adjacent capability providing anomaly scoring within Exposure Management — Advanced.,Adjacent,1
F01518,P0379,Identity Correlation (Cortex XSOAR),Core capability providing identity correlation within Cortex XSOAR — Advanced.,Core,3
F01519,P0379,Risk Scoring (Cortex XSOAR),Core capability providing risk scoring within Cortex XSOAR — Advanced.,Core,3
F01520,P0379,Identity Correlation (Cortex XSOAR),Adjacent capability providing identity correlation within Cortex XSOAR — Advanced.,Adjacent,1
F01521,P0379,Threat Hunting (Cortex XSOAR),Differentiator capability providing threat hunting within Cortex XSOAR — Advanced.,Differentiator,2
F01522,P0380,Identity Correlation (Advanced Threat Prevention),Core capability providing identity correlation within Advanced Threat Prevention — Advanced.,Core,3
F01523,P0380,Automation (Advanced Threat Prevention),Differentiator capability providing automation within Advanced Threat Prevention — Advanced.,Differentiator,2
F01524,P0380,Compliance Mapping (Advanced Threat Prevention),Core capability providing compliance mapping within Advanced Threat Prevention — Advanced.,Core,3
F01525,P0380,Incident Timeline (Advanced Threat Prevention),Adjacent capability providing incident timeline within Advanced Threat Prevention — Advanced.,Adjacent,1
F01526,P0380,Anomaly Scoring (Advanced Threat Prevention),Adjacent capability providing anomaly scoring within Advanced Threat Prevention — Advanced.,Adjacent,1
F01527,P0381,Incident Timeline (Cortex Cloud),Core capability providing incident timeline within Cortex Cloud — Premium.,Core,3
F01528,P0381,Data Classification (Cortex Cloud),Adjacent capability providing data classification within Cortex Cloud — Premium.,Adjacent,1
F01529,P0381,Inline Analysis (Cortex Cloud),Differentiator capability providing inline analysis within Cortex Cloud — Premium.,Differentiator,2
F01530,P0381,Incident Timeline (Cortex Cloud),Differentiator capability providing incident timeline within Cortex Cloud — Premium.,Differentiator,2
F01531,P0382,Incident Timeline (SaaS Security),Core capability providing incident timeline within SaaS Security — Premium.,Core,3
F01532,P0382,Alert Triage (SaaS Security),Differentiator capability providing alert triage within SaaS Security — Premium.,Differentiator,2
F01533,P0382,Anomaly Scoring (SaaS Security),Adjacent capability providing anomaly scoring within SaaS Security — Premium.,Adjacent,1
F01534,P0382,Threat Hunting (SaaS Security),Differentiator capability providing threat hunting within SaaS Security — Premium.,Differentiator,2
F01535,P0382,Policy (SaaS Security),Adjacent capability providing policy within SaaS Security — Premium.,Adjacent,1
F01536,P0383,Reporting (Attack Surface Management),Core capability providing reporting within Attack Surface Management — Essentials.,Core,3
F01537,P0383,Threat Hunting (Attack Surface Management),Core capability providing threat hunting within Attack Surface Management — Essentials.,Core,3
F01538,P0383,Incident Timeline (Attack Surface Management),Adjacent capability providing incident timeline within Attack Surface Management — Essentials.,Adjacent,1
F01539,P0384,Threat Hunting (Prisma Browser),Core capability providing threat hunting within Prisma Browser — Essentials.,Core,3
F01540,P0384,Policy (Prisma Browser),Differentiator capability providing policy within Prisma Browser — Essentials.,Differentiator,2
F01541,P0384,Threat Hunting (Prisma Browser),Differentiator capability providing threat hunting within Prisma Browser — Essentials.,Differentiator,2
F01542,P0384,Anomaly Scoring (Prisma Browser),Adjacent capability providing anomaly scoring within Prisma Browser — Essentials.,Adjacent,1
F01543,P0385,Segmentation (Attack Surface Management),Core capability providing segmentation within Attack Surface Management — Essentials.,Core,3
F01544,P0385,Policy (Attack Surface Management),Adjacent capability providing policy within Attack Surface Management — Essentials.,Adjacent,1
F01545,P0385,Reporting (Attack Surface Management),Differentiator capability providing reporting within Attack Surface Management — Essentials.,Differentiator,2
F01546,P0385,Segmentation (Attack Surface Management),Differentiator capability providing segmentation within Attack Surface Management — Essentials.,Differentiator,2
F01547,P0386,Posture Assessment (Advanced URL Filtering),Core capability providing posture assessment within Advanced URL Filtering — Premium.,Core,3
F01548,P0386,Threat Hunting (Advanced URL Filtering),Differentiator capability providing threat hunting within Advanced URL Filtering — Premium.,Differentiator,2
F01549,P0386,Segmentation (Advanced URL Filtering),Adjacent capability providing segmentation within Advanced URL Filtering — Premium.,Adjacent,1
F01550,P0386,Segmentation (Advanced URL Filtering),Adjacent capability providing segmentation within Advanced URL Filtering — Premium.,Adjacent,1
F01551,P0387,Inline Analysis (Cortex Cloud),Core capability providing inline analysis within Cortex Cloud — Essentials.,Core,3
F01552,P0387,Playbook Orchestration (Cortex Cloud),Differentiator capability providing playbook orchestration within Cortex Cloud — Essentials.,Differentiator,2
F01553,P0387,Traffic Inspection (Cortex Cloud),Differentiator capability providing traffic inspection within Cortex Cloud — Essentials.,Differentiator,2
F01554,P0387,Segmentation (Cortex Cloud),Core capability providing segmentation within Cortex Cloud — Essentials.,Core,3
F01555,P0387,Playbook Orchestration (Cortex Cloud),Core capability providing playbook orchestration within Cortex Cloud — Essentials.,Core,3
F01556,P0388,Rule Optimisation (Prisma Access),Core capability providing rule optimisation within Prisma Access — Advanced.,Core,3
F01557,P0388,Segmentation (Prisma Access),Adjacent capability providing segmentation within Prisma Access — Advanced.,Adjacent,1
F01558,P0388,Traffic Inspection (Prisma Access),Core capability providing traffic inspection within Prisma Access — Advanced.,Core,3
F01559,P0388,Traffic Inspection (Prisma Access),Differentiator capability providing traffic inspection within Prisma Access — Advanced.,Differentiator,2
F01560,P0389,Data Classification (SaaS Security),Core capability providing data classification within SaaS Security — Advanced.,Core,3
F01561,P0389,Automation (SaaS Security),Differentiator capability providing automation within SaaS Security — Advanced.,Differentiator,2
F01562,P0389,Inline Analysis (SaaS Security),Adjacent capability providing inline analysis within SaaS Security — Advanced.,Adjacent,1
F01563,P0390,Traffic Inspection (Advanced URL Filtering),Core capability providing traffic inspection within Advanced URL Filtering — Essentials.,Core,3
F01564,P0390,Posture Assessment (Advanced URL Filtering),Adjacent capability providing posture assessment within Advanced URL Filtering — Essentials.,Adjacent,1
F01565,P0390,Rule Optimisation (Advanced URL Filtering),Differentiator capability providing rule optimisation within Advanced URL Filtering — Essentials.,Differentiator,2
F01566,P0390,Incident Timeline (Advanced URL Filtering),Differentiator capability providing incident timeline within Advanced URL Filtering — Essentials.,Differentiator,2
F01567,P0391,Anomaly Scoring (Advanced URL Filtering),Core capability providing anomaly scoring within Advanced URL Filtering — Premium.,Core,3
F01568,P0391,Segmentation (Advanced URL Filtering),Differentiator capability providing segmentation within Advanced URL Filtering — Premium.,Differentiator,2
F01569,P0391,Detection (Advanced URL Filtering),Core capability providing detection within Advanced URL Filtering — Premium.,Core,3
F01570,P0391,Log Retention (Advanced URL Filtering),Adjacent capability providing log retention within Advanced URL Filtering — Premium.,Adjacent,1
F01571,P0392,Anomaly Scoring (AI Runtime Security),Core capability providing anomaly scoring within AI Runtime Security — Advanced.,Core,3
F01572,P0392,Threat Hunting (AI Runtime Security),Core capability providing threat hunting within AI Runtime Security — Advanced.,Core,3
F01573,P0392,Identity Correlation (AI Runtime Security),Adjacent capability providing identity correlation within AI Runtime Security — Advanced.,Adjacent,1
F01574,P0392,Anomaly Scoring (AI Runtime Security),Differentiator capability providing anomaly scoring within AI Runtime Security — Advanced.,Differentiator,2
F01575,P0393,Threat Hunting (Prisma SD-WAN),Core capability providing threat hunting within Prisma SD-WAN — Premium.,Core,3
F01576,P0393,Automation (Prisma SD-WAN),Core capability providing automation within Prisma SD-WAN — Premium.,Core,3
F01577,P0393,Playbook Orchestration (Prisma SD-WAN),Adjacent capability providing playbook orchestration within Prisma SD-WAN — Premium.,Adjacent,1
F01578,P0394,Compliance Mapping (Enterprise DLP),Core capability providing compliance mapping within Enterprise DLP — Advanced.,Core,3
F01579,P0394,Identity Correlation (Enterprise DLP),Core capability providing identity correlation within Enterprise DLP — Advanced.,Core,3
F01580,P0394,Anomaly Scoring (Enterprise DLP),Differentiator capability providing anomaly scoring within Enterprise DLP — Advanced.,Differentiator,2
F01581,P0394,Segmentation (Enterprise DLP),Differentiator capability providing segmentation within Enterprise DLP — Advanced.,Differentiator,2
F01582,P0394,Inline Analysis (Enterprise DLP),Differentiator capability providing inline analysis within Enterprise DLP — Advanced.,Differentiator,2
F01583,P0395,Inline Analysis (Autonomous DEM),Core capability providing inline analysis within Autonomous DEM — Premium.,Core,3
F01584,P0395,Threat Hunting (Autonomous DEM),Adjacent capability providing threat hunting within Autonomous DEM — Premium.,Adjacent,1
F01585,P0395,Detection (Autonomous DEM),Adjacent capability providing detection within Autonomous DEM — Premium.,Adjacent,1
F01586,P0396,Anomaly Scoring (Cortex XSIAM),Core capability providing anomaly scoring within Cortex XSIAM — Essentials.,Core,3
F01587,P0396,Detection (Cortex XSIAM),Differentiator capability providing detection within Cortex XSIAM — Essentials.,Differentiator,2
F01588,P0396,Incident Timeline (Cortex XSIAM),Adjacent capability providing incident timeline within Cortex XSIAM — Essentials.,Adjacent,1
F01589,P0396,Automation (Cortex XSIAM),Core capability providing automation within Cortex XSIAM — Essentials.,Core,3
F01590,P0397,Anomaly Scoring (Prisma SD-WAN),Core capability providing anomaly scoring within Prisma SD-WAN — Premium.,Core,3
F01591,P0397,Policy (Prisma SD-WAN),Differentiator capability providing policy within Prisma SD-WAN — Premium.,Differentiator,2
F01592,P0397,Rule Optimisation (Prisma SD-WAN),Core capability providing rule optimisation within Prisma SD-WAN — Premium.,Core,3
F01593,P0397,Anomaly Scoring (Prisma SD-WAN),Differentiator capability providing anomaly scoring within Prisma SD-WAN — Premium.,Differentiator,2
F01594,P0398,Segmentation (Cortex XSOAR),Core capability providing segmentation within Cortex XSOAR — Advanced.,Core,3
F01595,P0398,Playbook Orchestration (Cortex XSOAR),Adjacent capability providing playbook orchestration within Cortex XSOAR — Advanced.,Adjacent,1
F01596,P0398,Reporting (Cortex XSOAR),Differentiator capability providing reporting within Cortex XSOAR — Advanced.,Differentiator,2
F01597,P0398,Log Retention (Cortex XSOAR),Differentiator capability providing log retention within Cortex XSOAR — Advanced.,Differentiator,2
F01598,P0398,Inline Analysis (Cortex XSOAR),Differentiator capability providing inline analysis within Cortex XSOAR — Advanced.,Differentiator,2
F01599,P0399,Incident Timeline (SaaS Security),Core capability providing incident timeline within SaaS Security — Advanced.,Core,3
F01600,P0399,Traffic Inspection (SaaS Security),Differentiator capability providing traffic inspection within SaaS Security — Advanced.,Differentiator,2
F01601,P0399,Identity Correlation (SaaS Security),Core capability providing identity correlation within SaaS Security — Advanced.,Core,3
F01602,P0400,Segmentation (Advanced URL Filtering),Core capability providing segmentation within Advanced URL Filtering — Essentials.,Core,3
F01603,P0400,Log Retention (Advanced URL Filtering),Differentiator capability providing log retention within Advanced URL Filtering — Essentials.,Differentiator,2
F01604,P0400,Inline Analysis (Advanced URL Filtering),Differentiator capability providing inline analysis within Advanced URL Filtering — Essentials.,Differentiator,2
F01605,P0401,Segmentation (IoT Security),Core capability providing segmentation within IoT Security — Advanced.,Core,3
F01606,P0401,Traffic Inspection (IoT Security),Adjacent capability providing traffic inspection within IoT Security — Advanced.,Adjacent,1
F01607,P0401,Playbook Orchestration (IoT Security),Adjacent capability providing playbook orchestration within IoT Security — Advanced.,Adjacent,1
F01608,P0401,Detection (IoT Security),Differentiator capability providing detection within IoT Security — Advanced.,Differentiator,2
F01609,P0401,Inline Analysis (IoT Security),Differentiator capability providing inline analysis within IoT Security — Advanced.,Differentiator,2
F01610,P0402,Reporting (Cortex XDR),Core capability providing reporting within Cortex XDR — Essentials.,Core,3
F01611,P0402,Sandboxing (Cortex XDR),Differentiator capability providing sandboxing within Cortex XDR — Essentials.,Differentiator,2
F01612,P0402,Detection (Cortex XDR),Adjacent capability providing detection within Cortex XDR — Essentials.,Adjacent,1
F01613,P0403,Incident Timeline (Enterprise DLP),Core capability providing incident timeline within Enterprise DLP — Premium.,Core,3
F01614,P0403,Rule Optimisation (Enterprise DLP),Differentiator capability providing rule optimisation within Enterprise DLP — Premium.,Differentiator,2
F01615,P0403,Playbook Orchestration (Enterprise DLP),Differentiator capability providing playbook orchestration within Enterprise DLP — Premium.,Differentiator,2
F01616,P0404,Traffic Inspection (NGFW),Core capability providing traffic inspection within NGFW — Advanced.,Core,3
F01617,P0404,Automation (NGFW),Differentiator capability providing automation within NGFW — Advanced.,Differentiator,2
F01618,P0404,Playbook Orchestration (NGFW),Differentiator capability providing playbook orchestration within NGFW — Advanced.,Differentiator,2
F01619,P0404,Rule Optimisation (NGFW),Differentiator capability providing rule optimisation within NGFW — Advanced.,Differentiator,2
F01620,P0404,Inline Analysis (NGFW),Adjacent capability providing inline analysis within NGFW — Advanced.,Adjacent,1
F01621,P0405,Playbook Orchestration (Cortex XSIAM),Core capability providing playbook orchestration within Cortex XSIAM — Essentials.,Core,3
F01622,P0405,Reporting (Cortex XSIAM),Adjacent capability providing reporting within Cortex XSIAM — Essentials.,Adjacent,1
F01623,P0405,Playbook Orchestration (Cortex XSIAM),Adjacent capability providing playbook orchestration within Cortex XSIAM — Essentials.,Adjacent,1
F01624,P0406,Alert Triage (IoT Security),Core capability providing alert triage within IoT Security — Premium.,Core,3
F01625,P0406,Alert Triage (IoT Security),Adjacent capability providing alert triage within IoT Security — Premium.,Adjacent,1
F01626,P0406,Inline Analysis (IoT Security),Adjacent capability providing inline analysis within IoT Security — Premium.,Adjacent,1
F01627,P0406,Incident Timeline (IoT Security),Differentiator capability providing incident timeline within IoT Security — Premium.,Differentiator,2
F01628,P0407,Segmentation (Cortex XSOAR),Core capability providing segmentation within Cortex XSOAR — Essentials.,Core,3
F01629,P0407,Segmentation (Cortex XSOAR),Adjacent capability providing segmentation within Cortex XSOAR — Essentials.,Adjacent,1
F01630,P0407,Playbook Orchestration (Cortex XSOAR),Differentiator capability providing playbook orchestration within Cortex XSOAR — Essentials.,Differentiator,2
F01631,P0407,Compliance Mapping (Cortex XSOAR),Adjacent capability providing compliance mapping within Cortex XSOAR — Essentials.,Adjacent,1
F01632,P0408,Compliance Mapping (IoT Security),Core capability providing compliance mapping within IoT Security — Premium.,Core,3
F01633,P0408,Playbook Orchestration (IoT Security),Core capability providing playbook orchestration within IoT Security — Premium.,Core,3
F01634,P0408,Posture Assessment (IoT Security),Core capability providing posture assessment within IoT Security — Premium.,Core,3
F01635,P0409,Reporting (Advanced DNS Security),Core capability providing reporting within Advanced DNS Security — Premium.,Core,3
F01636,P0409,Sandboxing (Advanced DNS Security),Adjacent capability providing sandboxing within Advanced DNS Security — Premium.,Adjacent,1
F01637,P0409,Reporting (Advanced DNS Security),Adjacent capability providing reporting within Advanced DNS Security — Premium.,Adjacent,1
F01638,P0409,Segmentation (Advanced DNS Security),Core capability providing segmentation within Advanced DNS Security — Premium.,Core,3
F01639,P0410,Risk Scoring (Enterprise DLP),Core capability providing risk scoring within Enterprise DLP — Essentials.,Core,3
F01640,P0410,Alert Triage (Enterprise DLP),Adjacent capability providing alert triage within Enterprise DLP — Essentials.,Adjacent,1
F01641,P0410,Incident Timeline (Enterprise DLP),Adjacent capability providing incident timeline within Enterprise DLP — Essentials.,Adjacent,1
F01642,P0410,Alert Triage (Enterprise DLP),Differentiator capability providing alert triage within Enterprise DLP — Essentials.,Differentiator,2
F01643,P0410,Traffic Inspection (Enterprise DLP),Differentiator capability providing traffic inspection within Enterprise DLP — Essentials.,Differentiator,2
F01644,P0411,Segmentation (Attack Surface Management),Core capability providing segmentation within Attack Surface Management — Advanced.,Core,3
F01645,P0411,Threat Hunting (Attack Surface Management),Adjacent capability providing threat hunting within Attack Surface Management — Advanced.,Adjacent,1
F01646,P0411,Rule Optimisation (Attack Surface Management),Differentiator capability providing rule optimisation within Attack Surface Management — Advanced.,Differentiator,2
F01647,P0412,Traffic Inspection (Prisma Browser),Core capability providing traffic inspection within Prisma Browser — Advanced.,Core,3
F01648,P0412,Alert Triage (Prisma Browser),Adjacent capability providing alert triage within Prisma Browser — Advanced.,Adjacent,1
F01649,P0412,Posture Assessment (Prisma Browser),Differentiator capability providing posture assessment within Prisma Browser — Advanced.,Differentiator,2
F01650,P0412,Automation (Prisma Browser),Adjacent capability providing automation within Prisma Browser — Advanced.,Adjacent,1
F01651,P0413,Playbook Orchestration (Advanced Threat Prevention),Core capability providing playbook orchestration within Advanced Threat Prevention — Advanced.,Core,3
F01652,P0413,Segmentation (Advanced Threat Prevention),Adjacent capability providing segmentation within Advanced Threat Prevention — Advanced.,Adjacent,1
F01653,P0413,Traffic Inspection (Advanced Threat Prevention),Adjacent capability providing traffic inspection within Advanced Threat Prevention — Advanced.,Adjacent,1
F01654,P0413,Reporting (Advanced Threat Prevention),Differentiator capability providing reporting within Advanced Threat Prevention — Advanced.,Differentiator,2
F01655,P0413,Playbook Orchestration (Advanced Threat Prevention),Adjacent capability providing playbook orchestration within Advanced Threat Prevention — Advanced.,Adjacent,1
F01656,P0414,Incident Timeline (Prisma Access),Core capability providing incident timeline within Prisma Access — Premium.,Core,3
F01657,P0414,Reporting (Prisma Access),Differentiator capability providing reporting within Prisma Access — Premium.,Differentiator,2
F01658,P0414,Incident Timeline (Prisma Access),Differentiator capability providing incident timeline within Prisma Access — Premium.,Differentiator,2
F01659,P0415,Threat Hunting (Enterprise DLP),Core capability providing threat hunting within Enterprise DLP — Essentials.,Core,3
F01660,P0415,Inline Analysis (Enterprise DLP),Differentiator capability providing inline analysis within Enterprise DLP — Essentials.,Differentiator,2
F01661,P0415,Rule Optimisation (Enterprise DLP),Adjacent capability providing rule optimisation within Enterprise DLP — Essentials.,Adjacent,1
F01662,P0415,Policy (Enterprise DLP),Core capability providing policy within Enterprise DLP — Essentials.,Core,3
F01663,P0416,Anomaly Scoring (Advanced WildFire),Core capability providing anomaly scoring within Advanced WildFire — Advanced.,Core,3
F01664,P0416,Sandboxing (Advanced WildFire),Adjacent capability providing sandboxing within Advanced WildFire — Advanced.,Adjacent,1
F01665,P0416,Incident Timeline (Advanced WildFire),Differentiator capability providing incident timeline within Advanced WildFire — Advanced.,Differentiator,2
F01666,P0417,Anomaly Scoring (Advanced URL Filtering),Core capability providing anomaly scoring within Advanced URL Filtering — Advanced.,Core,3
F01667,P0417,Risk Scoring (Advanced URL Filtering),Differentiator capability providing risk scoring within Advanced URL Filtering — Advanced.,Differentiator,2
F01668,P0417,Data Classification (Advanced URL Filtering),Differentiator capability providing data classification within Advanced URL Filtering — Advanced.,Differentiator,2
F01669,P0417,Automation (Advanced URL Filtering),Adjacent capability providing automation within Advanced URL Filtering — Advanced.,Adjacent,1
F01670,P0417,Rule Optimisation (Advanced URL Filtering),Differentiator capability providing rule optimisation within Advanced URL Filtering — Advanced.,Differentiator,2
F01671,P0418,Inline Analysis (Cortex XDR),Core capability providing inline analysis within Cortex XDR — Premium.,Core,3
F01672,P0418,Anomaly Scoring (Cortex XDR),Adjacent capability providing anomaly scoring within Cortex XDR — Premium.,Adjacent,1
F01673,P0418,Detection (Cortex XDR),Differentiator capability providing detection within Cortex XDR — Premium.,Differentiator,2
F01674,P0419,Traffic Inspection (Enterprise DLP),Core capability providing traffic inspection within Enterprise DLP — Essentials.,Core,3
F01675,P0419,Data Classification (Enterprise DLP),Adjacent capability providing data classification within Enterprise DLP — Essentials.,Adjacent,1
F01676,P0419,Reporting (Enterprise DLP),Adjacent capability providing reporting within Enterprise DLP — Essentials.,Adjacent,1
F01677,P0419,Anomaly Scoring (Enterprise DLP),Core capability providing anomaly scoring within Enterprise DLP — Essentials.,Core,3
F01678,P0420,Sandboxing (AI Runtime Security),Core capability providing sandboxing within AI Runtime Security — Essentials.,Core,3
F01679,P0420,Segmentation (AI Runtime Security),Differentiator capability providing segmentation within AI Runtime Security — Essentials.,Differentiator,2
F01680,P0420,Sandboxing (AI Runtime Security),Adjacent capability providing sandboxing within AI Runtime Security — Essentials.,Adjacent,1
F01681,P0421,Compliance Mapping (AI Runtime Security),Core capability providing compliance mapping within AI Runtime Security — Premium.,Core,3
F01682,P0421,Inline Analysis (AI Runtime Security),Differentiator capability providing inline analysis within AI Runtime Security — Premium.,Differentiator,2
F01683,P0421,Threat Hunting (AI Runtime Security),Differentiator capability providing threat hunting within AI Runtime Security — Premium.,Differentiator,2
F01684,P0421,Traffic Inspection (AI Runtime Security),Adjacent capability providing traffic inspection within AI Runtime Security — Premium.,Adjacent,1
F01685,P0422,Anomaly Scoring (Prisma SD-WAN),Core capability providing anomaly scoring within Prisma SD-WAN — Premium.,Core,3
F01686,P0422,Inline Analysis (Prisma SD-WAN),Adjacent capability providing inline analysis within Prisma SD-WAN — Premium.,Adjacent,1
F01687,P0422,Inline Analysis (Prisma SD-WAN),Differentiator capability providing inline analysis within Prisma SD-WAN — Premium.,Differentiator,2
F01688,P0422,Policy (Prisma SD-WAN),Differentiator capability providing policy within Prisma SD-WAN — Premium.,Differentiator,2
F01689,P0423,Compliance Mapping (AI Model Scanning),Core capability providing compliance mapping within AI Model Scanning — Advanced.,Core,3
F01690,P0423,Risk Scoring (AI Model Scanning),Adjacent capability providing risk scoring within AI Model Scanning — Advanced.,Adjacent,1
F01691,P0423,Inline Analysis (AI Model Scanning),Core capability providing inline analysis within AI Model Scanning — Advanced.,Core,3
F01692,P0424,Playbook Orchestration (Prisma Browser),Core capability providing playbook orchestration within Prisma Browser — Advanced.,Core,3
F01693,P0424,Incident Timeline (Prisma Browser),Core capability providing incident timeline within Prisma Browser — Advanced.,Core,3
F01694,P0424,Risk Scoring (Prisma Browser),Adjacent capability providing risk scoring within Prisma Browser — Advanced.,Adjacent,1
F01695,P0425,Data Classification (Prisma Access),Core capability providing data classification within Prisma Access — Premium.,Core,3
F01696,P0425,Alert Triage (Prisma Access),Differentiator capability providing alert triage within Prisma Access — Premium.,Differentiator,2
F01697,P0425,Posture Assessment (Prisma Access),Differentiator capability providing posture assessment within Prisma Access — Premium.,Differentiator,2
F01698,P0425,Risk Scoring (Prisma Access),Adjacent capability providing risk scoring within Prisma Access — Premium.,Adjacent,1
F01699,P0425,Incident Timeline (Prisma Access),Differentiator capability providing incident timeline within Prisma Access — Premium.,Differentiator,2
F01700,P0426,Alert Triage (AI Model Scanning),Core capability providing alert triage within AI Model Scanning — Advanced.,Core,3
F01701,P0426,Identity Correlation (AI Model Scanning),Adjacent capability providing identity correlation within AI Model Scanning — Advanced.,Adjacent,1
F01702,P0426,Log Retention (AI Model Scanning),Adjacent capability providing log retention within AI Model Scanning — Advanced.,Adjacent,1
F01703,P0427,Detection (Prisma SD-WAN),Core capability providing detection within Prisma SD-WAN — Premium.,Core,3
F01704,P0427,Rule Optimisation (Prisma SD-WAN),Adjacent capability providing rule optimisation within Prisma SD-WAN — Premium.,Adjacent,1
F01705,P0427,Compliance Mapping (Prisma SD-WAN),Adjacent capability providing compliance mapping within Prisma SD-WAN — Premium.,Adjacent,1
F01706,P0427,Data Classification (Prisma SD-WAN),Core capability providing data classification within Prisma SD-WAN — Premium.,Core,3
F01707,P0428,Automation (AI Posture Management),Core capability providing automation within AI Posture Management — Advanced.,Core,3
F01708,P0428,Inline Analysis (AI Posture Management),Adjacent capability providing inline analysis within AI Posture Management — Advanced.,Adjacent,1
F01709,P0428,Identity Correlation (AI Posture Management),Adjacent capability providing identity correlation within AI Posture Management — Advanced.,Adjacent,1
F01710,P0429,Automation (Advanced WildFire),Core capability providing automation within Advanced WildFire — Premium.,Core,3
F01711,P0429,Alert Triage (Advanced WildFire),Differentiator capability providing alert triage within Advanced WildFire — Premium.,Differentiator,2
F01712,P0429,Compliance Mapping (Advanced WildFire),Core capability providing compliance mapping within Advanced WildFire — Premium.,Core,3
F01713,P0429,Automation (Advanced WildFire),Adjacent capability providing automation within Advanced WildFire — Premium.,Adjacent,1
F01714,P0430,Segmentation (Exposure Management),Core capability providing segmentation within Exposure Management — Advanced.,Core,3
F01715,P0430,Traffic Inspection (Exposure Management),Adjacent capability providing traffic inspection within Exposure Management — Advanced.,Adjacent,1
F01716,P0430,Policy (Exposure Management),Adjacent capability providing policy within Exposure Management — Advanced.,Adjacent,1
F01717,P0430,Compliance Mapping (Exposure Management),Differentiator capability providing compliance mapping within Exposure Management — Advanced.,Differentiator,2
F01718,P0430,Playbook Orchestration (Exposure Management),Core capability providing playbook orchestration within Exposure Management — Advanced.,Core,3
F01719,P0431,Anomaly Scoring (Exposure Management),Core capability providing anomaly scoring within Exposure Management — Premium.,Core,3
F01720,P0431,Anomaly Scoring (Exposure Management),Adjacent capability providing anomaly scoring within Exposure Management — Premium.,Adjacent,1
F01721,P0431,Posture Assessment (Exposure Management),Adjacent capability providing posture assessment within Exposure Management — Premium.,Adjacent,1
F01722,P0431,Detection (Exposure Management),Differentiator capability providing detection within Exposure Management — Premium.,Differentiator,2
F01723,P0431,Incident Timeline (Exposure Management),Differentiator capability providing incident timeline within Exposure Management — Premium.,Differentiator,2
F01724,P0432,Rule Optimisation (Autonomous DEM),Core capability providing rule optimisation within Autonomous DEM — Advanced.,Core,3
F01725,P0432,Posture Assessment (Autonomous DEM),Differentiator capability providing posture assessment within Autonomous DEM — Advanced.,Differentiator,2
F01726,P0432,Rule Optimisation (Autonomous DEM),Adjacent capability providing rule optimisation within Autonomous DEM — Advanced.,Adjacent,1
F01727,P0432,Detection (Autonomous DEM),Differentiator capability providing detection within Autonomous DEM — Advanced.,Differentiator,2
F01728,P0432,Anomaly Scoring (Autonomous DEM),Adjacent capability providing anomaly scoring within Autonomous DEM — Advanced.,Adjacent,1
F01729,P0433,Log Retention (SaaS Security),Core capability providing log retention within SaaS Security — Premium.,Core,3
F01730,P0433,Log Retention (SaaS Security),Adjacent capability providing log retention within SaaS Security — Premium.,Adjacent,1
F01731,P0433,Inline Analysis (SaaS Security),Differentiator capability providing inline analysis within SaaS Security — Premium.,Differentiator,2
F01732,P0433,Incident Timeline (SaaS Security),Core capability providing incident timeline within SaaS Security — Premium.,Core,3
F01733,P0433,Log Retention (SaaS Security),Differentiator capability providing log retention within SaaS Security — Premium.,Differentiator,2
F01734,P0434,Posture Assessment (Cortex XSIAM),Core capability providing posture assessment within Cortex XSIAM — Premium.,Core,3
F01735,P0434,Rule Optimisation (Cortex XSIAM),Adjacent capability providing rule optimisation within Cortex XSIAM — Premium.,Adjacent,1
F01736,P0434,Inline Analysis (Cortex XSIAM),Core capability providing inline analysis within Cortex XSIAM — Premium.,Core,3
F01737,P0434,Playbook Orchestration (Cortex XSIAM),Core capability providing playbook orchestration within Cortex XSIAM — Premium.,Core,3
F01738,P0435,Compliance Mapping (Advanced Threat Prevention),Core capability providing compliance mapping within Advanced Threat Prevention — Premium.,Core,3
F01739,P0435,Posture Assessment (Advanced Threat Prevention),Adjacent capability providing posture assessment within Advanced Threat Prevention — Premium.,Adjacent,1
F01740,P0435,Identity Correlation (Advanced Threat Prevention),Differentiator capability providing identity correlation within Advanced Threat Prevention — Premium.,Differentiator,2
F01741,P0435,Detection (Advanced Threat Prevention),Adjacent capability providing detection within Advanced Threat Prevention — Premium.,Adjacent,1
F01742,P0436,Inline Analysis (Advanced DNS Security),Core capability providing inline analysis within Advanced DNS Security — Advanced.,Core,3
F01743,P0436,Compliance Mapping (Advanced DNS Security),Adjacent capability providing compliance mapping within Advanced DNS Security — Advanced.,Adjacent,1
F01744,P0436,Risk Scoring (Advanced DNS Security),Adjacent capability providing risk scoring within Advanced DNS Security — Advanced.,Adjacent,1
F01745,P0436,Sandboxing (Advanced DNS Security),Adjacent capability providing sandboxing within Advanced DNS Security — Advanced.,Adjacent,1
F01746,P0437,Posture Assessment (Attack Surface Management),Core capability providing posture assessment within Attack Surface Management — Advanced.,Core,3
F01747,P0437,Threat Hunting (Attack Surface Management),Adjacent capability providing threat hunting within Attack Surface Management — Advanced.,Adjacent,1
F01748,P0437,Rule Optimisation (Attack Surface Management),Adjacent capability providing rule optimisation within Attack Surface Management — Advanced.,Adjacent,1
F01749,P0438,Detection (Advanced DNS Security),Core capability providing detection within Advanced DNS Security — Premium.,Core,3
F01750,P0438,Posture Assessment (Advanced DNS Security),Adjacent capability providing posture assessment within Advanced DNS Security — Premium.,Adjacent,1
F01751,P0438,Playbook Orchestration (Advanced DNS Security),Core capability providing playbook orchestration within Advanced DNS Security — Premium.,Core,3
F01752,P0438,Sandboxing (Advanced DNS Security),Differentiator capability providing sandboxing within Advanced DNS Security — Premium.,Differentiator,2
F01753,P0438,Compliance Mapping (Advanced DNS Security),Adjacent capability providing compliance mapping within Advanced DNS Security — Premium.,Adjacent,1
F01754,P0439,Alert Triage (Attack Surface Management),Core capability providing alert triage within Attack Surface Management — Advanced.,Core,3
F01755,P0439,Sandboxing (Attack Surface Management),Differentiator capability providing sandboxing within Attack Surface Management — Advanced.,Differentiator,2
F01756,P0439,Sandboxing (Attack Surface Management),Adjacent capability providing sandboxing within Attack Surface Management — Advanced.,Adjacent,1
F01757,P0439,Compliance Mapping (Attack Surface Management),Adjacent capability providing compliance mapping within Attack Surface Management — Advanced.,Adjacent,1
F01758,P0440,Playbook Orchestration (Exposure Management),Core capability providing playbook orchestration within Exposure Management — Advanced.,Core,3
F01759,P0440,Sandboxing (Exposure Management),Core capability providing sandboxing within Exposure Management — Advanced.,Core,3
F01760,P0440,Segmentation (Exposure Management),Adjacent capability providing segmentation within Exposure Management — Advanced.,Adjacent,1
F01761,P0440,Identity Correlation (Exposure Management),Core capability providing identity correlation within Exposure Management — Advanced.,Core,3
F01762,P0441,Risk Scoring (AI Runtime Security),Core capability providing risk scoring within AI Runtime Security — Essentials.,Core,3
F01763,P0441,Incident Timeline (AI Runtime Security),Adjacent capability providing incident timeline within AI Runtime Security — Essentials.,Adjacent,1
F01764,P0441,Log Retention (AI Runtime Security),Core capability providing log retention within AI Runtime Security — Essentials.,Core,3
F01765,P0441,Segmentation (AI Runtime Security),Differentiator capability providing segmentation within AI Runtime Security — Essentials.,Differentiator,2
F01766,P0441,Log Retention (AI Runtime Security),Differentiator capability providing log retention within AI Runtime Security — Essentials.,Differentiator,2
F01767,P0442,Playbook Orchestration (Advanced DNS Security),Core capability providing playbook orchestration within Advanced DNS Security — Premium.,Core,3
F01768,P0442,Alert Triage (Advanced DNS Security),Adjacent capability providing alert triage within Advanced DNS Security — Premium.,Adjacent,1
F01769,P0442,Rule Optimisation (Advanced DNS Security),Differentiator capability providing rule optimisation within Advanced DNS Security — Premium.,Differentiator,2
F01770,P0442,Threat Hunting (Advanced DNS Security),Adjacent capability providing threat hunting within Advanced DNS Security — Premium.,Adjacent,1
F01771,P0443,Policy (Cortex XSIAM),Core capability providing policy within Cortex XSIAM — Advanced.,Core,3
F01772,P0443,Automation (Cortex XSIAM),Differentiator capability providing automation within Cortex XSIAM — Advanced.,Differentiator,2
F01773,P0443,Policy (Cortex XSIAM),Adjacent capability providing policy within Cortex XSIAM — Advanced.,Adjacent,1
F01774,P0443,Risk Scoring (Cortex XSIAM),Differentiator capability providing risk scoring within Cortex XSIAM — Advanced.,Differentiator,2
F01775,P0443,Reporting (Cortex XSIAM),Differentiator capability providing reporting within Cortex XSIAM — Advanced.,Differentiator,2
F01776,P0444,Threat Hunting (Prisma SD-WAN),Core capability providing threat hunting within Prisma SD-WAN — Premium.,Core,3
F01777,P0444,Detection (Prisma SD-WAN),Core capability providing detection within Prisma SD-WAN — Premium.,Core,3
F01778,P0444,Policy (Prisma SD-WAN),Differentiator capability providing policy within Prisma SD-WAN — Premium.,Differentiator,2
F01779,P0444,Incident Timeline (Prisma SD-WAN),Differentiator capability providing incident timeline within Prisma SD-WAN — Premium.,Differentiator,2
F01780,P0444,Automation (Prisma SD-WAN),Differentiator capability providing automation within Prisma SD-WAN — Premium.,Differentiator,2
F01781,P0445,Threat Hunting (Exposure Management),Core capability providing threat hunting within Exposure Management — Premium.,Core,3
F01782,P0445,Incident Timeline (Exposure Management),Adjacent capability providing incident timeline within Exposure Management — Premium.,Adjacent,1
F01783,P0445,Reporting (Exposure Management),Adjacent capability providing reporting within Exposure Management — Premium.,Adjacent,1
F01784,P0446,Rule Optimisation (Advanced WildFire),Core capability providing rule optimisation within Advanced WildFire — Advanced.,Core,3
F01785,P0446,Posture Assessment (Advanced WildFire),Adjacent capability providing posture assessment within Advanced WildFire — Advanced.,Adjacent,1
F01786,P0446,Reporting (Advanced WildFire),Core capability providing reporting within Advanced WildFire — Advanced.,Core,3
F01787,P0446,Posture Assessment (Advanced WildFire),Adjacent capability providing posture assessment within Advanced WildFire — Advanced.,Adjacent,1
F01788,P0446,Log Retention (Advanced WildFire),Differentiator capability providing log retention within Advanced WildFire — Advanced.,Differentiator,2
F01789,P0447,Log Retention (Advanced Threat Prevention),Core capability providing log retention within Advanced Threat Prevention — Essentials.,Core,3
F01790,P0447,Risk Scoring (Advanced Threat Prevention),Differentiator capability providing risk scoring within Advanced Threat Prevention — Essentials.,Differentiator,2
F01791,P0447,Segmentation (Advanced Threat Prevention),Adjacent capability providing segmentation within Advanced Threat Prevention — Essentials.,Adjacent,1
F01792,P0447,Log Retention (Advanced Threat Prevention),Adjacent capability providing log retention within Advanced Threat Prevention — Essentials.,Adjacent,1
F01793,P0448,Detection (Attack Surface Management),Core capability providing detection within Attack Surface Management — Essentials.,Core,3
F01794,P0448,Sandboxing (Attack Surface Management),Adjacent capability providing sandboxing within Attack Surface Management — Essentials.,Adjacent,1
F01795,P0448,Sandboxing (Attack Surface Management),Differentiator capability providing sandboxing within Attack Surface Management — Essentials.,Differentiator,2
F01796,P0449,Posture Assessment (AI Access Security),Core capability providing posture assessment within AI Access Security — Essentials.,Core,3
F01797,P0449,Playbook Orchestration (AI Access Security),Adjacent capability providing playbook orchestration within AI Access Security — Essentials.,Adjacent,1
F01798,P0449,Automation (AI Access Security),Differentiator capability providing automation within AI Access Security — Essentials.,Differentiator,2
F01799,P0449,Compliance Mapping (AI Access Security),Adjacent capability providing compliance mapping within AI Access Security — Essentials.,Adjacent,1
F01800,P0450,Compliance Mapping (Attack Surface Management),Core capability providing compliance mapping within Attack Surface Management — Advanced.,Core,3
F01801,P0450,Reporting (Attack Surface Management),Adjacent capability providing reporting within Attack Surface Management — Advanced.,Adjacent,1
F01802,P0450,Inline Analysis (Attack Surface Management),Differentiator capability providing inline analysis within Attack Surface Management — Advanced.,Differentiator,2
F01803,P0451,Log Retention (AI Model Scanning),Core capability providing log retention within AI Model Scanning — Premium.,Core,3
F01804,P0451,Reporting (AI Model Scanning),Adjacent capability providing reporting within AI Model Scanning — Premium.,Adjacent,1
F01805,P0451,Detection (AI Model Scanning),Differentiator capability providing detection within AI Model Scanning — Premium.,Differentiator,2
F01806,P0451,Automation (AI Model Scanning),Adjacent capability providing automation within AI Model Scanning — Premium.,Adjacent,1
F01807,P0451,Automation (AI Model Scanning),Adjacent capability providing automation within AI Model Scanning — Premium.,Adjacent,1
F01808,P0452,Policy (Advanced URL Filtering),Core capability providing policy within Advanced URL Filtering — Essentials.,Core,3
F01809,P0452,Detection (Advanced URL Filtering),Adjacent capability providing detection within Advanced URL Filtering — Essentials.,Adjacent,1
F01810,P0452,Sandboxing (Advanced URL Filtering),Adjacent capability providing sandboxing within Advanced URL Filtering — Essentials.,Adjacent,1
F01811,P0452,Log Retention (Advanced URL Filtering),Core capability providing log retention within Advanced URL Filtering — Essentials.,Core,3
F01812,P0452,Inline Analysis (Advanced URL Filtering),Differentiator capability providing inline analysis within Advanced URL Filtering — Essentials.,Differentiator,2
F01813,P0453,Compliance Mapping (Exposure Management),Core capability providing compliance mapping within Exposure Management — Advanced.,Core,3
F01814,P0453,Compliance Mapping (Exposure Management),Differentiator capability providing compliance mapping within Exposure Management — Advanced.,Differentiator,2
F01815,P0453,Risk Scoring (Exposure Management),Differentiator capability providing risk scoring within Exposure Management — Advanced.,Differentiator,2
F01816,P0453,Sandboxing (Exposure Management),Core capability providing sandboxing within Exposure Management — Advanced.,Core,3
F01817,P0453,Automation (Exposure Management),Adjacent capability providing automation within Exposure Management — Advanced.,Adjacent,1
F01818,P0454,Reporting (Advanced DNS Security),Core capability providing reporting within Advanced DNS Security — Essentials.,Core,3
F01819,P0454,Rule Optimisation (Advanced DNS Security),Differentiator capability providing rule optimisation within Advanced DNS Security — Essentials.,Differentiator,2
F01820,P0454,Traffic Inspection (Advanced DNS Security),Differentiator capability providing traffic inspection within Advanced DNS Security — Essentials.,Differentiator,2
F01821,P0454,Data Classification (Advanced DNS Security),Adjacent capability providing data classification within Advanced DNS Security — Essentials.,Adjacent,1
F01822,P0454,Segmentation (Advanced DNS Security),Adjacent capability providing segmentation within Advanced DNS Security — Essentials.,Adjacent,1
F01823,P0455,Data Classification (Attack Surface Management),Core capability providing data classification within Attack Surface Management — Advanced.,Core,3
F01824,P0455,Traffic Inspection (Attack Surface Management),Differentiator capability providing traffic inspection within Attack Surface Management — Advanced.,Differentiator,2
F01825,P0455,Segmentation (Attack Surface Management),Core capability providing segmentation within Attack Surface Management — Advanced.,Core,3
F01826,P0455,Automation (Attack Surface Management),Adjacent capability providing automation within Attack Surface Management — Advanced.,Adjacent,1
F01827,P0455,Playbook Orchestration (Attack Surface Management),Adjacent capability providing playbook orchestration within Attack Surface Management — Advanced.,Adjacent,1
F01828,P0456,Sandboxing (Exposure Management),Core capability providing sandboxing within Exposure Management — Premium.,Core,3
F01829,P0456,Threat Hunting (Exposure Management),Adjacent capability providing threat hunting within Exposure Management — Premium.,Adjacent,1
F01830,P0456,Anomaly Scoring (Exposure Management),Differentiator capability providing anomaly scoring within Exposure Management — Premium.,Differentiator,2
F01831,P0456,Sandboxing (Exposure Management),Core capability providing sandboxing within Exposure Management — Premium.,Core,3
F01832,P0457,Automation (Cortex XSOAR),Core capability providing automation within Cortex XSOAR — Essentials.,Core,3
F01833,P0457,Playbook Orchestration (Cortex XSOAR),Adjacent capability providing playbook orchestration within Cortex XSOAR — Essentials.,Adjacent,1
F01834,P0457,Threat Hunting (Cortex XSOAR),Differentiator capability providing threat hunting within Cortex XSOAR — Essentials.,Differentiator,2
F01835,P0458,Rule Optimisation (NGFW),Core capability providing rule optimisation within NGFW — Advanced.,Core,3
F01836,P0458,Alert Triage (NGFW),Core capability providing alert triage within NGFW — Advanced.,Core,3
F01837,P0458,Compliance Mapping (NGFW),Core capability providing compliance mapping within NGFW — Advanced.,Core,3
F01838,P0459,Traffic Inspection (Prisma Browser),Core capability providing traffic inspection within Prisma Browser — Essentials.,Core,3
F01839,P0459,Playbook Orchestration (Prisma Browser),Core capability providing playbook orchestration within Prisma Browser — Essentials.,Core,3
F01840,P0459,Policy (Prisma Browser),Differentiator capability providing policy within Prisma Browser — Essentials.,Differentiator,2
F01841,P0459,Detection (Prisma Browser),Differentiator capability providing detection within Prisma Browser — Essentials.,Differentiator,2
F01842,P0460,Reporting (Prisma SD-WAN),Core capability providing reporting within Prisma SD-WAN — Advanced.,Core,3
F01843,P0460,Threat Hunting (Prisma SD-WAN),Core capability providing threat hunting within Prisma SD-WAN — Advanced.,Core,3
F01844,P0460,Identity Correlation (Prisma SD-WAN),Adjacent capability providing identity correlation within Prisma SD-WAN — Advanced.,Adjacent,1
F01845,P0460,Playbook Orchestration (Prisma SD-WAN),Core capability providing playbook orchestration within Prisma SD-WAN — Advanced.,Core,3
F01846,P0461,Automation (Advanced DNS Security),Core capability providing automation within Advanced DNS Security — Premium.,Core,3
F01847,P0461,Detection (Advanced DNS Security),Adjacent capability providing detection within Advanced DNS Security — Premium.,Adjacent,1
F01848,P0461,Inline Analysis (Advanced DNS Security),Differentiator capability providing inline analysis within Advanced DNS Security — Premium.,Differentiator,2
F01849,P0461,Compliance Mapping (Advanced DNS Security),Adjacent capability providing compliance mapping within Advanced DNS Security — Premium.,Adjacent,1
F01850,P0461,Policy (Advanced DNS Security),Differentiator capability providing policy within Advanced DNS Security — Premium.,Differentiator,2
F01851,P0462,Inline Analysis (Advanced Threat Prevention),Core capability providing inline analysis within Advanced Threat Prevention — Premium.,Core,3
F01852,P0462,Policy (Advanced Threat Prevention),Adjacent capability providing policy within Advanced Threat Prevention — Premium.,Adjacent,1
F01853,P0462,Posture Assessment (Advanced Threat Prevention),Adjacent capability providing posture assessment within Advanced Threat Prevention — Premium.,Adjacent,1
F01854,P0462,Detection (Advanced Threat Prevention),Differentiator capability providing detection within Advanced Threat Prevention — Premium.,Differentiator,2
F01855,P0463,Rule Optimisation (Autonomous DEM),Core capability providing rule optimisation within Autonomous DEM — Essentials.,Core,3
F01856,P0463,Automation (Autonomous DEM),Adjacent capability providing automation within Autonomous DEM — Essentials.,Adjacent,1
F01857,P0463,Reporting (Autonomous DEM),Core capability providing reporting within Autonomous DEM — Essentials.,Core,3
F01858,P0463,Reporting (Autonomous DEM),Adjacent capability providing reporting within Autonomous DEM — Essentials.,Adjacent,1
F01859,P0464,Threat Hunting (NGFW),Core capability providing threat hunting within NGFW — Advanced.,Core,3
F01860,P0464,Risk Scoring (NGFW),Adjacent capability providing risk scoring within NGFW — Advanced.,Adjacent,1
F01861,P0464,Segmentation (NGFW),Adjacent capability providing segmentation within NGFW — Advanced.,Adjacent,1
F01862,P0464,Sandboxing (NGFW),Core capability providing sandboxing within NGFW — Advanced.,Core,3
F01863,P0465,Segmentation (NGFW),Core capability providing segmentation within NGFW — Essentials.,Core,3
F01864,P0465,Threat Hunting (NGFW),Core capability providing threat hunting within NGFW — Essentials.,Core,3
F01865,P0465,Detection (NGFW),Adjacent capability providing detection within NGFW — Essentials.,Adjacent,1
F01866,P0465,Rule Optimisation (NGFW),Differentiator capability providing rule optimisation within NGFW — Essentials.,Differentiator,2
F01867,P0466,Inline Analysis (Prisma Access),Core capability providing inline analysis within Prisma Access — Essentials.,Core,3
F01868,P0466,Risk Scoring (Prisma Access),Differentiator capability providing risk scoring within Prisma Access — Essentials.,Differentiator,2
F01869,P0466,Posture Assessment (Prisma Access),Core capability providing posture assessment within Prisma Access — Essentials.,Core,3
F01870,P0467,Inline Analysis (Prisma Browser),Core capability providing inline analysis within Prisma Browser — Advanced.,Core,3
F01871,P0467,Reporting (Prisma Browser),Differentiator capability providing reporting within Prisma Browser — Advanced.,Differentiator,2
F01872,P0467,Incident Timeline (Prisma Browser),Differentiator capability providing incident timeline within Prisma Browser — Advanced.,Differentiator,2
F01873,P0467,Sandboxing (Prisma Browser),Differentiator capability providing sandboxing within Prisma Browser — Advanced.,Differentiator,2
F01874,P0467,Posture Assessment (Prisma Browser),Adjacent capability providing posture assessment within Prisma Browser — Advanced.,Adjacent,1
F01875,P0468,Policy (Exposure Management),Core capability providing policy within Exposure Management — Premium.,Core,3
F01876,P0468,Posture Assessment (Exposure Management),Adjacent capability providing posture assessment within Exposure Management — Premium.,Adjacent,1
F01877,P0468,Automation (Exposure Management),Core capability providing automation within Exposure Management — Premium.,Core,3
F01878,P0469,Compliance Mapping (AI Access Security),Core capability providing compliance mapping within AI Access Security — Premium.,Core,3
F01879,P0469,Inline Analysis (AI Access Security),Adjacent capability providing inline analysis within AI Access Security — Premium.,Adjacent,1
F01880,P0469,Threat Hunting (AI Access Security),Adjacent capability providing threat hunting within AI Access Security — Premium.,Adjacent,1
F01881,P0469,Inline Analysis (AI Access Security),Differentiator capability providing inline analysis within AI Access Security — Premium.,Differentiator,2
F01882,P0469,Log Retention (AI Access Security),Adjacent capability providing log retention within AI Access Security — Premium.,Adjacent,1
F01883,P0470,Incident Timeline (Advanced URL Filtering),Core capability providing incident timeline within Advanced URL Filtering — Advanced.,Core,3
F01884,P0470,Posture Assessment (Advanced URL Filtering),Differentiator capability providing posture assessment within Advanced URL Filtering — Advanced.,Differentiator,2
F01885,P0470,Compliance Mapping (Advanced URL Filtering),Differentiator capability providing compliance mapping within Advanced URL Filtering — Advanced.,Differentiator,2
F01886,P0470,Incident Timeline (Advanced URL Filtering),Differentiator capability providing incident timeline within Advanced URL Filtering — Advanced.,Differentiator,2
F01887,P0470,Automation (Advanced URL Filtering),Adjacent capability providing automation within Advanced URL Filtering — Advanced.,Adjacent,1
F01888,P0471,Threat Hunting (Enterprise DLP),Core capability providing threat hunting within Enterprise DLP — Advanced.,Core,3
F01889,P0471,Reporting (Enterprise DLP),Adjacent capability providing reporting within Enterprise DLP — Advanced.,Adjacent,1
F01890,P0471,Identity Correlation (Enterprise DLP),Differentiator capability providing identity correlation within Enterprise DLP — Advanced.,Differentiator,2
F01891,P0471,Reporting (Enterprise DLP),Differentiator capability providing reporting within Enterprise DLP — Advanced.,Differentiator,2
F01892,P0471,Incident Timeline (Enterprise DLP),Adjacent capability providing incident timeline within Enterprise DLP — Advanced.,Adjacent,1
F01893,P0472,Playbook Orchestration (Advanced Threat Prevention),Core capability providing playbook orchestration within Advanced Threat Prevention — Premium.,Core,3
F01894,P0472,Threat Hunting (Advanced Threat Prevention),Adjacent capability providing threat hunting within Advanced Threat Prevention — Premium.,Adjacent,1
F01895,P0472,Log Retention (Advanced Threat Prevention),Adjacent capability providing log retention within Advanced Threat Prevention — Premium.,Adjacent,1
F01896,P0472,Detection (Advanced Threat Prevention),Differentiator capability providing detection within Advanced Threat Prevention — Premium.,Differentiator,2
F01897,P0473,Compliance Mapping (NGFW),Core capability providing compliance mapping within NGFW — Essentials.,Core,3
F01898,P0473,Compliance Mapping (NGFW),Core capability providing compliance mapping within NGFW — Essentials.,Core,3
F01899,P0473,Posture Assessment (NGFW),Core capability providing posture assessment within NGFW — Essentials.,Core,3
F01900,P0474,Data Classification (Advanced DNS Security),Core capability providing data classification within Advanced DNS Security — Advanced.,Core,3
F01901,P0474,Anomaly Scoring (Advanced DNS Security),Adjacent capability providing anomaly scoring within Advanced DNS Security — Advanced.,Adjacent,1
F01902,P0474,Threat Hunting (Advanced DNS Security),Core capability providing threat hunting within Advanced DNS Security — Advanced.,Core,3
F01903,P0475,Playbook Orchestration (IoT Security),Core capability providing playbook orchestration within IoT Security — Premium.,Core,3
F01904,P0475,Detection (IoT Security),Differentiator capability providing detection within IoT Security — Premium.,Differentiator,2
F01905,P0475,Reporting (IoT Security),Adjacent capability providing reporting within IoT Security — Premium.,Adjacent,1
F01906,P0475,Detection (IoT Security),Adjacent capability providing detection within IoT Security — Premium.,Adjacent,1
F01907,P0476,Alert Triage (AI Access Security),Core capability providing alert triage within AI Access Security — Advanced.,Core,3
F01908,P0476,Playbook Orchestration (AI Access Security),Differentiator capability providing playbook orchestration within AI Access Security — Advanced.,Differentiator,2
F01909,P0476,Rule Optimisation (AI Access Security),Adjacent capability providing rule optimisation within AI Access Security — Advanced.,Adjacent,1
F01910,P0476,Rule Optimisation (AI Access Security),Differentiator capability providing rule optimisation within AI Access Security — Advanced.,Differentiator,2
F01911,P0476,Segmentation (AI Access Security),Core capability providing segmentation within AI Access Security — Advanced.,Core,3
F01912,P0477,Reporting (AI Model Scanning),Core capability providing reporting within AI Model Scanning — Advanced.,Core,3
F01913,P0477,Segmentation (AI Model Scanning),Differentiator capability providing segmentation within AI Model Scanning — Advanced.,Differentiator,2
F01914,P0477,Alert Triage (AI Model Scanning),Adjacent capability providing alert triage within AI Model Scanning — Advanced.,Adjacent,1
F01915,P0477,Reporting (AI Model Scanning),Differentiator capability providing reporting within AI Model Scanning — Advanced.,Differentiator,2
F01916,P0478,Sandboxing (Attack Surface Management),Core capability providing sandboxing within Attack Surface Management — Essentials.,Core,3
F01917,P0478,Alert Triage (Attack Surface Management),Adjacent capability providing alert triage within Attack Surface Management — Essentials.,Adjacent,1
F01918,P0478,Automation (Attack Surface Management),Adjacent capability providing automation within Attack Surface Management — Essentials.,Adjacent,1
F01919,P0479,Threat Hunting (Advanced WildFire),Core capability providing threat hunting within Advanced WildFire — Advanced.,Core,3
F01920,P0479,Incident Timeline (Advanced WildFire),Adjacent capability providing incident timeline within Advanced WildFire — Advanced.,Adjacent,1
F01921,P0479,Playbook Orchestration (Advanced WildFire),Core capability providing playbook orchestration within Advanced WildFire — Advanced.,Core,3
F01922,P0479,Posture Assessment (Advanced WildFire),Differentiator capability providing posture assessment within Advanced WildFire — Advanced.,Differentiator,2
F01923,P0480,Data Classification (SaaS Security),Core capability providing data classification within SaaS Security — Essentials.,Core,3
F01924,P0480,Log Retention (SaaS Security),Differentiator capability providing log retention within SaaS Security — Essentials.,Differentiator,2
F01925,P0480,Threat Hunting (SaaS Security),Differentiator capability providing threat hunting within SaaS Security — Essentials.,Differentiator,2
F01926,P0480,Segmentation (SaaS Security),Differentiator capability providing segmentation within SaaS Security — Essentials.,Differentiator,2
F01927,P0481,Log Retention (AI Posture Management),Core capability providing log retention within AI Posture Management — Premium.,Core,3
F01928,P0481,Inline Analysis (AI Posture Management),Core capability providing inline analysis within AI Posture Management — Premium.,Core,3
F01929,P0481,Reporting (AI Posture Management),Adjacent capability providing reporting within AI Posture Management — Premium.,Adjacent,1
F01930,P0482,Anomaly Scoring (Exposure Management),Core capability providing anomaly scoring within Exposure Management — Essentials.,Core,3
F01931,P0482,Incident Timeline (Exposure Management),Differentiator capability providing incident timeline within Exposure Management — Essentials.,Differentiator,2
F01932,P0482,Posture Assessment (Exposure Management),Differentiator capability providing posture assessment within Exposure Management — Essentials.,Differentiator,2
F01933,P0482,Incident Timeline (Exposure Management),Differentiator capability providing incident timeline within Exposure Management — Essentials.,Differentiator,2
F01934,P0483,Alert Triage (Cortex Cloud),Core capability providing alert triage within Cortex Cloud — Premium.,Core,3
F01935,P0483,Automation (Cortex Cloud),Adjacent capability providing automation within Cortex Cloud — Premium.,Adjacent,1
F01936,P0483,Risk Scoring (Cortex Cloud),Adjacent capability providing risk scoring within Cortex Cloud — Premium.,Adjacent,1
F01937,P0484,Log Retention (Cortex XDR),Core capability providing log retention within Cortex XDR — Advanced.,Core,3
F01938,P0484,Policy (Cortex XDR),Differentiator capability providing policy within Cortex XDR — Advanced.,Differentiator,2
F01939,P0484,Risk Scoring (Cortex XDR),Adjacent capability providing risk scoring within Cortex XDR — Advanced.,Adjacent,1
F01940,P0484,Alert Triage (Cortex XDR),Adjacent capability providing alert triage within Cortex XDR — Advanced.,Adjacent,1
F01941,P0484,Alert Triage (Cortex XDR),Adjacent capability providing alert triage within Cortex XDR — Advanced.,Adjacent,1
F01942,P0485,Inline Analysis (Cortex Cloud),Core capability providing inline analysis within Cortex Cloud — Essentials.,Core,3
F01943,P0485,Rule Optimisation (Cortex Cloud),Differentiator capability providing rule optimisation within Cortex Cloud — Essentials.,Differentiator,2
F01944,P0485,Policy (Cortex Cloud),Differentiator capability providing policy within Cortex Cloud — Essentials.,Differentiator,2
F01945,P0485,Risk Scoring (Cortex Cloud),Adjacent capability providing risk scoring within Cortex Cloud — Essentials.,Adjacent,1
F01946,P0486,Identity Correlation (SaaS Security),Core capability providing identity correlation within SaaS Security — Advanced.,Core,3
F01947,P0486,Detection (SaaS Security),Core capability providing detection within SaaS Security — Advanced.,Core,3
F01948,P0486,Risk Scoring (SaaS Security),Differentiator capability providing risk scoring within SaaS Security — Advanced.,Differentiator,2
F01949,P0487,Compliance Mapping (Cortex Cloud),Core capability providing compliance mapping within Cortex Cloud — Premium.,Core,3
F01950,P0487,Alert Triage (Cortex Cloud),Differentiator capability providing alert triage within Cortex Cloud — Premium.,Differentiator,2
F01951,P0487,Automation (Cortex Cloud),Adjacent capability providing automation within Cortex Cloud — Premium.,Adjacent,1
F01952,P0487,Traffic Inspection (Cortex Cloud),Adjacent capability providing traffic inspection within Cortex Cloud — Premium.,Adjacent,1
F01953,P0487,Policy (Cortex Cloud),Core capability providing policy within Cortex Cloud — Premium.,Core,3
F01954,P0488,Automation (AI Runtime Security),Core capability providing automation within AI Runtime Security — Essentials.,Core,3
F01955,P0488,Policy (AI Runtime Security),Adjacent capability providing policy within AI Runtime Security — Essentials.,Adjacent,1
F01956,P0488,Compliance Mapping (AI Runtime Security),Adjacent capability providing compliance mapping within AI Runtime Security — Essentials.,Adjacent,1
F01957,P0488,Anomaly Scoring (AI Runtime Security),Core capability providing anomaly scoring within AI Runtime Security — Essentials.,Core,3
F01958,P0488,Posture Assessment (AI Runtime Security),Differentiator capability providing posture assessment within AI Runtime Security — Essentials.,Differentiator,2
F01959,P0489,Playbook Orchestration (Cortex XSOAR),Core capability providing playbook orchestration within Cortex XSOAR — Essentials.,Core,3
F01960,P0489,Inline Analysis (Cortex XSOAR),Differentiator capability providing inline analysis within Cortex XSOAR — Essentials.,Differentiator,2
F01961,P0489,Sandboxing (Cortex XSOAR),Adjacent capability providing sandboxing within Cortex XSOAR — Essentials.,Adjacent,1
F01962,P0489,Posture Assessment (Cortex XSOAR),Adjacent capability providing posture assessment within Cortex XSOAR — Essentials.,Adjacent,1
F01963,P0489,Data Classification (Cortex XSOAR),Adjacent capability providing data classification within Cortex XSOAR — Essentials.,Adjacent,1
F01964,P0490,Segmentation (IoT Security),Core capability providing segmentation within IoT Security — Premium.,Core,3
F01965,P0490,Identity Correlation (IoT Security),Differentiator capability providing identity correlation within IoT Security — Premium.,Differentiator,2
F01966,P0490,Detection (IoT Security),Adjacent capability providing detection within IoT Security — Premium.,Adjacent,1
F01967,P0490,Anomaly Scoring (IoT Security),Adjacent capability providing anomaly scoring within IoT Security — Premium.,Adjacent,1
F01968,P0490,Risk Scoring (IoT Security),Core capability providing risk scoring within IoT Security — Premium.,Core,3
F01969,P0491,Threat Hunting (Advanced WildFire),Core capability providing threat hunting within Advanced WildFire — Essentials.,Core,3
F01970,P0491,Automation (Advanced WildFire),Adjacent capability providing automation within Advanced WildFire — Essentials.,Adjacent,1
F01971,P0491,Incident Timeline (Advanced WildFire),Adjacent capability providing incident timeline within Advanced WildFire — Essentials.,Adjacent,1
F01972,P0491,Segmentation (Advanced WildFire),Adjacent capability providing segmentation within Advanced WildFire — Essentials.,Adjacent,1
F01973,P0492,Detection (SaaS Security),Core capability providing detection within SaaS Security — Premium.,Core,3
F01974,P0492,Reporting (SaaS Security),Adjacent capability providing reporting within SaaS Security — Premium.,Adjacent,1
F01975,P0492,Sandboxing (SaaS Security),Differentiator capability providing sandboxing within SaaS Security — Premium.,Differentiator,2
F01976,P0492,Data Classification (SaaS Security),Adjacent capability providing data classification within SaaS Security — Premium.,Adjacent,1
F01977,P0492,Playbook Orchestration (SaaS Security),Differentiator capability providing playbook orchestration within SaaS Security — Premium.,Differentiator,2
F01978,P0493,Traffic Inspection (Enterprise DLP),Core capability providing traffic inspection within Enterprise DLP — Advanced.,Core,3
F01979,P0493,Threat Hunting (Enterprise DLP),Core capability providing threat hunting within Enterprise DLP — Advanced.,Core,3
F01980,P0493,Inline Analysis (Enterprise DLP),Differentiator capability providing inline analysis within Enterprise DLP — Advanced.,Differentiator,2
F01981,P0493,Segmentation (Enterprise DLP),Adjacent capability providing segmentation within Enterprise DLP — Advanced.,Adjacent,1
F01982,P0493,Alert Triage (Enterprise DLP),Adjacent capability providing alert triage within Enterprise DLP — Advanced.,Adjacent,1
F01983,P0494,Threat Hunting (Prisma Browser),Core capability providing threat hunting within Prisma Browser — Essentials.,Core,3
F01984,P0494,Alert Triage (Prisma Browser),Core capability providing alert triage within Prisma Browser — Essentials.,Core,3
F01985,P0494,Segmentation (Prisma Browser),Differentiator capability providing segmentation within Prisma Browser — Essentials.,Differentiator,2
F01986,P0494,Data Classification (Prisma Browser),Adjacent capability providing data classification within Prisma Browser — Essentials.,Adjacent,1
F01987,P0494,Log Retention (Prisma Browser),Adjacent capability providing log retention within Prisma Browser — Essentials.,Adjacent,1
F01988,P0495,Compliance Mapping (AI Runtime Security),Core capability providing compliance mapping within AI Runtime Security — Essentials.,Core,3
F01989,P0495,Identity Correlation (AI Runtime Security),Adjacent capability providing identity correlation within AI Runtime Security — Essentials.,Adjacent,1
F01990,P0495,Identity Correlation (AI Runtime Security),Differentiator capability providing identity correlation within AI Runtime Security — Essentials.,Differentiator,2
F01991,P0495,Reporting (AI Runtime Security),Core capability providing reporting within AI Runtime Security — Essentials.,Core,3
F01992,P0495,Compliance Mapping (AI Runtime Security),Differentiator capability providing compliance mapping within AI Runtime Security — Essentials.,Differentiator,2
F01993,P0496,Data Classification (Cortex XSOAR),Core capability providing data classification within Cortex XSOAR — Advanced.,Core,3
F01994,P0496,Automation (Cortex XSOAR),Differentiator capability providing automation within Cortex XSOAR — Advanced.,Differentiator,2
F01995,P0496,Threat Hunting (Cortex XSOAR),Adjacent capability providing threat hunting within Cortex XSOAR — Advanced.,Adjacent,1
F01996,P0496,Playbook Orchestration (Cortex XSOAR),Adjacent capability providing playbook orchestration within Cortex XSOAR — Advanced.,Adjacent,1
F01997,P0496,Automation (Cortex XSOAR),Differentiator capability providing automation within Cortex XSOAR — Advanced.,Differentiator,2
F01998,P0497,Automation (Attack Surface Management),Core capability providing automation within Attack Surface Management — Advanced.,Core,3
F01999,P0497,Reporting (Attack Surface Management),Differentiator capability providing reporting within Attack Surface Management — Advanced.,Differentiator,2
F02000,P0497,Posture Assessment (Attack Surface Management),Differentiator capability providing posture assessment within Attack Surface Management — Advanced.,Differentiator,2
F02001,P0498,Threat Hunting (IoT Security),Core capability providing threat hunting within IoT Security — Premium.,Core,3
F02002,P0498,Identity Correlation (IoT Security),Core capability providing identity correlation within IoT Security — Premium.,Core,3
F02003,P0498,Policy (IoT Security),Core capability providing policy within IoT Security — Premium.,Core,3
F02004,P0498,Anomaly Scoring (IoT Security),Differentiator capability providing anomaly scoring within IoT Security — Premium.,Differentiator,2
F02005,P0499,Data Classification (IoT Security),Core capability providing data classification within IoT Security — Essentials.,Core,3
F02006,P0499,Risk Scoring (IoT Security),Adjacent capability providing risk scoring within IoT Security — Essentials.,Adjacent,1
F02007,P0499,Playbook Orchestration (IoT Security),Differentiator capability providing playbook orchestration within IoT Security — Essentials.,Differentiator,2
F02008,P0499,Policy (IoT Security),Core capability providing policy within IoT Security — Essentials.,Core,3
F02009,P0500,Identity Correlation (Advanced Threat Prevention),Core capability providing identity correlation within Advanced Threat Prevention — Premium.,Core,3
F02010,P0500,Segmentation (Advanced Threat Prevention),Differentiator capability providing segmentation within Advanced Threat Prevention — Premium.,Differentiator,2
F02011,P0500,Risk Scoring (Advanced Threat Prevention),Core capability providing risk scoring within Advanced Threat Prevention — Premium.,Core,3
F02012,P0500,Rule Optimisation (Advanced Threat Prevention),Adjacent capability providing rule optimisation within Advanced Threat Prevention — Premium.,Adjacent,1
