entitlement_id,cust_id,product_id,feature_id,month,is_active,usage_events,active_users
E00001,C0074,P0464,F01859,2025-08-01,True,526,9
E00001,C0074,P0464,F01859,2025-09-01,True,304,9
E00001,C0074,P0464,F01859,2025-10-01,True,1022,18
E00001,C0074,P0464,F01859,2025-11-01,True,248,15
E00001,C0074,P0464,F01859,2025-12-01,True,439,2
E00001,C0074,P0464,F01859,2026-01-01,True,147,13
E00001,C0074,P0464,F01859,2026-02-01,True,960,9
E00001,C0074,P0464,F01859,2026-03-01,True,232,11
E00001,C0074,P0464,F01859,2026-04-01,True,221,8
E00001,C0074,P0464,F01859,2026-05-01,True,362,4
E00001,C0074,P0464,F01859,2026-06-01,True,653,4
E00001,C0074,P0464,F01859,2026-07-01,True,104,12
E00001,C0074,P0464,F01860,2025-08-01,False,0,0
E00001,C0074,P0464,F01860,2025-09-01,False,0,0
E00001,C0074,P0464,F01860,2025-10-01,False,0,0
E00001,C0074,P0464,F01860,2025-11-01,False,0,0
E00001,C0074,P0464,F01860,2025-12-01,False,0,0
E00001,C0074,P0464,F01860,2026-01-01,False,0,0
E00001,C0074,P0464,F01860,2026-02-01,False,0,0
E00001,C0074,P0464,F01860,2026-03-01,False,0,0
E00001,C0074,P0464,F01860,2026-04-01,False,0,0
E00001,C0074,P0464,F01860,2026-05-01,False,0,0
E00001,C0074,P0464,F01860,2026-06-01,False,0,0
E00001,C0074,P0464,F01860,2026-07-01,False,0,0
E00001,C0074,P0464,F01735,2025-08-01,True,0,0
E00001,C0074,P0464,F01861,2025-09-01,False,0,0
E00001,C0074,P0464,F01861,2025-10-01,False,0,0
E00001,C0074,P0464,F01861,2025-11-01,False,0,0
E00001,C0074,P0464,F01861,2025-12-01,False,0,0
E00001,C0074,P0464,F01861,2026-01-01,False,0,0
E00001,C0074,P0464,F01861,2026-02-01,False,0,0
E00001,C0074,P0464,F01861,2026-03-01,False,0,0
E00001,C0074,P0464,F01861,2026-04-01,False,0,0
E00001,C0074,P0464,F01861,2026-05-01,False,0,0
E00001,C0074,P0464,F01861,2026-06-01,False,0,0
E00001,C0074,P0464,F01861,2026-07-01,False,0,0
E00001,C0074,P0464,F01862,2025-08-01,True,618,12
E00001,C0074,P0464,F00910,2025-09-01,True,334,8
E00001,C0074,P0464,F01862,2025-10-01,True,250,21
E00001,C0074,P0464,F01862,2025-11-01,True,466,8
E00001,C0074,P0464,F01862,2025-12-01,True,206,16
E00001,C0074,P0464,F01862,2026-01-01,True,744,20
E00001,C0074,P0464,F01862,2026-02-01,True,176,8
E00001,C0074,P0464,F01862,2026-03-01,True,246,9
E00001,C0074,P0464,F01862,2026-04-01,True,649,25
E00001,C0074,P0464,F01862,2026-05-01,True,479,6
E00001,C0074,P0464,F01862,2026-06-01,True,356,28
E00001,C0074,P0464,F01862,2026-07-01,True,391,8
E00002,C0013,P0405,F01621,2025-06-01,True,307,14
E00002,C0013,P0405,F01621,2025-07-01,True,181,7
E00002,C0013,P0405,F01621,2025-08-01,True,692,13
E00002,C0013,P0405,F01621,2025-09-01,True,394,20
E00002,C0013,P0405,F01621,2025-10-01,True,201,8
E00002,C0013,P0405,F01621,2025-11-01,True,457,13
E00002,C0013,P0405,F01621,2025-12-01,True,93,8
E00002,C0013,P0405,F01621,2026-01-01,True,322,14
E00002,C0013,P0405,F01621,2026-02-01,True,444,10
E00002,C0013,P0405,F01621,2026-03-01,True,47,10
E00002,C0013,P0405,F01622,2025-06-01,False,0,0
E00002,C0013,P0405,F01622,2025-07-01,False,0,0
E00002,C0013,P0405,F01622,2025-08-01,False,0,0
E00002,C0013,P0405,F01622,2025-09-01,False,0,0
E00002,C0013,P0405,F01622,2025-10-01,False,0,0
E00002,C0013,P0405,F01622,2025-11-01,False,0,0
E00002,C0013,P0405,F01622,2025-12-01,False,0,0
E00002,C0013,P0405,F01622,2026-01-01,False,0,0
E00002,C0013,P0405,F01622,2026-02-01,False,0,0
E00002,C0013,P0405,F01622,2026-03-01,False,0,0
E00002,C0013,P0405,F01623,2025-06-01,False,0,0
E00002,C0013,P0405,F01623,2025-07-01,False,0,0
E00002,C0013,P0405,F01623,2025-08-01,False,0,0
E00002,C0013,P0405,F01623,2025-09-01,False,0,0
E00002,C0013,P0405,F01623,2025-10-01,False,0,0
E00002,C0013,P0405,F01623,2025-11-01,False,0,0
E00002,C0013,P0405,F01623,2025-12-01,False,0,0
E00002,C0013,P0405,F01623,2026-01-01,False,0,0
E00002,C0013,P0405,F01623,2026-02-01,True,384,44
E00002,C0013,P0405,F01623,2026-03-01,True,314,13
E00003,C0047,P0249,F00986,2025-06-01,False,0,0
E00003,C0047,P0249,F00986,2025-07-01,True,796,18
E00003,C0047,P0249,F00986,2025-08-01,True,926,3
E00003,C0047,P0249,F00986,2025-09-01,False,0,0
E00003,C0047,P0249,F00986,2025-10-01,True,151,7
E00003,C0047,P0249,F00986,2025-11-01,True,79,11
E00003,C0047,P0249,F00986,2025-12-01,True,162,28
E00003,C0047,P0249,F00986,2026-01-01,True,186,8
E00003,C0047,P0249,F00987,2025-06-01,False,0,0
E00003,C0047,P0249,F00987,2025-07-01,False,0,0
E00003,C0047,P0249,F00987,2025-08-01,False,0,0
E00003,C0047,P0249,F00987,2025-09-01,False,0,0
E00003,C0047,P0249,F00987,2025-10-01,False,0,0
E00003,C0047,P0249,F00987,2025-11-01,False,0,0
E00003,C0047,P0249,F00987,2025-12-01,False,0,0
E00003,C0047,P0249,F00987,2026-01-01,False,0,0
E00003,C0047,P0249,F00988,2025-06-01,False,0,0
E00003,C0047,P0249,F00988,2025-07-01,False,0,0
E00003,C0047,P0249,F00988,2025-08-01,False,0,0
E00003,C0047,P0249,F00988,2025-09-01,False,0,0
E00003,C0047,P0249,F00988,2025-10-01,False,0,0
E00003,C0047,P0249,F00988,2025-11-01,False,0,0
E00003,C0047,P0249,F00988,2025-12-01,False,0,0
E00003,C0047,P0249,F00988,2026-01-01,False,0,0
E00003,C0047,P0249,F00989,2025-06-01,False,0,0
E00003,C0047,P0249,F00989,2025-07-01,False,0,0
E00003,C0047,P0249,F00989,2025-08-01,False,0,0
E00003,C0047,P0249,F00989,2025-09-01,False,0,0
E00003,C0047,P0249,F00989,2025-10-01,False,0,0
E00003,C0047,P0249,F00989,2025-11-01,False,0,0
E00003,C0047,P0249,F00989,2025-12-01,False,0,0
E00003,C0047,P0249,F00989,2026-01-01,False,0,0
E00003,C0047,P0249,F00990,2025-06-01,False,0,0
E00003,C0047,P0249,F00990,2025-07-01,True,649,4
E00003,C0047,P0249,F00990,2025-08-01,True,73,12
E00003,C0047,P0249,F00990,2025-09-01,True,445,18
E00003,C0047,P0249,F00990,2025-10-01,True,535,13
E00003,C0047,P0249,F01746,2025-11-01,True,205,12
E00003,C0047,P0249,F00990,2025-12-01,True,456,6
E00003,C0047,P0249,F00990,2026-01-01,True,1192,15
E00004,C0037,P0444,F01776,2025-06-01,False,0,0
E00004,C0037,P0444,F01776,2025-07-01,True,153,18
E00004,C0037,P0444,F01776,2025-08-01,True,713,14
E00004,C0037,P0444,F01776,2025-09-01,True,301,6
E00004,C0037,P0444,F01776,2025-10-01,True,345,13
E00004,C0037,P0444,F01776,2025-11-01,True,370,27
E00004,C0037,P0444,F01776,2025-12-01,True,574,5
E00004,C0037,P0444,F01777,2025-06-01,False,0,0
E00004,C0037,P0444,F01777,2025-07-01,True,138,15
E00004,C0037,P0444,F01777,2025-08-01,True,306,17
E00004,C0037,P0444,F01777,2025-09-01,True,518,10
E00004,C0037,P0444,F01777,2025-10-01,True,174,3
E00004,C0037,P0444,F01777,2025-11-01,True,430,4
E00004,C0037,P0444,F01777,2025-12-01,True,168,12
E00004,C0037,P0444,F01778,2025-06-01,False,0,0
E00004,C0037,P0444,F01778,2025-07-01,False,0,0
E00004,C0037,P0444,F01778,2025-08-01,True,383,4
E00004,C0037,P0444,F01778,2025-09-01,True,768,21
E00004,C0037,P0444,F01778,2025-10-01,True,533,15
E00004,C0037,P0444,F01778,2025-11-01,True,533,20
E00004,C0037,P0444,F01778,2025-12-01,True,584,6
E00004,C0037,P0444,F01779,2025-06-01,False,0,0
E00004,C0037,P0444,F01779,2025-07-01,False,0,0
E00004,C0037,P0444,F01779,2025-08-01,False,0,0
E00004,C0037,P0444,F01779,2025-09-01,False,0,0
E00004,C0037,P0444,F01779,2025-10-01,False,0,0
E00004,C0037,P0444,F01779,2025-11-01,True,303,41
E00004,C0037,P0444,F01779,2025-12-01,True,50,7
E00004,C0037,P0444,F01780,2025-06-01,False,0,0
E00004,C0037,P0444,F01780,2025-07-01,False,0,0
E00004,C0037,P0444,F01780,2025-08-01,False,0,0
E00004,C0037,P0444,F01780,2025-09-01,False,0,0
E00004,C0037,P0444,F01780,2025-10-01,False,0,0
E00004,C0037,P0444,F01780,2025-11-01,False,0,0
E00004,C0037,P0444,F01780,2025-12-01,False,0,0
E00005,C0007,P0454,F01818,2025-06-01,True,771,6
E00005,C0007,P0454,F01818,2025-07-01,True,595,11
E00005,C0007,P0454,F01818,2025-08-01,True,210,2
E00005,C0007,P0454,F01818,2025-09-01,False,0,0
E00005,C0007,P0454,F01818,2025-10-01,False,0,0
E00005,C0007,P0454,F01818,2025-11-01,False,0,0
E00005,C0007,P0454,F01818,2025-12-01,False,0,0
E00005,C0007,P0454,F01818,2026-01-01,False,0,0
E00005,C0007,P0454,F01818,2026-02-01,False,0,0
E00005,C0007,P0454,F00225,2026-03-01,True,0,0
E00005,C0007,P0454,F01818,2026-04-01,False,0,0
E00005,C0007,P0454,F01818,2026-05-01,False,0,0
E00005,C0007,P0454,F01819,2025-06-01,False,0,0
E00005,C0007,P0454,F01819,2025-07-01,False,0,0
E00005,C0007,P0454,F01819,2025-08-01,False,0,0
E00005,C0007,P0454,F01819,2025-09-01,False,0,0
E00005,C0007,P0454,F01819,2025-10-01,False,0,0
E00005,C0007,P0454,F01819,2025-11-01,False,0,0
E00005,C0007,P0454,F01819,2025-12-01,False,0,0
E00005,C0007,P0454,F01819,2026-01-01,False,0,0
E00005,C0007,P0454,F01819,2026-02-01,False,0,0
E00005,C0007,P0454,F01819,2026-03-01,False,0,0
E00005,C0007,P0454,F01819,2026-04-01,False,0,0
E00005,C0007,P0454,F01819,2026-05-01,False,0,0
E00005,C0007,P0454,F01820,2025-06-01,False,0,0
E00005,C0007,P0454,F01820,2025-07-01,False,0,0
E00005,C0007,P0454,F01820,2025-08-01,False,0,0
E00005,C0007,P0454,F01820,2025-09-01,False,0,0
E00005,C0007,P0454,F01820,2025-10-01,False,0,0
E00005,C0007,P0454,F01820,2025-11-01,False,0,0
E00005,C0007,P0454,F01820,2025-12-01,False,0,0
E00005,C0007,P0454,F01820,2026-01-01,False,0,0
E00005,C0007,P0454,F01820,2026-02-01,False,0,0
E00005,C0007,P0454,F01820,2026-03-01,False,0,0
E00005,C0007,P0454,F00793,2026-04-01,True,0,0
E00005,C0007,P0454,F01820,2026-05-01,False,0,0
E00005,C0007,P0454,F01821,2025-06-01,False,0,0
E00005,C0007,P0454,F01821,2025-07-01,False,0,0
E00005,C0007,P0454,F01821,2025-08-01,False,0,0
E00005,C0007,P0454,F01821,2025-09-01,False,0,0
E00005,C0007,P0454,F01821,2025-10-01,False,0,0
E00005,C0007,P0454,F01821,2025-11-01,False,0,0
E00005,C0007,P0454,F01821,2025-12-01,False,0,0
E00005,C0007,P0454,F01821,2026-01-01,False,0,0
E00005,C0007,P0454,F01821,2026-02-01,False,0,0
E00005,C0007,P0454,F01694,2026-03-01,True,0,0
E00005,C0007,P0454,F01821,2026-04-01,False,0,0
E00005,C0007,P0454,F01821,2026-05-01,False,0,0
E00005,C0007,P0454,F01822,2025-06-01,False,0,0
E00005,C0007,P0454,F01822,2025-07-01,False,0,0
E00005,C0007,P0454,F01822,2025-08-01,False,0,0
E00005,C0007,P0454,F01822,2025-09-01,False,0,0
E00005,C0007,P0454,F01822,2025-10-01,False,0,0
E00005,C0007,P0454,F01822,2025-11-01,False,0,0
E00005,C0007,P0454,F01822,2025-12-01,False,0,0
E00005,C0007,P0454,F01822,2026-01-01,False,0,0
E00005,C0007,P0454,F01822,2026-02-01,False,0,0
E00005,C0007,P0454,F01822,2026-03-01,False,0,0
E00005,C0007,P0454,F01822,2026-04-01,False,0,0
E00005,C0007,P0454,F01822,2026-05-01,False,0,0
E00006,C0001,P0293,F01168,2025-11-01,False,0,0
E00006,C0001,P0293,F01168,2025-12-01,True,422,6
E00006,C0001,P0293,F01168,2026-01-01,True,335,15
E00006,C0001,P0293,F01168,2026-02-01,True,671,7
E00006,C0001,P0293,F01168,2026-03-01,True,210,4
E00006,C0001,P0293,F01168,2026-04-01,True,694,38
E00006,C0001,P0293,F01168,2026-05-01,True,745,24
E00006,C0001,P0293,F01168,2026-06-01,True,200,14
E00006,C0001,P0293,F01168,2026-07-01,True,633,4
E00006,C0001,P0293,F01168,2026-08-01,False,0,0
E00006,C0001,P0293,F01169,2025-11-01,False,0,0
E00006,C0001,P0293,F01169,2025-12-01,False,0,0
E00006,C0001,P0293,F01169,2026-01-01,False,0,0
E00006,C0001,P0293,F01169,2026-02-01,False,0,0
E00006,C0001,P0293,F01169,2026-03-01,False,0,0
E00006,C0001,P0293,F01169,2026-04-01,False,0,0
E00006,C0001,P0293,F01169,2026-05-01,False,0,0
E00006,C0001,P0293,F01169,2026-06-01,False,0,0
E00006,C0001,P0293,F01169,2026-07-01,False,0,0
E00006,C0001,P0293,F01169,2026-08-01,False,0,0
E00006,C0001,P0293,F01170,2025-11-01,False,0,0
E00006,C0001,P0293,F01170,2025-12-01,False,0,0
E00006,C0001,P0293,F01170,2026-01-01,False,0,0
E00006,C0001,P0293,F01170,2026-02-01,False,0,0
E00006,C0001,P0293,F01170,2026-03-01,False,0,0
E00006,C0001,P0293,F01170,2026-04-01,False,0,0
E00006,C0001,P0293,F01170,2026-05-01,False,0,0
E00006,C0001,P0293,F01170,2026-06-01,False,0,0
E00006,C0001,P0293,F01170,2026-07-01,True,1053,3
E00006,C0001,P0293,F01170,2026-08-01,True,947,3
E00006,C0001,P0293,F01171,2025-11-01,False,0,0
E00006,C0001,P0293,F01171,2025-12-01,False,0,0
E00006,C0001,P0293,F01171,2026-01-01,False,0,0
E00006,C0001,P0293,F01171,2026-02-01,False,0,0
E00006,C0001,P0293,F01171,2026-03-01,True,152,15
E00006,C0001,P0293,F01171,2026-04-01,True,386,8
E00006,C0001,P0293,F01171,2026-05-01,True,1026,4
E00006,C0001,P0293,F01171,2026-06-01,True,325,16
E00006,C0001,P0293,F01171,2026-07-01,True,452,6
E00006,C0001,P0293,F01171,2026-08-01,False,0,0
E00007,C0096,P0047,F00178,2025-09-01,False,0,0
E00007,C0096,P0047,F00178,2025-10-01,True,223,19
E00007,C0096,P0047,F00178,2025-11-01,True,686,13
E00007,C0096,P0047,F00178,2025-12-01,True,178,7
E00007,C0096,P0047,F00178,2026-01-01,True,360,11
E00007,C0096,P0047,F00178,2026-02-01,True,545,9
E00007,C0096,P0047,F00178,2026-03-01,True,654,18
E00007,C0096,P0047,F00178,2026-04-01,True,876,11
E00007,C0096,P0047,F00178,2026-05-01,True,466,10
E00007,C0096,P0047,F00178,2026-06-01,True,179,37
E00007,C0096,P0047,F00178,2026-07-01,True,803,18
E00007,C0096,P0047,F00178,2026-08-01,True,363,5
E00007,C0096,P0047,F00179,2025-09-01,False,0,0
E00007,C0096,P0047,F00179,2025-10-01,False,0,0
E00007,C0096,P0047,F00179,2025-11-01,True,719,9
E00007,C0096,P0047,F00179,2025-12-01,True,496,7
E00007,C0096,P0047,F00179,2026-01-01,False,0,0
E00007,C0096,P0047,F00179,2026-02-01,True,440,7
E00007,C0096,P0047,F00179,2026-03-01,True,248,12
E00007,C0096,P0047,F00179,2026-04-01,True,89,3
E00007,C0096,P0047,F00179,2026-05-01,True,198,9
E00007,C0096,P0047,F00179,2026-06-01,True,668,9
E00007,C0096,P0047,F00179,2026-07-01,True,361,8
E00007,C0096,P0047,F00179,2026-08-01,False,0,0
E00007,C0096,P0047,F00180,2025-09-01,False,0,0
E00007,C0096,P0047,F00180,2025-10-01,False,0,0
E00007,C0096,P0047,F00221,2025-11-01,True,0,0
E00007,C0096,P0047,F00180,2025-12-01,False,0,0
E00007,C0096,P0047,F00180,2026-01-01,False,0,0
E00007,C0096,P0047,F00180,2026-02-01,True,466,5
E00007,C0096,P0047,F00180,2026-03-01,True,336,14
E00007,C0096,P0047,F00180,2026-04-01,True,434,11
E00007,C0096,P0047,F00180,2026-05-01,True,373,15
E00007,C0096,P0047,F00180,2026-06-01,True,1381,6
E00007,C0096,P0047,F00180,2026-07-01,True,1406,5
E00007,C0096,P0047,F00180,2026-08-01,True,33,7
E00008,C0097,P0378,F01514,2025-06-01,True,472,33
E00008,C0097,P0378,F01514,2025-07-01,True,166,15
E00008,C0097,P0378,F01514,2025-08-01,True,104,32
E00008,C0097,P0378,F01514,2025-09-01,True,814,7
E00008,C0097,P0378,F01514,2025-10-01,True,901,10
E00008,C0097,P0378,F01514,2025-11-01,True,842,11
E00008,C0097,P0378,F01514,2025-12-01,True,380,7
E00008,C0097,P0378,F01514,2026-01-01,True,573,11
E00008,C0097,P0378,F01514,2026-02-01,True,533,3
E00008,C0097,P0378,F01514,2026-03-01,False,0,0
E00008,C0097,P0378,F01514,2026-04-01,False,0,0
E00008,C0097,P0378,F01515,2025-06-01,False,0,0
E00008,C0097,P0378,F01515,2025-07-01,False,0,0
E00008,C0097,P0378,F01515,2025-08-01,False,0,0
E00008,C0097,P0378,F01515,2025-09-01,False,0,0
E00008,C0097,P0378,F01515,2025-10-01,False,0,0
E00008,C0097,P0378,F01515,2025-11-01,False,0,0
E00008,C0097,P0378,F01515,2025-12-01,False,0,0
E00008,C0097,P0378,F01515,2026-01-01,False,0,0
E00008,C0097,P0378,F01515,2026-02-01,False,0,0
E00008,C0097,P0378,F01515,2026-03-01,False,0,0
E00008,C0097,P0378,F01515,2026-04-01,False,0,0
E00008,C0097,P0378,F01516,2025-06-01,False,0,0
E00008,C0097,P0378,F01516,2025-07-01,False,0,0
E00008,C0097,P0378,F01516,2025-08-01,False,0,0
E00008,C0097,P0378,F01516,2025-09-01,False,0,0
E00008,C0097,P0378,F01516,2025-10-01,False,0,0
E00008,C0097,P0378,F01516,2025-11-01,False,0,0
E00008,C0097,P0378,F01516,2025-12-01,False,0,0
E00008,C0097,P0378,F01516,2026-01-01,False,0,0
E00008,C0097,P0378,F01516,2026-02-01,False,0,0
E00008,C0097,P0378,F01516,2026-03-01,False,0,0
E00008,C0097,P0378,F01516,2026-04-01,False,0,0
E00008,C0097,P0378,F01517,2025-06-01,False,0,0
E00008,C0097,P0378,F01517,2025-07-01,False,0,0
E00008,C0097,P0378,F01517,2025-08-01,False,0,0
E00008,C0097,P0378,F01517,2025-09-01,False,0,0
E00008,C0097,P0378,F01517,2025-10-01,True,862,28
E00008,C0097,P0378,F01517,2025-11-01,True,400,36
E00008,C0097,P0378,F01517,2025-12-01,True,1125,16
E00008,C0097,P0378,F01517,2026-01-01,True,908,21
E00008,C0097,P0378,F01517,2026-02-01,True,59,9
E00008,C0097,P0378,F01517,2026-03-01,True,610,29
E00008,C0097,P0378,F01517,2026-04-01,True,97,2
E00009,C0016,P0112,F00433,2025-11-01,False,0,0
E00009,C0016,P0112,F00433,2025-12-01,True,351,2
E00009,C0016,P0112,F00433,2026-01-01,True,341,14
E00009,C0016,P0112,F00433,2026-02-01,True,159,10
E00009,C0016,P0112,F00433,2026-03-01,False,0,0
E00009,C0016,P0112,F00433,2026-04-01,True,710,7
E00009,C0016,P0112,F00433,2026-05-01,True,184,10
E00009,C0016,P0112,F00433,2026-06-01,True,144,35
E00009,C0016,P0112,F00433,2026-07-01,True,376,6
E00009,C0016,P0112,F00433,2026-08-01,False,0,0
E00009,C0016,P0112,F00434,2025-11-01,False,0,0
E00009,C0016,P0112,F00434,2025-12-01,False,0,0
E00009,C0016,P0112,F00434,2026-01-01,True,430,10
E00009,C0016,P0112,F00434,2026-02-01,True,307,7
E00009,C0016,P0112,F00434,2026-03-01,True,226,3
E00009,C0016,P0112,F00434,2026-04-01,True,908,16
E00009,C0016,P0112,F00434,2026-05-01,True,462,10
E00009,C0016,P0112,F00434,2026-06-01,True,156,6
E00009,C0016,P0112,F00434,2026-07-01,True,92,6
E00009,C0016,P0112,F00434,2026-08-01,False,0,0
E00009,C0016,P0112,F00435,2025-11-01,False,0,0
E00009,C0016,P0112,F00435,2025-12-01,True,137,30
E00009,C0016,P0112,F00435,2026-01-01,True,678,11
E00009,C0016,P0112,F00435,2026-02-01,True,172,4
E00009,C0016,P0112,F00435,2026-03-01,True,315,20
E00009,C0016,P0112,F00435,2026-04-01,True,95,16
E00009,C0016,P0112,F00435,2026-05-01,True,211,7
E00009,C0016,P0112,F00435,2026-06-01,True,380,5
E00009,C0016,P0112,F00435,2026-07-01,True,302,5
E00009,C0016,P0112,F00435,2026-08-01,False,0,0
E00010,C0046,P0131,F00507,2025-06-01,False,0,0
E00010,C0046,P0131,F00507,2025-07-01,False,0,0
E00010,C0046,P0131,F00507,2025-08-01,True,226,18
E00010,C0046,P0131,F00507,2025-09-01,True,395,18
E00010,C0046,P0131,F00507,2025-10-01,True,208,16
E00010,C0046,P0131,F00507,2025-11-01,True,71,11
E00010,C0046,P0131,F00507,2025-12-01,True,579,2
E00010,C0046,P0131,F00507,2026-01-01,True,210,11
E00010,C0046,P0131,F00507,2026-02-01,False,0,0
E00010,C0046,P0131,F00508,2025-06-01,False,0,0
E00010,C0046,P0131,F00508,2025-07-01,False,0,0
E00010,C0046,P0131,F00508,2025-08-01,False,0,0
E00010,C0046,P0131,F00508,2025-09-01,False,0,0
E00010,C0046,P0131,F00508,2025-10-01,False,0,0
E00010,C0046,P0131,F00508,2025-11-01,False,0,0
E00010,C0046,P0131,F00508,2025-12-01,False,0,0
E00010,C0046,P0131,F00508,2026-01-01,False,0,0
E00010,C0046,P0131,F00508,2026-02-01,False,0,0
E00010,C0046,P0131,F00509,2025-06-01,False,0,0
E00010,C0046,P0131,F00509,2025-07-01,False,0,0
E00010,C0046,P0131,F00509,2025-08-01,False,0,0
E00010,C0046,P0131,F00509,2025-09-01,False,0,0
E00010,C0046,P0131,F00509,2025-10-01,False,0,0
E00010,C0046,P0131,F00509,2025-11-01,False,0,0
E00010,C0046,P0131,F00509,2025-12-01,False,0,0
E00010,C0046,P0131,F00509,2026-01-01,True,733,7
E00010,C0046,P0131,F00509,2026-02-01,True,538,26
E00010,C0046,P0131,F00510,2025-06-01,False,0,0
E00010,C0046,P0131,F00510,2025-07-01,False,0,0
E00010,C0046,P0131,F00510,2025-08-01,False,0,0
E00010,C0046,P0131,F00510,2025-09-01,False,0,0
E00010,C0046,P0131,F00510,2025-10-01,False,0,0
E00010,C0046,P0131,F00510,2025-11-01,False,0,0
E00010,C0046,P0131,F00510,2025-12-01,False,0,0
E00010,C0046,P0131,F00510,2026-01-01,False,0,0
E00010,C0046,P0131,F00510,2026-02-01,False,0,0
E00010,C0046,P0131,F00511,2025-06-01,True,556,9
E00010,C0046,P0131,F00511,2025-07-01,False,0,0
E00010,C0046,P0131,F00511,2025-08-01,True,482,7
E00010,C0046,P0131,F00511,2025-09-01,False,0,0
E00010,C0046,P0131,F00511,2025-10-01,True,391,9
E00010,C0046,P0131,F00511,2025-11-01,True,471,8
E00010,C0046,P0131,F00511,2025-12-01,True,490,8
E00010,C0046,P0131,F00511,2026-01-01,True,673,8
E00010,C0046,P0131,F00511,2026-02-01,True,38,5
E00011,C0029,P0217,F00856,2025-06-01,True,371,30
E00011,C0029,P0217,F00856,2025-07-01,True,656,1
E00011,C0029,P0217,F00856,2025-08-01,True,86,22
E00011,C0029,P0217,F00856,2025-09-01,True,577,40
E00011,C0029,P0217,F00856,2025-10-01,True,251,5
E00011,C0029,P0217,F00856,2025-11-01,True,387,7
E00011,C0029,P0217,F00856,2025-12-01,True,747,7
E00011,C0029,P0217,F00856,2026-01-01,True,295,5
E00011,C0029,P0217,F00856,2026-02-01,True,626,5
E00011,C0029,P0217,F00856,2026-03-01,True,497,33
E00011,C0029,P0217,F00856,2026-04-01,True,57,27
E00011,C0029,P0217,F00857,2025-06-01,False,0,0
E00011,C0029,P0217,F00857,2025-07-01,False,0,0
E00011,C0029,P0217,F00857,2025-08-01,False,0,0
E00011,C0029,P0217,F00857,2025-09-01,False,0,0
E00011,C0029,P0217,F00857,2025-10-01,False,0,0
E00011,C0029,P0217,F00857,2025-11-01,False,0,0
E00011,C0029,P0217,F00857,2025-12-01,False,0,0
E00011,C0029,P0217,F00857,2026-01-01,False,0,0
E00011,C0029,P0217,F00857,2026-02-01,False,0,0
E00011,C0029,P0217,F00857,2026-03-01,False,0,0
E00011,C0029,P0217,F00857,2026-04-01,False,0,0
E00011,C0029,P0217,F00858,2025-06-01,False,0,0
E00011,C0029,P0217,F00858,2025-07-01,False,0,0
E00011,C0029,P0217,F00858,2025-08-01,False,0,0
E00011,C0029,P0217,F00858,2025-09-01,False,0,0
E00011,C0029,P0217,F00858,2025-10-01,False,0,0
E00011,C0029,P0217,F00858,2025-11-01,False,0,0
E00011,C0029,P0217,F00858,2025-12-01,False,0,0
E00011,C0029,P0217,F00858,2026-01-01,False,0,0
E00011,C0029,P0217,F01222,2026-02-01,True,0,0
E00011,C0029,P0217,F00858,2026-03-01,False,0,0
E00011,C0029,P0217,F00858,2026-04-01,False,0,0
E00011,C0029,P0217,F00859,2025-06-01,False,0,0
E00011,C0029,P0217,F00859,2025-07-01,False,0,0
E00011,C0029,P0217,F00859,2025-08-01,False,0,0
E00011,C0029,P0217,F00859,2025-09-01,False,0,0
E00011,C0029,P0217,F00859,2025-10-01,False,0,0
E00011,C0029,P0217,F00859,2025-11-01,False,0,0
E00011,C0029,P0217,F00859,2025-12-01,False,0,0
E00011,C0029,P0217,F00859,2026-01-01,False,0,0
E00011,C0029,P0217,F00859,2026-02-01,False,0,0
E00011,C0029,P0217,F00859,2026-03-01,False,0,0
E00011,C0029,P0217,F01985,2026-04-01,True,0,0
E00011,C0029,P0217,F00860,2025-06-01,False,0,0
E00011,C0029,P0217,F00860,2025-07-01,True,452,4
E00011,C0029,P0217,F00860,2025-08-01,True,398,17
E00011,C0029,P0217,F00860,2025-09-01,True,184,15
E00011,C0029,P0217,F00860,2025-10-01,True,1030,7
E00011,C0029,P0217,F00860,2025-11-01,True,151,10
E00011,C0029,P0217,F00860,2025-12-01,True,382,22
E00011,C0029,P0217,F00860,2026-01-01,True,323,8
E00011,C0029,P0217,F00860,2026-02-01,True,147,2
E00011,C0029,P0217,F00860,2026-03-01,True,108,3
E00011,C0029,P0217,F00860,2026-04-01,True,297,3
E00012,C0012,P0367,F01467,2025-06-01,False,0,0
E00012,C0012,P0367,F01467,2025-07-01,False,0,0
E00012,C0012,P0367,F01467,2025-08-01,False,0,0
E00012,C0012,P0367,F01467,2025-09-01,False,0,0
E00012,C0012,P0367,F01467,2025-10-01,False,0,0
E00012,C0012,P0367,F01467,2025-11-01,False,0,0
E00012,C0012,P0367,F01467,2025-12-01,False,0,0
E00012,C0012,P0367,F01467,2026-01-01,False,0,0
E00012,C0012,P0367,F01467,2026-02-01,False,0,0
E00012,C0012,P0367,F01467,2026-03-01,False,0,0
E00012,C0012,P0367,F01468,2025-06-01,False,0,0
E00012,C0012,P0367,F01468,2025-07-01,False,0,0
E00012,C0012,P0367,F01468,2025-08-01,False,0,0
E00012,C0012,P0367,F01468,2025-09-01,False,0,0
E00012,C0012,P0367,F01468,2025-10-01,False,0,0
E00012,C0012,P0367,F01468,2025-11-01,False,0,0
E00012,C0012,P0367,F01468,2025-12-01,False,0,0
E00012,C0012,P0367,F01468,2026-01-01,False,0,0
E00012,C0012,P0367,F01468,2026-02-01,False,0,0
E00012,C0012,P0367,F01468,2026-03-01,False,0,0
E00012,C0012,P0367,F01469,2025-06-01,False,0,0
E00012,C0012,P0367,F01469,2025-07-01,False,0,0
E00012,C0012,P0367,F01469,2025-08-01,False,0,0
E00012,C0012,P0367,F01469,2025-09-01,False,0,0
E00012,C0012,P0367,F01469,2025-10-01,False,0,0
E00012,C0012,P0367,F01469,2025-11-01,False,0,0
E00012,C0012,P0367,F01469,2025-12-01,False,0,0
E00012,C0012,P0367,F01469,2026-01-01,False,0,0
E00012,C0012,P0367,F01469,2026-02-01,False,0,0
E00012,C0012,P0367,F01469,2026-03-01,False,0,0
E00012,C0012,P0367,F01470,2025-06-01,False,0,0
E00012,C0012,P0367,F01470,2025-07-01,False,0,0
E00012,C0012,P0367,F01470,2025-08-01,False,0,0
E00012,C0012,P0367,F01470,2025-09-01,False,0,0
E00012,C0012,P0367,F01470,2025-10-01,False,0,0
E00012,C0012,P0367,F01470,2025-11-01,False,0,0
E00012,C0012,P0367,F01470,2025-12-01,False,0,0
E00012,C0012,P0367,F01470,2026-01-01,False,0,0
E00012,C0012,P0367,F01470,2026-02-01,False,0,0
E00012,C0012,P0367,F01470,2026-03-01,False,0,0
E00013,C0084,P0340,F01358,2025-06-01,True,351,33
E00013,C0084,P0340,F01358,2025-07-01,True,788,9
E00013,C0084,P0340,F01358,2025-08-01,True,1690,11
E00013,C0084,P0340,F01358,2025-09-01,True,425,9
E00013,C0084,P0340,F01358,2025-10-01,True,357,7
E00013,C0084,P0340,F01358,2025-11-01,True,298,27
E00013,C0084,P0340,F01359,2025-06-01,False,0,0
E00013,C0084,P0340,F01359,2025-07-01,False,0,0
E00013,C0084,P0340,F01359,2025-08-01,False,0,0
E00013,C0084,P0340,F01359,2025-09-01,False,0,0
E00013,C0084,P0340,F01359,2025-10-01,False,0,0
E00013,C0084,P0340,F01760,2025-11-01,True,0,0
E00013,C0084,P0340,F01360,2025-06-01,False,0,0
E00013,C0084,P0340,F01360,2025-07-01,False,0,0
E00013,C0084,P0340,F01360,2025-08-01,False,0,0
E00013,C0084,P0340,F01360,2025-09-01,False,0,0
E00013,C0084,P0340,F01360,2025-10-01,True,846,2
E00013,C0084,P0340,F01360,2025-11-01,True,94,6
E00014,C0071,P0197,F00775,2025-10-01,True,701,24
E00014,C0071,P0197,F00775,2025-11-01,True,612,4
E00014,C0071,P0197,F00775,2025-12-01,True,236,15
E00014,C0071,P0197,F00775,2026-01-01,False,0,0
E00014,C0071,P0197,F00775,2026-02-01,False,0,0
E00014,C0071,P0197,F00775,2026-03-01,False,0,0
E00014,C0071,P0197,F00775,2026-04-01,False,0,0
E00014,C0071,P0197,F00775,2026-05-01,False,0,0
E00014,C0071,P0197,F00775,2026-06-01,False,0,0
E00014,C0071,P0197,F00775,2026-07-01,False,0,0
E00014,C0071,P0197,F00775,2026-08-01,False,0,0
E00014,C0071,P0197,F00776,2025-10-01,False,0,0
E00014,C0071,P0197,F00776,2025-11-01,False,0,0
E00014,C0071,P0197,F00776,2025-12-01,False,0,0
E00014,C0071,P0197,F00776,2026-01-01,False,0,0
E00014,C0071,P0197,F00776,2026-02-01,False,0,0
E00014,C0071,P0197,F00776,2026-03-01,False,0,0
E00014,C0071,P0197,F00776,2026-04-01,False,0,0
E00014,C0071,P0197,F00776,2026-05-01,False,0,0
E00014,C0071,P0197,F00776,2026-06-01,False,0,0
E00014,C0071,P0197,F00776,2026-07-01,False,0,0
E00014,C0071,P0197,F00776,2026-08-01,False,0,0
E00014,C0071,P0197,F00777,2025-10-01,False,0,0
E00014,C0071,P0197,F00777,2025-11-01,False,0,0
E00014,C0071,P0197,F00777,2025-12-01,False,0,0
E00014,C0071,P0197,F00777,2026-01-01,False,0,0
E00014,C0071,P0197,F00777,2026-02-01,False,0,0
E00014,C0071,P0197,F00777,2026-03-01,False,0,0
E00014,C0071,P0197,F00777,2026-04-01,False,0,0
E00014,C0071,P0197,F00777,2026-05-01,False,0,0
E00014,C0071,P0197,F00777,2026-06-01,False,0,0
E00014,C0071,P0197,F00777,2026-07-01,False,0,0
E00014,C0071,P0197,F00777,2026-08-01,False,0,0
E00015,C0064,P0351,F01402,2025-11-01,True,302,8
E00015,C0064,P0351,F01402,2025-12-01,True,273,22
E00015,C0064,P0351,F01402,2026-01-01,True,562,8
E00015,C0064,P0351,F01402,2026-02-01,True,467,4
E00015,C0064,P0351,F01285,2026-03-01,True,0,0
E00015,C0064,P0351,F01402,2026-04-01,False,0,0
E00015,C0064,P0351,F01402,2026-05-01,True,237,21
E00015,C0064,P0351,F01402,2026-06-01,True,78,16
E00015,C0064,P0351,F01402,2026-07-01,True,36,30
E00015,C0064,P0351,F01402,2026-08-01,True,232,14
E00015,C0064,P0351,F01403,2025-11-01,False,0,0
E00015,C0064,P0351,F01403,2025-12-01,False,0,0
E00015,C0064,P0351,F01403,2026-01-01,False,0,0
E00015,C0064,P0351,F01403,2026-02-01,True,400,12
E00015,C0064,P0351,F01403,2026-03-01,True,461,2
E00015,C0064,P0351,F01403,2026-04-01,True,417,9
E00015,C0064,P0351,F01403,2026-05-01,True,233,6
E00015,C0064,P0351,F01403,2026-06-01,True,425,5
E00015,C0064,P0351,F01403,2026-07-01,True,743,15
E00015,C0064,P0351,F01403,2026-08-01,False,0,0
E00015,C0064,P0351,F01404,2025-11-01,False,0,0
E00015,C0064,P0351,F01404,2025-12-01,False,0,0
E00015,C0064,P0351,F01404,2026-01-01,False,0,0
E00015,C0064,P0351,F01404,2026-02-01,False,0,0
E00015,C0064,P0351,F01404,2026-03-01,False,0,0
E00015,C0064,P0351,F01404,2026-04-01,True,444,20
E00015,C0064,P0351,F01404,2026-05-01,True,52,4
E00015,C0064,P0351,F01404,2026-06-01,True,534,6
E00015,C0064,P0351,F01404,2026-07-01,True,218,3
E00015,C0064,P0351,F01404,2026-08-01,True,153,21
E00015,C0064,P0351,F01405,2025-11-01,False,0,0
E00015,C0064,P0351,F01405,2025-12-01,False,0,0
E00015,C0064,P0351,F01405,2026-01-01,False,0,0
E00015,C0064,P0351,F01405,2026-02-01,False,0,0
E00015,C0064,P0351,F01405,2026-03-01,False,0,0
E00015,C0064,P0351,F01405,2026-04-01,False,0,0
E00015,C0064,P0351,F01405,2026-05-01,False,0,0
E00015,C0064,P0351,F01405,2026-06-01,False,0,0
E00015,C0064,P0351,F01405,2026-07-01,False,0,0
E00015,C0064,P0351,F01405,2026-08-01,False,0,0
E00016,C0060,P0466,F01867,2025-06-01,True,525,12
E00016,C0060,P0466,F01867,2025-07-01,True,226,11
E00016,C0060,P0466,F01867,2025-08-01,True,799,6
E00016,C0060,P0466,F01867,2025-09-01,True,356,31
E00016,C0060,P0466,F01867,2025-10-01,True,606,7
E00016,C0060,P0466,F01867,2025-11-01,True,573,3
E00016,C0060,P0466,F01867,2025-12-01,False,0,0
E00016,C0060,P0466,F01867,2026-01-01,True,345,16
E00016,C0060,P0466,F01867,2026-02-01,False,0,0
E00016,C0060,P0466,F01868,2025-06-01,False,0,0
E00016,C0060,P0466,F01868,2025-07-01,False,0,0
E00016,C0060,P0466,F01868,2025-08-01,False,0,0
E00016,C0060,P0466,F01868,2025-09-01,False,0,0
E00016,C0060,P0466,F01868,2025-10-01,True,485,16
E00016,C0060,P0466,F01868,2025-11-01,True,658,14
E00016,C0060,P0466,F01868,2025-12-01,False,0,0
E00016,C0060,P0466,F01868,2026-01-01,True,502,12
E00016,C0060,P0466,F01868,2026-02-01,True,137,21
E00016,C0060,P0466,F01869,2025-06-01,True,355,17
E00016,C0060,P0466,F01869,2025-07-01,True,702,7
E00016,C0060,P0466,F01869,2025-08-01,True,256,8
E00016,C0060,P0466,F01869,2025-09-01,True,851,5
E00016,C0060,P0466,F01869,2025-10-01,True,950,12
E00016,C0060,P0466,F01869,2025-11-01,True,447,19
E00016,C0060,P0466,F01869,2025-12-01,True,390,21
E00016,C0060,P0466,F01869,2026-01-01,True,238,26
E00016,C0060,P0466,F01869,2026-02-01,True,254,27
E00017,C0033,P0422,F01685,2025-06-01,True,259,8
E00017,C0033,P0422,F01685,2025-07-01,True,149,6
E00017,C0033,P0422,F01685,2025-08-01,True,356,12
E00017,C0033,P0422,F01685,2025-09-01,True,723,9
E00017,C0033,P0422,F01685,2025-10-01,True,486,12
E00017,C0033,P0422,F01685,2025-11-01,True,525,6
E00017,C0033,P0422,F01685,2025-12-01,True,235,6
E00017,C0033,P0422,F01685,2026-01-01,True,818,26
E00017,C0033,P0422,F01685,2026-02-01,True,227,7
E00017,C0033,P0422,F01685,2026-03-01,False,0,0
E00017,C0033,P0422,F01686,2025-06-01,False,0,0
E00017,C0033,P0422,F01686,2025-07-01,False,0,0
E00017,C0033,P0422,F01686,2025-08-01,False,0,0
E00017,C0033,P0422,F01745,2025-09-01,True,0,0
E00017,C0033,P0422,F01686,2025-10-01,False,0,0
E00017,C0033,P0422,F01686,2025-11-01,False,0,0
E00017,C0033,P0422,F01686,2025-12-01,False,0,0
E00017,C0033,P0422,F01686,2026-01-01,False,0,0
E00017,C0033,P0422,F01686,2026-02-01,False,0,0
E00017,C0033,P0422,F01686,2026-03-01,False,0,0
E00017,C0033,P0422,F00860,2025-06-01,True,0,0
E00017,C0033,P0422,F01687,2025-07-01,False,0,0
E00017,C0033,P0422,F01687,2025-08-01,False,0,0
E00017,C0033,P0422,F01687,2025-09-01,True,577,28
E00017,C0033,P0422,F01687,2025-10-01,True,1149,6
E00017,C0033,P0422,F01687,2025-11-01,True,267,13
E00017,C0033,P0422,F01687,2025-12-01,True,470,9
E00017,C0033,P0422,F01687,2026-01-01,True,183,10
E00017,C0033,P0422,F01687,2026-02-01,True,1148,7
E00017,C0033,P0422,F01687,2026-03-01,True,433,46
E00017,C0033,P0422,F01688,2025-06-01,False,0,0
E00017,C0033,P0422,F01688,2025-07-01,False,0,0
E00017,C0033,P0422,F01688,2025-08-01,False,0,0
E00017,C0033,P0422,F01688,2025-09-01,False,0,0
E00017,C0033,P0422,F01688,2025-10-01,False,0,0
E00017,C0033,P0422,F01688,2025-11-01,False,0,0
E00017,C0033,P0422,F00768,2025-12-01,True,0,0
E00017,C0033,P0422,F01688,2026-01-01,False,0,0
E00017,C0033,P0422,F01688,2026-02-01,False,0,0
E00017,C0033,P0422,F01688,2026-03-01,False,0,0
E00018,C0039,P0451,F01803,2025-06-01,True,235,17
E00018,C0039,P0451,F01803,2025-07-01,True,1181,16
E00018,C0039,P0451,F01803,2025-08-01,True,780,18
E00018,C0039,P0451,F01803,2025-09-01,True,530,25
E00018,C0039,P0451,F01803,2025-10-01,True,583,9
E00018,C0039,P0451,F01803,2025-11-01,True,409,14
E00018,C0039,P0451,F01803,2025-12-01,True,265,12
E00018,C0039,P0451,F01803,2026-01-01,True,380,16
E00018,C0039,P0451,F01804,2025-06-01,False,0,0
E00018,C0039,P0451,F01804,2025-07-01,False,0,0
E00018,C0039,P0451,F01804,2025-08-01,False,0,0
E00018,C0039,P0451,F01804,2025-09-01,False,0,0
E00018,C0039,P0451,F01804,2025-10-01,False,0,0
E00018,C0039,P0451,F01804,2025-11-01,False,0,0
E00018,C0039,P0451,F01804,2025-12-01,True,1388,13
E00018,C0039,P0451,F01804,2026-01-01,True,1021,16
E00018,C0039,P0451,F01805,2025-06-01,False,0,0
E00018,C0039,P0451,F01805,2025-07-01,False,0,0
E00018,C0039,P0451,F01805,2025-08-01,False,0,0
E00018,C0039,P0451,F01805,2025-09-01,False,0,0
E00018,C0039,P0451,F01805,2025-10-01,True,422,7
E00018,C0039,P0451,F01805,2025-11-01,True,424,12
E00018,C0039,P0451,F01805,2025-12-01,True,201,7
E00018,C0039,P0451,F01805,2026-01-01,True,484,28
E00018,C0039,P0451,F01806,2025-06-01,False,0,0
E00018,C0039,P0451,F01806,2025-07-01,False,0,0
E00018,C0039,P0451,F01806,2025-08-01,False,0,0
E00018,C0039,P0451,F01806,2025-09-01,False,0,0
E00018,C0039,P0451,F01806,2025-10-01,False,0,0
E00018,C0039,P0451,F01806,2025-11-01,False,0,0
E00018,C0039,P0451,F01806,2025-12-01,False,0,0
E00018,C0039,P0451,F01806,2026-01-01,False,0,0
E00018,C0039,P0451,F01807,2025-06-01,False,0,0
E00018,C0039,P0451,F01807,2025-07-01,False,0,0
E00018,C0039,P0451,F01807,2025-08-01,False,0,0
E00018,C0039,P0451,F01807,2025-09-01,False,0,0
E00018,C0039,P0451,F01807,2025-10-01,False,0,0
E00018,C0039,P0451,F01807,2025-11-01,False,0,0
E00018,C0039,P0451,F01807,2025-12-01,False,0,0
E00018,C0039,P0451,F01807,2026-01-01,False,0,0
E00019,C0093,P0482,F01930,2025-06-01,True,348,3
E00019,C0093,P0482,F01930,2025-07-01,True,146,17
E00019,C0093,P0482,F01930,2025-08-01,True,109,19
E00019,C0093,P0482,F01930,2025-09-01,True,584,10
E00019,C0093,P0482,F01930,2025-10-01,True,203,9
E00019,C0093,P0482,F01930,2025-11-01,True,476,4
E00019,C0093,P0482,F01930,2025-12-01,True,948,13
E00019,C0093,P0482,F01930,2026-01-01,True,512,16
E00019,C0093,P0482,F01930,2026-02-01,True,888,12
E00019,C0093,P0482,F02006,2026-03-01,True,607,6
E00019,C0093,P0482,F01931,2025-06-01,False,0,0
E00019,C0093,P0482,F01931,2025-07-01,False,0,0
E00019,C0093,P0482,F01931,2025-08-01,False,0,0
E00019,C0093,P0482,F01931,2025-09-01,False,0,0
E00019,C0093,P0482,F01931,2025-10-01,False,0,0
E00019,C0093,P0482,F01931,2025-11-01,False,0,0
E00019,C0093,P0482,F01931,2025-12-01,False,0,0
E00019,C0093,P0482,F01931,2026-01-01,False,0,0
E00019,C0093,P0482,F01931,2026-02-01,False,0,0
E00019,C0093,P0482,F01931,2026-03-01,False,0,0
E00019,C0093,P0482,F01932,2025-06-01,False,0,0
E00019,C0093,P0482,F01932,2025-07-01,False,0,0
E00019,C0093,P0482,F01932,2025-08-01,True,1152,12
E00019,C0093,P0482,F01932,2025-09-01,True,205,7
E00019,C0093,P0482,F01932,2025-10-01,True,49,7
E00019,C0093,P0482,F01932,2025-11-01,True,19,18
E00019,C0093,P0482,F01932,2025-12-01,True,501,5
E00019,C0093,P0482,F01932,2026-01-01,True,353,10
E00019,C0093,P0482,F01932,2026-02-01,True,126,9
E00019,C0093,P0482,F01932,2026-03-01,True,374,9
E00019,C0093,P0482,F01933,2025-06-01,False,0,0
E00019,C0093,P0482,F01933,2025-07-01,False,0,0
E00019,C0093,P0482,F01933,2025-08-01,False,0,0
E00019,C0093,P0482,F01933,2025-09-01,False,0,0
E00019,C0093,P0482,F01933,2025-10-01,False,0,0
E00019,C0093,P0482,F01933,2025-11-01,False,0,0
E00019,C0093,P0482,F01933,2025-12-01,False,0,0
E00019,C0093,P0482,F01933,2026-01-01,False,0,0
E00019,C0093,P0482,F01933,2026-02-01,False,0,0
E00019,C0093,P0482,F01933,2026-03-01,False,0,0
E00020,C0031,P0449,F01796,2025-06-01,False,0,0
E00020,C0031,P0449,F01796,2025-07-01,False,0,0
E00020,C0031,P0449,F01796,2025-08-01,False,0,0
E00020,C0031,P0449,F01796,2025-09-01,False,0,0
E00020,C0031,P0449,F01796,2025-10-01,False,0,0
E00020,C0031,P0449,F01796,2025-11-01,False,0,0
E00020,C0031,P0449,F01796,2025-12-01,False,0,0
E00020,C0031,P0449,F01796,2026-01-01,False,0,0
E00020,C0031,P0449,F01796,2026-02-01,False,0,0
E00020,C0031,P0449,F01796,2026-03-01,False,0,0
E00020,C0031,P0449,F01796,2026-04-01,False,0,0
E00020,C0031,P0449,F01796,2026-05-01,False,0,0
E00020,C0031,P0449,F01797,2025-06-01,False,0,0
E00020,C0031,P0449,F01797,2025-07-01,False,0,0
E00020,C0031,P0449,F01797,2025-08-01,False,0,0
E00020,C0031,P0449,F01797,2025-09-01,False,0,0
E00020,C0031,P0449,F01797,2025-10-01,False,0,0
E00020,C0031,P0449,F01797,2025-11-01,False,0,0
E00020,C0031,P0449,F01797,2025-12-01,False,0,0
E00020,C0031,P0449,F01797,2026-01-01,False,0,0
E00020,C0031,P0449,F01797,2026-02-01,False,0,0
E00020,C0031,P0449,F01797,2026-03-01,False,0,0
E00020,C0031,P0449,F01797,2026-04-01,False,0,0
E00020,C0031,P0449,F01797,2026-05-01,False,0,0
E00020,C0031,P0449,F01798,2025-06-01,False,0,0
E00020,C0031,P0449,F01798,2025-07-01,False,0,0
E00020,C0031,P0449,F01798,2025-08-01,False,0,0
E00020,C0031,P0449,F01798,2025-09-01,False,0,0
E00020,C0031,P0449,F01798,2025-10-01,False,0,0
E00020,C0031,P0449,F01798,2025-11-01,False,0,0
E00020,C0031,P0449,F01798,2025-12-01,False,0,0
E00020,C0031,P0449,F01798,2026-01-01,False,0,0
E00020,C0031,P0449,F01798,2026-02-01,False,0,0
E00020,C0031,P0449,F01798,2026-03-01,False,0,0
E00020,C0031,P0449,F01798,2026-04-01,False,0,0
E00020,C0031,P0449,F01798,2026-05-01,False,0,0
E00020,C0031,P0449,F01799,2025-06-01,False,0,0
E00020,C0031,P0449,F01799,2025-07-01,False,0,0
E00020,C0031,P0449,F01799,2025-08-01,False,0,0
E00020,C0031,P0449,F01799,2025-09-01,False,0,0
E00020,C0031,P0449,F01799,2025-10-01,False,0,0
E00020,C0031,P0449,F01799,2025-11-01,False,0,0
E00020,C0031,P0449,F01799,2025-12-01,False,0,0
E00020,C0031,P0449,F01799,2026-01-01,False,0,0
E00020,C0031,P0449,F01799,2026-02-01,False,0,0
E00020,C0031,P0449,F01799,2026-03-01,False,0,0
E00020,C0031,P0449,F01799,2026-04-01,False,0,0
E00020,C0031,P0449,F01799,2026-05-01,False,0,0
E00021,C0067,P0181,F00709,2025-11-01,False,0,0
E00021,C0067,P0181,F00709,2025-12-01,True,205,5
E00021,C0067,P0181,F00709,2026-01-01,True,292,7
E00021,C0067,P0181,F00709,2026-02-01,True,554,26
E00021,C0067,P0181,F00709,2026-03-01,True,696,11
E00021,C0067,P0181,F00709,2026-04-01,True,211,19
E00021,C0067,P0181,F00709,2026-05-01,True,578,25
E00021,C0067,P0181,F00709,2026-06-01,True,425,31
E00021,C0067,P0181,F00709,2026-07-01,True,425,6
E00021,C0067,P0181,F00709,2026-08-01,True,245,15
E00021,C0067,P0181,F00710,2025-11-01,False,0,0
E00021,C0067,P0181,F00710,2025-12-01,False,0,0
E00021,C0067,P0181,F00710,2026-01-01,False,0,0
E00021,C0067,P0181,F00710,2026-02-01,False,0,0
E00021,C0067,P0181,F00710,2026-03-01,False,0,0
E00021,C0067,P0181,F00710,2026-04-01,False,0,0
E00021,C0067,P0181,F00710,2026-05-01,False,0,0
E00021,C0067,P0181,F00710,2026-06-01,False,0,0
E00021,C0067,P0181,F00710,2026-07-01,True,226,31
E00021,C0067,P0181,F00710,2026-08-01,False,0,0
E00021,C0067,P0181,F01421,2025-11-01,True,0,0
E00021,C0067,P0181,F00711,2025-12-01,False,0,0
E00021,C0067,P0181,F00711,2026-01-01,False,0,0
E00021,C0067,P0181,F00711,2026-02-01,False,0,0
E00021,C0067,P0181,F00711,2026-03-01,False,0,0
E00021,C0067,P0181,F00711,2026-04-01,False,0,0
E00021,C0067,P0181,F00711,2026-05-01,False,0,0
E00021,C0067,P0181,F00711,2026-06-01,False,0,0
E00021,C0067,P0181,F00711,2026-07-01,False,0,0
E00021,C0067,P0181,F00711,2026-08-01,False,0,0
E00021,C0067,P0181,F00712,2025-11-01,False,0,0
E00021,C0067,P0181,F00712,2025-12-01,False,0,0
E00021,C0067,P0181,F00712,2026-01-01,True,505,11
E00021,C0067,P0181,F00712,2026-02-01,True,401,9
E00021,C0067,P0181,F00712,2026-03-01,True,67,7
E00021,C0067,P0181,F00712,2026-04-01,True,1019,12
E00021,C0067,P0181,F00712,2026-05-01,True,751,21
E00021,C0067,P0181,F00712,2026-06-01,True,355,16
E00021,C0067,P0181,F00712,2026-07-01,True,76,27
E00021,C0067,P0181,F00712,2026-08-01,False,0,0
E00021,C0067,P0181,F00713,2025-11-01,False,0,0
E00021,C0067,P0181,F00713,2025-12-01,False,0,0
E00021,C0067,P0181,F00713,2026-01-01,False,0,0
E00021,C0067,P0181,F00713,2026-02-01,False,0,0
E00021,C0067,P0181,F00713,2026-03-01,False,0,0
E00021,C0067,P0181,F00713,2026-04-01,False,0,0
E00021,C0067,P0181,F00713,2026-05-01,False,0,0
E00021,C0067,P0181,F00713,2026-06-01,False,0,0
E00021,C0067,P0181,F00713,2026-07-01,False,0,0
E00021,C0067,P0181,F00713,2026-08-01,False,0,0
E00022,C0004,P0015,F00053,2025-08-01,False,0,0
E00022,C0004,P0015,F00053,2025-09-01,False,0,0
E00022,C0004,P0015,F00053,2025-10-01,False,0,0
E00022,C0004,P0015,F00053,2025-11-01,False,0,0
E00022,C0004,P0015,F00053,2025-12-01,False,0,0
E00022,C0004,P0015,F00053,2026-01-01,False,0,0
E00022,C0004,P0015,F00053,2026-02-01,False,0,0
E00022,C0004,P0015,F00053,2026-03-01,False,0,0
E00022,C0004,P0015,F00053,2026-04-01,False,0,0
E00022,C0004,P0015,F00053,2026-05-01,False,0,0
E00022,C0004,P0015,F00053,2026-06-01,False,0,0
E00022,C0004,P0015,F00053,2026-07-01,False,0,0
E00022,C0004,P0015,F00054,2025-08-01,False,0,0
E00022,C0004,P0015,F00054,2025-09-01,False,0,0
E00022,C0004,P0015,F00054,2025-10-01,False,0,0
E00022,C0004,P0015,F00054,2025-11-01,False,0,0
E00022,C0004,P0015,F00054,2025-12-01,False,0,0
E00022,C0004,P0015,F00054,2026-01-01,False,0,0
E00022,C0004,P0015,F00054,2026-02-01,False,0,0
E00022,C0004,P0015,F00054,2026-03-01,False,0,0
E00022,C0004,P0015,F01498,2026-04-01,True,0,0
E00022,C0004,P0015,F00054,2026-05-01,False,0,0
E00022,C0004,P0015,F00054,2026-06-01,False,0,0
E00022,C0004,P0015,F00054,2026-07-01,False,0,0
E00022,C0004,P0015,F00055,2025-08-01,False,0,0
E00022,C0004,P0015,F00055,2025-09-01,False,0,0
E00022,C0004,P0015,F00055,2025-10-01,False,0,0
E00022,C0004,P0015,F00055,2025-11-01,False,0,0
E00022,C0004,P0015,F00055,2025-12-01,False,0,0
E00022,C0004,P0015,F00055,2026-01-01,False,0,0
E00022,C0004,P0015,F00055,2026-02-01,False,0,0
E00022,C0004,P0015,F00055,2026-03-01,False,0,0
E00022,C0004,P0015,F00055,2026-04-01,False,0,0
E00022,C0004,P0015,F00055,2026-05-01,False,0,0
E00022,C0004,P0015,F00055,2026-06-01,False,0,0
E00022,C0004,P0015,F00055,2026-07-01,False,0,0
E00023,C0051,P0070,F00273,2025-06-01,True,914,15
E00023,C0051,P0070,F00273,2025-07-01,True,445,10
E00023,C0051,P0070,F00273,2025-08-01,True,810,18
E00023,C0051,P0070,F00273,2025-09-01,True,273,4
E00023,C0051,P0070,F00273,2025-10-01,True,108,22
E00023,C0051,P0070,F00273,2025-11-01,True,353,15
E00023,C0051,P0070,F00273,2025-12-01,True,388,3
E00023,C0051,P0070,F00273,2026-01-01,True,78,8
E00023,C0051,P0070,F00274,2025-06-01,False,0,0
E00023,C0051,P0070,F00274,2025-07-01,False,0,0
E00023,C0051,P0070,F00274,2025-08-01,True,276,8
E00023,C0051,P0070,F00274,2025-09-01,True,282,37
E00023,C0051,P0070,F00274,2025-10-01,True,744,12
E00023,C0051,P0070,F00274,2025-11-01,True,346,10
E00023,C0051,P0070,F00274,2025-12-01,True,616,10
E00023,C0051,P0070,F00274,2026-01-01,True,693,13
E00023,C0051,P0070,F00275,2025-06-01,False,0,0
E00023,C0051,P0070,F00275,2025-07-01,False,0,0
E00023,C0051,P0070,F01942,2025-08-01,True,0,0
E00023,C0051,P0070,F00275,2025-09-01,False,0,0
E00023,C0051,P0070,F00275,2025-10-01,False,0,0
E00023,C0051,P0070,F00275,2025-11-01,True,1337,9
E00023,C0051,P0070,F00275,2025-12-01,True,780,4
E00023,C0051,P0070,F00275,2026-01-01,True,216,34
E00024,C0057,P0043,F00163,2025-10-01,False,0,0
E00024,C0057,P0043,F00163,2025-11-01,True,673,15
E00024,C0057,P0043,F00163,2025-12-01,True,1560,10
E00024,C0057,P0043,F00163,2026-01-01,False,0,0
E00024,C0057,P0043,F00163,2026-02-01,True,778,23
E00024,C0057,P0043,F00163,2026-03-01,True,1053,4
E00024,C0057,P0043,F00163,2026-04-01,True,348,13
E00024,C0057,P0043,F00163,2026-05-01,True,1042,14
E00024,C0057,P0043,F00163,2026-06-01,True,818,4
E00024,C0057,P0043,F00673,2026-07-01,True,288,25
E00024,C0057,P0043,F00011,2026-08-01,True,319,11
E00024,C0057,P0043,F00164,2025-10-01,False,0,0
E00024,C0057,P0043,F00164,2025-11-01,False,0,0
E00024,C0057,P0043,F00164,2025-12-01,False,0,0
E00024,C0057,P0043,F00164,2026-01-01,False,0,0
E00024,C0057,P0043,F00164,2026-02-01,False,0,0
E00024,C0057,P0043,F00164,2026-03-01,True,1031,5
E00024,C0057,P0043,F00164,2026-04-01,True,213,3
E00024,C0057,P0043,F01687,2026-05-01,True,1058,21
E00024,C0057,P0043,F00164,2026-06-01,True,722,8
E00024,C0057,P0043,F00164,2026-07-01,True,96,2
E00024,C0057,P0043,F01945,2026-08-01,True,917,16
E00024,C0057,P0043,F00165,2025-10-01,False,0,0
E00024,C0057,P0043,F00165,2025-11-01,False,0,0
E00024,C0057,P0043,F01619,2025-12-01,True,0,0
E00024,C0057,P0043,F00165,2026-01-01,False,0,0
E00024,C0057,P0043,F00165,2026-02-01,False,0,0
E00024,C0057,P0043,F00165,2026-03-01,False,0,0
E00024,C0057,P0043,F00165,2026-04-01,False,0,0
E00024,C0057,P0043,F00165,2026-05-01,False,0,0
E00024,C0057,P0043,F00165,2026-06-01,False,0,0
E00024,C0057,P0043,F00165,2026-07-01,False,0,0
E00024,C0057,P0043,F00165,2026-08-01,False,0,0
E00025,C0058,P0352,F01406,2025-08-01,False,0,0
E00025,C0058,P0352,F01406,2025-09-01,True,627,13
E00025,C0058,P0352,F01406,2025-10-01,True,191,8
E00025,C0058,P0352,F01406,2025-11-01,True,151,4
E00025,C0058,P0352,F01406,2025-12-01,True,694,3
E00025,C0058,P0352,F01406,2026-01-01,True,152,9
E00025,C0058,P0352,F01406,2026-02-01,True,397,3
E00025,C0058,P0352,F01406,2026-03-01,False,0,0
E00025,C0058,P0352,F01406,2026-04-01,True,506,12
E00025,C0058,P0352,F01406,2026-05-01,True,906,11
E00025,C0058,P0352,F01406,2026-06-01,True,543,6
E00025,C0058,P0352,F01406,2026-07-01,True,208,4
E00025,C0058,P0352,F01407,2025-08-01,False,0,0
E00025,C0058,P0352,F01407,2025-09-01,False,0,0
E00025,C0058,P0352,F01407,2025-10-01,False,0,0
E00025,C0058,P0352,F01852,2025-11-01,True,0,0
E00025,C0058,P0352,F01407,2025-12-01,False,0,0
E00025,C0058,P0352,F01407,2026-01-01,True,202,8
E00025,C0058,P0352,F01407,2026-02-01,True,847,5
E00025,C0058,P0352,F01407,2026-03-01,True,1375,16
E00025,C0058,P0352,F01407,2026-04-01,True,497,11
E00025,C0058,P0352,F01407,2026-05-01,True,326,7
E00025,C0058,P0352,F01407,2026-06-01,True,98,5
E00025,C0058,P0352,F01407,2026-07-01,True,1057,16
E00025,C0058,P0352,F01408,2025-08-01,False,0,0
E00025,C0058,P0352,F01408,2025-09-01,True,1050,7
E00025,C0058,P0352,F01408,2025-10-01,True,147,11
E00025,C0058,P0352,F01408,2025-11-01,True,188,12
E00025,C0058,P0352,F01408,2025-12-01,True,78,2
E00025,C0058,P0352,F01408,2026-01-01,True,483,30
E00025,C0058,P0352,F01408,2026-02-01,True,499,15
E00025,C0058,P0352,F01408,2026-03-01,True,388,12
E00025,C0058,P0352,F01408,2026-04-01,True,93,6
E00025,C0058,P0352,F01408,2026-05-01,True,841,8
E00025,C0058,P0352,F01408,2026-06-01,True,830,12
E00025,C0058,P0352,F01408,2026-07-01,True,423,8
E00026,C0081,P0377,F01509,2025-06-01,True,606,20
E00026,C0081,P0377,F01509,2025-07-01,True,185,3
E00026,C0081,P0377,F01509,2025-08-01,True,53,15
E00026,C0081,P0377,F01509,2025-09-01,True,488,45
E00026,C0081,P0377,F01509,2025-10-01,False,0,0
E00026,C0081,P0377,F01509,2025-11-01,True,390,10
E00026,C0081,P0377,F01509,2025-12-01,True,447,13
E00026,C0081,P0377,F01509,2026-01-01,True,319,6
E00026,C0081,P0377,F01509,2026-02-01,True,374,10
E00026,C0081,P0377,F01509,2026-03-01,True,359,18
E00026,C0081,P0377,F01509,2026-04-01,True,369,3
E00026,C0081,P0377,F01510,2025-06-01,False,0,0
E00026,C0081,P0377,F01510,2025-07-01,False,0,0
E00026,C0081,P0377,F01510,2025-08-01,False,0,0
E00026,C0081,P0377,F01510,2025-09-01,False,0,0
E00026,C0081,P0377,F01510,2025-10-01,False,0,0
E00026,C0081,P0377,F01510,2025-11-01,False,0,0
E00026,C0081,P0377,F01510,2025-12-01,False,0,0
E00026,C0081,P0377,F01510,2026-01-01,False,0,0
E00026,C0081,P0377,F01510,2026-02-01,False,0,0
E00026,C0081,P0377,F00066,2026-03-01,True,0,0
E00026,C0081,P0377,F01510,2026-04-01,False,0,0
E00026,C0081,P0377,F01511,2025-06-01,False,0,0
E00026,C0081,P0377,F01511,2025-07-01,False,0,0
E00026,C0081,P0377,F01511,2025-08-01,False,0,0
E00026,C0081,P0377,F01511,2025-09-01,False,0,0
E00026,C0081,P0377,F01511,2025-10-01,False,0,0
E00026,C0081,P0377,F01511,2025-11-01,False,0,0
E00026,C0081,P0377,F01511,2025-12-01,False,0,0
E00026,C0081,P0377,F01511,2026-01-01,False,0,0
E00026,C0081,P0377,F01511,2026-02-01,False,0,0
E00026,C0081,P0377,F01511,2026-03-01,False,0,0
E00026,C0081,P0377,F01511,2026-04-01,False,0,0
E00026,C0081,P0377,F01512,2025-06-01,False,0,0
E00026,C0081,P0377,F01512,2025-07-01,False,0,0
E00026,C0081,P0377,F01512,2025-08-01,False,0,0
E00026,C0081,P0377,F01512,2025-09-01,False,0,0
E00026,C0081,P0377,F01512,2025-10-01,False,0,0
E00026,C0081,P0377,F01512,2025-11-01,False,0,0
E00026,C0081,P0377,F01512,2025-12-01,False,0,0
E00026,C0081,P0377,F01512,2026-01-01,False,0,0
E00026,C0081,P0377,F01512,2026-02-01,False,0,0
E00026,C0081,P0377,F01512,2026-03-01,False,0,0
E00026,C0081,P0377,F01512,2026-04-01,False,0,0
E00026,C0081,P0377,F01513,2025-06-01,False,0,0
E00026,C0081,P0377,F01513,2025-07-01,False,0,0
E00026,C0081,P0377,F01513,2025-08-01,False,0,0
E00026,C0081,P0377,F01513,2025-09-01,False,0,0
E00026,C0081,P0377,F01513,2025-10-01,False,0,0
E00026,C0081,P0377,F01513,2025-11-01,False,0,0
E00026,C0081,P0377,F01513,2025-12-01,False,0,0
E00026,C0081,P0377,F01513,2026-01-01,False,0,0
E00026,C0081,P0377,F01513,2026-02-01,False,0,0
E00026,C0081,P0377,F01513,2026-03-01,False,0,0
E00026,C0081,P0377,F01513,2026-04-01,False,0,0
E00027,C0025,P0102,F00394,2025-10-01,False,0,0
E00027,C0025,P0102,F00394,2025-11-01,True,219,9
E00027,C0025,P0102,F00394,2025-12-01,True,382,15
E00027,C0025,P0102,F00394,2026-01-01,True,385,2
E00027,C0025,P0102,F00394,2026-02-01,True,119,16
E00027,C0025,P0102,F00394,2026-03-01,False,0,0
E00027,C0025,P0102,F00394,2026-04-01,True,309,12
E00027,C0025,P0102,F00394,2026-05-01,False,0,0
E00027,C0025,P0102,F00394,2026-06-01,True,279,6
E00027,C0025,P0102,F00394,2026-07-01,True,287,12
E00027,C0025,P0102,F00394,2026-08-01,False,0,0
E00027,C0025,P0102,F00395,2025-10-01,False,0,0
E00027,C0025,P0102,F00395,2025-11-01,False,0,0
E00027,C0025,P0102,F00395,2025-12-01,False,0,0
E00027,C0025,P0102,F00395,2026-01-01,False,0,0
E00027,C0025,P0102,F00395,2026-02-01,False,0,0
E00027,C0025,P0102,F00395,2026-03-01,False,0,0
E00027,C0025,P0102,F00395,2026-04-01,False,0,0
E00027,C0025,P0102,F00395,2026-05-01,True,367,20
E00027,C0025,P0102,F00395,2026-06-01,True,85,3
E00027,C0025,P0102,F00395,2026-07-01,True,306,15
E00027,C0025,P0102,F00395,2026-08-01,True,627,7
E00027,C0025,P0102,F00396,2025-10-01,False,0,0
E00027,C0025,P0102,F00396,2025-11-01,False,0,0
E00027,C0025,P0102,F00396,2025-12-01,False,0,0
E00027,C0025,P0102,F00396,2026-01-01,True,13,7
E00027,C0025,P0102,F00396,2026-02-01,True,489,10
E00027,C0025,P0102,F00396,2026-03-01,True,557,23
E00027,C0025,P0102,F00396,2026-04-01,True,323,7
E00027,C0025,P0102,F00396,2026-05-01,True,168,3
E00027,C0025,P0102,F00396,2026-06-01,True,72,6
E00027,C0025,P0102,F00396,2026-07-01,True,748,17
E00027,C0025,P0102,F00396,2026-08-01,False,0,0
E00027,C0025,P0102,F00397,2025-10-01,False,0,0
E00027,C0025,P0102,F00397,2025-11-01,False,0,0
E00027,C0025,P0102,F00397,2025-12-01,False,0,0
E00027,C0025,P0102,F00397,2026-01-01,False,0,0
E00027,C0025,P0102,F00397,2026-02-01,False,0,0
E00027,C0025,P0102,F00397,2026-03-01,True,244,38
E00027,C0025,P0102,F00397,2026-04-01,True,220,24
E00027,C0025,P0102,F01054,2026-05-01,True,1013,15
E00027,C0025,P0102,F00397,2026-06-01,True,205,8
E00027,C0025,P0102,F00397,2026-07-01,True,421,3
E00027,C0025,P0102,F00397,2026-08-01,True,154,4
E00028,C0034,P0484,F01937,2025-06-01,False,0,0
E00028,C0034,P0484,F01937,2025-07-01,False,0,0
E00028,C0034,P0484,F01937,2025-08-01,True,541,23
E00028,C0034,P0484,F01937,2025-09-01,True,611,20
E00028,C0034,P0484,F01937,2025-10-01,True,190,8
E00028,C0034,P0484,F01937,2025-11-01,True,299,14
E00028,C0034,P0484,F01937,2025-12-01,True,212,20
E00028,C0034,P0484,F01937,2026-01-01,True,994,15
E00028,C0034,P0484,F01938,2025-06-01,False,0,0
E00028,C0034,P0484,F01938,2025-07-01,False,0,0
E00028,C0034,P0484,F01938,2025-08-01,False,0,0
E00028,C0034,P0484,F01938,2025-09-01,False,0,0
E00028,C0034,P0484,F01938,2025-10-01,False,0,0
E00028,C0034,P0484,F01938,2025-11-01,True,272,5
E00028,C0034,P0484,F01938,2025-12-01,True,142,2
E00028,C0034,P0484,F01938,2026-01-01,True,307,9
E00028,C0034,P0484,F01939,2025-06-01,False,0,0
E00028,C0034,P0484,F00091,2025-07-01,True,0,0
E00028,C0034,P0484,F01939,2025-08-01,False,0,0
E00028,C0034,P0484,F01939,2025-09-01,False,0,0
E00028,C0034,P0484,F01939,2025-10-01,False,0,0
E00028,C0034,P0484,F01939,2025-11-01,False,0,0
E00028,C0034,P0484,F01939,2025-12-01,False,0,0
E00028,C0034,P0484,F01939,2026-01-01,False,0,0
E00028,C0034,P0484,F01940,2025-06-01,False,0,0
E00028,C0034,P0484,F01940,2025-07-01,False,0,0
E00028,C0034,P0484,F01940,2025-08-01,False,0,0
E00028,C0034,P0484,F01940,2025-09-01,False,0,0
E00028,C0034,P0484,F01940,2025-10-01,False,0,0
E00028,C0034,P0484,F01940,2025-11-01,False,0,0
E00028,C0034,P0484,F01940,2025-12-01,False,0,0
E00028,C0034,P0484,F01940,2026-01-01,True,669,7
E00028,C0034,P0484,F01941,2025-06-01,False,0,0
E00028,C0034,P0484,F01941,2025-07-01,False,0,0
E00028,C0034,P0484,F01941,2025-08-01,False,0,0
E00028,C0034,P0484,F01941,2025-09-01,False,0,0
E00028,C0034,P0484,F01941,2025-10-01,False,0,0
E00028,C0034,P0484,F01941,2025-11-01,False,0,0
E00028,C0034,P0484,F01941,2025-12-01,False,0,0
E00028,C0034,P0484,F01941,2026-01-01,False,0,0
E00029,C0068,P0499,F02005,2025-06-01,True,321,13
E00029,C0068,P0499,F02005,2025-07-01,True,524,17
E00029,C0068,P0499,F02005,2025-08-01,True,420,3
E00029,C0068,P0499,F02005,2025-09-01,True,492,6
E00029,C0068,P0499,F02005,2025-10-01,True,842,11
E00029,C0068,P0499,F02005,2025-11-01,True,439,47
E00029,C0068,P0499,F02006,2025-06-01,False,0,0
E00029,C0068,P0499,F02006,2025-07-01,False,0,0
E00029,C0068,P0499,F02006,2025-08-01,False,0,0
E00029,C0068,P0499,F02006,2025-09-01,False,0,0
E00029,C0068,P0499,F02006,2025-10-01,False,0,0
E00029,C0068,P0499,F02006,2025-11-01,False,0,0
E00029,C0068,P0499,F02007,2025-06-01,False,0,0
E00029,C0068,P0499,F02007,2025-07-01,False,0,0
E00029,C0068,P0499,F02007,2025-08-01,False,0,0
E00029,C0068,P0499,F02007,2025-09-01,True,624,14
E00029,C0068,P0499,F02007,2025-10-01,True,328,4
E00029,C0068,P0499,F02007,2025-11-01,True,310,5
E00029,C0068,P0499,F02008,2025-06-01,False,0,0
E00029,C0068,P0499,F02008,2025-07-01,True,1074,14
E00029,C0068,P0499,F02008,2025-08-01,True,822,6
E00029,C0068,P0499,F02008,2025-09-01,True,185,16
E00029,C0068,P0499,F02008,2025-10-01,False,0,0
E00029,C0068,P0499,F01237,2025-11-01,True,167,7
E00030,C0053,P0317,F01266,2025-11-01,True,1108,8
E00030,C0053,P0317,F01266,2025-12-01,True,93,2
E00030,C0053,P0317,F01266,2026-01-01,True,81,24
E00030,C0053,P0317,F01266,2026-02-01,False,0,0
E00030,C0053,P0317,F01266,2026-03-01,False,0,0
E00030,C0053,P0317,F01266,2026-04-01,False,0,0
E00030,C0053,P0317,F01266,2026-05-01,False,0,0
E00030,C0053,P0317,F01266,2026-06-01,False,0,0
E00030,C0053,P0317,F01266,2026-07-01,False,0,0
E00030,C0053,P0317,F01266,2026-08-01,False,0,0
E00030,C0053,P0317,F01267,2025-11-01,True,231,46
E00030,C0053,P0317,F01966,2025-12-01,True,1002,35
E00030,C0053,P0317,F01267,2026-01-01,True,741,16
E00030,C0053,P0317,F01267,2026-02-01,False,0,0
E00030,C0053,P0317,F01267,2026-03-01,False,0,0
E00030,C0053,P0317,F01267,2026-04-01,False,0,0
E00030,C0053,P0317,F01267,2026-05-01,False,0,0
E00030,C0053,P0317,F01267,2026-06-01,False,0,0
E00030,C0053,P0317,F01267,2026-07-01,False,0,0
E00030,C0053,P0317,F01267,2026-08-01,False,0,0
E00030,C0053,P0317,F01148,2025-11-01,True,0,0
E00030,C0053,P0317,F01268,2025-12-01,False,0,0
E00030,C0053,P0317,F01268,2026-01-01,False,0,0
E00030,C0053,P0317,F01268,2026-02-01,False,0,0
E00030,C0053,P0317,F01268,2026-03-01,False,0,0
E00030,C0053,P0317,F01268,2026-04-01,False,0,0
E00030,C0053,P0317,F01268,2026-05-01,False,0,0
E00030,C0053,P0317,F01268,2026-06-01,False,0,0
E00030,C0053,P0317,F01268,2026-07-01,False,0,0
E00030,C0053,P0317,F01268,2026-08-01,False,0,0
E00031,C0062,P0088,F00340,2025-06-01,False,0,0
E00031,C0062,P0088,F00340,2025-07-01,False,0,0
E00031,C0062,P0088,F00340,2025-08-01,False,0,0
E00031,C0062,P0088,F00340,2025-09-01,False,0,0
E00031,C0062,P0088,F00340,2025-10-01,False,0,0
E00031,C0062,P0088,F00340,2025-11-01,False,0,0
E00031,C0062,P0088,F00340,2025-12-01,False,0,0
E00031,C0062,P0088,F00340,2026-01-01,False,0,0
E00031,C0062,P0088,F00341,2025-06-01,False,0,0
E00031,C0062,P0088,F00341,2025-07-01,False,0,0
E00031,C0062,P0088,F00341,2025-08-01,False,0,0
E00031,C0062,P0088,F00341,2025-09-01,False,0,0
E00031,C0062,P0088,F00341,2025-10-01,False,0,0
E00031,C0062,P0088,F00341,2025-11-01,False,0,0
E00031,C0062,P0088,F00341,2025-12-01,False,0,0
E00031,C0062,P0088,F00341,2026-01-01,False,0,0
E00031,C0062,P0088,F00342,2025-06-01,False,0,0
E00031,C0062,P0088,F00342,2025-07-01,False,0,0
E00031,C0062,P0088,F00342,2025-08-01,False,0,0
E00031,C0062,P0088,F00342,2025-09-01,False,0,0
E00031,C0062,P0088,F00342,2025-10-01,False,0,0
E00031,C0062,P0088,F00342,2025-11-01,False,0,0
E00031,C0062,P0088,F00342,2025-12-01,False,0,0
E00031,C0062,P0088,F00342,2026-01-01,False,0,0
E00031,C0062,P0088,F00343,2025-06-01,False,0,0
E00031,C0062,P0088,F00343,2025-07-01,False,0,0
E00031,C0062,P0088,F00343,2025-08-01,False,0,0
E00031,C0062,P0088,F00343,2025-09-01,False,0,0
E00031,C0062,P0088,F00343,2025-10-01,False,0,0
E00031,C0062,P0088,F00343,2025-11-01,False,0,0
E00031,C0062,P0088,F00343,2025-12-01,False,0,0
E00031,C0062,P0088,F00343,2026-01-01,False,0,0
E00031,C0062,P0088,F00344,2025-06-01,False,0,0
E00031,C0062,P0088,F00344,2025-07-01,False,0,0
E00031,C0062,P0088,F00344,2025-08-01,False,0,0
E00031,C0062,P0088,F00344,2025-09-01,False,0,0
E00031,C0062,P0088,F00344,2025-10-01,False,0,0
E00031,C0062,P0088,F00344,2025-11-01,False,0,0
E00031,C0062,P0088,F00344,2025-12-01,False,0,0
E00031,C0062,P0088,F00344,2026-01-01,False,0,0
E00032,C0055,P0476,F01907,2025-08-01,True,179,10
E00032,C0055,P0476,F01907,2025-09-01,True,602,20
E00032,C0055,P0476,F01907,2025-10-01,True,128,9
E00032,C0055,P0476,F01907,2025-11-01,True,343,10
E00032,C0055,P0476,F01907,2025-12-01,True,145,33
E00032,C0055,P0476,F01907,2026-01-01,True,306,5
E00032,C0055,P0476,F01907,2026-02-01,True,1204,28
E00032,C0055,P0476,F01907,2026-03-01,True,408,7
E00032,C0055,P0476,F01907,2026-04-01,True,74,15
E00032,C0055,P0476,F01907,2026-05-01,True,235,10
E00032,C0055,P0476,F01907,2026-06-01,True,1135,7
E00032,C0055,P0476,F01907,2026-07-01,True,516,18
E00032,C0055,P0476,F01908,2025-08-01,False,0,0
E00032,C0055,P0476,F01908,2025-09-01,False,0,0
E00032,C0055,P0476,F01908,2025-10-01,False,0,0
E00032,C0055,P0476,F01908,2025-11-01,False,0,0
E00032,C0055,P0476,F01908,2025-12-01,False,0,0
E00032,C0055,P0476,F01908,2026-01-01,False,0,0
E00032,C0055,P0476,F01908,2026-02-01,False,0,0
E00032,C0055,P0476,F01908,2026-03-01,False,0,0
E00032,C0055,P0476,F01908,2026-04-01,False,0,0
E00032,C0055,P0476,F01908,2026-05-01,False,0,0
E00032,C0055,P0476,F01908,2026-06-01,False,0,0
E00032,C0055,P0476,F01908,2026-07-01,False,0,0
E00032,C0055,P0476,F01909,2025-08-01,False,0,0
E00032,C0055,P0476,F01909,2025-09-01,False,0,0
E00032,C0055,P0476,F01909,2025-10-01,False,0,0
E00032,C0055,P0476,F01909,2025-11-01,False,0,0
E00032,C0055,P0476,F01909,2025-12-01,False,0,0
E00032,C0055,P0476,F01909,2026-01-01,False,0,0
E00032,C0055,P0476,F01909,2026-02-01,False,0,0
E00032,C0055,P0476,F01909,2026-03-01,False,0,0
E00032,C0055,P0476,F01909,2026-04-01,False,0,0
E00032,C0055,P0476,F01909,2026-05-01,False,0,0
E00032,C0055,P0476,F01909,2026-06-01,False,0,0
E00032,C0055,P0476,F01909,2026-07-01,False,0,0
E00032,C0055,P0476,F01910,2025-08-01,False,0,0
E00032,C0055,P0476,F01910,2025-09-01,False,0,0
E00032,C0055,P0476,F01910,2025-10-01,False,0,0
E00032,C0055,P0476,F01910,2025-11-01,False,0,0
E00032,C0055,P0476,F01910,2025-12-01,False,0,0
E00032,C0055,P0476,F01910,2026-01-01,False,0,0
E00032,C0055,P0476,F01910,2026-02-01,False,0,0
E00032,C0055,P0476,F01910,2026-03-01,False,0,0
E00032,C0055,P0476,F01910,2026-04-01,False,0,0
E00032,C0055,P0476,F01910,2026-05-01,False,0,0
E00032,C0055,P0476,F01910,2026-06-01,False,0,0
E00032,C0055,P0476,F01910,2026-07-01,False,0,0
E00032,C0055,P0476,F01911,2025-08-01,True,837,10
E00032,C0055,P0476,F01911,2025-09-01,True,311,9
E00032,C0055,P0476,F01911,2025-10-01,True,481,27
E00032,C0055,P0476,F01911,2025-11-01,True,294,1
E00032,C0055,P0476,F01911,2025-12-01,True,679,11
E00032,C0055,P0476,F01911,2026-01-01,True,533,3
E00032,C0055,P0476,F01911,2026-02-01,True,235,18
E00032,C0055,P0476,F01911,2026-03-01,True,113,15
E00032,C0055,P0476,F01911,2026-04-01,True,356,6
E00032,C0055,P0476,F01911,2026-05-01,True,181,5
E00032,C0055,P0476,F01911,2026-06-01,True,384,12
E00032,C0055,P0476,F01911,2026-07-01,True,271,4
E00033,C0008,P0105,F00405,2025-07-01,True,505,19
E00033,C0008,P0105,F00405,2025-08-01,True,572,36
E00033,C0008,P0105,F00405,2025-09-01,True,317,25
E00033,C0008,P0105,F00405,2025-10-01,True,212,5
E00033,C0008,P0105,F00405,2025-11-01,True,402,29
E00033,C0008,P0105,F00405,2025-12-01,True,289,3
E00033,C0008,P0105,F00405,2026-01-01,True,679,10
E00033,C0008,P0105,F00405,2026-02-01,True,458,6
E00033,C0008,P0105,F00405,2026-03-01,True,399,3
E00033,C0008,P0105,F00405,2026-04-01,True,1197,21
E00033,C0008,P0105,F00405,2026-05-01,True,386,19
E00033,C0008,P0105,F00405,2026-06-01,True,212,21
E00033,C0008,P0105,F00406,2025-07-01,False,0,0
E00033,C0008,P0105,F00406,2025-08-01,False,0,0
E00033,C0008,P0105,F00406,2025-09-01,False,0,0
E00033,C0008,P0105,F00406,2025-10-01,False,0,0
E00033,C0008,P0105,F00406,2025-11-01,False,0,0
E00033,C0008,P0105,F00406,2025-12-01,False,0,0
E00033,C0008,P0105,F00406,2026-01-01,False,0,0
E00033,C0008,P0105,F00406,2026-02-01,False,0,0
E00033,C0008,P0105,F00406,2026-03-01,False,0,0
E00033,C0008,P0105,F00406,2026-04-01,False,0,0
E00033,C0008,P0105,F00406,2026-05-01,False,0,0
E00033,C0008,P0105,F00406,2026-06-01,False,0,0
E00033,C0008,P0105,F00407,2025-07-01,False,0,0
E00033,C0008,P0105,F00407,2025-08-01,False,0,0
E00033,C0008,P0105,F00407,2025-09-01,False,0,0
E00033,C0008,P0105,F00407,2025-10-01,False,0,0
E00033,C0008,P0105,F00407,2025-11-01,False,0,0
E00033,C0008,P0105,F00407,2025-12-01,False,0,0
E00033,C0008,P0105,F00407,2026-01-01,False,0,0
E00033,C0008,P0105,F00407,2026-02-01,False,0,0
E00033,C0008,P0105,F00407,2026-03-01,False,0,0
E00033,C0008,P0105,F00407,2026-04-01,False,0,0
E00033,C0008,P0105,F00407,2026-05-01,False,0,0
E00033,C0008,P0105,F00407,2026-06-01,False,0,0
E00034,C0055,P0196,F00771,2025-06-01,True,279,8
E00034,C0055,P0196,F00771,2025-07-01,True,156,14
E00034,C0055,P0196,F00771,2025-08-01,True,373,26
E00034,C0055,P0196,F00771,2025-09-01,True,140,14
E00034,C0055,P0196,F00771,2025-10-01,True,817,12
E00034,C0055,P0196,F00771,2025-11-01,True,275,12
E00034,C0055,P0196,F00771,2025-12-01,True,882,25
E00034,C0055,P0196,F00771,2026-01-01,True,334,24
E00034,C0055,P0196,F00771,2026-02-01,True,360,19
E00034,C0055,P0196,F00771,2026-03-01,True,544,8
E00034,C0055,P0196,F00772,2025-06-01,False,0,0
E00034,C0055,P0196,F00772,2025-07-01,False,0,0
E00034,C0055,P0196,F00772,2025-08-01,False,0,0
E00034,C0055,P0196,F00772,2025-09-01,False,0,0
E00034,C0055,P0196,F00772,2025-10-01,False,0,0
E00034,C0055,P0196,F00772,2025-11-01,False,0,0
E00034,C0055,P0196,F00772,2025-12-01,False,0,0
E00034,C0055,P0196,F00772,2026-01-01,False,0,0
E00034,C0055,P0196,F00772,2026-02-01,False,0,0
E00034,C0055,P0196,F00772,2026-03-01,False,0,0
E00034,C0055,P0196,F00773,2025-06-01,False,0,0
E00034,C0055,P0196,F00773,2025-07-01,False,0,0
E00034,C0055,P0196,F00773,2025-08-01,True,162,23
E00034,C0055,P0196,F00773,2025-09-01,True,990,14
E00034,C0055,P0196,F00773,2025-10-01,True,359,4
E00034,C0055,P0196,F00773,2025-11-01,True,818,13
E00034,C0055,P0196,F00773,2025-12-01,True,297,19
E00034,C0055,P0196,F00773,2026-01-01,True,101,5
E00034,C0055,P0196,F00773,2026-02-01,True,205,15
E00034,C0055,P0196,F00773,2026-03-01,True,420,16
E00034,C0055,P0196,F00774,2025-06-01,False,0,0
E00034,C0055,P0196,F00774,2025-07-01,False,0,0
E00034,C0055,P0196,F00774,2025-08-01,False,0,0
E00034,C0055,P0196,F00774,2025-09-01,False,0,0
E00034,C0055,P0196,F00774,2025-10-01,False,0,0
E00034,C0055,P0196,F00774,2025-11-01,False,0,0
E00034,C0055,P0196,F00774,2025-12-01,False,0,0
E00034,C0055,P0196,F00774,2026-01-01,False,0,0
E00034,C0055,P0196,F00774,2026-02-01,False,0,0
E00034,C0055,P0196,F00774,2026-03-01,False,0,0
E00035,C0083,P0145,F00563,2025-06-01,True,780,17
E00035,C0083,P0145,F00563,2025-07-01,True,1214,22
E00035,C0083,P0145,F00059,2025-08-01,True,333,7
E00035,C0083,P0145,F00563,2025-09-01,True,341,17
E00035,C0083,P0145,F00563,2025-10-01,True,256,17
E00035,C0083,P0145,F00563,2025-11-01,True,570,5
E00035,C0083,P0145,F01326,2025-12-01,True,769,14
E00035,C0083,P0145,F00563,2026-01-01,True,1175,10
E00035,C0083,P0145,F00563,2026-02-01,True,287,4
E00035,C0083,P0145,F00564,2025-06-01,True,139,20
E00035,C0083,P0145,F00564,2025-07-01,True,1098,10
E00035,C0083,P0145,F00564,2025-08-01,True,320,11
E00035,C0083,P0145,F00564,2025-09-01,True,805,5
E00035,C0083,P0145,F00564,2025-10-01,True,438,20
E00035,C0083,P0145,F00564,2025-11-01,True,528,1
E00035,C0083,P0145,F00564,2025-12-01,True,594,15
E00035,C0083,P0145,F00564,2026-01-01,True,911,29
E00035,C0083,P0145,F00564,2026-02-01,True,881,11
E00035,C0083,P0145,F00565,2025-06-01,False,0,0
E00035,C0083,P0145,F00565,2025-07-01,False,0,0
E00035,C0083,P0145,F00565,2025-08-01,True,73,9
E00035,C0083,P0145,F00565,2025-09-01,True,379,30
E00035,C0083,P0145,F00565,2025-10-01,True,193,3
E00035,C0083,P0145,F00565,2025-11-01,True,257,6
E00035,C0083,P0145,F00565,2025-12-01,True,94,10
E00035,C0083,P0145,F00565,2026-01-01,True,390,3
E00035,C0083,P0145,F00565,2026-02-01,True,285,6
E00035,C0083,P0145,F00566,2025-06-01,False,0,0
E00035,C0083,P0145,F00566,2025-07-01,False,0,0
E00035,C0083,P0145,F00566,2025-08-01,False,0,0
E00035,C0083,P0145,F00566,2025-09-01,False,0,0
E00035,C0083,P0145,F00566,2025-10-01,False,0,0
E00035,C0083,P0145,F00566,2025-11-01,False,0,0
E00035,C0083,P0145,F00566,2025-12-01,False,0,0
E00035,C0083,P0145,F00566,2026-01-01,False,0,0
E00035,C0083,P0145,F00566,2026-02-01,False,0,0
E00036,C0002,P0500,F02009,2025-06-01,True,400,12
E00036,C0002,P0500,F02009,2025-07-01,True,191,21
E00036,C0002,P0500,F02009,2025-08-01,True,372,6
E00036,C0002,P0500,F02009,2025-09-01,True,82,13
E00036,C0002,P0500,F02009,2025-10-01,True,530,7
E00036,C0002,P0500,F02009,2025-11-01,True,409,29
E00036,C0002,P0500,F02009,2025-12-01,True,684,1
E00036,C0002,P0500,F02009,2026-01-01,True,197,10
E00036,C0002,P0500,F02009,2026-02-01,True,388,12
E00036,C0002,P0500,F02009,2026-03-01,True,507,10
E00036,C0002,P0500,F02009,2026-04-01,True,372,20
E00036,C0002,P0500,F02009,2026-05-01,True,454,4
E00036,C0002,P0500,F02010,2025-06-01,False,0,0
E00036,C0002,P0500,F02010,2025-07-01,False,0,0
E00036,C0002,P0500,F02010,2025-08-01,False,0,0
E00036,C0002,P0500,F02010,2025-09-01,False,0,0
E00036,C0002,P0500,F02010,2025-10-01,False,0,0
E00036,C0002,P0500,F02010,2025-11-01,False,0,0
E00036,C0002,P0500,F02010,2025-12-01,False,0,0
E00036,C0002,P0500,F02010,2026-01-01,False,0,0
E00036,C0002,P0500,F02010,2026-02-01,False,0,0
E00036,C0002,P0500,F02010,2026-03-01,False,0,0
E00036,C0002,P0500,F02010,2026-04-01,False,0,0
E00036,C0002,P0500,F02010,2026-05-01,False,0,0
E00036,C0002,P0500,F02011,2025-06-01,True,398,10
E00036,C0002,P0500,F02011,2025-07-01,True,49,12
E00036,C0002,P0500,F02011,2025-08-01,True,145,20
E00036,C0002,P0500,F02011,2025-09-01,True,501,4
E00036,C0002,P0500,F02011,2025-10-01,True,694,26
E00036,C0002,P0500,F02011,2025-11-01,True,300,9
E00036,C0002,P0500,F02011,2025-12-01,True,648,24
E00036,C0002,P0500,F02011,2026-01-01,True,68,4
E00036,C0002,P0500,F02011,2026-02-01,True,261,8
E00036,C0002,P0500,F02011,2026-03-01,False,0,0
E00036,C0002,P0500,F02011,2026-04-01,True,635,24
E00036,C0002,P0500,F02011,2026-05-01,True,923,2
E00036,C0002,P0500,F02012,2025-06-01,False,0,0
E00036,C0002,P0500,F02012,2025-07-01,False,0,0
E00036,C0002,P0500,F02012,2025-08-01,False,0,0
E00036,C0002,P0500,F02012,2025-09-01,False,0,0
E00036,C0002,P0500,F02012,2025-10-01,False,0,0
E00036,C0002,P0500,F02012,2025-11-01,False,0,0
E00036,C0002,P0500,F02012,2025-12-01,False,0,0
E00036,C0002,P0500,F02012,2026-01-01,True,182,7
E00036,C0002,P0500,F02012,2026-02-01,True,181,14
E00036,C0002,P0500,F02012,2026-03-01,True,544,11
E00036,C0002,P0500,F02012,2026-04-01,True,342,8
E00036,C0002,P0500,F02012,2026-05-01,True,297,29
E00037,C0035,P0351,F01402,2025-07-01,False,0,0
E00037,C0035,P0351,F01402,2025-08-01,True,602,8
E00037,C0035,P0351,F01402,2025-09-01,True,337,14
E00037,C0035,P0351,F01402,2025-10-01,True,121,12
E00037,C0035,P0351,F01402,2025-11-01,True,579,15
E00037,C0035,P0351,F01402,2025-12-01,True,185,6
E00037,C0035,P0351,F01402,2026-01-01,True,42,17
E00037,C0035,P0351,F01402,2026-02-01,True,1327,5
E00037,C0035,P0351,F01402,2026-03-01,True,776,35
E00037,C0035,P0351,F01402,2026-04-01,True,249,10
E00037,C0035,P0351,F01402,2026-05-01,True,443,15
E00037,C0035,P0351,F01402,2026-06-01,True,461,8
E00037,C0035,P0351,F01403,2025-07-01,False,0,0
E00037,C0035,P0351,F01403,2025-08-01,False,0,0
E00037,C0035,P0351,F01403,2025-09-01,False,0,0
E00037,C0035,P0351,F01403,2025-10-01,False,0,0
E00037,C0035,P0351,F00365,2025-11-01,True,0,0
E00037,C0035,P0351,F01403,2025-12-01,True,573,8
E00037,C0035,P0351,F01403,2026-01-01,True,484,10
E00037,C0035,P0351,F01403,2026-02-01,True,58,24
E00037,C0035,P0351,F01403,2026-03-01,True,222,25
E00037,C0035,P0351,F01759,2026-04-01,True,755,12
E00037,C0035,P0351,F01403,2026-05-01,True,535,16
E00037,C0035,P0351,F01403,2026-06-01,True,313,9
E00037,C0035,P0351,F01404,2025-07-01,False,0,0
E00037,C0035,P0351,F01404,2025-08-01,False,0,0
E00037,C0035,P0351,F01404,2025-09-01,False,0,0
E00037,C0035,P0351,F00222,2025-10-01,True,562,10
E00037,C0035,P0351,F01404,2025-11-01,True,267,6
E00037,C0035,P0351,F01404,2025-12-01,True,494,6
E00037,C0035,P0351,F01404,2026-01-01,True,670,20
E00037,C0035,P0351,F01404,2026-02-01,False,0,0
E00037,C0035,P0351,F01404,2026-03-01,True,532,17
E00037,C0035,P0351,F01404,2026-04-01,True,533,18
E00037,C0035,P0351,F01404,2026-05-01,True,625,13
E00037,C0035,P0351,F01404,2026-06-01,True,762,9
E00037,C0035,P0351,F01405,2025-07-01,False,0,0
E00037,C0035,P0351,F01405,2025-08-01,False,0,0
E00037,C0035,P0351,F01405,2025-09-01,False,0,0
E00037,C0035,P0351,F01405,2025-10-01,False,0,0
E00037,C0035,P0351,F01405,2025-11-01,False,0,0
E00037,C0035,P0351,F01405,2025-12-01,False,0,0
E00037,C0035,P0351,F01405,2026-01-01,True,193,6
E00037,C0035,P0351,F01405,2026-02-01,True,285,2
E00037,C0035,P0351,F01405,2026-03-01,True,430,17
E00037,C0035,P0351,F01405,2026-04-01,True,702,3
E00037,C0035,P0351,F01405,2026-05-01,True,189,18
E00037,C0035,P0351,F01405,2026-06-01,True,314,16
E00038,C0039,P0499,F01426,2025-07-01,True,115,25
E00038,C0039,P0499,F02005,2025-08-01,True,106,12
E00038,C0039,P0499,F02005,2025-09-01,True,429,7
E00038,C0039,P0499,F02005,2025-10-01,True,519,15
E00038,C0039,P0499,F02005,2025-11-01,True,489,7
E00038,C0039,P0499,F02005,2025-12-01,True,202,8
E00038,C0039,P0499,F02005,2026-01-01,True,179,22
E00038,C0039,P0499,F02005,2026-02-01,True,281,12
E00038,C0039,P0499,F02005,2026-03-01,True,654,5
E00038,C0039,P0499,F02005,2026-04-01,False,0,0
E00038,C0039,P0499,F02005,2026-05-01,True,101,5
E00038,C0039,P0499,F02005,2026-06-01,True,446,12
E00038,C0039,P0499,F02006,2025-07-01,False,0,0
E00038,C0039,P0499,F02006,2025-08-01,False,0,0
E00038,C0039,P0499,F02006,2025-09-01,False,0,0
E00038,C0039,P0499,F02006,2025-10-01,False,0,0
E00038,C0039,P0499,F02006,2025-11-01,False,0,0
E00038,C0039,P0499,F02006,2025-12-01,False,0,0
E00038,C0039,P0499,F02006,2026-01-01,False,0,0
E00038,C0039,P0499,F02006,2026-02-01,False,0,0
E00038,C0039,P0499,F02006,2026-03-01,False,0,0
E00038,C0039,P0499,F02006,2026-04-01,False,0,0
E00038,C0039,P0499,F02006,2026-05-01,False,0,0
E00038,C0039,P0499,F02006,2026-06-01,False,0,0
E00038,C0039,P0499,F02007,2025-07-01,False,0,0
E00038,C0039,P0499,F02007,2025-08-01,False,0,0
E00038,C0039,P0499,F02007,2025-09-01,True,489,10
E00038,C0039,P0499,F02007,2025-10-01,True,18,9
E00038,C0039,P0499,F02007,2025-11-01,True,714,23
E00038,C0039,P0499,F02007,2025-12-01,True,392,12
E00038,C0039,P0499,F02007,2026-01-01,True,570,23
E00038,C0039,P0499,F02007,2026-02-01,True,366,16
E00038,C0039,P0499,F02007,2026-03-01,True,231,4
E00038,C0039,P0499,F02007,2026-04-01,True,252,26
E00038,C0039,P0499,F02007,2026-05-01,True,573,4
E00038,C0039,P0499,F02007,2026-06-01,True,591,4
E00038,C0039,P0499,F02008,2025-07-01,False,0,0
E00038,C0039,P0499,F02008,2025-08-01,True,484,5
E00038,C0039,P0499,F02008,2025-09-01,True,121,29
E00038,C0039,P0499,F02008,2025-10-01,True,281,16
E00038,C0039,P0499,F02008,2025-11-01,True,378,5
E00038,C0039,P0499,F02008,2025-12-01,True,305,5
E00038,C0039,P0499,F02008,2026-01-01,True,1567,18
E00038,C0039,P0499,F02008,2026-02-01,True,373,15
E00038,C0039,P0499,F02008,2026-03-01,True,609,17
E00038,C0039,P0499,F02008,2026-04-01,True,592,16
E00038,C0039,P0499,F02008,2026-05-01,True,396,28
E00038,C0039,P0499,F02008,2026-06-01,True,415,11
E00039,C0081,P0377,F01509,2025-11-01,False,0,0
E00039,C0081,P0377,F01509,2025-12-01,True,418,13
E00039,C0081,P0377,F01509,2026-01-01,True,74,5
E00039,C0081,P0377,F01509,2026-02-01,True,338,2
E00039,C0081,P0377,F01509,2026-03-01,True,372,12
E00039,C0081,P0377,F01509,2026-04-01,True,112,6
E00039,C0081,P0377,F01509,2026-05-01,True,864,15
E00039,C0081,P0377,F01509,2026-06-01,True,527,22
E00039,C0081,P0377,F01509,2026-07-01,True,181,4
E00039,C0081,P0377,F01509,2026-08-01,False,0,0
E00039,C0081,P0377,F01510,2025-11-01,False,0,0
E00039,C0081,P0377,F01510,2025-12-01,False,0,0
E00039,C0081,P0377,F01510,2026-01-01,False,0,0
E00039,C0081,P0377,F01510,2026-02-01,False,0,0
E00039,C0081,P0377,F01510,2026-03-01,False,0,0
E00039,C0081,P0377,F01510,2026-04-01,False,0,0
E00039,C0081,P0377,F01510,2026-05-01,False,0,0
E00039,C0081,P0377,F01510,2026-06-01,False,0,0
E00039,C0081,P0377,F01510,2026-07-01,False,0,0
E00039,C0081,P0377,F01510,2026-08-01,False,0,0
E00039,C0081,P0377,F01511,2025-11-01,False,0,0
E00039,C0081,P0377,F01511,2025-12-01,False,0,0
E00039,C0081,P0377,F01511,2026-01-01,False,0,0
E00039,C0081,P0377,F01511,2026-02-01,False,0,0
E00039,C0081,P0377,F01511,2026-03-01,False,0,0
E00039,C0081,P0377,F01511,2026-04-01,False,0,0
E00039,C0081,P0377,F01511,2026-05-01,False,0,0
E00039,C0081,P0377,F01511,2026-06-01,False,0,0
E00039,C0081,P0377,F01511,2026-07-01,False,0,0
E00039,C0081,P0377,F01511,2026-08-01,False,0,0
E00039,C0081,P0377,F01512,2025-11-01,False,0,0
E00039,C0081,P0377,F01512,2025-12-01,False,0,0
E00039,C0081,P0377,F01512,2026-01-01,False,0,0
E00039,C0081,P0377,F01512,2026-02-01,False,0,0
E00039,C0081,P0377,F01512,2026-03-01,True,724,10
E00039,C0081,P0377,F01512,2026-04-01,True,176,3
E00039,C0081,P0377,F01512,2026-05-01,True,421,9
E00039,C0081,P0377,F00413,2026-06-01,True,274,1
E00039,C0081,P0377,F01512,2026-07-01,True,997,3
E00039,C0081,P0377,F01512,2026-08-01,False,0,0
E00039,C0081,P0377,F01513,2025-11-01,False,0,0
E00039,C0081,P0377,F01056,2025-12-01,True,0,0
E00039,C0081,P0377,F01513,2026-01-01,False,0,0
E00039,C0081,P0377,F01513,2026-02-01,False,0,0
E00039,C0081,P0377,F01513,2026-03-01,False,0,0
E00039,C0081,P0377,F01513,2026-04-01,True,296,8
E00039,C0081,P0377,F01513,2026-05-01,True,560,3
E00039,C0081,P0377,F01513,2026-06-01,True,514,12
E00039,C0081,P0377,F01513,2026-07-01,True,208,14
E00039,C0081,P0377,F01513,2026-08-01,True,372,32
E00040,C0093,P0477,F01912,2025-08-01,True,315,5
E00040,C0093,P0477,F01912,2025-09-01,True,517,8
E00040,C0093,P0477,F01912,2025-10-01,True,366,4
E00040,C0093,P0477,F01912,2025-11-01,True,566,7
E00040,C0093,P0477,F01912,2025-12-01,True,447,37
E00040,C0093,P0477,F01912,2026-01-01,True,300,17
E00040,C0093,P0477,F01912,2026-02-01,True,317,6
E00040,C0093,P0477,F01912,2026-03-01,True,884,2
E00040,C0093,P0477,F01912,2026-04-01,True,733,2
E00040,C0093,P0477,F01912,2026-05-01,True,683,11
E00040,C0093,P0477,F01912,2026-06-01,True,156,8
E00040,C0093,P0477,F01912,2026-07-01,True,598,35
E00040,C0093,P0477,F01913,2025-08-01,False,0,0
E00040,C0093,P0477,F01913,2025-09-01,False,0,0
E00040,C0093,P0477,F01913,2025-10-01,False,0,0
E00040,C0093,P0477,F01913,2025-11-01,False,0,0
E00040,C0093,P0477,F01913,2025-12-01,False,0,0
E00040,C0093,P0477,F01913,2026-01-01,False,0,0
E00040,C0093,P0477,F01913,2026-02-01,False,0,0
E00040,C0093,P0477,F01913,2026-03-01,False,0,0
E00040,C0093,P0477,F01913,2026-04-01,False,0,0
E00040,C0093,P0477,F01913,2026-05-01,False,0,0
E00040,C0093,P0477,F01913,2026-06-01,False,0,0
E00040,C0093,P0477,F01913,2026-07-01,False,0,0
E00040,C0093,P0477,F01914,2025-08-01,False,0,0
E00040,C0093,P0477,F01914,2025-09-01,False,0,0
E00040,C0093,P0477,F01914,2025-10-01,False,0,0
E00040,C0093,P0477,F01914,2025-11-01,False,0,0
E00040,C0093,P0477,F01914,2025-12-01,False,0,0
E00040,C0093,P0477,F01914,2026-01-01,False,0,0
E00040,C0093,P0477,F01914,2026-02-01,False,0,0
E00040,C0093,P0477,F01914,2026-03-01,False,0,0
E00040,C0093,P0477,F01914,2026-04-01,False,0,0
E00040,C0093,P0477,F01914,2026-05-01,False,0,0
E00040,C0093,P0477,F01914,2026-06-01,False,0,0
E00040,C0093,P0477,F01914,2026-07-01,False,0,0
E00040,C0093,P0477,F01915,2025-08-01,False,0,0
E00040,C0093,P0477,F01915,2025-09-01,False,0,0
E00040,C0093,P0477,F01915,2025-10-01,False,0,0
E00040,C0093,P0477,F01915,2025-11-01,False,0,0
E00040,C0093,P0477,F01915,2025-12-01,False,0,0
E00040,C0093,P0477,F01915,2026-01-01,False,0,0
E00040,C0093,P0477,F01915,2026-02-01,False,0,0
E00040,C0093,P0477,F00793,2026-03-01,True,0,0
E00040,C0093,P0477,F01915,2026-04-01,False,0,0
E00040,C0093,P0477,F01915,2026-05-01,False,0,0
E00040,C0093,P0477,F01915,2026-06-01,False,0,0
E00040,C0093,P0477,F01915,2026-07-01,False,0,0
E00041,C0082,P0259,F01032,2025-06-01,True,77,5
E00041,C0082,P0259,F01032,2025-07-01,True,103,9
E00041,C0082,P0259,F01032,2025-08-01,True,695,3
E00041,C0082,P0259,F01032,2025-09-01,True,363,19
E00041,C0082,P0259,F01032,2025-10-01,True,259,12
E00041,C0082,P0259,F01032,2025-11-01,True,841,4
E00041,C0082,P0259,F01032,2025-12-01,True,57,13
E00041,C0082,P0259,F01032,2026-01-01,True,474,7
E00041,C0082,P0259,F01032,2026-02-01,True,206,11
E00041,C0082,P0259,F01032,2026-03-01,True,136,4
E00041,C0082,P0259,F01032,2026-04-01,True,595,4
E00041,C0082,P0259,F01033,2025-06-01,False,0,0
E00041,C0082,P0259,F01033,2025-07-01,False,0,0
E00041,C0082,P0259,F01033,2025-08-01,False,0,0
E00041,C0082,P0259,F01033,2025-09-01,False,0,0
E00041,C0082,P0259,F01033,2025-10-01,False,0,0
E00041,C0082,P0259,F01033,2025-11-01,False,0,0
E00041,C0082,P0259,F01033,2025-12-01,False,0,0
E00041,C0082,P0259,F01033,2026-01-01,False,0,0
E00041,C0082,P0259,F01033,2026-02-01,False,0,0
E00041,C0082,P0259,F01033,2026-03-01,False,0,0
E00041,C0082,P0259,F01033,2026-04-01,False,0,0
E00041,C0082,P0259,F01034,2025-06-01,False,0,0
E00041,C0082,P0259,F01034,2025-07-01,False,0,0
E00041,C0082,P0259,F01034,2025-08-01,False,0,0
E00041,C0082,P0259,F01034,2025-09-01,False,0,0
E00041,C0082,P0259,F01034,2025-10-01,False,0,0
E00041,C0082,P0259,F01861,2025-11-01,True,0,0
E00041,C0082,P0259,F01830,2025-12-01,True,0,0
E00041,C0082,P0259,F01034,2026-01-01,False,0,0
E00041,C0082,P0259,F01034,2026-02-01,False,0,0
E00041,C0082,P0259,F01034,2026-03-01,False,0,0
E00041,C0082,P0259,F01034,2026-04-01,False,0,0
E00041,C0082,P0259,F01035,2025-06-01,False,0,0
E00041,C0082,P0259,F01035,2025-07-01,False,0,0
E00041,C0082,P0259,F01035,2025-08-01,False,0,0
E00041,C0082,P0259,F01035,2025-09-01,False,0,0
E00041,C0082,P0259,F01035,2025-10-01,False,0,0
E00041,C0082,P0259,F01035,2025-11-01,False,0,0
E00041,C0082,P0259,F01035,2025-12-01,False,0,0
E00041,C0082,P0259,F01035,2026-01-01,False,0,0
E00041,C0082,P0259,F01035,2026-02-01,False,0,0
E00041,C0082,P0259,F01035,2026-03-01,False,0,0
E00041,C0082,P0259,F01035,2026-04-01,False,0,0
E00042,C0011,P0457,F01832,2025-06-01,False,0,0
E00042,C0011,P0457,F01832,2025-07-01,True,62,6
E00042,C0011,P0457,F01832,2025-08-01,True,249,15
E00042,C0011,P0457,F01832,2025-09-01,True,221,26
E00042,C0011,P0457,F01832,2025-10-01,True,391,5
E00042,C0011,P0457,F01832,2025-11-01,True,498,26
E00042,C0011,P0457,F01832,2025-12-01,True,584,3
E00042,C0011,P0457,F01832,2026-01-01,True,268,13
E00042,C0011,P0457,F01832,2026-02-01,True,567,9
E00042,C0011,P0457,F01832,2026-03-01,True,282,32
E00042,C0011,P0457,F01832,2026-04-01,True,590,14
E00042,C0011,P0457,F01832,2026-05-01,True,229,4
E00042,C0011,P0457,F01833,2025-06-01,False,0,0
E00042,C0011,P0457,F01833,2025-07-01,False,0,0
E00042,C0011,P0457,F01833,2025-08-01,False,0,0
E00042,C0011,P0457,F01833,2025-09-01,False,0,0
E00042,C0011,P0457,F01833,2025-10-01,False,0,0
E00042,C0011,P0457,F01833,2025-11-01,True,506,18
E00042,C0011,P0457,F01833,2025-12-01,True,365,17
E00042,C0011,P0457,F01833,2026-01-01,True,601,19
E00042,C0011,P0457,F01833,2026-02-01,True,82,8
E00042,C0011,P0457,F01833,2026-03-01,True,528,11
E00042,C0011,P0457,F01833,2026-04-01,True,603,14
E00042,C0011,P0457,F01833,2026-05-01,True,32,22
E00042,C0011,P0457,F01834,2025-06-01,False,0,0
E00042,C0011,P0457,F01834,2025-07-01,False,0,0
E00042,C0011,P0457,F01834,2025-08-01,False,0,0
E00042,C0011,P0457,F01834,2025-09-01,False,0,0
E00042,C0011,P0457,F01834,2025-10-01,False,0,0
E00042,C0011,P0457,F01834,2025-11-01,False,0,0
E00042,C0011,P0457,F01834,2025-12-01,False,0,0
E00042,C0011,P0457,F01834,2026-01-01,False,0,0
E00042,C0011,P0457,F01834,2026-02-01,False,0,0
E00042,C0011,P0457,F01834,2026-03-01,False,0,0
E00042,C0011,P0457,F01834,2026-04-01,False,0,0
E00042,C0011,P0457,F01834,2026-05-01,False,0,0
E00043,C0043,P0477,F01912,2025-06-01,True,246,5
E00043,C0043,P0477,F01912,2025-07-01,True,757,16
E00043,C0043,P0477,F00329,2025-08-01,True,829,13
E00043,C0043,P0477,F01912,2025-09-01,True,271,12
E00043,C0043,P0477,F01912,2025-10-01,True,145,3
E00043,C0043,P0477,F01912,2025-11-01,True,215,28
E00043,C0043,P0477,F01912,2025-12-01,True,234,2
E00043,C0043,P0477,F01912,2026-01-01,True,324,7
E00043,C0043,P0477,F01912,2026-02-01,True,784,26
E00043,C0043,P0477,F01912,2026-03-01,True,261,13
E00043,C0043,P0477,F01913,2025-06-01,False,0,0
E00043,C0043,P0477,F01913,2025-07-01,False,0,0
E00043,C0043,P0477,F01913,2025-08-01,False,0,0
E00043,C0043,P0477,F01913,2025-09-01,False,0,0
E00043,C0043,P0477,F01913,2025-10-01,False,0,0
E00043,C0043,P0477,F01913,2025-11-01,False,0,0
E00043,C0043,P0477,F01913,2025-12-01,False,0,0
E00043,C0043,P0477,F01913,2026-01-01,False,0,0
E00043,C0043,P0477,F01913,2026-02-01,False,0,0
E00043,C0043,P0477,F01913,2026-03-01,False,0,0
E00043,C0043,P0477,F01914,2025-06-01,False,0,0
E00043,C0043,P0477,F01914,2025-07-01,False,0,0
E00043,C0043,P0477,F01914,2025-08-01,False,0,0
E00043,C0043,P0477,F01914,2025-09-01,False,0,0
E00043,C0043,P0477,F01914,2025-10-01,False,0,0
E00043,C0043,P0477,F01914,2025-11-01,False,0,0
E00043,C0043,P0477,F01914,2025-12-01,False,0,0
E00043,C0043,P0477,F01914,2026-01-01,True,473,10
E00043,C0043,P0477,F01914,2026-02-01,True,305,5
E00043,C0043,P0477,F01914,2026-03-01,True,52,5
E00043,C0043,P0477,F01915,2025-06-01,False,0,0
E00043,C0043,P0477,F01915,2025-07-01,False,0,0
E00043,C0043,P0477,F01915,2025-08-01,False,0,0
E00043,C0043,P0477,F01915,2025-09-01,False,0,0
E00043,C0043,P0477,F01915,2025-10-01,False,0,0
E00043,C0043,P0477,F01915,2025-11-01,True,343,3
E00043,C0043,P0477,F01915,2025-12-01,True,428,11
E00043,C0043,P0477,F01915,2026-01-01,True,232,9
E00043,C0043,P0477,F01915,2026-02-01,True,107,18
E00043,C0043,P0477,F01915,2026-03-01,True,648,4
E00044,C0051,P0272,F01083,2025-06-01,False,0,0
E00044,C0051,P0272,F01083,2025-07-01,False,0,0
E00044,C0051,P0272,F01083,2025-08-01,True,131,5
E00044,C0051,P0272,F01083,2025-09-01,True,546,13
E00044,C0051,P0272,F01083,2025-10-01,False,0,0
E00044,C0051,P0272,F01083,2025-11-01,True,751,23
E00044,C0051,P0272,F01083,2025-12-01,True,81,15
E00044,C0051,P0272,F01083,2026-01-01,True,787,8
E00044,C0051,P0272,F01084,2025-06-01,False,0,0
E00044,C0051,P0272,F01084,2025-07-01,False,0,0
E00044,C0051,P0272,F01084,2025-08-01,False,0,0
E00044,C0051,P0272,F01084,2025-09-01,True,360,9
E00044,C0051,P0272,F01084,2025-10-01,True,330,18
E00044,C0051,P0272,F01084,2025-11-01,True,1121,25
E00044,C0051,P0272,F01084,2025-12-01,True,241,13
E00044,C0051,P0272,F01084,2026-01-01,True,186,6
E00044,C0051,P0272,F01085,2025-06-01,False,0,0
E00044,C0051,P0272,F01085,2025-07-01,False,0,0
E00044,C0051,P0272,F01085,2025-08-01,False,0,0
E00044,C0051,P0272,F01085,2025-09-01,False,0,0
E00044,C0051,P0272,F01085,2025-10-01,False,0,0
E00044,C0051,P0272,F01085,2025-11-01,False,0,0
E00044,C0051,P0272,F01085,2025-12-01,False,0,0
E00044,C0051,P0272,F01085,2026-01-01,False,0,0
E00044,C0051,P0272,F01086,2025-06-01,False,0,0
E00044,C0051,P0272,F01086,2025-07-01,False,0,0
E00044,C0051,P0272,F01086,2025-08-01,False,0,0
E00044,C0051,P0272,F01086,2025-09-01,False,0,0
E00044,C0051,P0272,F01086,2025-10-01,False,0,0
E00044,C0051,P0272,F01086,2025-11-01,False,0,0
E00044,C0051,P0272,F01086,2025-12-01,True,347,6
E00044,C0051,P0272,F01086,2026-01-01,True,225,12
E00045,C0053,P0066,F00256,2025-06-01,True,527,15
E00045,C0053,P0066,F00256,2025-07-01,True,521,4
E00045,C0053,P0066,F00256,2025-08-01,True,189,11
E00045,C0053,P0066,F00256,2025-09-01,False,0,0
E00045,C0053,P0066,F00256,2025-10-01,False,0,0
E00045,C0053,P0066,F00256,2025-11-01,False,0,0
E00045,C0053,P0066,F00256,2025-12-01,False,0,0
E00045,C0053,P0066,F00257,2025-06-01,False,0,0
E00045,C0053,P0066,F00257,2025-07-01,False,0,0
E00045,C0053,P0066,F00257,2025-08-01,False,0,0
E00045,C0053,P0066,F00257,2025-09-01,False,0,0
E00045,C0053,P0066,F00257,2025-10-01,False,0,0
E00045,C0053,P0066,F00257,2025-11-01,False,0,0
E00045,C0053,P0066,F00257,2025-12-01,False,0,0
E00045,C0053,P0066,F00258,2025-06-01,False,0,0
E00045,C0053,P0066,F00258,2025-07-01,False,0,0
E00045,C0053,P0066,F00258,2025-08-01,False,0,0
E00045,C0053,P0066,F00258,2025-09-01,False,0,0
E00045,C0053,P0066,F00258,2025-10-01,False,0,0
E00045,C0053,P0066,F00258,2025-11-01,False,0,0
E00045,C0053,P0066,F00258,2025-12-01,False,0,0
E00046,C0077,P0145,F00563,2025-06-01,True,763,42
E00046,C0077,P0145,F00563,2025-07-01,True,459,17
E00046,C0077,P0145,F01083,2025-08-01,True,102,17
E00046,C0077,P0145,F00563,2025-09-01,True,1273,6
E00046,C0077,P0145,F00563,2025-10-01,True,231,19
E00046,C0077,P0145,F00563,2025-11-01,True,373,2
E00046,C0077,P0145,F00563,2025-12-01,True,243,26
E00046,C0077,P0145,F00563,2026-01-01,True,293,8
E00046,C0077,P0145,F00563,2026-02-01,True,640,13
E00046,C0077,P0145,F00563,2026-03-01,True,280,6
E00046,C0077,P0145,F00564,2025-06-01,True,2003,24
E00046,C0077,P0145,F00564,2025-07-01,True,521,15
E00046,C0077,P0145,F00564,2025-08-01,True,332,13
E00046,C0077,P0145,F00564,2025-09-01,True,305,5
E00046,C0077,P0145,F00564,2025-10-01,True,481,8
E00046,C0077,P0145,F00564,2025-11-01,True,499,16
E00046,C0077,P0145,F00564,2025-12-01,True,518,5
E00046,C0077,P0145,F00564,2026-01-01,True,260,8
E00046,C0077,P0145,F00564,2026-02-01,True,719,19
E00046,C0077,P0145,F00564,2026-03-01,True,199,4
E00046,C0077,P0145,F00565,2025-06-01,False,0,0
E00046,C0077,P0145,F00565,2025-07-01,False,0,0
E00046,C0077,P0145,F00565,2025-08-01,False,0,0
E00046,C0077,P0145,F00565,2025-09-01,False,0,0
E00046,C0077,P0145,F00565,2025-10-01,False,0,0
E00046,C0077,P0145,F00565,2025-11-01,False,0,0
E00046,C0077,P0145,F00565,2025-12-01,False,0,0
E00046,C0077,P0145,F00565,2026-01-01,False,0,0
E00046,C0077,P0145,F00565,2026-02-01,False,0,0
E00046,C0077,P0145,F00565,2026-03-01,False,0,0
E00046,C0077,P0145,F00566,2025-06-01,False,0,0
E00046,C0077,P0145,F00566,2025-07-01,False,0,0
E00046,C0077,P0145,F00566,2025-08-01,False,0,0
E00046,C0077,P0145,F00566,2025-09-01,False,0,0
E00046,C0077,P0145,F00566,2025-10-01,False,0,0
E00046,C0077,P0145,F00566,2025-11-01,False,0,0
E00046,C0077,P0145,F00566,2025-12-01,False,0,0
E00046,C0077,P0145,F00566,2026-01-01,False,0,0
E00046,C0077,P0145,F00566,2026-02-01,False,0,0
E00046,C0077,P0145,F00566,2026-03-01,False,0,0
E00047,C0038,P0085,F00330,2025-06-01,True,1577,14
E00047,C0038,P0085,F00330,2025-07-01,True,98,7
E00047,C0038,P0085,F00330,2025-08-01,True,739,37
E00047,C0038,P0085,F00330,2025-09-01,True,1196,14
E00047,C0038,P0085,F00330,2025-10-01,True,367,5
E00047,C0038,P0085,F00330,2025-11-01,True,391,5
E00047,C0038,P0085,F00330,2025-12-01,True,262,19
E00047,C0038,P0085,F00330,2026-01-01,True,303,8
E00047,C0038,P0085,F00330,2026-02-01,True,352,48
E00047,C0038,P0085,F00330,2026-03-01,True,132,13
E00047,C0038,P0085,F00331,2025-06-01,False,0,0
E00047,C0038,P0085,F00331,2025-07-01,False,0,0
E00047,C0038,P0085,F00331,2025-08-01,False,0,0
E00047,C0038,P0085,F00331,2025-09-01,False,0,0
E00047,C0038,P0085,F00331,2025-10-01,False,0,0
E00047,C0038,P0085,F00331,2025-11-01,False,0,0
E00047,C0038,P0085,F00331,2025-12-01,False,0,0
E00047,C0038,P0085,F00331,2026-01-01,False,0,0
E00047,C0038,P0085,F00331,2026-02-01,False,0,0
E00047,C0038,P0085,F00331,2026-03-01,False,0,0
E00047,C0038,P0085,F00332,2025-06-01,False,0,0
E00047,C0038,P0085,F00332,2025-07-01,False,0,0
E00047,C0038,P0085,F00332,2025-08-01,False,0,0
E00047,C0038,P0085,F00332,2025-09-01,False,0,0
E00047,C0038,P0085,F00332,2025-10-01,True,1127,10
E00047,C0038,P0085,F00332,2025-11-01,True,835,3
E00047,C0038,P0085,F00332,2025-12-01,True,311,5
E00047,C0038,P0085,F00332,2026-01-01,True,348,10
E00047,C0038,P0085,F00332,2026-02-01,True,383,19
E00047,C0038,P0085,F00332,2026-03-01,True,27,6
E00048,C0001,P0473,F01897,2025-07-01,False,0,0
E00048,C0001,P0473,F01897,2025-08-01,True,430,2
E00048,C0001,P0473,F01897,2025-09-01,True,572,6
E00048,C0001,P0473,F01897,2025-10-01,True,316,19
E00048,C0001,P0473,F01897,2025-11-01,True,861,16
E00048,C0001,P0473,F01897,2025-12-01,True,129,16
E00048,C0001,P0473,F01897,2026-01-01,True,591,14
E00048,C0001,P0473,F01897,2026-02-01,True,955,11
E00048,C0001,P0473,F01897,2026-03-01,True,930,26
E00048,C0001,P0473,F01897,2026-04-01,True,602,13
E00048,C0001,P0473,F01897,2026-05-01,True,514,30
E00048,C0001,P0473,F01897,2026-06-01,True,762,4
E00048,C0001,P0473,F01898,2025-07-01,False,0,0
E00048,C0001,P0473,F01898,2025-08-01,True,491,5
E00048,C0001,P0473,F01898,2025-09-01,True,210,8
E00048,C0001,P0473,F01898,2025-10-01,True,94,5
E00048,C0001,P0473,F01898,2025-11-01,False,0,0
E00048,C0001,P0473,F01898,2025-12-01,False,0,0
E00048,C0001,P0473,F01898,2026-01-01,True,989,6
E00048,C0001,P0473,F01255,2026-02-01,True,666,12
E00048,C0001,P0473,F01898,2026-03-01,True,547,16
E00048,C0001,P0473,F01898,2026-04-01,True,157,19
E00048,C0001,P0473,F01898,2026-05-01,True,116,6
E00048,C0001,P0473,F01898,2026-06-01,True,558,5
E00048,C0001,P0473,F01899,2025-07-01,True,44,13
E00048,C0001,P0473,F01899,2025-08-01,True,77,17
E00048,C0001,P0473,F01899,2025-09-01,True,287,13
E00048,C0001,P0473,F01899,2025-10-01,True,463,18
E00048,C0001,P0473,F01899,2025-11-01,True,569,5
E00048,C0001,P0473,F01899,2025-12-01,True,301,13
E00048,C0001,P0473,F01899,2026-01-01,True,941,16
E00048,C0001,P0473,F01899,2026-02-01,True,888,14
E00048,C0001,P0473,F01899,2026-03-01,True,772,13
E00048,C0001,P0473,F01899,2026-04-01,True,750,8
E00048,C0001,P0473,F01899,2026-05-01,True,1014,15
E00048,C0001,P0473,F01899,2026-06-01,True,95,14
E00049,C0026,P0019,F00070,2025-06-01,False,0,0
E00049,C0026,P0019,F00070,2025-07-01,True,574,19
E00049,C0026,P0019,F00070,2025-08-01,True,1248,7
E00049,C0026,P0019,F00070,2025-09-01,True,1254,11
E00049,C0026,P0019,F00070,2025-10-01,True,193,7
E00049,C0026,P0019,F00070,2025-11-01,True,550,5
E00049,C0026,P0019,F00070,2025-12-01,True,279,13
E00049,C0026,P0019,F00070,2026-01-01,True,1008,19
E00049,C0026,P0019,F00071,2025-06-01,False,0,0
E00049,C0026,P0019,F00071,2025-07-01,False,0,0
E00049,C0026,P0019,F00071,2025-08-01,False,0,0
E00049,C0026,P0019,F00071,2025-09-01,False,0,0
E00049,C0026,P0019,F00071,2025-10-01,True,379,15
E00049,C0026,P0019,F00071,2025-11-01,True,439,4
E00049,C0026,P0019,F00071,2025-12-01,True,1125,28
E00049,C0026,P0019,F00071,2026-01-01,True,346,7
E00049,C0026,P0019,F00072,2025-06-01,False,0,0
E00049,C0026,P0019,F00072,2025-07-01,False,0,0
E00049,C0026,P0019,F00072,2025-08-01,False,0,0
E00049,C0026,P0019,F00072,2025-09-01,False,0,0
E00049,C0026,P0019,F00072,2025-10-01,False,0,0
E00049,C0026,P0019,F00072,2025-11-01,False,0,0
E00049,C0026,P0019,F00072,2025-12-01,False,0,0
E00049,C0026,P0019,F00072,2026-01-01,True,130,16
E00049,C0026,P0019,F00073,2025-06-01,False,0,0
E00049,C0026,P0019,F00073,2025-07-01,False,0,0
E00049,C0026,P0019,F00073,2025-08-01,False,0,0
E00049,C0026,P0019,F00073,2025-09-01,True,576,5
E00049,C0026,P0019,F00073,2025-10-01,True,443,18
E00049,C0026,P0019,F00073,2025-11-01,True,238,9
E00049,C0026,P0019,F00073,2025-12-01,True,311,6
E00049,C0026,P0019,F00073,2026-01-01,True,318,3
E00050,C0098,P0459,F01838,2025-11-01,True,298,9
E00050,C0098,P0459,F01838,2025-12-01,True,349,15
E00050,C0098,P0459,F01838,2026-01-01,True,120,4
E00050,C0098,P0459,F01838,2026-02-01,False,0,0
E00050,C0098,P0459,F01838,2026-03-01,False,0,0
E00050,C0098,P0459,F01838,2026-04-01,False,0,0
E00050,C0098,P0459,F01838,2026-05-01,False,0,0
E00050,C0098,P0459,F01838,2026-06-01,False,0,0
E00050,C0098,P0459,F01838,2026-07-01,False,0,0
E00050,C0098,P0459,F01838,2026-08-01,False,0,0
E00050,C0098,P0459,F01839,2025-11-01,True,188,3
E00050,C0098,P0459,F01839,2025-12-01,True,562,7
E00050,C0098,P0459,F01839,2026-01-01,True,357,5
E00050,C0098,P0459,F01839,2026-02-01,False,0,0
E00050,C0098,P0459,F01839,2026-03-01,False,0,0
E00050,C0098,P0459,F01839,2026-04-01,False,0,0
E00050,C0098,P0459,F01839,2026-05-01,False,0,0
E00050,C0098,P0459,F01839,2026-06-01,False,0,0
E00050,C0098,P0459,F01839,2026-07-01,False,0,0
E00050,C0098,P0459,F01839,2026-08-01,False,0,0
E00050,C0098,P0459,F01840,2025-11-01,False,0,0
E00050,C0098,P0459,F01840,2025-12-01,False,0,0
E00050,C0098,P0459,F01840,2026-01-01,False,0,0
E00050,C0098,P0459,F01840,2026-02-01,False,0,0
E00050,C0098,P0459,F01840,2026-03-01,False,0,0
E00050,C0098,P0459,F01840,2026-04-01,False,0,0
E00050,C0098,P0459,F01840,2026-05-01,False,0,0
E00050,C0098,P0459,F01840,2026-06-01,False,0,0
E00050,C0098,P0459,F01840,2026-07-01,False,0,0
E00050,C0098,P0459,F01840,2026-08-01,False,0,0
E00050,C0098,P0459,F01841,2025-11-01,False,0,0
E00050,C0098,P0459,F01841,2025-12-01,False,0,0
E00050,C0098,P0459,F01841,2026-01-01,False,0,0
E00050,C0098,P0459,F01841,2026-02-01,False,0,0
E00050,C0098,P0459,F01841,2026-03-01,False,0,0
E00050,C0098,P0459,F01841,2026-04-01,False,0,0
E00050,C0098,P0459,F01841,2026-05-01,False,0,0
E00050,C0098,P0459,F01841,2026-06-01,False,0,0
E00050,C0098,P0459,F01841,2026-07-01,False,0,0
E00050,C0098,P0459,F01841,2026-08-01,False,0,0
E00051,C0047,P0058,F00223,2025-06-01,False,0,0
E00051,C0047,P0058,F00223,2025-07-01,True,273,13
E00051,C0047,P0058,F00223,2025-08-01,True,475,5
E00051,C0047,P0058,F00223,2025-09-01,True,344,5
E00051,C0047,P0058,F00223,2025-10-01,True,334,6
E00051,C0047,P0058,F00223,2025-11-01,True,1172,18
E00051,C0047,P0058,F00223,2025-12-01,False,0,0
E00051,C0047,P0058,F00223,2026-01-01,True,490,8
E00051,C0047,P0058,F00223,2026-02-01,True,662,10
E00051,C0047,P0058,F00223,2026-03-01,True,1094,20
E00051,C0047,P0058,F00223,2026-04-01,True,272,28
E00051,C0047,P0058,F00224,2025-06-01,False,0,0
E00051,C0047,P0058,F00224,2025-07-01,False,0,0
E00051,C0047,P0058,F00224,2025-08-01,False,0,0
E00051,C0047,P0058,F00224,2025-09-01,False,0,0
E00051,C0047,P0058,F00224,2025-10-01,False,0,0
E00051,C0047,P0058,F00224,2025-11-01,False,0,0
E00051,C0047,P0058,F00224,2025-12-01,False,0,0
E00051,C0047,P0058,F00224,2026-01-01,False,0,0
E00051,C0047,P0058,F00224,2026-02-01,True,294,34
E00051,C0047,P0058,F00224,2026-03-01,True,1049,13
E00051,C0047,P0058,F00224,2026-04-01,True,82,12
E00051,C0047,P0058,F00225,2025-06-01,False,0,0
E00051,C0047,P0058,F00225,2025-07-01,False,0,0
E00051,C0047,P0058,F00225,2025-08-01,False,0,0
E00051,C0047,P0058,F00225,2025-09-01,False,0,0
E00051,C0047,P0058,F00225,2025-10-01,False,0,0
E00051,C0047,P0058,F00225,2025-11-01,True,134,6
E00051,C0047,P0058,F00225,2025-12-01,True,233,4
E00051,C0047,P0058,F00225,2026-01-01,True,432,6
E00051,C0047,P0058,F00225,2026-02-01,False,0,0
E00051,C0047,P0058,F00225,2026-03-01,True,305,7
E00051,C0047,P0058,F00225,2026-04-01,True,521,14
E00051,C0047,P0058,F00226,2025-06-01,False,0,0
E00051,C0047,P0058,F00226,2025-07-01,False,0,0
E00051,C0047,P0058,F00226,2025-08-01,False,0,0
E00051,C0047,P0058,F00226,2025-09-01,False,0,0
E00051,C0047,P0058,F00226,2025-10-01,False,0,0
E00051,C0047,P0058,F00226,2025-11-01,False,0,0
E00051,C0047,P0058,F00226,2025-12-01,False,0,0
E00051,C0047,P0058,F00226,2026-01-01,False,0,0
E00051,C0047,P0058,F00226,2026-02-01,False,0,0
E00051,C0047,P0058,F00226,2026-03-01,False,0,0
E00051,C0047,P0058,F00226,2026-04-01,False,0,0
E00051,C0047,P0058,F00227,2025-06-01,False,0,0
E00051,C0047,P0058,F00227,2025-07-01,False,0,0
E00051,C0047,P0058,F00227,2025-08-01,False,0,0
E00051,C0047,P0058,F00227,2025-09-01,False,0,0
E00051,C0047,P0058,F00227,2025-10-01,True,286,15
E00051,C0047,P0058,F00227,2025-11-01,True,838,1
E00051,C0047,P0058,F00227,2025-12-01,True,224,5
E00051,C0047,P0058,F00227,2026-01-01,True,207,1
E00051,C0047,P0058,F00227,2026-02-01,True,33,7
E00051,C0047,P0058,F00227,2026-03-01,True,236,26
E00051,C0047,P0058,F00227,2026-04-01,True,408,15
E00052,C0001,P0093,F00361,2025-06-01,True,2994,31
E00052,C0001,P0093,F00361,2025-07-01,True,353,8
E00052,C0001,P0093,F00361,2025-08-01,True,227,13
E00052,C0001,P0093,F00361,2025-09-01,True,260,4
E00052,C0001,P0093,F00361,2025-10-01,True,234,14
E00052,C0001,P0093,F00361,2025-11-01,True,597,33
E00052,C0001,P0093,F00361,2025-12-01,True,395,24
E00052,C0001,P0093,F00362,2025-06-01,False,0,0
E00052,C0001,P0093,F00362,2025-07-01,False,0,0
E00052,C0001,P0093,F00362,2025-08-01,False,0,0
E00052,C0001,P0093,F00362,2025-09-01,False,0,0
E00052,C0001,P0093,F00362,2025-10-01,True,314,10
E00052,C0001,P0093,F00362,2025-11-01,True,334,12
E00052,C0001,P0093,F00362,2025-12-01,True,673,7
E00052,C0001,P0093,F00363,2025-06-01,True,167,20
E00052,C0001,P0093,F00363,2025-07-01,True,676,27
E00052,C0001,P0093,F00363,2025-08-01,True,220,9
E00052,C0001,P0093,F00363,2025-09-01,True,728,7
E00052,C0001,P0093,F00363,2025-10-01,True,580,9
E00052,C0001,P0093,F00363,2025-11-01,True,466,4
E00052,C0001,P0093,F00363,2025-12-01,True,391,23
E00053,C0045,P0498,F02001,2025-06-01,True,634,5
E00053,C0045,P0498,F02001,2025-07-01,True,1120,22
E00053,C0045,P0498,F02001,2025-08-01,True,133,7
E00053,C0045,P0498,F02001,2025-09-01,True,141,13
E00053,C0045,P0498,F02001,2025-10-01,True,227,2
E00053,C0045,P0498,F02001,2025-11-01,True,347,19
E00053,C0045,P0498,F02001,2025-12-01,True,397,15
E00053,C0045,P0498,F02001,2026-01-01,True,426,17
E00053,C0045,P0498,F02001,2026-02-01,True,454,10
E00053,C0045,P0498,F02001,2026-03-01,True,393,27
E00053,C0045,P0498,F02002,2025-06-01,True,565,5
E00053,C0045,P0498,F02002,2025-07-01,True,389,13
E00053,C0045,P0498,F02002,2025-08-01,True,324,2
E00053,C0045,P0498,F02002,2025-09-01,True,172,8
E00053,C0045,P0498,F02002,2025-10-01,True,1206,15
E00053,C0045,P0498,F02002,2025-11-01,True,79,10
E00053,C0045,P0498,F02002,2025-12-01,True,886,7
E00053,C0045,P0498,F02002,2026-01-01,True,747,3
E00053,C0045,P0498,F02002,2026-02-01,True,7,23
E00053,C0045,P0498,F02002,2026-03-01,True,250,8
E00053,C0045,P0498,F02003,2025-06-01,True,423,14
E00053,C0045,P0498,F02003,2025-07-01,True,16,6
E00053,C0045,P0498,F02003,2025-08-01,True,383,14
E00053,C0045,P0498,F02003,2025-09-01,True,155,9
E00053,C0045,P0498,F02003,2025-10-01,True,224,12
E00053,C0045,P0498,F02003,2025-11-01,True,804,8
E00053,C0045,P0498,F02003,2025-12-01,True,98,6
E00053,C0045,P0498,F02003,2026-01-01,True,1113,5
E00053,C0045,P0498,F02003,2026-02-01,True,120,8
E00053,C0045,P0498,F02003,2026-03-01,True,340,7
E00053,C0045,P0498,F02004,2025-06-01,False,0,0
E00053,C0045,P0498,F02004,2025-07-01,False,0,0
E00053,C0045,P0498,F02004,2025-08-01,False,0,0
E00053,C0045,P0498,F00339,2025-09-01,True,0,0
E00053,C0045,P0498,F02004,2025-10-01,False,0,0
E00053,C0045,P0498,F02004,2025-11-01,False,0,0
E00053,C0045,P0498,F02004,2025-12-01,False,0,0
E00053,C0045,P0498,F02004,2026-01-01,False,0,0
E00053,C0045,P0498,F02004,2026-02-01,False,0,0
E00053,C0045,P0498,F02004,2026-03-01,False,0,0
E00054,C0052,P0040,F00151,2025-09-01,True,82,13
E00054,C0052,P0040,F00151,2025-10-01,True,434,17
E00054,C0052,P0040,F00151,2025-11-01,True,427,29
E00054,C0052,P0040,F00151,2025-12-01,True,633,15
E00054,C0052,P0040,F00151,2026-01-01,True,824,12
E00054,C0052,P0040,F00151,2026-02-01,True,316,13
E00054,C0052,P0040,F00151,2026-03-01,True,44,12
E00054,C0052,P0040,F00151,2026-04-01,True,340,14
E00054,C0052,P0040,F00151,2026-05-01,True,749,16
E00054,C0052,P0040,F00151,2026-06-01,True,200,19
E00054,C0052,P0040,F00151,2026-07-01,True,1063,21
E00054,C0052,P0040,F00151,2026-08-01,False,0,0
E00054,C0052,P0040,F00152,2025-09-01,True,108,16
E00054,C0052,P0040,F00152,2025-10-01,True,125,8
E00054,C0052,P0040,F00152,2025-11-01,True,488,13
E00054,C0052,P0040,F00152,2025-12-01,True,752,30
E00054,C0052,P0040,F00152,2026-01-01,True,524,8
E00054,C0052,P0040,F00152,2026-02-01,True,47,25
E00054,C0052,P0040,F00152,2026-03-01,True,341,10
E00054,C0052,P0040,F00152,2026-04-01,True,378,14
E00054,C0052,P0040,F00152,2026-05-01,True,518,9
E00054,C0052,P0040,F00152,2026-06-01,True,339,7
E00054,C0052,P0040,F00152,2026-07-01,True,200,6
E00054,C0052,P0040,F00152,2026-08-01,False,0,0
E00054,C0052,P0040,F00153,2025-09-01,False,0,0
E00054,C0052,P0040,F00153,2025-10-01,False,0,0
E00054,C0052,P0040,F00153,2025-11-01,False,0,0
E00054,C0052,P0040,F00153,2025-12-01,False,0,0
E00054,C0052,P0040,F00153,2026-01-01,False,0,0
E00054,C0052,P0040,F01492,2026-02-01,True,336,5
E00054,C0052,P0040,F00153,2026-03-01,True,5,8
E00054,C0052,P0040,F00153,2026-04-01,True,115,11
E00054,C0052,P0040,F00153,2026-05-01,True,219,14
E00054,C0052,P0040,F00153,2026-06-01,True,126,2
E00054,C0052,P0040,F00153,2026-07-01,True,339,8
E00054,C0052,P0040,F00153,2026-08-01,False,0,0
E00054,C0052,P0040,F00154,2025-09-01,False,0,0
E00054,C0052,P0040,F00154,2025-10-01,False,0,0
E00054,C0052,P0040,F00154,2025-11-01,False,0,0
E00054,C0052,P0040,F00154,2025-12-01,False,0,0
E00054,C0052,P0040,F00154,2026-01-01,False,0,0
E00054,C0052,P0040,F00154,2026-02-01,False,0,0
E00054,C0052,P0040,F00154,2026-03-01,False,0,0
E00054,C0052,P0040,F00154,2026-04-01,True,105,18
E00054,C0052,P0040,F00154,2026-05-01,True,149,6
E00054,C0052,P0040,F00154,2026-06-01,True,719,15
E00054,C0052,P0040,F00154,2026-07-01,True,134,8
E00054,C0052,P0040,F00154,2026-08-01,False,0,0
E00055,C0031,P0014,F00048,2025-10-01,False,0,0
E00055,C0031,P0014,F00048,2025-11-01,False,0,0
E00055,C0031,P0014,F00048,2025-12-01,False,0,0
E00055,C0031,P0014,F00048,2026-01-01,False,0,0
E00055,C0031,P0014,F00048,2026-02-01,False,0,0
E00055,C0031,P0014,F00048,2026-03-01,False,0,0
E00055,C0031,P0014,F00048,2026-04-01,False,0,0
E00055,C0031,P0014,F00048,2026-05-01,False,0,0
E00055,C0031,P0014,F00048,2026-06-01,False,0,0
E00055,C0031,P0014,F00048,2026-07-01,False,0,0
E00055,C0031,P0014,F00048,2026-08-01,False,0,0
E00055,C0031,P0014,F00049,2025-10-01,False,0,0
E00055,C0031,P0014,F00049,2025-11-01,False,0,0
E00055,C0031,P0014,F00049,2025-12-01,False,0,0
E00055,C0031,P0014,F00049,2026-01-01,False,0,0
E00055,C0031,P0014,F00049,2026-02-01,False,0,0
E00055,C0031,P0014,F00049,2026-03-01,False,0,0
E00055,C0031,P0014,F00049,2026-04-01,False,0,0
E00055,C0031,P0014,F00049,2026-05-01,False,0,0
E00055,C0031,P0014,F00049,2026-06-01,False,0,0
E00055,C0031,P0014,F00049,2026-07-01,False,0,0
E00055,C0031,P0014,F00049,2026-08-01,False,0,0
E00055,C0031,P0014,F00050,2025-10-01,False,0,0
E00055,C0031,P0014,F00050,2025-11-01,False,0,0
E00055,C0031,P0014,F00050,2025-12-01,False,0,0
E00055,C0031,P0014,F00050,2026-01-01,False,0,0
E00055,C0031,P0014,F00050,2026-02-01,False,0,0
E00055,C0031,P0014,F00050,2026-03-01,False,0,0
E00055,C0031,P0014,F00050,2026-04-01,False,0,0
E00055,C0031,P0014,F00050,2026-05-01,False,0,0
E00055,C0031,P0014,F00050,2026-06-01,False,0,0
E00055,C0031,P0014,F00050,2026-07-01,False,0,0
E00055,C0031,P0014,F00050,2026-08-01,False,0,0
E00055,C0031,P0014,F00051,2025-10-01,False,0,0
E00055,C0031,P0014,F00051,2025-11-01,False,0,0
E00055,C0031,P0014,F00051,2025-12-01,False,0,0
E00055,C0031,P0014,F00051,2026-01-01,False,0,0
E00055,C0031,P0014,F00051,2026-02-01,False,0,0
E00055,C0031,P0014,F01655,2026-03-01,True,0,0
E00055,C0031,P0014,F00051,2026-04-01,False,0,0
E00055,C0031,P0014,F00051,2026-05-01,False,0,0
E00055,C0031,P0014,F00051,2026-06-01,False,0,0
E00055,C0031,P0014,F00051,2026-07-01,False,0,0
E00055,C0031,P0014,F00051,2026-08-01,False,0,0
E00055,C0031,P0014,F00052,2025-10-01,False,0,0
E00055,C0031,P0014,F00052,2025-11-01,False,0,0
E00055,C0031,P0014,F00052,2025-12-01,False,0,0
E00055,C0031,P0014,F00052,2026-01-01,False,0,0
E00055,C0031,P0014,F00052,2026-02-01,False,0,0
E00055,C0031,P0014,F00052,2026-03-01,False,0,0
E00055,C0031,P0014,F01115,2026-04-01,True,0,0
E00055,C0031,P0014,F00052,2026-05-01,False,0,0
E00055,C0031,P0014,F00052,2026-06-01,False,0,0
E00055,C0031,P0014,F00052,2026-07-01,False,0,0
E00055,C0031,P0014,F00052,2026-08-01,False,0,0
E00056,C0045,P0303,F01209,2025-10-01,True,120,19
E00056,C0045,P0303,F01209,2025-11-01,True,683,32
E00056,C0045,P0303,F01209,2025-12-01,True,1471,6
E00056,C0045,P0303,F01209,2026-01-01,True,608,2
E00056,C0045,P0303,F01209,2026-02-01,True,421,14
E00056,C0045,P0303,F00566,2026-03-01,True,157,6
E00056,C0045,P0303,F01209,2026-04-01,True,686,14
E00056,C0045,P0303,F01209,2026-05-01,True,1073,28
E00056,C0045,P0303,F01209,2026-06-01,True,68,7
E00056,C0045,P0303,F01209,2026-07-01,True,141,18
E00056,C0045,P0303,F01209,2026-08-01,False,0,0
E00056,C0045,P0303,F01210,2025-10-01,False,0,0
E00056,C0045,P0303,F01210,2025-11-01,False,0,0
E00056,C0045,P0303,F01210,2025-12-01,False,0,0
E00056,C0045,P0303,F01210,2026-01-01,False,0,0
E00056,C0045,P0303,F01210,2026-02-01,False,0,0
E00056,C0045,P0303,F01210,2026-03-01,False,0,0
E00056,C0045,P0303,F01210,2026-04-01,False,0,0
E00056,C0045,P0303,F01210,2026-05-01,False,0,0
E00056,C0045,P0303,F01210,2026-06-01,False,0,0
E00056,C0045,P0303,F01210,2026-07-01,False,0,0
E00056,C0045,P0303,F01210,2026-08-01,False,0,0
E00056,C0045,P0303,F01211,2025-10-01,False,0,0
E00056,C0045,P0303,F01211,2025-11-01,False,0,0
E00056,C0045,P0303,F01211,2025-12-01,False,0,0
E00056,C0045,P0303,F01211,2026-01-01,False,0,0
E00056,C0045,P0303,F01211,2026-02-01,False,0,0
E00056,C0045,P0303,F01211,2026-03-01,False,0,0
E00056,C0045,P0303,F01211,2026-04-01,False,0,0
E00056,C0045,P0303,F01211,2026-05-01,False,0,0
E00056,C0045,P0303,F01211,2026-06-01,False,0,0
E00056,C0045,P0303,F01211,2026-07-01,False,0,0
E00056,C0045,P0303,F01211,2026-08-01,False,0,0
E00056,C0045,P0303,F01212,2025-10-01,False,0,0
E00056,C0045,P0303,F01212,2025-11-01,False,0,0
E00056,C0045,P0303,F01212,2025-12-01,False,0,0
E00056,C0045,P0303,F01212,2026-01-01,False,0,0
E00056,C0045,P0303,F01212,2026-02-01,False,0,0
E00056,C0045,P0303,F01212,2026-03-01,False,0,0
E00056,C0045,P0303,F01212,2026-04-01,False,0,0
E00056,C0045,P0303,F01212,2026-05-01,False,0,0
E00056,C0045,P0303,F01212,2026-06-01,False,0,0
E00056,C0045,P0303,F01212,2026-07-01,False,0,0
E00056,C0045,P0303,F01212,2026-08-01,False,0,0
E00057,C0098,P0426,F01700,2025-06-01,True,453,5
E00057,C0098,P0426,F01700,2025-07-01,True,174,24
E00057,C0098,P0426,F01700,2025-08-01,True,260,2
E00057,C0098,P0426,F01700,2025-09-01,False,0,0
E00057,C0098,P0426,F01700,2025-10-01,False,0,0
E00057,C0098,P0426,F01700,2025-11-01,False,0,0
E00057,C0098,P0426,F01700,2025-12-01,False,0,0
E00057,C0098,P0426,F01700,2026-01-01,False,0,0
E00057,C0098,P0426,F01701,2025-06-01,False,0,0
E00057,C0098,P0426,F01701,2025-07-01,False,0,0
E00057,C0098,P0426,F01701,2025-08-01,False,0,0
E00057,C0098,P0426,F01701,2025-09-01,False,0,0
E00057,C0098,P0426,F01701,2025-10-01,False,0,0
E00057,C0098,P0426,F01701,2025-11-01,False,0,0
E00057,C0098,P0426,F01701,2025-12-01,False,0,0
E00057,C0098,P0426,F01701,2026-01-01,False,0,0
E00057,C0098,P0426,F01702,2025-06-01,False,0,0
E00057,C0098,P0426,F01702,2025-07-01,False,0,0
E00057,C0098,P0426,F01702,2025-08-01,False,0,0
E00057,C0098,P0426,F01702,2025-09-01,False,0,0
E00057,C0098,P0426,F01702,2025-10-01,False,0,0
E00057,C0098,P0426,F01702,2025-11-01,False,0,0
E00057,C0098,P0426,F01702,2025-12-01,False,0,0
E00057,C0098,P0426,F01702,2026-01-01,False,0,0
E00058,C0084,P0023,F00085,2025-06-01,False,0,0
E00058,C0084,P0023,F00085,2025-07-01,True,138,34
E00058,C0084,P0023,F00085,2025-08-01,True,733,4
E00058,C0084,P0023,F00085,2025-09-01,True,421,20
E00058,C0084,P0023,F00085,2025-10-01,True,67,21
E00058,C0084,P0023,F00085,2025-11-01,True,506,6
E00058,C0084,P0023,F00712,2025-12-01,True,566,13
E00058,C0084,P0023,F00085,2026-01-01,True,481,12
E00058,C0084,P0023,F00085,2026-02-01,True,169,6
E00058,C0084,P0023,F00085,2026-03-01,False,0,0
E00058,C0084,P0023,F00086,2025-06-01,False,0,0
E00058,C0084,P0023,F00086,2025-07-01,False,0,0
E00058,C0084,P0023,F00086,2025-08-01,False,0,0
E00058,C0084,P0023,F00086,2025-09-01,False,0,0
E00058,C0084,P0023,F00086,2025-10-01,False,0,0
E00058,C0084,P0023,F00086,2025-11-01,False,0,0
E00058,C0084,P0023,F00086,2025-12-01,True,303,11
E00058,C0084,P0023,F00086,2026-01-01,True,589,34
E00058,C0084,P0023,F00086,2026-02-01,True,436,16
E00058,C0084,P0023,F00086,2026-03-01,True,678,17
E00058,C0084,P0023,F00087,2025-06-01,False,0,0
E00058,C0084,P0023,F00087,2025-07-01,False,0,0
E00058,C0084,P0023,F00087,2025-08-01,False,0,0
E00058,C0084,P0023,F00087,2025-09-01,False,0,0
E00058,C0084,P0023,F00087,2025-10-01,False,0,0
E00058,C0084,P0023,F00087,2025-11-01,False,0,0
E00058,C0084,P0023,F00087,2025-12-01,False,0,0
E00058,C0084,P0023,F00087,2026-01-01,False,0,0
E00058,C0084,P0023,F00087,2026-02-01,False,0,0
E00058,C0084,P0023,F00087,2026-03-01,False,0,0
E00059,C0039,P0025,F00093,2025-11-01,True,163,25
E00059,C0039,P0025,F00093,2025-12-01,True,809,12
E00059,C0039,P0025,F00093,2026-01-01,True,172,11
E00059,C0039,P0025,F00093,2026-02-01,True,77,27
E00059,C0039,P0025,F00093,2026-03-01,True,215,8
E00059,C0039,P0025,F00093,2026-04-01,True,935,24
E00059,C0039,P0025,F00093,2026-05-01,True,471,30
E00059,C0039,P0025,F00093,2026-06-01,True,158,13
E00059,C0039,P0025,F00093,2026-07-01,True,159,22
E00059,C0039,P0025,F00093,2026-08-01,False,0,0
E00059,C0039,P0025,F00094,2025-11-01,False,0,0
E00059,C0039,P0025,F00094,2025-12-01,False,0,0
E00059,C0039,P0025,F00094,2026-01-01,False,0,0
E00059,C0039,P0025,F00094,2026-02-01,False,0,0
E00059,C0039,P0025,F00094,2026-03-01,False,0,0
E00059,C0039,P0025,F00094,2026-04-01,False,0,0
E00059,C0039,P0025,F00094,2026-05-01,False,0,0
E00059,C0039,P0025,F00094,2026-06-01,True,758,31
E00059,C0039,P0025,F00094,2026-07-01,True,366,37
E00059,C0039,P0025,F00094,2026-08-01,False,0,0
E00059,C0039,P0025,F00095,2025-11-01,False,0,0
E00059,C0039,P0025,F00095,2025-12-01,False,0,0
E00059,C0039,P0025,F00095,2026-01-01,False,0,0
E00059,C0039,P0025,F00095,2026-02-01,False,0,0
E00059,C0039,P0025,F00095,2026-03-01,True,147,10
E00059,C0039,P0025,F00095,2026-04-01,True,152,12
E00059,C0039,P0025,F00095,2026-05-01,True,165,22
E00059,C0039,P0025,F00095,2026-06-01,True,518,4
E00059,C0039,P0025,F00095,2026-07-01,True,658,29
E00059,C0039,P0025,F00095,2026-08-01,False,0,0
E00059,C0039,P0025,F00096,2025-11-01,False,0,0
E00059,C0039,P0025,F00096,2025-12-01,True,555,3
E00059,C0039,P0025,F00096,2026-01-01,False,0,0
E00059,C0039,P0025,F00096,2026-02-01,True,325,17
E00059,C0039,P0025,F00096,2026-03-01,True,301,4
E00059,C0039,P0025,F00096,2026-04-01,True,838,8
E00059,C0039,P0025,F00096,2026-05-01,True,1029,7
E00059,C0039,P0025,F00096,2026-06-01,True,278,7
E00059,C0039,P0025,F00096,2026-07-01,True,321,14
E00059,C0039,P0025,F00096,2026-08-01,False,0,0
E00059,C0039,P0025,F00097,2025-11-01,False,0,0
E00059,C0039,P0025,F00097,2025-12-01,False,0,0
E00059,C0039,P0025,F00097,2026-01-01,False,0,0
E00059,C0039,P0025,F00097,2026-02-01,False,0,0
E00059,C0039,P0025,F00097,2026-03-01,False,0,0
E00059,C0039,P0025,F00097,2026-04-01,True,152,4
E00059,C0039,P0025,F00097,2026-05-01,True,65,2
E00059,C0039,P0025,F00097,2026-06-01,True,100,7
E00059,C0039,P0025,F00097,2026-07-01,True,419,14
E00059,C0039,P0025,F00097,2026-08-01,True,405,26
E00061,C0041,P0395,F01583,2025-06-01,False,0,0
E00061,C0041,P0395,F01583,2025-07-01,True,1156,8
E00061,C0041,P0395,F01583,2025-08-01,True,155,38
E00061,C0041,P0395,F01583,2025-09-01,True,819,22
E00061,C0041,P0395,F01583,2025-10-01,True,228,19
E00061,C0041,P0395,F01583,2025-11-01,True,407,10
E00061,C0041,P0395,F01583,2025-12-01,True,345,15
E00061,C0041,P0395,F01583,2026-01-01,True,973,40
E00061,C0041,P0395,F01583,2026-02-01,True,263,12
E00061,C0041,P0395,F01583,2026-03-01,True,339,14
E00061,C0041,P0395,F01584,2025-06-01,False,0,0
E00061,C0041,P0395,F01584,2025-07-01,False,0,0
E00061,C0041,P0395,F01584,2025-08-01,False,0,0
E00061,C0041,P0395,F01584,2025-09-01,False,0,0
E00061,C0041,P0395,F01358,2025-10-01,True,0,0
E00061,C0041,P0395,F01584,2025-11-01,False,0,0
E00061,C0041,P0395,F01584,2025-12-01,False,0,0
E00061,C0041,P0395,F01584,2026-01-01,False,0,0
E00061,C0041,P0395,F01584,2026-02-01,False,0,0
E00061,C0041,P0395,F01584,2026-03-01,False,0,0
E00061,C0041,P0395,F01585,2025-06-01,False,0,0
E00061,C0041,P0395,F01585,2025-07-01,False,0,0
E00061,C0041,P0395,F01585,2025-08-01,False,0,0
E00061,C0041,P0395,F01585,2025-09-01,False,0,0
E00061,C0041,P0395,F01585,2025-10-01,False,0,0
E00061,C0041,P0395,F01585,2025-11-01,False,0,0
E00061,C0041,P0395,F01585,2025-12-01,False,0,0
E00061,C0041,P0395,F01585,2026-01-01,False,0,0
E00061,C0041,P0395,F01585,2026-02-01,False,0,0
E00061,C0041,P0395,F01585,2026-03-01,False,0,0
E00062,C0064,P0207,F00813,2025-06-01,True,307,6
E00062,C0064,P0207,F00813,2025-07-01,True,263,7
E00062,C0064,P0207,F01998,2025-08-01,True,0,0
E00062,C0064,P0207,F00813,2025-09-01,True,326,3
E00062,C0064,P0207,F00813,2025-10-01,True,235,14
E00062,C0064,P0207,F00813,2025-11-01,True,498,13
E00062,C0064,P0207,F00813,2025-12-01,True,917,15
E00062,C0064,P0207,F00813,2026-01-01,True,897,40
E00062,C0064,P0207,F00813,2026-02-01,True,681,3
E00062,C0064,P0207,F00814,2025-06-01,False,0,0
E00062,C0064,P0207,F00814,2025-07-01,False,0,0
E00062,C0064,P0207,F00814,2025-08-01,False,0,0
E00062,C0064,P0207,F00814,2025-09-01,True,456,12
E00062,C0064,P0207,F00814,2025-10-01,True,1028,10
E00062,C0064,P0207,F00814,2025-11-01,True,182,7
E00062,C0064,P0207,F00814,2025-12-01,True,113,36
E00062,C0064,P0207,F00814,2026-01-01,True,372,4
E00062,C0064,P0207,F00814,2026-02-01,True,1089,34
E00062,C0064,P0207,F00815,2025-06-01,False,0,0
E00062,C0064,P0207,F00815,2025-07-01,False,0,0
E00062,C0064,P0207,F00815,2025-08-01,False,0,0
E00062,C0064,P0207,F00815,2025-09-01,False,0,0
E00062,C0064,P0207,F00815,2025-10-01,False,0,0
E00062,C0064,P0207,F00815,2025-11-01,False,0,0
E00062,C0064,P0207,F00815,2025-12-01,False,0,0
E00062,C0064,P0207,F00815,2026-01-01,False,0,0
E00062,C0064,P0207,F00815,2026-02-01,False,0,0
E00062,C0064,P0207,F00816,2025-06-01,False,0,0
E00062,C0064,P0207,F00816,2025-07-01,False,0,0
E00062,C0064,P0207,F00816,2025-08-01,False,0,0
E00062,C0064,P0207,F00816,2025-09-01,True,418,3
E00062,C0064,P0207,F00816,2025-10-01,True,252,9
E00062,C0064,P0207,F00816,2025-11-01,True,381,4
E00062,C0064,P0207,F00816,2025-12-01,False,0,0
E00062,C0064,P0207,F00816,2026-01-01,True,720,1
E00062,C0064,P0207,F00816,2026-02-01,True,801,26
E00062,C0064,P0207,F00817,2025-06-01,False,0,0
E00062,C0064,P0207,F00817,2025-07-01,False,0,0
E00062,C0064,P0207,F00817,2025-08-01,False,0,0
E00062,C0064,P0207,F00817,2025-09-01,False,0,0
E00062,C0064,P0207,F00817,2025-10-01,False,0,0
E00062,C0064,P0207,F00817,2025-11-01,False,0,0
E00062,C0064,P0207,F00817,2025-12-01,False,0,0
E00062,C0064,P0207,F00817,2026-01-01,False,0,0
E00062,C0064,P0207,F00817,2026-02-01,True,273,10
E00063,C0057,P0252,F01001,2025-10-01,True,995,17
E00063,C0057,P0252,F01001,2025-11-01,True,281,9
E00063,C0057,P0252,F01001,2025-12-01,True,531,34
E00063,C0057,P0252,F01001,2026-01-01,True,317,8
E00063,C0057,P0252,F01001,2026-02-01,True,379,11
E00063,C0057,P0252,F01001,2026-03-01,True,466,10
E00063,C0057,P0252,F01001,2026-04-01,True,834,5
E00063,C0057,P0252,F01001,2026-05-01,True,504,15
E00063,C0057,P0252,F01001,2026-06-01,True,183,14
E00063,C0057,P0252,F01001,2026-07-01,True,528,1
E00063,C0057,P0252,F01001,2026-08-01,False,0,0
E00063,C0057,P0252,F01002,2025-10-01,False,0,0
E00063,C0057,P0252,F01002,2025-11-01,False,0,0
E00063,C0057,P0252,F01002,2025-12-01,False,0,0
E00063,C0057,P0252,F01002,2026-01-01,False,0,0
E00063,C0057,P0252,F01002,2026-02-01,False,0,0
E00063,C0057,P0252,F01002,2026-03-01,False,0,0
E00063,C0057,P0252,F01002,2026-04-01,False,0,0
E00063,C0057,P0252,F01002,2026-05-01,False,0,0
E00063,C0057,P0252,F01002,2026-06-01,False,0,0
E00063,C0057,P0252,F01002,2026-07-01,False,0,0
E00063,C0057,P0252,F01002,2026-08-01,False,0,0
E00063,C0057,P0252,F01003,2025-10-01,False,0,0
E00063,C0057,P0252,F01003,2025-11-01,True,155,29
E00063,C0057,P0252,F01003,2025-12-01,True,225,4
E00063,C0057,P0252,F01003,2026-01-01,True,53,4
E00063,C0057,P0252,F01003,2026-02-01,True,338,4
E00063,C0057,P0252,F01003,2026-03-01,True,595,5
E00063,C0057,P0252,F01003,2026-04-01,True,468,26
E00063,C0057,P0252,F01003,2026-05-01,True,913,13
E00063,C0057,P0252,F01003,2026-06-01,True,132,10
E00063,C0057,P0252,F01003,2026-07-01,True,474,45
E00063,C0057,P0252,F01003,2026-08-01,True,53,10
E00063,C0057,P0252,F01004,2025-10-01,False,0,0
E00063,C0057,P0252,F01004,2025-11-01,False,0,0
E00063,C0057,P0252,F01004,2025-12-01,False,0,0
E00063,C0057,P0252,F01004,2026-01-01,False,0,0
E00063,C0057,P0252,F01004,2026-02-01,False,0,0
E00063,C0057,P0252,F01004,2026-03-01,False,0,0
E00063,C0057,P0252,F01004,2026-04-01,False,0,0
E00063,C0057,P0252,F01004,2026-05-01,False,0,0
E00063,C0057,P0252,F01004,2026-06-01,False,0,0
E00063,C0057,P0252,F01004,2026-07-01,False,0,0
E00063,C0057,P0252,F01004,2026-08-01,False,0,0
E00063,C0057,P0252,F01005,2025-10-01,False,0,0
E00063,C0057,P0252,F01005,2025-11-01,False,0,0
E00063,C0057,P0252,F01005,2025-12-01,False,0,0
E00063,C0057,P0252,F01005,2026-01-01,False,0,0
E00063,C0057,P0252,F01005,2026-02-01,False,0,0
E00063,C0057,P0252,F01005,2026-03-01,False,0,0
E00063,C0057,P0252,F01005,2026-04-01,False,0,0
E00063,C0057,P0252,F01005,2026-05-01,False,0,0
E00063,C0057,P0252,F01005,2026-06-01,False,0,0
E00063,C0057,P0252,F01005,2026-07-01,False,0,0
E00063,C0057,P0252,F01005,2026-08-01,False,0,0
E00064,C0025,P0050,F00190,2025-06-01,False,0,0
E00064,C0025,P0050,F00190,2025-07-01,True,580,11
E00064,C0025,P0050,F00190,2025-08-01,True,436,6
E00064,C0025,P0050,F00190,2025-09-01,True,711,11
E00064,C0025,P0050,F00191,2025-06-01,False,0,0
E00064,C0025,P0050,F00191,2025-07-01,False,0,0
E00064,C0025,P0050,F00191,2025-08-01,False,0,0
E00064,C0025,P0050,F00191,2025-09-01,False,0,0
E00064,C0025,P0050,F00192,2025-06-01,False,0,0
E00064,C0025,P0050,F00192,2025-07-01,False,0,0
E00064,C0025,P0050,F00192,2025-08-01,False,0,0
E00064,C0025,P0050,F00192,2025-09-01,False,0,0
E00064,C0025,P0050,F00193,2025-06-01,False,0,0
E00064,C0025,P0050,F00193,2025-07-01,True,435,21
E00064,C0025,P0050,F00193,2025-08-01,True,288,24
E00064,C0025,P0050,F00193,2025-09-01,True,111,13
E00064,C0025,P0050,F00194,2025-06-01,False,0,0
E00064,C0025,P0050,F00194,2025-07-01,False,0,0
E00064,C0025,P0050,F00194,2025-08-01,False,0,0
E00064,C0025,P0050,F00194,2025-09-01,False,0,0
E00065,C0067,P0244,F00963,2025-07-01,True,180,4
E00065,C0067,P0244,F00963,2025-08-01,True,1227,4
E00065,C0067,P0244,F00963,2025-09-01,True,387,3
E00065,C0067,P0244,F01222,2025-10-01,True,843,8
E00065,C0067,P0244,F00963,2025-11-01,True,761,16
E00065,C0067,P0244,F00963,2025-12-01,True,1487,3
E00065,C0067,P0244,F00963,2026-01-01,True,153,21
E00065,C0067,P0244,F00963,2026-02-01,True,470,9
E00065,C0067,P0244,F00963,2026-03-01,True,1311,11
E00065,C0067,P0244,F00963,2026-04-01,False,0,0
E00065,C0067,P0244,F00963,2026-05-01,True,186,21
E00065,C0067,P0244,F00963,2026-06-01,True,376,11
E00065,C0067,P0244,F00964,2025-07-01,False,0,0
E00065,C0067,P0244,F00964,2025-08-01,False,0,0
E00065,C0067,P0244,F00964,2025-09-01,False,0,0
E00065,C0067,P0244,F00964,2025-10-01,False,0,0
E00065,C0067,P0244,F00964,2025-11-01,False,0,0
E00065,C0067,P0244,F00964,2025-12-01,False,0,0
E00065,C0067,P0244,F00964,2026-01-01,False,0,0
E00065,C0067,P0244,F00964,2026-02-01,False,0,0
E00065,C0067,P0244,F00964,2026-03-01,False,0,0
E00065,C0067,P0244,F00964,2026-04-01,False,0,0
E00065,C0067,P0244,F00964,2026-05-01,False,0,0
E00065,C0067,P0244,F00964,2026-06-01,False,0,0
E00065,C0067,P0244,F00965,2025-07-01,False,0,0
E00065,C0067,P0244,F00965,2025-08-01,False,0,0
E00065,C0067,P0244,F00965,2025-09-01,False,0,0
E00065,C0067,P0244,F00965,2025-10-01,False,0,0
E00065,C0067,P0244,F00965,2025-11-01,False,0,0
E00065,C0067,P0244,F00965,2025-12-01,False,0,0
E00065,C0067,P0244,F00965,2026-01-01,False,0,0
E00065,C0067,P0244,F00965,2026-02-01,False,0,0
E00065,C0067,P0244,F00965,2026-03-01,False,0,0
E00065,C0067,P0244,F00965,2026-04-01,False,0,0
E00065,C0067,P0244,F00965,2026-05-01,False,0,0
E00065,C0067,P0244,F00965,2026-06-01,False,0,0
E00065,C0067,P0244,F00966,2025-07-01,False,0,0
E00065,C0067,P0244,F00966,2025-08-01,False,0,0
E00065,C0067,P0244,F00966,2025-09-01,False,0,0
E00065,C0067,P0244,F00966,2025-10-01,False,0,0
E00065,C0067,P0244,F00966,2025-11-01,False,0,0
E00065,C0067,P0244,F00966,2025-12-01,True,600,17
E00065,C0067,P0244,F00966,2026-01-01,True,151,8
E00065,C0067,P0244,F00966,2026-02-01,True,98,13
E00065,C0067,P0244,F00966,2026-03-01,True,1212,5
E00065,C0067,P0244,F00966,2026-04-01,True,79,6
E00065,C0067,P0244,F00966,2026-05-01,True,303,17
E00065,C0067,P0244,F00966,2026-06-01,True,278,14
E00066,C0092,P0416,F01663,2025-06-01,False,0,0
E00066,C0092,P0416,F01663,2025-07-01,False,0,0
E00066,C0092,P0416,F01663,2025-08-01,False,0,0
E00066,C0092,P0416,F01663,2025-09-01,False,0,0
E00066,C0092,P0416,F01663,2025-10-01,False,0,0
E00066,C0092,P0416,F01663,2025-11-01,False,0,0
E00066,C0092,P0416,F01663,2025-12-01,False,0,0
E00066,C0092,P0416,F01663,2026-01-01,False,0,0
E00066,C0092,P0416,F01663,2026-02-01,False,0,0
E00066,C0092,P0416,F01663,2026-03-01,False,0,0
E00066,C0092,P0416,F01663,2026-04-01,False,0,0
E00066,C0092,P0416,F01663,2026-05-01,False,0,0
E00066,C0092,P0416,F01664,2025-06-01,False,0,0
E00066,C0092,P0416,F01664,2025-07-01,False,0,0
E00066,C0092,P0416,F01664,2025-08-01,False,0,0
E00066,C0092,P0416,F01664,2025-09-01,False,0,0
E00066,C0092,P0416,F01664,2025-10-01,False,0,0
E00066,C0092,P0416,F01664,2025-11-01,False,0,0
E00066,C0092,P0416,F01664,2025-12-01,False,0,0
E00066,C0092,P0416,F01664,2026-01-01,False,0,0
E00066,C0092,P0416,F01664,2026-02-01,False,0,0
E00066,C0092,P0416,F01664,2026-03-01,False,0,0
E00066,C0092,P0416,F01664,2026-04-01,False,0,0
E00066,C0092,P0416,F01664,2026-05-01,False,0,0
E00066,C0092,P0416,F01665,2025-06-01,False,0,0
E00066,C0092,P0416,F01665,2025-07-01,False,0,0
E00066,C0092,P0416,F01665,2025-08-01,False,0,0
E00066,C0092,P0416,F01665,2025-09-01,False,0,0
E00066,C0092,P0416,F01665,2025-10-01,False,0,0
E00066,C0092,P0416,F01665,2025-11-01,False,0,0
E00066,C0092,P0416,F01665,2025-12-01,False,0,0
E00066,C0092,P0416,F01665,2026-01-01,False,0,0
E00066,C0092,P0416,F01665,2026-02-01,False,0,0
E00066,C0092,P0416,F01665,2026-03-01,False,0,0
E00066,C0092,P0416,F01665,2026-04-01,False,0,0
E00066,C0092,P0416,F01665,2026-05-01,False,0,0
E00067,C0015,P0263,F01047,2025-06-01,False,0,0
E00067,C0015,P0263,F01047,2025-07-01,True,242,9
E00067,C0015,P0263,F01047,2025-08-01,True,181,4
E00067,C0015,P0263,F01047,2025-09-01,True,636,8
E00067,C0015,P0263,F01047,2025-10-01,True,508,5
E00067,C0015,P0263,F01047,2025-11-01,True,368,1
E00067,C0015,P0263,F01047,2025-12-01,True,273,6
E00067,C0015,P0263,F01047,2026-01-01,True,820,4
E00067,C0015,P0263,F01047,2026-02-01,True,327,13
E00067,C0015,P0263,F01047,2026-03-01,True,743,19
E00067,C0015,P0263,F01047,2026-04-01,True,348,11
E00067,C0015,P0263,F01047,2026-05-01,True,819,10
E00067,C0015,P0263,F01048,2025-06-01,False,0,0
E00067,C0015,P0263,F01048,2025-07-01,False,0,0
E00067,C0015,P0263,F01048,2025-08-01,False,0,0
E00067,C0015,P0263,F01048,2025-09-01,False,0,0
E00067,C0015,P0263,F01048,2025-10-01,False,0,0
E00067,C0015,P0263,F01048,2025-11-01,False,0,0
E00067,C0015,P0263,F01048,2025-12-01,False,0,0
E00067,C0015,P0263,F01048,2026-01-01,False,0,0
E00067,C0015,P0263,F01048,2026-02-01,True,419,23
E00067,C0015,P0263,F01048,2026-03-01,True,1622,13
E00067,C0015,P0263,F01048,2026-04-01,True,539,19
E00067,C0015,P0263,F01048,2026-05-01,True,832,21
E00067,C0015,P0263,F01049,2025-06-01,False,0,0
E00067,C0015,P0263,F01049,2025-07-01,False,0,0
E00067,C0015,P0263,F01049,2025-08-01,False,0,0
E00067,C0015,P0263,F01049,2025-09-01,False,0,0
E00067,C0015,P0263,F01049,2025-10-01,False,0,0
E00067,C0015,P0263,F01049,2025-11-01,False,0,0
E00067,C0015,P0263,F01049,2025-12-01,False,0,0
E00067,C0015,P0263,F01049,2026-01-01,True,227,13
E00067,C0015,P0263,F01049,2026-02-01,True,760,26
E00067,C0015,P0263,F01049,2026-03-01,True,328,13
E00067,C0015,P0263,F01049,2026-04-01,True,500,11
E00067,C0015,P0263,F01049,2026-05-01,True,452,63
E00067,C0015,P0263,F01050,2025-06-01,False,0,0
E00067,C0015,P0263,F01050,2025-07-01,False,0,0
E00067,C0015,P0263,F01050,2025-08-01,False,0,0
E00067,C0015,P0263,F01050,2025-09-01,False,0,0
E00067,C0015,P0263,F01050,2025-10-01,False,0,0
E00067,C0015,P0263,F01050,2025-11-01,False,0,0
E00067,C0015,P0263,F01050,2025-12-01,False,0,0
E00067,C0015,P0263,F01050,2026-01-01,True,317,10
E00067,C0015,P0263,F01050,2026-02-01,True,70,2
E00067,C0015,P0263,F01050,2026-03-01,True,526,21
E00067,C0015,P0263,F01050,2026-04-01,True,668,5
E00067,C0015,P0263,F01050,2026-05-01,True,641,10
E00068,C0056,P0366,F01462,2025-10-01,True,271,3
E00068,C0056,P0366,F01462,2025-11-01,True,198,15
E00068,C0056,P0366,F01462,2025-12-01,True,465,12
E00068,C0056,P0366,F01462,2026-01-01,True,30,12
E00068,C0056,P0366,F01462,2026-02-01,True,224,13
E00068,C0056,P0366,F01462,2026-03-01,True,850,7
E00068,C0056,P0366,F01462,2026-04-01,True,396,36
E00068,C0056,P0366,F01462,2026-05-01,True,451,10
E00068,C0056,P0366,F01462,2026-06-01,True,180,18
E00068,C0056,P0366,F01462,2026-07-01,True,153,24
E00068,C0056,P0366,F01462,2026-08-01,False,0,0
E00068,C0056,P0366,F01463,2025-10-01,False,0,0
E00068,C0056,P0366,F01463,2025-11-01,False,0,0
E00068,C0056,P0366,F01463,2025-12-01,False,0,0
E00068,C0056,P0366,F01463,2026-01-01,False,0,0
E00068,C0056,P0366,F01463,2026-02-01,False,0,0
E00068,C0056,P0366,F01463,2026-03-01,True,589,7
E00068,C0056,P0366,F01463,2026-04-01,False,0,0
E00068,C0056,P0366,F01463,2026-05-01,True,186,6
E00068,C0056,P0366,F01463,2026-06-01,True,58,15
E00068,C0056,P0366,F01463,2026-07-01,True,36,10
E00068,C0056,P0366,F00662,2026-08-01,True,0,0
E00068,C0056,P0366,F01464,2025-10-01,False,0,0
E00068,C0056,P0366,F01464,2025-11-01,False,0,0
E00068,C0056,P0366,F01464,2025-12-01,False,0,0
E00068,C0056,P0366,F01464,2026-01-01,False,0,0
E00068,C0056,P0366,F01464,2026-02-01,False,0,0
E00068,C0056,P0366,F01464,2026-03-01,False,0,0
E00068,C0056,P0366,F01464,2026-04-01,False,0,0
E00068,C0056,P0366,F01464,2026-05-01,False,0,0
E00068,C0056,P0366,F01464,2026-06-01,False,0,0
E00068,C0056,P0366,F01464,2026-07-01,False,0,0
E00068,C0056,P0366,F01464,2026-08-01,False,0,0
E00068,C0056,P0366,F01465,2025-10-01,True,325,8
E00068,C0056,P0366,F01465,2025-11-01,True,515,7
E00068,C0056,P0366,F01465,2025-12-01,True,420,24
E00068,C0056,P0366,F01465,2026-01-01,True,559,8
E00068,C0056,P0366,F01465,2026-02-01,True,368,8
E00068,C0056,P0366,F01465,2026-03-01,True,321,12
E00068,C0056,P0366,F01465,2026-04-01,True,96,3
E00068,C0056,P0366,F01465,2026-05-01,True,167,15
E00068,C0056,P0366,F01465,2026-06-01,True,585,18
E00068,C0056,P0366,F01465,2026-07-01,True,173,11
E00068,C0056,P0366,F01465,2026-08-01,True,268,10
E00068,C0056,P0366,F01466,2025-10-01,False,0,0
E00068,C0056,P0366,F01466,2025-11-01,False,0,0
E00068,C0056,P0366,F01466,2025-12-01,False,0,0
E00068,C0056,P0366,F01466,2026-01-01,False,0,0
E00068,C0056,P0366,F01466,2026-02-01,False,0,0
E00068,C0056,P0366,F01466,2026-03-01,False,0,0
E00068,C0056,P0366,F01466,2026-04-01,False,0,0
E00068,C0056,P0366,F01466,2026-05-01,False,0,0
E00068,C0056,P0366,F01466,2026-06-01,False,0,0
E00068,C0056,P0366,F01466,2026-07-01,False,0,0
E00068,C0056,P0366,F01466,2026-08-01,False,0,0
E00069,C0071,P0224,F00883,2025-08-01,True,264,13
E00069,C0071,P0224,F00883,2025-09-01,True,207,23
E00069,C0071,P0224,F00883,2025-10-01,True,815,15
E00069,C0071,P0224,F00883,2025-11-01,False,0,0
E00069,C0071,P0224,F00883,2025-12-01,False,0,0
E00069,C0071,P0224,F00883,2026-01-01,False,0,0
E00069,C0071,P0224,F00883,2026-02-01,False,0,0
E00069,C0071,P0224,F00883,2026-03-01,False,0,0
E00069,C0071,P0224,F00883,2026-04-01,False,0,0
E00069,C0071,P0224,F00891,2026-05-01,True,0,0
E00069,C0071,P0224,F00883,2026-06-01,False,0,0
E00069,C0071,P0224,F00883,2026-07-01,False,0,0
E00069,C0071,P0224,F00884,2025-08-01,True,746,3
E00069,C0071,P0224,F00884,2025-09-01,True,842,14
E00069,C0071,P0224,F00884,2025-10-01,True,218,6
E00069,C0071,P0224,F00884,2025-11-01,False,0,0
E00069,C0071,P0224,F00884,2025-12-01,False,0,0
E00069,C0071,P0224,F00884,2026-01-01,False,0,0
E00069,C0071,P0224,F00884,2026-02-01,False,0,0
E00069,C0071,P0224,F00884,2026-03-01,False,0,0
E00069,C0071,P0224,F00884,2026-04-01,False,0,0
E00069,C0071,P0224,F00884,2026-05-01,False,0,0
E00069,C0071,P0224,F00884,2026-06-01,False,0,0
E00069,C0071,P0224,F00884,2026-07-01,False,0,0
E00069,C0071,P0224,F00885,2025-08-01,False,0,0
E00069,C0071,P0224,F00885,2025-09-01,False,0,0
E00069,C0071,P0224,F00885,2025-10-01,False,0,0
E00069,C0071,P0224,F00885,2025-11-01,False,0,0
E00069,C0071,P0224,F00885,2025-12-01,False,0,0
E00069,C0071,P0224,F00885,2026-01-01,False,0,0
E00069,C0071,P0224,F00885,2026-02-01,False,0,0
E00069,C0071,P0224,F00885,2026-03-01,False,0,0
E00069,C0071,P0224,F00885,2026-04-01,False,0,0
E00069,C0071,P0224,F00885,2026-05-01,False,0,0
E00069,C0071,P0224,F00885,2026-06-01,False,0,0
E00069,C0071,P0224,F00885,2026-07-01,False,0,0
E00070,C0073,P0066,F00256,2025-07-01,True,1039,18
E00070,C0073,P0066,F00256,2025-08-01,True,325,3
E00070,C0073,P0066,F00256,2025-09-01,True,871,4
E00070,C0073,P0066,F00256,2025-10-01,True,272,9
E00070,C0073,P0066,F00256,2025-11-01,True,197,9
E00070,C0073,P0066,F00256,2025-12-01,True,364,9
E00070,C0073,P0066,F00256,2026-01-01,True,465,30
E00070,C0073,P0066,F00256,2026-02-01,True,96,12
E00070,C0073,P0066,F00256,2026-03-01,True,134,3
E00070,C0073,P0066,F00256,2026-04-01,True,708,13
E00070,C0073,P0066,F00256,2026-05-01,True,80,9
E00070,C0073,P0066,F00256,2026-06-01,True,167,9
E00070,C0073,P0066,F00257,2025-07-01,False,0,0
E00070,C0073,P0066,F00257,2025-08-01,False,0,0
E00070,C0073,P0066,F00257,2025-09-01,False,0,0
E00070,C0073,P0066,F00257,2025-10-01,False,0,0
E00070,C0073,P0066,F00257,2025-11-01,False,0,0
E00070,C0073,P0066,F00257,2025-12-01,False,0,0
E00070,C0073,P0066,F00257,2026-01-01,True,600,16
E00070,C0073,P0066,F00257,2026-02-01,True,265,20
E00070,C0073,P0066,F00257,2026-03-01,True,921,17
E00070,C0073,P0066,F00257,2026-04-01,True,230,10
E00070,C0073,P0066,F00257,2026-05-01,False,0,0
E00070,C0073,P0066,F00257,2026-06-01,True,1043,8
E00070,C0073,P0066,F00258,2025-07-01,False,0,0
E00070,C0073,P0066,F00258,2025-08-01,False,0,0
E00070,C0073,P0066,F00258,2025-09-01,False,0,0
E00070,C0073,P0066,F00258,2025-10-01,False,0,0
E00070,C0073,P0066,F00258,2025-11-01,False,0,0
E00070,C0073,P0066,F00258,2025-12-01,True,559,6
E00070,C0073,P0066,F00258,2026-01-01,True,734,5
E00070,C0073,P0066,F00258,2026-02-01,True,342,15
E00070,C0073,P0066,F00258,2026-03-01,True,1186,12
E00070,C0073,P0066,F00258,2026-04-01,True,297,8
E00070,C0073,P0066,F00258,2026-05-01,False,0,0
E00070,C0073,P0066,F00258,2026-06-01,False,0,0
E00071,C0056,P0025,F00093,2025-08-01,False,0,0
E00071,C0056,P0025,F00093,2025-09-01,True,712,15
E00071,C0056,P0025,F00093,2025-10-01,True,592,28
E00071,C0056,P0025,F00093,2025-11-01,True,383,14
E00071,C0056,P0025,F00093,2025-12-01,True,276,6
E00071,C0056,P0025,F00093,2026-01-01,True,221,1
E00071,C0056,P0025,F00093,2026-02-01,True,541,14
E00071,C0056,P0025,F00093,2026-03-01,True,533,5
E00071,C0056,P0025,F00093,2026-04-01,True,225,6
E00071,C0056,P0025,F00093,2026-05-01,True,784,12
E00071,C0056,P0025,F00093,2026-06-01,True,380,18
E00071,C0056,P0025,F00093,2026-07-01,True,219,14
E00071,C0056,P0025,F00094,2025-08-01,False,0,0
E00071,C0056,P0025,F00094,2025-09-01,False,0,0
E00071,C0056,P0025,F00094,2025-10-01,False,0,0
E00071,C0056,P0025,F00094,2025-11-01,False,0,0
E00071,C0056,P0025,F00094,2025-12-01,False,0,0
E00071,C0056,P0025,F00094,2026-01-01,False,0,0
E00071,C0056,P0025,F00094,2026-02-01,False,0,0
E00071,C0056,P0025,F00094,2026-03-01,False,0,0
E00071,C0056,P0025,F01975,2026-04-01,True,1288,24
E00071,C0056,P0025,F00094,2026-05-01,True,474,11
E00071,C0056,P0025,F00094,2026-06-01,True,530,26
E00071,C0056,P0025,F00094,2026-07-01,True,905,29
E00071,C0056,P0025,F00095,2025-08-01,False,0,0
E00071,C0056,P0025,F00095,2025-09-01,False,0,0
E00071,C0056,P0025,F00095,2025-10-01,False,0,0
E00071,C0056,P0025,F00095,2025-11-01,False,0,0
E00071,C0056,P0025,F00095,2025-12-01,True,440,1
E00071,C0056,P0025,F00095,2026-01-01,True,1229,6
E00071,C0056,P0025,F00095,2026-02-01,True,624,2
E00071,C0056,P0025,F00095,2026-03-01,True,374,8
E00071,C0056,P0025,F00095,2026-04-01,True,1059,14
E00071,C0056,P0025,F00095,2026-05-01,True,371,15
E00071,C0056,P0025,F00095,2026-06-01,True,10,6
E00071,C0056,P0025,F00095,2026-07-01,True,244,16
E00071,C0056,P0025,F00096,2025-08-01,True,152,12
E00071,C0056,P0025,F00096,2025-09-01,True,344,7
E00071,C0056,P0025,F00096,2025-10-01,True,238,10
E00071,C0056,P0025,F00096,2025-11-01,True,52,18
E00071,C0056,P0025,F00096,2025-12-01,True,186,9
E00071,C0056,P0025,F00096,2026-01-01,True,1033,18
E00071,C0056,P0025,F00096,2026-02-01,True,127,1
E00071,C0056,P0025,F00096,2026-03-01,True,533,9
E00071,C0056,P0025,F00096,2026-04-01,True,427,18
E00071,C0056,P0025,F00096,2026-05-01,False,0,0
E00071,C0056,P0025,F00096,2026-06-01,True,700,8
E00071,C0056,P0025,F00096,2026-07-01,True,337,14
E00071,C0056,P0025,F00097,2025-08-01,False,0,0
E00071,C0056,P0025,F00097,2025-09-01,False,0,0
E00071,C0056,P0025,F00097,2025-10-01,False,0,0
E00071,C0056,P0025,F00097,2025-11-01,False,0,0
E00071,C0056,P0025,F00097,2025-12-01,False,0,0
E00071,C0056,P0025,F00097,2026-01-01,False,0,0
E00071,C0056,P0025,F00097,2026-02-01,False,0,0
E00071,C0056,P0025,F00097,2026-03-01,False,0,0
E00071,C0056,P0025,F00097,2026-04-01,False,0,0
E00071,C0056,P0025,F00097,2026-05-01,False,0,0
E00071,C0056,P0025,F00097,2026-06-01,False,0,0
E00071,C0056,P0025,F00097,2026-07-01,False,0,0
E00072,C0091,P0212,F00834,2025-08-01,False,0,0
E00072,C0091,P0212,F00834,2025-09-01,True,513,12
E00072,C0091,P0212,F00834,2025-10-01,True,958,14
E00072,C0091,P0212,F00834,2025-11-01,True,623,13
E00072,C0091,P0212,F00834,2025-12-01,True,150,6
E00072,C0091,P0212,F00834,2026-01-01,True,122,21
E00072,C0091,P0212,F00834,2026-02-01,True,80,9
E00072,C0091,P0212,F00834,2026-03-01,True,272,8
E00072,C0091,P0212,F00834,2026-04-01,False,0,0
E00072,C0091,P0212,F00834,2026-05-01,True,286,30
E00072,C0091,P0212,F00834,2026-06-01,True,47,24
E00072,C0091,P0212,F00834,2026-07-01,True,306,19
E00072,C0091,P0212,F00835,2025-08-01,True,389,4
E00072,C0091,P0212,F00835,2025-09-01,True,936,23
E00072,C0091,P0212,F00835,2025-10-01,True,144,16
E00072,C0091,P0212,F00835,2025-11-01,True,223,3
E00072,C0091,P0212,F00835,2025-12-01,True,186,25
E00072,C0091,P0212,F00835,2026-01-01,True,680,8
E00072,C0091,P0212,F00835,2026-02-01,True,902,22
E00072,C0091,P0212,F00835,2026-03-01,False,0,0
E00072,C0091,P0212,F00835,2026-04-01,True,187,29
E00072,C0091,P0212,F00835,2026-05-01,True,270,9
E00072,C0091,P0212,F00835,2026-06-01,True,49,6
E00072,C0091,P0212,F00835,2026-07-01,True,329,13
E00072,C0091,P0212,F00836,2025-08-01,True,135,6
E00072,C0091,P0212,F00836,2025-09-01,True,1066,21
E00072,C0091,P0212,F00836,2025-10-01,True,859,10
E00072,C0091,P0212,F00836,2025-11-01,True,471,16
E00072,C0091,P0212,F00836,2025-12-01,True,1056,3
E00072,C0091,P0212,F00836,2026-01-01,True,239,13
E00072,C0091,P0212,F00836,2026-02-01,True,391,6
E00072,C0091,P0212,F00836,2026-03-01,True,537,7
E00072,C0091,P0212,F00836,2026-04-01,True,370,15
E00072,C0091,P0212,F00836,2026-05-01,True,256,18
E00072,C0091,P0212,F00836,2026-06-01,True,724,6
E00072,C0091,P0212,F00836,2026-07-01,True,245,5
E00072,C0091,P0212,F00837,2025-08-01,False,0,0
E00072,C0091,P0212,F00837,2025-09-01,False,0,0
E00072,C0091,P0212,F00837,2025-10-01,False,0,0
E00072,C0091,P0212,F00837,2025-11-01,False,0,0
E00072,C0091,P0212,F00837,2025-12-01,False,0,0
E00072,C0091,P0212,F00837,2026-01-01,False,0,0
E00072,C0091,P0212,F00837,2026-02-01,False,0,0
E00072,C0091,P0212,F00837,2026-03-01,False,0,0
E00072,C0091,P0212,F00837,2026-04-01,False,0,0
E00072,C0091,P0212,F00837,2026-05-01,False,0,0
E00072,C0091,P0212,F00837,2026-06-01,False,0,0
E00072,C0091,P0212,F00837,2026-07-01,False,0,0
E00072,C0091,P0212,F00838,2025-08-01,False,0,0
E00072,C0091,P0212,F00838,2025-09-01,False,0,0
E00072,C0091,P0212,F00838,2025-10-01,False,0,0
E00072,C0091,P0212,F00838,2025-11-01,False,0,0
E00072,C0091,P0212,F00838,2025-12-01,True,364,13
E00072,C0091,P0212,F00838,2026-01-01,True,277,13
E00072,C0091,P0212,F00838,2026-02-01,True,240,7
E00072,C0091,P0212,F00838,2026-03-01,True,478,8
E00072,C0091,P0212,F00838,2026-04-01,False,0,0
E00072,C0091,P0212,F00838,2026-05-01,True,349,14
E00072,C0091,P0212,F00838,2026-06-01,True,446,7
E00072,C0091,P0212,F00838,2026-07-01,True,774,16
E00073,C0040,P0300,F01198,2025-11-01,False,0,0
E00073,C0040,P0300,F01198,2025-12-01,False,0,0
E00073,C0040,P0300,F01198,2026-01-01,False,0,0
E00073,C0040,P0300,F01198,2026-02-01,False,0,0
E00073,C0040,P0300,F01198,2026-03-01,False,0,0
E00073,C0040,P0300,F01198,2026-04-01,False,0,0
E00073,C0040,P0300,F01198,2026-05-01,False,0,0
E00073,C0040,P0300,F01198,2026-06-01,False,0,0
E00073,C0040,P0300,F01198,2026-07-01,False,0,0
E00073,C0040,P0300,F01198,2026-08-01,False,0,0
E00073,C0040,P0300,F01199,2025-11-01,False,0,0
E00073,C0040,P0300,F01199,2025-12-01,False,0,0
E00073,C0040,P0300,F01199,2026-01-01,False,0,0
E00073,C0040,P0300,F01199,2026-02-01,False,0,0
E00073,C0040,P0300,F01199,2026-03-01,False,0,0
E00073,C0040,P0300,F01199,2026-04-01,False,0,0
E00073,C0040,P0300,F01199,2026-05-01,False,0,0
E00073,C0040,P0300,F01199,2026-06-01,False,0,0
E00073,C0040,P0300,F01199,2026-07-01,False,0,0
E00073,C0040,P0300,F01199,2026-08-01,False,0,0
E00073,C0040,P0300,F01200,2025-11-01,False,0,0
E00073,C0040,P0300,F01200,2025-12-01,False,0,0
E00073,C0040,P0300,F01200,2026-01-01,False,0,0
E00073,C0040,P0300,F01200,2026-02-01,False,0,0
E00073,C0040,P0300,F01200,2026-03-01,False,0,0
E00073,C0040,P0300,F01200,2026-04-01,False,0,0
E00073,C0040,P0300,F01200,2026-05-01,False,0,0
E00073,C0040,P0300,F01200,2026-06-01,False,0,0
E00073,C0040,P0300,F01200,2026-07-01,False,0,0
E00073,C0040,P0300,F01200,2026-08-01,False,0,0
E00074,C0032,P0237,F00935,2025-06-01,False,0,0
E00074,C0032,P0237,F00935,2025-07-01,True,440,4
E00074,C0032,P0237,F01360,2025-08-01,True,398,6
E00074,C0032,P0237,F00935,2025-09-01,True,525,1
E00074,C0032,P0237,F00935,2025-10-01,True,298,7
E00074,C0032,P0237,F00935,2025-11-01,True,643,2
E00074,C0032,P0237,F00936,2025-06-01,False,0,0
E00074,C0032,P0237,F00936,2025-07-01,False,0,0
E00074,C0032,P0237,F00936,2025-08-01,False,0,0
E00074,C0032,P0237,F00936,2025-09-01,False,0,0
E00074,C0032,P0237,F00936,2025-10-01,False,0,0
E00074,C0032,P0237,F00936,2025-11-01,True,379,15
E00074,C0032,P0237,F00937,2025-06-01,False,0,0
E00074,C0032,P0237,F00937,2025-07-01,False,0,0
E00074,C0032,P0237,F00937,2025-08-01,False,0,0
E00074,C0032,P0237,F00937,2025-09-01,False,0,0
E00074,C0032,P0237,F00937,2025-10-01,False,0,0
E00074,C0032,P0237,F00937,2025-11-01,True,1187,7
E00075,C0065,P0449,F01796,2025-06-01,True,466,2
E00075,C0065,P0449,F01796,2025-07-01,True,365,23
E00075,C0065,P0449,F01796,2025-08-01,True,1194,14
E00075,C0065,P0449,F01796,2025-09-01,True,77,25
E00075,C0065,P0449,F01796,2025-10-01,True,77,4
E00075,C0065,P0449,F01796,2025-11-01,True,953,10
E00075,C0065,P0449,F01796,2025-12-01,True,223,17
E00075,C0065,P0449,F01796,2026-01-01,True,415,21
E00075,C0065,P0449,F01796,2026-02-01,True,429,12
E00075,C0065,P0449,F01796,2026-03-01,True,746,10
E00075,C0065,P0449,F01796,2026-04-01,True,167,18
E00075,C0065,P0449,F01796,2026-05-01,True,289,13
E00075,C0065,P0449,F01797,2025-06-01,False,0,0
E00075,C0065,P0449,F01797,2025-07-01,False,0,0
E00075,C0065,P0449,F01797,2025-08-01,False,0,0
E00075,C0065,P0449,F01797,2025-09-01,False,0,0
E00075,C0065,P0449,F01797,2025-10-01,False,0,0
E00075,C0065,P0449,F01797,2025-11-01,False,0,0
E00075,C0065,P0449,F01797,2025-12-01,False,0,0
E00075,C0065,P0449,F01797,2026-01-01,False,0,0
E00075,C0065,P0449,F01797,2026-02-01,False,0,0
E00075,C0065,P0449,F01797,2026-03-01,False,0,0
E00075,C0065,P0449,F01797,2026-04-01,False,0,0
E00075,C0065,P0449,F01797,2026-05-01,False,0,0
E00075,C0065,P0449,F01798,2025-06-01,False,0,0
E00075,C0065,P0449,F00748,2025-07-01,True,0,0
E00075,C0065,P0449,F01798,2025-08-01,True,41,10
E00075,C0065,P0449,F01798,2025-09-01,True,237,2
E00075,C0065,P0449,F01798,2025-10-01,True,338,10
E00075,C0065,P0449,F01798,2025-11-01,True,480,22
E00075,C0065,P0449,F01798,2025-12-01,True,718,7
E00075,C0065,P0449,F01798,2026-01-01,True,421,15
E00075,C0065,P0449,F01798,2026-02-01,True,257,3
E00075,C0065,P0449,F01798,2026-03-01,True,310,23
E00075,C0065,P0449,F01798,2026-04-01,True,81,5
E00075,C0065,P0449,F00414,2026-05-01,True,184,5
E00075,C0065,P0449,F01799,2025-06-01,False,0,0
E00075,C0065,P0449,F01799,2025-07-01,False,0,0
E00075,C0065,P0449,F01799,2025-08-01,False,0,0
E00075,C0065,P0449,F01799,2025-09-01,False,0,0
E00075,C0065,P0449,F01799,2025-10-01,False,0,0
E00075,C0065,P0449,F01799,2025-11-01,False,0,0
E00075,C0065,P0449,F01799,2025-12-01,False,0,0
E00075,C0065,P0449,F01799,2026-01-01,True,604,6
E00075,C0065,P0449,F01799,2026-02-01,True,616,11
E00075,C0065,P0449,F01799,2026-03-01,True,60,8
E00075,C0065,P0449,F01799,2026-04-01,True,732,12
E00075,C0065,P0449,F01799,2026-05-01,True,279,23
E00076,C0004,P0231,F00910,2025-11-01,False,0,0
E00076,C0004,P0231,F00910,2025-12-01,False,0,0
E00076,C0004,P0231,F00910,2026-01-01,False,0,0
E00076,C0004,P0231,F00910,2026-02-01,False,0,0
E00076,C0004,P0231,F00910,2026-03-01,False,0,0
E00076,C0004,P0231,F00910,2026-04-01,False,0,0
E00076,C0004,P0231,F00910,2026-05-01,False,0,0
E00076,C0004,P0231,F00910,2026-06-01,False,0,0
E00076,C0004,P0231,F00910,2026-07-01,False,0,0
E00076,C0004,P0231,F00910,2026-08-01,False,0,0
E00076,C0004,P0231,F00911,2025-11-01,False,0,0
E00076,C0004,P0231,F00911,2025-12-01,False,0,0
E00076,C0004,P0231,F00911,2026-01-01,False,0,0
E00076,C0004,P0231,F00911,2026-02-01,False,0,0
E00076,C0004,P0231,F00911,2026-03-01,False,0,0
E00076,C0004,P0231,F00911,2026-04-01,False,0,0
E00076,C0004,P0231,F00911,2026-05-01,False,0,0
E00076,C0004,P0231,F00911,2026-06-01,False,0,0
E00076,C0004,P0231,F00911,2026-07-01,False,0,0
E00076,C0004,P0231,F00911,2026-08-01,False,0,0
E00076,C0004,P0231,F00912,2025-11-01,False,0,0
E00076,C0004,P0231,F00912,2025-12-01,False,0,0
E00076,C0004,P0231,F00912,2026-01-01,False,0,0
E00076,C0004,P0231,F00912,2026-02-01,False,0,0
E00076,C0004,P0231,F00912,2026-03-01,False,0,0
E00076,C0004,P0231,F00912,2026-04-01,False,0,0
E00076,C0004,P0231,F00912,2026-05-01,False,0,0
E00076,C0004,P0231,F00912,2026-06-01,False,0,0
E00076,C0004,P0231,F01845,2026-07-01,True,0,0
E00076,C0004,P0231,F00912,2026-08-01,False,0,0
E00077,C0079,P0383,F01536,2025-06-01,False,0,0
E00077,C0079,P0383,F01536,2025-07-01,True,138,7
E00077,C0079,P0383,F01536,2025-08-01,True,686,17
E00077,C0079,P0383,F01536,2025-09-01,True,126,15
E00077,C0079,P0383,F01536,2025-10-01,True,212,2
E00077,C0079,P0383,F01536,2025-11-01,True,283,34
E00077,C0079,P0383,F01536,2025-12-01,True,741,10
E00077,C0079,P0383,F01536,2026-01-01,True,75,2
E00077,C0079,P0383,F01537,2025-06-01,False,0,0
E00077,C0079,P0383,F01537,2025-07-01,True,380,14
E00077,C0079,P0383,F01537,2025-08-01,True,609,16
E00077,C0079,P0383,F01537,2025-09-01,True,595,13
E00077,C0079,P0383,F01537,2025-10-01,True,821,7
E00077,C0079,P0383,F01537,2025-11-01,True,375,2
E00077,C0079,P0383,F01537,2025-12-01,True,232,20
E00077,C0079,P0383,F01537,2026-01-01,True,582,1
E00077,C0079,P0383,F01538,2025-06-01,False,0,0
E00077,C0079,P0383,F01538,2025-07-01,False,0,0
E00077,C0079,P0383,F01538,2025-08-01,False,0,0
E00077,C0079,P0383,F01538,2025-09-01,False,0,0
E00077,C0079,P0383,F01538,2025-10-01,False,0,0
E00077,C0079,P0383,F01538,2025-11-01,False,0,0
E00077,C0079,P0383,F01538,2025-12-01,False,0,0
E00077,C0079,P0383,F01538,2026-01-01,False,0,0
E00078,C0023,P0003,F00009,2025-06-01,True,1306,12
E00078,C0023,P0003,F00009,2025-07-01,True,419,6
E00078,C0023,P0003,F00009,2025-08-01,True,263,12
E00078,C0023,P0003,F00009,2025-09-01,True,559,13
E00078,C0023,P0003,F00009,2025-10-01,True,235,5
E00078,C0023,P0003,F00009,2025-11-01,True,155,21
E00078,C0023,P0003,F00009,2025-12-01,True,704,15
E00078,C0023,P0003,F00010,2025-06-01,False,0,0
E00078,C0023,P0003,F00010,2025-07-01,True,763,10
E00078,C0023,P0003,F00010,2025-08-01,True,663,15
E00078,C0023,P0003,F00010,2025-09-01,True,676,4
E00078,C0023,P0003,F00010,2025-10-01,True,446,8
E00078,C0023,P0003,F00010,2025-11-01,True,28,24
E00078,C0023,P0003,F00010,2025-12-01,True,706,13
E00078,C0023,P0003,F00011,2025-06-01,False,0,0
E00078,C0023,P0003,F00011,2025-07-01,False,0,0
E00078,C0023,P0003,F00011,2025-08-01,False,0,0
E00078,C0023,P0003,F00011,2025-09-01,True,175,2
E00078,C0023,P0003,F00011,2025-10-01,True,27,7
E00078,C0023,P0003,F00011,2025-11-01,True,601,8
E00078,C0023,P0003,F00011,2025-12-01,True,527,15
E00078,C0023,P0003,F00012,2025-06-01,False,0,0
E00078,C0023,P0003,F00012,2025-07-01,False,0,0
E00078,C0023,P0003,F00012,2025-08-01,False,0,0
E00078,C0023,P0003,F00012,2025-09-01,False,0,0
E00078,C0023,P0003,F00012,2025-10-01,False,0,0
E00078,C0023,P0003,F00012,2025-11-01,False,0,0
E00078,C0023,P0003,F00012,2025-12-01,False,0,0
E00079,C0099,P0208,F00818,2025-06-01,False,0,0
E00079,C0099,P0208,F00818,2025-07-01,False,0,0
E00079,C0099,P0208,F00818,2025-08-01,False,0,0
E00079,C0099,P0208,F00818,2025-09-01,False,0,0
E00079,C0099,P0208,F00818,2025-10-01,False,0,0
E00079,C0099,P0208,F00818,2025-11-01,False,0,0
E00079,C0099,P0208,F00818,2025-12-01,False,0,0
E00079,C0099,P0208,F00818,2026-01-01,False,0,0
E00079,C0099,P0208,F00819,2025-06-01,False,0,0
E00079,C0099,P0208,F00819,2025-07-01,False,0,0
E00079,C0099,P0208,F00819,2025-08-01,False,0,0
E00079,C0099,P0208,F00819,2025-09-01,False,0,0
E00079,C0099,P0208,F00819,2025-10-01,False,0,0
E00079,C0099,P0208,F00819,2025-11-01,False,0,0
E00079,C0099,P0208,F00819,2025-12-01,False,0,0
E00079,C0099,P0208,F00819,2026-01-01,False,0,0
E00079,C0099,P0208,F00820,2025-06-01,False,0,0
E00079,C0099,P0208,F00820,2025-07-01,False,0,0
E00079,C0099,P0208,F00820,2025-08-01,False,0,0
E00079,C0099,P0208,F00820,2025-09-01,False,0,0
E00079,C0099,P0208,F00820,2025-10-01,False,0,0
E00079,C0099,P0208,F00820,2025-11-01,False,0,0
E00079,C0099,P0208,F00820,2025-12-01,False,0,0
E00079,C0099,P0208,F00820,2026-01-01,False,0,0
E00079,C0099,P0208,F00821,2025-06-01,False,0,0
E00079,C0099,P0208,F00821,2025-07-01,False,0,0
E00079,C0099,P0208,F00821,2025-08-01,False,0,0
E00079,C0099,P0208,F00821,2025-09-01,False,0,0
E00079,C0099,P0208,F00821,2025-10-01,False,0,0
E00079,C0099,P0208,F00821,2025-11-01,False,0,0
E00079,C0099,P0208,F00821,2025-12-01,False,0,0
E00079,C0099,P0208,F00821,2026-01-01,False,0,0
E00079,C0099,P0208,F00822,2025-06-01,False,0,0
E00079,C0099,P0208,F00822,2025-07-01,False,0,0
E00079,C0099,P0208,F00822,2025-08-01,False,0,0
E00079,C0099,P0208,F00822,2025-09-01,False,0,0
E00079,C0099,P0208,F00822,2025-10-01,False,0,0
E00079,C0099,P0208,F00822,2025-11-01,False,0,0
E00079,C0099,P0208,F00822,2025-12-01,False,0,0
E00079,C0099,P0208,F00822,2026-01-01,False,0,0
E00080,C0069,P0494,F01983,2025-09-01,True,595,2
E00080,C0069,P0494,F01983,2025-10-01,True,190,15
E00080,C0069,P0494,F01983,2025-11-01,True,977,22
E00080,C0069,P0494,F01983,2025-12-01,True,457,24
E00080,C0069,P0494,F01983,2026-01-01,True,454,3
E00080,C0069,P0494,F01983,2026-02-01,True,588,23
E00080,C0069,P0494,F01983,2026-03-01,True,1182,7
E00080,C0069,P0494,F01983,2026-04-01,True,126,19
E00080,C0069,P0494,F01983,2026-05-01,True,498,13
E00080,C0069,P0494,F01983,2026-06-01,True,865,19
E00080,C0069,P0494,F01983,2026-07-01,True,532,7
E00080,C0069,P0494,F01983,2026-08-01,True,626,4
E00080,C0069,P0494,F01984,2025-09-01,False,0,0
E00080,C0069,P0494,F01984,2025-10-01,True,453,10
E00080,C0069,P0494,F01984,2025-11-01,True,74,14
E00080,C0069,P0494,F01984,2025-12-01,True,225,14
E00080,C0069,P0494,F01984,2026-01-01,True,156,19
E00080,C0069,P0494,F01984,2026-02-01,True,1079,4
E00080,C0069,P0494,F01984,2026-03-01,True,156,3
E00080,C0069,P0494,F01984,2026-04-01,True,309,14
E00080,C0069,P0494,F01984,2026-05-01,True,599,13
E00080,C0069,P0494,F01984,2026-06-01,True,587,10
E00080,C0069,P0494,F00706,2026-07-01,True,223,5
E00080,C0069,P0494,F01984,2026-08-01,True,318,5
E00080,C0069,P0494,F01985,2025-09-01,False,0,0
E00080,C0069,P0494,F01985,2025-10-01,False,0,0
E00080,C0069,P0494,F01985,2025-11-01,False,0,0
E00080,C0069,P0494,F01985,2025-12-01,True,474,5
E00080,C0069,P0494,F01985,2026-01-01,True,244,21
E00080,C0069,P0494,F01985,2026-02-01,True,814,22
E00080,C0069,P0494,F01985,2026-03-01,True,351,7
E00080,C0069,P0494,F01985,2026-04-01,True,528,5
E00080,C0069,P0494,F01985,2026-05-01,True,620,6
E00080,C0069,P0494,F01985,2026-06-01,True,307,18
E00080,C0069,P0494,F01985,2026-07-01,True,54,7
E00080,C0069,P0494,F01985,2026-08-01,True,482,16
E00080,C0069,P0494,F00486,2025-09-01,True,0,0
E00080,C0069,P0494,F01986,2025-10-01,False,0,0
E00080,C0069,P0494,F01986,2025-11-01,False,0,0
E00080,C0069,P0494,F01986,2025-12-01,False,0,0
E00080,C0069,P0494,F01986,2026-01-01,False,0,0
E00080,C0069,P0494,F01986,2026-02-01,False,0,0
E00080,C0069,P0494,F01986,2026-03-01,False,0,0
E00080,C0069,P0494,F01986,2026-04-01,False,0,0
E00080,C0069,P0494,F01986,2026-05-01,False,0,0
E00080,C0069,P0494,F01986,2026-06-01,False,0,0
E00080,C0069,P0494,F01986,2026-07-01,False,0,0
E00080,C0069,P0494,F01986,2026-08-01,False,0,0
E00080,C0069,P0494,F01987,2025-09-01,False,0,0
E00080,C0069,P0494,F01987,2025-10-01,False,0,0
E00080,C0069,P0494,F01987,2025-11-01,False,0,0
E00080,C0069,P0494,F01987,2025-12-01,False,0,0
E00080,C0069,P0494,F01987,2026-01-01,False,0,0
E00080,C0069,P0494,F01987,2026-02-01,False,0,0
E00080,C0069,P0494,F01987,2026-03-01,False,0,0
E00080,C0069,P0494,F01987,2026-04-01,False,0,0
E00080,C0069,P0494,F01987,2026-05-01,True,496,9
E00080,C0069,P0494,F01987,2026-06-01,True,674,5
E00080,C0069,P0494,F01987,2026-07-01,True,148,14
E00080,C0069,P0494,F01987,2026-08-01,False,0,0
E00081,C0005,P0098,F00378,2025-06-01,False,0,0
E00081,C0005,P0098,F00378,2025-07-01,True,138,31
E00081,C0005,P0098,F00378,2025-08-01,True,227,19
E00081,C0005,P0098,F00378,2025-09-01,True,116,26
E00081,C0005,P0098,F00378,2025-10-01,True,370,7
E00081,C0005,P0098,F00378,2025-11-01,True,288,6
E00081,C0005,P0098,F00378,2025-12-01,True,307,4
E00081,C0005,P0098,F00379,2025-06-01,False,0,0
E00081,C0005,P0098,F00379,2025-07-01,False,0,0
E00081,C0005,P0098,F00379,2025-08-01,False,0,0
E00081,C0005,P0098,F00379,2025-09-01,False,0,0
E00081,C0005,P0098,F00379,2025-10-01,True,228,18
E00081,C0005,P0098,F00379,2025-11-01,True,429,5
E00081,C0005,P0098,F00379,2025-12-01,True,315,23
E00081,C0005,P0098,F00380,2025-06-01,False,0,0
E00081,C0005,P0098,F00380,2025-07-01,False,0,0
E00081,C0005,P0098,F00380,2025-08-01,False,0,0
E00081,C0005,P0098,F00380,2025-09-01,False,0,0
E00081,C0005,P0098,F00380,2025-10-01,False,0,0
E00081,C0005,P0098,F00380,2025-11-01,False,0,0
E00081,C0005,P0098,F00380,2025-12-01,False,0,0
E00081,C0005,P0098,F00381,2025-06-01,False,0,0
E00081,C0005,P0098,F00381,2025-07-01,False,0,0
E00081,C0005,P0098,F00381,2025-08-01,False,0,0
E00081,C0005,P0098,F00381,2025-09-01,False,0,0
E00081,C0005,P0098,F00381,2025-10-01,True,250,4
E00081,C0005,P0098,F00381,2025-11-01,True,544,1
E00081,C0005,P0098,F00381,2025-12-01,True,293,24
E00081,C0005,P0098,F00382,2025-06-01,False,0,0
E00081,C0005,P0098,F00382,2025-07-01,True,308,20
E00081,C0005,P0098,F00382,2025-08-01,True,135,9
E00081,C0005,P0098,F00382,2025-09-01,True,277,15
E00081,C0005,P0098,F00382,2025-10-01,True,386,26
E00081,C0005,P0098,F00382,2025-11-01,True,239,11
E00081,C0005,P0098,F00382,2025-12-01,True,285,10
E00082,C0051,P0108,F00416,2025-11-01,True,337,5
E00082,C0051,P0108,F00416,2025-12-01,True,632,6
E00082,C0051,P0108,F00416,2026-01-01,True,195,3
E00082,C0051,P0108,F00416,2026-02-01,True,233,6
E00082,C0051,P0108,F00416,2026-03-01,True,40,9
E00082,C0051,P0108,F00416,2026-04-01,True,919,3
E00082,C0051,P0108,F00416,2026-05-01,True,356,9
E00082,C0051,P0108,F00416,2026-06-01,True,574,17
E00082,C0051,P0108,F00416,2026-07-01,True,1382,13
E00082,C0051,P0108,F00416,2026-08-01,True,182,7
E00082,C0051,P0108,F00417,2025-11-01,False,0,0
E00082,C0051,P0108,F00417,2025-12-01,False,0,0
E00082,C0051,P0108,F00417,2026-01-01,False,0,0
E00082,C0051,P0108,F00417,2026-02-01,False,0,0
E00082,C0051,P0108,F00417,2026-03-01,False,0,0
E00082,C0051,P0108,F00417,2026-04-01,False,0,0
E00082,C0051,P0108,F00417,2026-05-01,False,0,0
E00082,C0051,P0108,F00417,2026-06-01,False,0,0
E00082,C0051,P0108,F00417,2026-07-01,False,0,0
E00082,C0051,P0108,F00417,2026-08-01,False,0,0
E00082,C0051,P0108,F00418,2025-11-01,False,0,0
E00082,C0051,P0108,F00418,2025-12-01,False,0,0
E00082,C0051,P0108,F00087,2026-01-01,True,0,0
E00082,C0051,P0108,F00418,2026-02-01,False,0,0
E00082,C0051,P0108,F00418,2026-03-01,False,0,0
E00082,C0051,P0108,F00418,2026-04-01,False,0,0
E00082,C0051,P0108,F00418,2026-05-01,False,0,0
E00082,C0051,P0108,F00418,2026-06-01,False,0,0
E00082,C0051,P0108,F00418,2026-07-01,False,0,0
E00082,C0051,P0108,F00418,2026-08-01,False,0,0
E00082,C0051,P0108,F00419,2025-11-01,False,0,0
E00082,C0051,P0108,F00419,2025-12-01,False,0,0
E00082,C0051,P0108,F00419,2026-01-01,False,0,0
E00082,C0051,P0108,F00419,2026-02-01,False,0,0
E00082,C0051,P0108,F00419,2026-03-01,False,0,0
E00082,C0051,P0108,F00419,2026-04-01,True,248,6
E00082,C0051,P0108,F00419,2026-05-01,True,1072,16
E00082,C0051,P0108,F00419,2026-06-01,True,520,4
E00082,C0051,P0108,F00419,2026-07-01,True,600,22
E00082,C0051,P0108,F00419,2026-08-01,False,0,0
E00082,C0051,P0108,F00420,2025-11-01,True,304,7
E00082,C0051,P0108,F00420,2025-12-01,True,963,6
E00082,C0051,P0108,F00420,2026-01-01,True,183,5
E00082,C0051,P0108,F00420,2026-02-01,True,343,13
E00082,C0051,P0108,F00420,2026-03-01,True,708,15
E00082,C0051,P0108,F00420,2026-04-01,True,531,24
E00082,C0051,P0108,F00420,2026-05-01,False,0,0
E00082,C0051,P0108,F00420,2026-06-01,True,150,3
E00082,C0051,P0108,F00420,2026-07-01,True,556,10
E00082,C0051,P0108,F00420,2026-08-01,False,0,0
E00083,C0093,P0321,F01284,2025-10-01,True,710,10
E00083,C0093,P0321,F01284,2025-11-01,True,219,16
E00083,C0093,P0321,F01284,2025-12-01,True,390,10
E00083,C0093,P0321,F01284,2026-01-01,True,1549,23
E00083,C0093,P0321,F01284,2026-02-01,True,612,11
E00083,C0093,P0321,F01710,2026-03-01,True,374,8
E00083,C0093,P0321,F01284,2026-04-01,True,429,7
E00083,C0093,P0321,F01284,2026-05-01,True,122,10
E00083,C0093,P0321,F01284,2026-06-01,True,455,20
E00083,C0093,P0321,F01284,2026-07-01,True,184,11
E00083,C0093,P0321,F01284,2026-08-01,False,0,0
E00083,C0093,P0321,F01285,2025-10-01,False,0,0
E00083,C0093,P0321,F01285,2025-11-01,False,0,0
E00083,C0093,P0321,F01285,2025-12-01,False,0,0
E00083,C0093,P0321,F01285,2026-01-01,False,0,0
E00083,C0093,P0321,F01285,2026-02-01,False,0,0
E00083,C0093,P0321,F01285,2026-03-01,False,0,0
E00083,C0093,P0321,F01285,2026-04-01,False,0,0
E00083,C0093,P0321,F01285,2026-05-01,False,0,0
E00083,C0093,P0321,F01285,2026-06-01,False,0,0
E00083,C0093,P0321,F01285,2026-07-01,False,0,0
E00083,C0093,P0321,F01285,2026-08-01,False,0,0
E00083,C0093,P0321,F01286,2025-10-01,False,0,0
E00083,C0093,P0321,F01286,2025-11-01,False,0,0
E00083,C0093,P0321,F01286,2025-12-01,False,0,0
E00083,C0093,P0321,F01286,2026-01-01,False,0,0
E00083,C0093,P0321,F01286,2026-02-01,False,0,0
E00083,C0093,P0321,F01286,2026-03-01,False,0,0
E00083,C0093,P0321,F01286,2026-04-01,False,0,0
E00083,C0093,P0321,F01286,2026-05-01,False,0,0
E00083,C0093,P0321,F01286,2026-06-01,False,0,0
E00083,C0093,P0321,F01286,2026-07-01,False,0,0
E00083,C0093,P0321,F01286,2026-08-01,False,0,0
E00083,C0093,P0321,F01287,2025-10-01,False,0,0
E00083,C0093,P0321,F01287,2025-11-01,False,0,0
E00083,C0093,P0321,F01287,2025-12-01,True,534,15
E00083,C0093,P0321,F01287,2026-01-01,True,1037,8
E00083,C0093,P0321,F01287,2026-02-01,True,171,11
E00083,C0093,P0321,F01287,2026-03-01,True,303,8
E00083,C0093,P0321,F01287,2026-04-01,True,234,13
E00083,C0093,P0321,F01287,2026-05-01,True,208,17
E00083,C0093,P0321,F01287,2026-06-01,True,592,14
E00083,C0093,P0321,F01287,2026-07-01,True,150,13
E00083,C0093,P0321,F01287,2026-08-01,True,743,18
E00083,C0093,P0321,F01288,2025-10-01,False,0,0
E00083,C0093,P0321,F01288,2025-11-01,False,0,0
E00083,C0093,P0321,F01288,2025-12-01,False,0,0
E00083,C0093,P0321,F01288,2026-01-01,False,0,0
E00083,C0093,P0321,F01288,2026-02-01,False,0,0
E00083,C0093,P0321,F01288,2026-03-01,False,0,0
E00083,C0093,P0321,F01288,2026-04-01,False,0,0
E00083,C0093,P0321,F01288,2026-05-01,False,0,0
E00083,C0093,P0321,F01288,2026-06-01,False,0,0
E00083,C0093,P0321,F01288,2026-07-01,False,0,0
E00083,C0093,P0321,F01288,2026-08-01,False,0,0
E00084,C0013,P0012,F00041,2025-07-01,True,582,11
E00084,C0013,P0012,F00041,2025-08-01,True,359,23
E00084,C0013,P0012,F00041,2025-09-01,True,451,13
E00084,C0013,P0012,F00041,2025-10-01,True,1837,8
E00084,C0013,P0012,F00041,2025-11-01,True,35,9
E00084,C0013,P0012,F00041,2025-12-01,True,335,13
E00084,C0013,P0012,F00041,2026-01-01,True,522,2
E00084,C0013,P0012,F00041,2026-02-01,True,530,10
E00084,C0013,P0012,F00041,2026-03-01,True,296,3
E00084,C0013,P0012,F00041,2026-04-01,False,0,0
E00084,C0013,P0012,F00041,2026-05-01,True,939,8
E00084,C0013,P0012,F00041,2026-06-01,True,587,5
E00084,C0013,P0012,F00042,2025-07-01,False,0,0
E00084,C0013,P0012,F00042,2025-08-01,False,0,0
E00084,C0013,P0012,F00042,2025-09-01,False,0,0
E00084,C0013,P0012,F00042,2025-10-01,False,0,0
E00084,C0013,P0012,F00042,2025-11-01,False,0,0
E00084,C0013,P0012,F00042,2025-12-01,False,0,0
E00084,C0013,P0012,F00042,2026-01-01,False,0,0
E00084,C0013,P0012,F00042,2026-02-01,False,0,0
E00084,C0013,P0012,F00042,2026-03-01,False,0,0
E00084,C0013,P0012,F00042,2026-04-01,False,0,0
E00084,C0013,P0012,F00042,2026-05-01,False,0,0
E00084,C0013,P0012,F00042,2026-06-01,False,0,0
E00084,C0013,P0012,F00043,2025-07-01,False,0,0
E00084,C0013,P0012,F00043,2025-08-01,False,0,0
E00084,C0013,P0012,F00043,2025-09-01,False,0,0
E00084,C0013,P0012,F00043,2025-10-01,False,0,0
E00084,C0013,P0012,F00043,2025-11-01,False,0,0
E00084,C0013,P0012,F00043,2025-12-01,True,461,9
E00084,C0013,P0012,F00043,2026-01-01,True,575,8
E00084,C0013,P0012,F00043,2026-02-01,True,175,10
E00084,C0013,P0012,F00043,2026-03-01,False,0,0
E00084,C0013,P0012,F00043,2026-04-01,True,349,12
E00084,C0013,P0012,F00043,2026-05-01,True,696,4
E00084,C0013,P0012,F00043,2026-06-01,True,672,4
E00084,C0013,P0012,F00044,2025-07-01,False,0,0
E00084,C0013,P0012,F00044,2025-08-01,False,0,0
E00084,C0013,P0012,F00044,2025-09-01,False,0,0
E00084,C0013,P0012,F00044,2025-10-01,False,0,0
E00084,C0013,P0012,F00044,2025-11-01,False,0,0
E00084,C0013,P0012,F00044,2025-12-01,True,560,16
E00084,C0013,P0012,F00044,2026-01-01,False,0,0
E00084,C0013,P0012,F00044,2026-02-01,True,249,6
E00084,C0013,P0012,F00044,2026-03-01,True,182,11
E00084,C0013,P0012,F00044,2026-04-01,True,597,9
E00084,C0013,P0012,F00044,2026-05-01,True,30,7
E00084,C0013,P0012,F00044,2026-06-01,True,229,15
E00085,C0010,P0242,F00957,2025-06-01,True,539,12
E00085,C0010,P0242,F00957,2025-07-01,True,673,20
E00085,C0010,P0242,F00957,2025-08-01,True,247,5
E00085,C0010,P0242,F00957,2025-09-01,True,345,12
E00085,C0010,P0242,F00957,2025-10-01,True,237,58
E00085,C0010,P0242,F00957,2025-11-01,True,904,6
E00085,C0010,P0242,F00957,2025-12-01,True,147,6
E00085,C0010,P0242,F00957,2026-01-01,True,715,20
E00085,C0010,P0242,F00958,2025-06-01,False,0,0
E00085,C0010,P0242,F00958,2025-07-01,False,0,0
E00085,C0010,P0242,F00958,2025-08-01,False,0,0
E00085,C0010,P0242,F00958,2025-09-01,False,0,0
E00085,C0010,P0242,F00958,2025-10-01,False,0,0
E00085,C0010,P0242,F00958,2025-11-01,False,0,0
E00085,C0010,P0242,F00958,2025-12-01,False,0,0
E00085,C0010,P0242,F00958,2026-01-01,False,0,0
E00085,C0010,P0242,F00959,2025-06-01,False,0,0
E00085,C0010,P0242,F00959,2025-07-01,False,0,0
E00085,C0010,P0242,F00959,2025-08-01,False,0,0
E00085,C0010,P0242,F00959,2025-09-01,False,0,0
E00085,C0010,P0242,F00959,2025-10-01,True,911,5
E00085,C0010,P0242,F00959,2025-11-01,True,518,6
E00085,C0010,P0242,F00959,2025-12-01,True,1040,5
E00085,C0010,P0242,F00959,2026-01-01,True,117,4
E00086,C0023,P0292,F01164,2025-09-01,True,363,17
E00086,C0023,P0292,F01164,2025-10-01,True,566,4
E00086,C0023,P0292,F01164,2025-11-01,True,270,7
E00086,C0023,P0292,F01164,2025-12-01,True,126,7
E00086,C0023,P0292,F01164,2026-01-01,True,886,4
E00086,C0023,P0292,F01164,2026-02-01,True,430,25
E00086,C0023,P0292,F01164,2026-03-01,True,870,30
E00086,C0023,P0292,F01164,2026-04-01,True,460,14
E00086,C0023,P0292,F01164,2026-05-01,True,241,3
E00086,C0023,P0292,F01164,2026-06-01,True,327,22
E00086,C0023,P0292,F01164,2026-07-01,True,30,7
E00086,C0023,P0292,F01164,2026-08-01,False,0,0
E00086,C0023,P0292,F01165,2025-09-01,False,0,0
E00086,C0023,P0292,F01165,2025-10-01,False,0,0
E00086,C0023,P0292,F01165,2025-11-01,True,543,11
E00086,C0023,P0292,F01165,2025-12-01,True,838,20
E00086,C0023,P0292,F01165,2026-01-01,True,95,11
E00086,C0023,P0292,F01165,2026-02-01,True,196,6
E00086,C0023,P0292,F01165,2026-03-01,True,103,12
E00086,C0023,P0292,F01165,2026-04-01,True,850,13
E00086,C0023,P0292,F01165,2026-05-01,True,96,10
E00086,C0023,P0292,F01165,2026-06-01,True,528,10
E00086,C0023,P0292,F01165,2026-07-01,False,0,0
E00086,C0023,P0292,F01165,2026-08-01,False,0,0
E00086,C0023,P0292,F01166,2025-09-01,False,0,0
E00086,C0023,P0292,F01166,2025-10-01,False,0,0
E00086,C0023,P0292,F01166,2025-11-01,False,0,0
E00086,C0023,P0292,F01166,2025-12-01,False,0,0
E00086,C0023,P0292,F01166,2026-01-01,False,0,0
E00086,C0023,P0292,F01166,2026-02-01,False,0,0
E00086,C0023,P0292,F01166,2026-03-01,False,0,0
E00086,C0023,P0292,F01166,2026-04-01,False,0,0
E00086,C0023,P0292,F01166,2026-05-01,False,0,0
E00086,C0023,P0292,F01166,2026-06-01,False,0,0
E00086,C0023,P0292,F01166,2026-07-01,False,0,0
E00086,C0023,P0292,F01166,2026-08-01,False,0,0
E00086,C0023,P0292,F01167,2025-09-01,False,0,0
E00086,C0023,P0292,F01167,2025-10-01,False,0,0
E00086,C0023,P0292,F01167,2025-11-01,True,461,6
E00086,C0023,P0292,F01167,2025-12-01,True,303,8
E00086,C0023,P0292,F01167,2026-01-01,True,953,5
E00086,C0023,P0292,F01167,2026-02-01,True,36,25
E00086,C0023,P0292,F01167,2026-03-01,True,400,4
E00086,C0023,P0292,F01167,2026-04-01,True,680,16
E00086,C0023,P0292,F01167,2026-05-01,True,1055,12
E00086,C0023,P0292,F01167,2026-06-01,True,1552,10
E00086,C0023,P0292,F01167,2026-07-01,True,552,17
E00086,C0023,P0292,F01167,2026-08-01,True,258,7
E00087,C0073,P0366,F01462,2025-06-01,False,0,0
E00087,C0073,P0366,F01462,2025-07-01,True,616,4
E00087,C0073,P0366,F01462,2025-08-01,False,0,0
E00087,C0073,P0366,F01462,2025-09-01,True,195,9
E00087,C0073,P0366,F01462,2025-10-01,True,1033,17
E00087,C0073,P0366,F01462,2025-11-01,True,388,7
E00087,C0073,P0366,F01463,2025-06-01,False,0,0
E00087,C0073,P0366,F01463,2025-07-01,False,0,0
E00087,C0073,P0366,F01463,2025-08-01,False,0,0
E00087,C0073,P0366,F01463,2025-09-01,True,1306,10
E00087,C0073,P0366,F01463,2025-10-01,True,195,41
E00087,C0073,P0366,F01463,2025-11-01,True,115,24
E00087,C0073,P0366,F01464,2025-06-01,False,0,0
E00087,C0073,P0366,F01464,2025-07-01,False,0,0
E00087,C0073,P0366,F01464,2025-08-01,False,0,0
E00087,C0073,P0366,F01464,2025-09-01,False,0,0
E00087,C0073,P0366,F01464,2025-10-01,False,0,0
E00087,C0073,P0366,F01464,2025-11-01,False,0,0
E00087,C0073,P0366,F01465,2025-06-01,False,0,0
E00087,C0073,P0366,F01249,2025-07-01,True,370,17
E00087,C0073,P0366,F01465,2025-08-01,True,541,17
E00087,C0073,P0366,F01465,2025-09-01,True,1553,39
E00087,C0073,P0366,F01465,2025-10-01,True,204,15
E00087,C0073,P0366,F01465,2025-11-01,False,0,0
E00087,C0073,P0366,F01466,2025-06-01,False,0,0
E00087,C0073,P0366,F01466,2025-07-01,False,0,0
E00087,C0073,P0366,F01466,2025-08-01,False,0,0
E00087,C0073,P0366,F01466,2025-09-01,False,0,0
E00087,C0073,P0366,F01466,2025-10-01,False,0,0
E00087,C0073,P0366,F01466,2025-11-01,False,0,0
E00088,C0028,P0205,F00805,2025-07-01,True,65,18
E00088,C0028,P0205,F00805,2025-08-01,True,762,2
E00088,C0028,P0205,F00805,2025-09-01,True,360,17
E00088,C0028,P0205,F00805,2025-10-01,True,475,4
E00088,C0028,P0205,F00805,2025-11-01,True,131,9
E00088,C0028,P0205,F00805,2025-12-01,True,258,8
E00088,C0028,P0205,F00805,2026-01-01,True,102,11
E00088,C0028,P0205,F00805,2026-02-01,True,1038,4
E00088,C0028,P0205,F00805,2026-03-01,True,307,16
E00088,C0028,P0205,F00805,2026-04-01,True,78,11
E00088,C0028,P0205,F00805,2026-05-01,True,747,5
E00088,C0028,P0205,F00805,2026-06-01,True,406,20
E00088,C0028,P0205,F00806,2025-07-01,False,0,0
E00088,C0028,P0205,F00806,2025-08-01,False,0,0
E00088,C0028,P0205,F00806,2025-09-01,True,1502,11
E00088,C0028,P0205,F00806,2025-10-01,True,199,6
E00088,C0028,P0205,F00806,2025-11-01,True,96,30
E00088,C0028,P0205,F00806,2025-12-01,True,681,4
E00088,C0028,P0205,F00806,2026-01-01,True,189,11
E00088,C0028,P0205,F00806,2026-02-01,True,743,15
E00088,C0028,P0205,F00806,2026-03-01,True,492,12
E00088,C0028,P0205,F00806,2026-04-01,True,138,11
E00088,C0028,P0205,F00806,2026-05-01,True,355,3
E00088,C0028,P0205,F00806,2026-06-01,True,1076,7
E00088,C0028,P0205,F00807,2025-07-01,True,97,7
E00088,C0028,P0205,F00807,2025-08-01,True,298,10
E00088,C0028,P0205,F00807,2025-09-01,True,294,10
E00088,C0028,P0205,F00807,2025-10-01,True,410,11
E00088,C0028,P0205,F00807,2025-11-01,True,489,14
E00088,C0028,P0205,F00807,2025-12-01,True,520,17
E00088,C0028,P0205,F00807,2026-01-01,True,203,6
E00088,C0028,P0205,F00807,2026-02-01,True,745,8
E00088,C0028,P0205,F00807,2026-03-01,True,332,9
E00088,C0028,P0205,F00807,2026-04-01,True,1467,5
E00088,C0028,P0205,F00807,2026-05-01,True,171,10
E00088,C0028,P0205,F00807,2026-06-01,True,316,4
E00088,C0028,P0205,F00808,2025-07-01,False,0,0
E00088,C0028,P0205,F00808,2025-08-01,False,0,0
E00088,C0028,P0205,F00808,2025-09-01,False,0,0
E00088,C0028,P0205,F00808,2025-10-01,False,0,0
E00088,C0028,P0205,F00808,2025-11-01,False,0,0
E00088,C0028,P0205,F00808,2025-12-01,False,0,0
E00088,C0028,P0205,F00808,2026-01-01,False,0,0
E00088,C0028,P0205,F00808,2026-02-01,False,0,0
E00088,C0028,P0205,F00808,2026-03-01,False,0,0
E00088,C0028,P0205,F00808,2026-04-01,False,0,0
E00088,C0028,P0205,F00808,2026-05-01,False,0,0
E00088,C0028,P0205,F00808,2026-06-01,False,0,0
E00089,C0074,P0032,F00121,2025-11-01,False,0,0
E00089,C0074,P0032,F00121,2025-12-01,True,341,11
E00089,C0074,P0032,F00121,2026-01-01,True,241,9
E00089,C0074,P0032,F00121,2026-02-01,True,189,4
E00089,C0074,P0032,F00121,2026-03-01,True,261,5
E00089,C0074,P0032,F00121,2026-04-01,True,107,2
E00089,C0074,P0032,F00121,2026-05-01,True,432,7
E00089,C0074,P0032,F00121,2026-06-01,True,748,8
E00089,C0074,P0032,F00121,2026-07-01,True,430,6
E00089,C0074,P0032,F00121,2026-08-01,False,0,0
E00089,C0074,P0032,F00122,2025-11-01,False,0,0
E00089,C0074,P0032,F00122,2025-12-01,False,0,0
E00089,C0074,P0032,F00122,2026-01-01,False,0,0
E00089,C0074,P0032,F00122,2026-02-01,False,0,0
E00089,C0074,P0032,F00122,2026-03-01,False,0,0
E00089,C0074,P0032,F00122,2026-04-01,False,0,0
E00089,C0074,P0032,F00122,2026-05-01,False,0,0
E00089,C0074,P0032,F00122,2026-06-01,False,0,0
E00089,C0074,P0032,F00122,2026-07-01,False,0,0
E00089,C0074,P0032,F00122,2026-08-01,False,0,0
E00089,C0074,P0032,F00123,2025-11-01,False,0,0
E00089,C0074,P0032,F00123,2025-12-01,False,0,0
E00089,C0074,P0032,F00123,2026-01-01,False,0,0
E00089,C0074,P0032,F00123,2026-02-01,False,0,0
E00089,C0074,P0032,F00123,2026-03-01,False,0,0
E00089,C0074,P0032,F00123,2026-04-01,True,355,2
E00089,C0074,P0032,F00123,2026-05-01,True,257,5
E00089,C0074,P0032,F00123,2026-06-01,True,697,12
E00089,C0074,P0032,F00123,2026-07-01,True,632,22
E00089,C0074,P0032,F00123,2026-08-01,False,0,0
E00090,C0083,P0332,F01330,2025-06-01,True,240,11
E00090,C0083,P0332,F01330,2025-07-01,True,137,14
E00090,C0083,P0332,F01330,2025-08-01,True,529,13
E00090,C0083,P0332,F01330,2025-09-01,True,240,32
E00090,C0083,P0332,F01330,2025-10-01,True,370,4
E00090,C0083,P0332,F01330,2025-11-01,True,564,20
E00090,C0083,P0332,F01330,2025-12-01,True,141,9
E00090,C0083,P0332,F01330,2026-01-01,True,95,23
E00090,C0083,P0332,F01330,2026-02-01,True,338,5
E00090,C0083,P0332,F01330,2026-03-01,True,717,10
E00090,C0083,P0332,F01330,2026-04-01,True,652,14
E00090,C0083,P0332,F01331,2025-06-01,False,0,0
E00090,C0083,P0332,F01331,2025-07-01,False,0,0
E00090,C0083,P0332,F01331,2025-08-01,False,0,0
E00090,C0083,P0332,F01331,2025-09-01,False,0,0
E00090,C0083,P0332,F01331,2025-10-01,False,0,0
E00090,C0083,P0332,F01331,2025-11-01,False,0,0
E00090,C0083,P0332,F01331,2025-12-01,False,0,0
E00090,C0083,P0332,F01331,2026-01-01,False,0,0
E00090,C0083,P0332,F01331,2026-02-01,False,0,0
E00090,C0083,P0332,F01331,2026-03-01,False,0,0
E00090,C0083,P0332,F01331,2026-04-01,False,0,0
E00090,C0083,P0332,F01332,2025-06-01,False,0,0
E00090,C0083,P0332,F01332,2025-07-01,False,0,0
E00090,C0083,P0332,F01332,2025-08-01,False,0,0
E00090,C0083,P0332,F01332,2025-09-01,False,0,0
E00090,C0083,P0332,F01332,2025-10-01,False,0,0
E00090,C0083,P0332,F00495,2025-11-01,True,0,0
E00090,C0083,P0332,F01332,2025-12-01,False,0,0
E00090,C0083,P0332,F01332,2026-01-01,False,0,0
E00090,C0083,P0332,F01332,2026-02-01,False,0,0
E00090,C0083,P0332,F01332,2026-03-01,False,0,0
E00090,C0083,P0332,F01332,2026-04-01,False,0,0
E00091,C0033,P0331,F01325,2025-06-01,True,155,7
E00091,C0033,P0331,F01325,2025-07-01,True,180,4
E00091,C0033,P0331,F01325,2025-08-01,True,71,36
E00091,C0033,P0331,F01325,2025-09-01,True,449,14
E00091,C0033,P0331,F01325,2025-10-01,True,772,7
E00091,C0033,P0331,F01325,2025-11-01,True,103,17
E00091,C0033,P0331,F01325,2025-12-01,True,120,17
E00091,C0033,P0331,F01326,2025-06-01,False,0,0
E00091,C0033,P0331,F01326,2025-07-01,False,0,0
E00091,C0033,P0331,F01326,2025-08-01,False,0,0
E00091,C0033,P0331,F01326,2025-09-01,True,87,4
E00091,C0033,P0331,F01326,2025-10-01,True,213,17
E00091,C0033,P0331,F01326,2025-11-01,True,1045,14
E00091,C0033,P0331,F01326,2025-12-01,True,220,19
E00091,C0033,P0331,F01327,2025-06-01,True,84,5
E00091,C0033,P0331,F01327,2025-07-01,True,389,18
E00091,C0033,P0331,F01327,2025-08-01,True,310,8
E00091,C0033,P0331,F01327,2025-09-01,True,298,21
E00091,C0033,P0331,F01327,2025-10-01,False,0,0
E00091,C0033,P0331,F01327,2025-11-01,True,190,5
E00091,C0033,P0331,F01327,2025-12-01,True,294,23
E00091,C0033,P0331,F01328,2025-06-01,False,0,0
E00091,C0033,P0331,F01328,2025-07-01,False,0,0
E00091,C0033,P0331,F01328,2025-08-01,False,0,0
E00091,C0033,P0331,F01328,2025-09-01,False,0,0
E00091,C0033,P0331,F01328,2025-10-01,False,0,0
E00091,C0033,P0331,F01328,2025-11-01,False,0,0
E00091,C0033,P0331,F01328,2025-12-01,False,0,0
E00091,C0033,P0331,F01329,2025-06-01,False,0,0
E00091,C0033,P0331,F01329,2025-07-01,False,0,0
E00091,C0033,P0331,F01329,2025-08-01,False,0,0
E00091,C0033,P0331,F01329,2025-09-01,True,209,9
E00091,C0033,P0331,F01329,2025-10-01,True,83,9
E00091,C0033,P0331,F01329,2025-11-01,False,0,0
E00091,C0033,P0331,F01329,2025-12-01,True,433,4
E00092,C0043,P0372,F01489,2025-06-01,False,0,0
E00092,C0043,P0372,F01489,2025-07-01,True,768,12
E00092,C0043,P0372,F01489,2025-08-01,True,238,12
E00092,C0043,P0372,F01489,2025-09-01,True,519,2
E00092,C0043,P0372,F01489,2025-10-01,True,444,23
E00092,C0043,P0372,F01489,2025-11-01,True,188,7
E00092,C0043,P0372,F01489,2025-12-01,True,276,18
E00092,C0043,P0372,F01489,2026-01-01,True,141,14
E00092,C0043,P0372,F01489,2026-02-01,True,280,30
E00092,C0043,P0372,F01489,2026-03-01,True,294,1
E00092,C0043,P0372,F01489,2026-04-01,True,570,14
E00092,C0043,P0372,F01489,2026-05-01,True,416,22
E00092,C0043,P0372,F01490,2025-06-01,False,0,0
E00092,C0043,P0372,F01490,2025-07-01,False,0,0
E00092,C0043,P0372,F01490,2025-08-01,False,0,0
E00092,C0043,P0372,F01490,2025-09-01,False,0,0
E00092,C0043,P0372,F01490,2025-10-01,False,0,0
E00092,C0043,P0372,F01490,2025-11-01,False,0,0
E00092,C0043,P0372,F01490,2025-12-01,False,0,0
E00092,C0043,P0372,F01490,2026-01-01,False,0,0
E00092,C0043,P0372,F01490,2026-02-01,False,0,0
E00092,C0043,P0372,F01490,2026-03-01,False,0,0
E00092,C0043,P0372,F01490,2026-04-01,False,0,0
E00092,C0043,P0372,F01944,2026-05-01,True,0,0
E00092,C0043,P0372,F01491,2025-06-01,False,0,0
E00092,C0043,P0372,F01491,2025-07-01,False,0,0
E00092,C0043,P0372,F01491,2025-08-01,False,0,0
E00092,C0043,P0372,F01491,2025-09-01,True,71,5
E00092,C0043,P0372,F01491,2025-10-01,True,353,11
E00092,C0043,P0372,F01491,2025-11-01,True,315,3
E00092,C0043,P0372,F01491,2025-12-01,True,244,29
E00092,C0043,P0372,F01491,2026-01-01,True,135,10
E00092,C0043,P0372,F01491,2026-02-01,True,503,17
E00092,C0043,P0372,F01491,2026-03-01,True,568,7
E00092,C0043,P0372,F01491,2026-04-01,True,164,30
E00092,C0043,P0372,F01491,2026-05-01,True,661,11
E00093,C0013,P0301,F01201,2025-07-01,True,899,3
E00093,C0013,P0301,F01201,2025-08-01,True,30,11
E00093,C0013,P0301,F01201,2025-09-01,True,410,3
E00093,C0013,P0301,F01201,2025-10-01,False,0,0
E00093,C0013,P0301,F01201,2025-11-01,True,645,2
E00093,C0013,P0301,F01201,2025-12-01,True,462,15
E00093,C0013,P0301,F01201,2026-01-01,True,393,3
E00093,C0013,P0301,F01201,2026-02-01,True,799,7
E00093,C0013,P0301,F01201,2026-03-01,True,237,6
E00093,C0013,P0301,F01201,2026-04-01,True,581,7
E00093,C0013,P0301,F01201,2026-05-01,True,123,20
E00093,C0013,P0301,F01201,2026-06-01,False,0,0
E00093,C0013,P0301,F01202,2025-07-01,False,0,0
E00093,C0013,P0301,F01202,2025-08-01,False,0,0
E00093,C0013,P0301,F01202,2025-09-01,False,0,0
E00093,C0013,P0301,F01202,2025-10-01,False,0,0
E00093,C0013,P0301,F01202,2025-11-01,False,0,0
E00093,C0013,P0301,F01202,2025-12-01,True,341,20
E00093,C0013,P0301,F01202,2026-01-01,True,360,6
E00093,C0013,P0301,F01202,2026-02-01,True,58,11
E00093,C0013,P0301,F01202,2026-03-01,True,277,17
E00093,C0013,P0301,F01202,2026-04-01,True,218,13
E00093,C0013,P0301,F01202,2026-05-01,True,349,5
E00093,C0013,P0301,F01202,2026-06-01,True,233,3
E00093,C0013,P0301,F01203,2025-07-01,True,1133,13
E00093,C0013,P0301,F01203,2025-08-01,True,94,30
E00093,C0013,P0301,F01203,2025-09-01,True,133,6
E00093,C0013,P0301,F01203,2025-10-01,True,293,10
E00093,C0013,P0301,F01203,2025-11-01,True,587,2
E00093,C0013,P0301,F01203,2025-12-01,True,360,8
E00093,C0013,P0301,F01203,2026-01-01,True,403,8
E00093,C0013,P0301,F01203,2026-02-01,True,242,9
E00093,C0013,P0301,F01203,2026-03-01,True,1055,7
E00093,C0013,P0301,F01203,2026-04-01,False,0,0
E00093,C0013,P0301,F01203,2026-05-01,True,775,11
E00093,C0013,P0301,F01203,2026-06-01,True,377,12
E00093,C0013,P0301,F01204,2025-07-01,False,0,0
E00093,C0013,P0301,F01204,2025-08-01,False,0,0
E00093,C0013,P0301,F01204,2025-09-01,False,0,0
E00093,C0013,P0301,F01204,2025-10-01,False,0,0
E00093,C0013,P0301,F01204,2025-11-01,False,0,0
E00093,C0013,P0301,F01204,2025-12-01,False,0,0
E00093,C0013,P0301,F01204,2026-01-01,True,502,8
E00093,C0013,P0301,F01204,2026-02-01,True,740,14
E00093,C0013,P0301,F01204,2026-03-01,False,0,0
E00093,C0013,P0301,F01204,2026-04-01,True,110,1
E00093,C0013,P0301,F01204,2026-05-01,True,1034,12
E00093,C0013,P0301,F01204,2026-06-01,True,97,7
E00093,C0013,P0301,F01205,2025-07-01,False,0,0
E00093,C0013,P0301,F01205,2025-08-01,False,0,0
E00093,C0013,P0301,F01264,2025-09-01,True,0,0
E00093,C0013,P0301,F01205,2025-10-01,False,0,0
E00093,C0013,P0301,F01205,2025-11-01,False,0,0
E00093,C0013,P0301,F01205,2025-12-01,False,0,0
E00093,C0013,P0301,F01205,2026-01-01,False,0,0
E00093,C0013,P0301,F01205,2026-02-01,False,0,0
E00093,C0013,P0301,F01205,2026-03-01,False,0,0
E00093,C0013,P0301,F01205,2026-04-01,False,0,0
E00093,C0013,P0301,F01205,2026-05-01,False,0,0
E00093,C0013,P0301,F01205,2026-06-01,False,0,0
E00094,C0017,P0151,F00589,2025-11-01,True,661,9
E00094,C0017,P0151,F00589,2025-12-01,True,327,16
E00094,C0017,P0151,F00589,2026-01-01,True,445,15
E00094,C0017,P0151,F00589,2026-02-01,True,574,6
E00094,C0017,P0151,F00589,2026-03-01,True,209,5
E00094,C0017,P0151,F00589,2026-04-01,True,218,9
E00094,C0017,P0151,F00589,2026-05-01,True,336,25
E00094,C0017,P0151,F00589,2026-06-01,True,429,9
E00094,C0017,P0151,F00589,2026-07-01,True,141,8
E00094,C0017,P0151,F00589,2026-08-01,False,0,0
E00094,C0017,P0151,F00590,2025-11-01,False,0,0
E00094,C0017,P0151,F00590,2025-12-01,True,1086,30
E00094,C0017,P0151,F00590,2026-01-01,True,272,2
E00094,C0017,P0151,F00590,2026-02-01,True,243,25
E00094,C0017,P0151,F00590,2026-03-01,True,319,16
E00094,C0017,P0151,F00590,2026-04-01,True,348,3
E00094,C0017,P0151,F00590,2026-05-01,False,0,0
E00094,C0017,P0151,F00590,2026-06-01,True,358,18
E00094,C0017,P0151,F00590,2026-07-01,True,216,17
E00094,C0017,P0151,F00590,2026-08-01,False,0,0
E00094,C0017,P0151,F00531,2025-11-01,True,0,0
E00094,C0017,P0151,F00591,2025-12-01,False,0,0
E00094,C0017,P0151,F00591,2026-01-01,False,0,0
E00094,C0017,P0151,F00591,2026-02-01,False,0,0
E00094,C0017,P0151,F00591,2026-03-01,False,0,0
E00094,C0017,P0151,F00591,2026-04-01,False,0,0
E00094,C0017,P0151,F00591,2026-05-01,False,0,0
E00094,C0017,P0151,F00591,2026-06-01,False,0,0
E00094,C0017,P0151,F00591,2026-07-01,False,0,0
E00094,C0017,P0151,F00591,2026-08-01,False,0,0
E00094,C0017,P0151,F00592,2025-11-01,False,0,0
E00094,C0017,P0151,F00592,2025-12-01,False,0,0
E00094,C0017,P0151,F00592,2026-01-01,False,0,0
E00094,C0017,P0151,F00592,2026-02-01,False,0,0
E00094,C0017,P0151,F00592,2026-03-01,False,0,0
E00094,C0017,P0151,F00592,2026-04-01,False,0,0
E00094,C0017,P0151,F00592,2026-05-01,False,0,0
E00094,C0017,P0151,F00592,2026-06-01,False,0,0
E00094,C0017,P0151,F00592,2026-07-01,False,0,0
E00094,C0017,P0151,F00592,2026-08-01,False,0,0
E00094,C0017,P0151,F00593,2025-11-01,False,0,0
E00094,C0017,P0151,F00593,2025-12-01,False,0,0
E00094,C0017,P0151,F00593,2026-01-01,False,0,0
E00094,C0017,P0151,F00593,2026-02-01,False,0,0
E00094,C0017,P0151,F00593,2026-03-01,False,0,0
E00094,C0017,P0151,F00593,2026-04-01,False,0,0
E00094,C0017,P0151,F00593,2026-05-01,False,0,0
E00094,C0017,P0151,F00593,2026-06-01,False,0,0
E00094,C0017,P0151,F00593,2026-07-01,True,375,17
E00094,C0017,P0151,F00593,2026-08-01,False,0,0
E00095,C0046,P0410,F01639,2025-10-01,True,449,5
E00095,C0046,P0410,F01639,2025-11-01,True,277,8
E00095,C0046,P0410,F01639,2025-12-01,True,207,12
E00095,C0046,P0410,F01639,2026-01-01,True,1214,21
E00095,C0046,P0410,F01639,2026-02-01,False,0,0
E00095,C0046,P0410,F01639,2026-03-01,True,808,6
E00095,C0046,P0410,F01639,2026-04-01,True,817,28
E00095,C0046,P0410,F01639,2026-05-01,True,191,14
E00095,C0046,P0410,F01639,2026-06-01,True,495,9
E00095,C0046,P0410,F01639,2026-07-01,True,399,14
E00095,C0046,P0410,F01639,2026-08-01,False,0,0
E00095,C0046,P0410,F01640,2025-10-01,False,0,0
E00095,C0046,P0410,F01640,2025-11-01,False,0,0
E00095,C0046,P0410,F01640,2025-12-01,False,0,0
E00095,C0046,P0410,F01640,2026-01-01,False,0,0
E00095,C0046,P0410,F01640,2026-02-01,False,0,0
E00095,C0046,P0410,F01640,2026-03-01,False,0,0
E00095,C0046,P0410,F01640,2026-04-01,False,0,0
E00095,C0046,P0410,F01640,2026-05-01,False,0,0
E00095,C0046,P0410,F01640,2026-06-01,False,0,0
E00095,C0046,P0410,F01640,2026-07-01,False,0,0
E00095,C0046,P0410,F01640,2026-08-01,False,0,0
E00095,C0046,P0410,F01641,2025-10-01,False,0,0
E00095,C0046,P0410,F01641,2025-11-01,False,0,0
E00095,C0046,P0410,F01641,2025-12-01,False,0,0
E00095,C0046,P0410,F01641,2026-01-01,False,0,0
E00095,C0046,P0410,F01641,2026-02-01,False,0,0
E00095,C0046,P0410,F00952,2026-03-01,True,0,0
E00095,C0046,P0410,F01641,2026-04-01,False,0,0
E00095,C0046,P0410,F01641,2026-05-01,False,0,0
E00095,C0046,P0410,F01641,2026-06-01,False,0,0
E00095,C0046,P0410,F01641,2026-07-01,False,0,0
E00095,C0046,P0410,F01641,2026-08-01,False,0,0
E00095,C0046,P0410,F01642,2025-10-01,False,0,0
E00095,C0046,P0410,F01642,2025-11-01,False,0,0
E00095,C0046,P0410,F01642,2025-12-01,False,0,0
E00095,C0046,P0410,F01642,2026-01-01,False,0,0
E00095,C0046,P0410,F01642,2026-02-01,False,0,0
E00095,C0046,P0410,F01642,2026-03-01,False,0,0
E00095,C0046,P0410,F01642,2026-04-01,False,0,0
E00095,C0046,P0410,F01642,2026-05-01,False,0,0
E00095,C0046,P0410,F01642,2026-06-01,False,0,0
E00095,C0046,P0410,F01642,2026-07-01,False,0,0
E00095,C0046,P0410,F01642,2026-08-01,False,0,0
E00095,C0046,P0410,F01643,2025-10-01,False,0,0
E00095,C0046,P0410,F01643,2025-11-01,False,0,0
E00095,C0046,P0410,F01643,2025-12-01,False,0,0
E00095,C0046,P0410,F01643,2026-01-01,False,0,0
E00095,C0046,P0410,F01643,2026-02-01,True,309,20
E00095,C0046,P0410,F01643,2026-03-01,True,111,8
E00095,C0046,P0410,F01643,2026-04-01,True,587,31
E00095,C0046,P0410,F01643,2026-05-01,True,747,11
E00095,C0046,P0410,F01643,2026-06-01,True,320,8
E00095,C0046,P0410,F01643,2026-07-01,True,282,2
E00095,C0046,P0410,F01643,2026-08-01,True,1101,10
E00096,C0049,P0067,F00259,2025-06-01,False,0,0
E00096,C0049,P0067,F00259,2025-07-01,False,0,0
E00096,C0049,P0067,F00259,2025-08-01,False,0,0
E00096,C0049,P0067,F00259,2025-09-01,False,0,0
E00096,C0049,P0067,F00259,2025-10-01,False,0,0
E00096,C0049,P0067,F00259,2025-11-01,False,0,0
E00096,C0049,P0067,F00259,2025-12-01,False,0,0
E00096,C0049,P0067,F00259,2026-01-01,False,0,0
E00096,C0049,P0067,F00259,2026-02-01,False,0,0
E00096,C0049,P0067,F00259,2026-03-01,False,0,0
E00096,C0049,P0067,F00260,2025-06-01,False,0,0
E00096,C0049,P0067,F00260,2025-07-01,False,0,0
E00096,C0049,P0067,F00260,2025-08-01,False,0,0
E00096,C0049,P0067,F00260,2025-09-01,False,0,0
E00096,C0049,P0067,F00260,2025-10-01,False,0,0
E00096,C0049,P0067,F00260,2025-11-01,False,0,0
E00096,C0049,P0067,F00260,2025-12-01,False,0,0
E00096,C0049,P0067,F00260,2026-01-01,False,0,0
E00096,C0049,P0067,F00260,2026-02-01,False,0,0
E00096,C0049,P0067,F00260,2026-03-01,False,0,0
E00096,C0049,P0067,F00261,2025-06-01,False,0,0
E00096,C0049,P0067,F00261,2025-07-01,False,0,0
E00096,C0049,P0067,F00261,2025-08-01,False,0,0
E00096,C0049,P0067,F00261,2025-09-01,False,0,0
E00096,C0049,P0067,F00261,2025-10-01,False,0,0
E00096,C0049,P0067,F00261,2025-11-01,False,0,0
E00096,C0049,P0067,F00261,2025-12-01,False,0,0
E00096,C0049,P0067,F00261,2026-01-01,False,0,0
E00096,C0049,P0067,F00261,2026-02-01,False,0,0
E00096,C0049,P0067,F00261,2026-03-01,False,0,0
E00096,C0049,P0067,F00262,2025-06-01,False,0,0
E00096,C0049,P0067,F00262,2025-07-01,False,0,0
E00096,C0049,P0067,F00262,2025-08-01,False,0,0
E00096,C0049,P0067,F00262,2025-09-01,False,0,0
E00096,C0049,P0067,F00262,2025-10-01,False,0,0
E00096,C0049,P0067,F00262,2025-11-01,False,0,0
E00096,C0049,P0067,F00262,2025-12-01,False,0,0
E00096,C0049,P0067,F00262,2026-01-01,False,0,0
E00096,C0049,P0067,F00262,2026-02-01,False,0,0
E00096,C0049,P0067,F00262,2026-03-01,False,0,0
E00096,C0049,P0067,F00263,2025-06-01,False,0,0
E00096,C0049,P0067,F00263,2025-07-01,False,0,0
E00096,C0049,P0067,F00263,2025-08-01,False,0,0
E00096,C0049,P0067,F00263,2025-09-01,False,0,0
E00096,C0049,P0067,F00263,2025-10-01,False,0,0
E00096,C0049,P0067,F00263,2025-11-01,False,0,0
E00096,C0049,P0067,F00263,2025-12-01,False,0,0
E00096,C0049,P0067,F00263,2026-01-01,False,0,0
E00096,C0049,P0067,F00263,2026-02-01,False,0,0
E00096,C0049,P0067,F00263,2026-03-01,False,0,0
E00097,C0029,P0213,F00839,2025-09-01,False,0,0
E00097,C0029,P0213,F00839,2025-10-01,True,181,14
E00097,C0029,P0213,F00969,2025-11-01,True,194,19
E00097,C0029,P0213,F00839,2025-12-01,True,186,17
E00097,C0029,P0213,F00839,2026-01-01,True,278,12
E00097,C0029,P0213,F00839,2026-02-01,True,638,7
E00097,C0029,P0213,F00839,2026-03-01,True,627,2
E00097,C0029,P0213,F00839,2026-04-01,True,950,20
E00097,C0029,P0213,F00839,2026-05-01,True,330,22
E00097,C0029,P0213,F00839,2026-06-01,True,734,10
E00097,C0029,P0213,F00839,2026-07-01,True,351,5
E00097,C0029,P0213,F00839,2026-08-01,True,368,3
E00097,C0029,P0213,F00840,2025-09-01,False,0,0
E00097,C0029,P0213,F00840,2025-10-01,False,0,0
E00097,C0029,P0213,F00840,2025-11-01,False,0,0
E00097,C0029,P0213,F00840,2025-12-01,False,0,0
E00097,C0029,P0213,F00840,2026-01-01,False,0,0
E00097,C0029,P0213,F00840,2026-02-01,False,0,0
E00097,C0029,P0213,F00840,2026-03-01,False,0,0
E00097,C0029,P0213,F00840,2026-04-01,False,0,0
E00097,C0029,P0213,F00840,2026-05-01,False,0,0
E00097,C0029,P0213,F00840,2026-06-01,False,0,0
E00097,C0029,P0213,F00840,2026-07-01,False,0,0
E00097,C0029,P0213,F00840,2026-08-01,False,0,0
E00097,C0029,P0213,F00841,2025-09-01,False,0,0
E00097,C0029,P0213,F00841,2025-10-01,False,0,0
E00097,C0029,P0213,F00841,2025-11-01,False,0,0
E00097,C0029,P0213,F00841,2025-12-01,False,0,0
E00097,C0029,P0213,F00841,2026-01-01,False,0,0
E00097,C0029,P0213,F00841,2026-02-01,True,601,17
E00097,C0029,P0213,F00841,2026-03-01,True,62,25
E00097,C0029,P0213,F00841,2026-04-01,True,213,52
E00097,C0029,P0213,F00841,2026-05-01,True,420,25
E00097,C0029,P0213,F00841,2026-06-01,True,157,8
E00097,C0029,P0213,F00841,2026-07-01,False,0,0
E00097,C0029,P0213,F00841,2026-08-01,False,0,0
E00097,C0029,P0213,F00842,2025-09-01,False,0,0
E00097,C0029,P0213,F00842,2025-10-01,False,0,0
E00097,C0029,P0213,F01188,2025-11-01,True,0,0
E00097,C0029,P0213,F00842,2025-12-01,False,0,0
E00097,C0029,P0213,F00842,2026-01-01,True,228,3
E00097,C0029,P0213,F00842,2026-02-01,True,111,9
E00097,C0029,P0213,F00842,2026-03-01,True,469,4
E00097,C0029,P0213,F00842,2026-04-01,True,264,6
E00097,C0029,P0213,F00842,2026-05-01,True,337,16
E00097,C0029,P0213,F00842,2026-06-01,True,383,7
E00097,C0029,P0213,F00842,2026-07-01,True,718,13
E00097,C0029,P0213,F00842,2026-08-01,False,0,0
E00098,C0085,P0184,F00723,2025-06-01,True,391,4
E00098,C0085,P0184,F00723,2025-07-01,True,667,14
E00098,C0085,P0184,F00723,2025-08-01,True,510,9
E00098,C0085,P0184,F00723,2025-09-01,True,256,31
E00098,C0085,P0184,F00723,2025-10-01,True,253,4
E00098,C0085,P0184,F02004,2025-11-01,True,406,10
E00098,C0085,P0184,F00723,2025-12-01,True,740,9
E00098,C0085,P0184,F00723,2026-01-01,True,557,26
E00098,C0085,P0184,F00723,2026-02-01,True,471,5
E00098,C0085,P0184,F00724,2025-06-01,False,0,0
E00098,C0085,P0184,F00724,2025-07-01,False,0,0
E00098,C0085,P0184,F00724,2025-08-01,False,0,0
E00098,C0085,P0184,F00724,2025-09-01,False,0,0
E00098,C0085,P0184,F00724,2025-10-01,True,481,8
E00098,C0085,P0184,F00724,2025-11-01,True,427,10
E00098,C0085,P0184,F00724,2025-12-01,True,116,9
E00098,C0085,P0184,F00724,2026-01-01,True,143,7
E00098,C0085,P0184,F00724,2026-02-01,True,666,11
E00098,C0085,P0184,F00725,2025-06-01,False,0,0
E00098,C0085,P0184,F00725,2025-07-01,False,0,0
E00098,C0085,P0184,F00725,2025-08-01,False,0,0
E00098,C0085,P0184,F00725,2025-09-01,False,0,0
E00098,C0085,P0184,F00725,2025-10-01,False,0,0
E00098,C0085,P0184,F00725,2025-11-01,False,0,0
E00098,C0085,P0184,F00725,2025-12-01,False,0,0
E00098,C0085,P0184,F00725,2026-01-01,False,0,0
E00098,C0085,P0184,F00725,2026-02-01,False,0,0
E00099,C0086,P0458,F01835,2025-06-01,True,533,11
E00099,C0086,P0458,F01835,2025-07-01,True,283,12
E00099,C0086,P0458,F01835,2025-08-01,True,71,17
E00099,C0086,P0458,F01835,2025-09-01,False,0,0
E00099,C0086,P0458,F01835,2025-10-01,False,0,0
E00099,C0086,P0458,F01835,2025-11-01,False,0,0
E00099,C0086,P0458,F01835,2025-12-01,False,0,0
E00099,C0086,P0458,F01835,2026-01-01,False,0,0
E00099,C0086,P0458,F01836,2025-06-01,True,176,14
E00099,C0086,P0458,F01836,2025-07-01,True,274,4
E00099,C0086,P0458,F01836,2025-08-01,True,204,14
E00099,C0086,P0458,F01836,2025-09-01,False,0,0
E00099,C0086,P0458,F01836,2025-10-01,False,0,0
E00099,C0086,P0458,F01836,2025-11-01,False,0,0
E00099,C0086,P0458,F01836,2025-12-01,False,0,0
E00099,C0086,P0458,F01836,2026-01-01,False,0,0
E00099,C0086,P0458,F01837,2025-06-01,True,1343,10
E00099,C0086,P0458,F01837,2025-07-01,True,1241,2
E00099,C0086,P0458,F01837,2025-08-01,True,291,10
E00099,C0086,P0458,F01837,2025-09-01,False,0,0
E00099,C0086,P0458,F01837,2025-10-01,False,0,0
E00099,C0086,P0458,F01837,2025-11-01,False,0,0
E00099,C0086,P0458,F01837,2025-12-01,False,0,0
E00099,C0086,P0458,F01837,2026-01-01,False,0,0
E00100,C0044,P0117,F00450,2025-06-01,False,0,0
E00100,C0044,P0117,F00450,2025-07-01,False,0,0
E00100,C0044,P0117,F00450,2025-08-01,True,531,6
E00100,C0044,P0117,F00450,2025-09-01,True,457,9
E00100,C0044,P0117,F00450,2025-10-01,True,812,12
E00100,C0044,P0117,F00450,2025-11-01,True,1794,9
E00100,C0044,P0117,F00450,2025-12-01,True,777,26
E00100,C0044,P0117,F00450,2026-01-01,True,18,17
E00100,C0044,P0117,F00450,2026-02-01,True,296,4
E00100,C0044,P0117,F00450,2026-03-01,True,822,7
E00100,C0044,P0117,F00450,2026-04-01,False,0,0
E00100,C0044,P0117,F00451,2025-06-01,False,0,0
E00100,C0044,P0117,F00451,2025-07-01,False,0,0
E00100,C0044,P0117,F00451,2025-08-01,False,0,0
E00100,C0044,P0117,F00451,2025-09-01,True,67,12
E00100,C0044,P0117,F00451,2025-10-01,True,905,4
E00100,C0044,P0117,F00615,2025-11-01,True,652,2
E00100,C0044,P0117,F00451,2025-12-01,True,948,14
E00100,C0044,P0117,F00451,2026-01-01,True,121,17
E00100,C0044,P0117,F00451,2026-02-01,True,232,5
E00100,C0044,P0117,F00451,2026-03-01,True,228,16
E00100,C0044,P0117,F00451,2026-04-01,True,153,1
E00100,C0044,P0117,F00452,2025-06-01,False,0,0
E00100,C0044,P0117,F00452,2025-07-01,False,0,0
E00100,C0044,P0117,F00452,2025-08-01,False,0,0
E00100,C0044,P0117,F00452,2025-09-01,False,0,0
E00100,C0044,P0117,F00452,2025-10-01,False,0,0
E00100,C0044,P0117,F00452,2025-11-01,False,0,0
E00100,C0044,P0117,F00452,2025-12-01,False,0,0
E00100,C0044,P0117,F00452,2026-01-01,False,0,0
E00100,C0044,P0117,F00452,2026-02-01,False,0,0
E00100,C0044,P0117,F00452,2026-03-01,False,0,0
E00100,C0044,P0117,F00452,2026-04-01,False,0,0
E00100,C0044,P0117,F00453,2025-06-01,False,0,0
E00100,C0044,P0117,F00453,2025-07-01,False,0,0
E00100,C0044,P0117,F00453,2025-08-01,False,0,0
E00100,C0044,P0117,F00453,2025-09-01,False,0,0
E00100,C0044,P0117,F00453,2025-10-01,False,0,0
E00100,C0044,P0117,F00453,2025-11-01,False,0,0
E00100,C0044,P0117,F00453,2025-12-01,False,0,0
E00100,C0044,P0117,F00453,2026-01-01,False,0,0
E00100,C0044,P0117,F00453,2026-02-01,True,238,24
E00100,C0044,P0117,F00453,2026-03-01,True,837,7
E00100,C0044,P0117,F00453,2026-04-01,True,221,6
E00101,C0009,P0402,F01610,2025-07-01,True,202,6
E00101,C0009,P0402,F01610,2025-08-01,True,429,24
E00101,C0009,P0402,F01610,2025-09-01,True,152,5
E00101,C0009,P0402,F01610,2025-10-01,True,465,17
E00101,C0009,P0402,F01610,2025-11-01,True,86,30
E00101,C0009,P0402,F01610,2025-12-01,True,275,3
E00101,C0009,P0402,F01610,2026-01-01,True,82,3
E00101,C0009,P0402,F01610,2026-02-01,True,767,11
E00101,C0009,P0402,F01610,2026-03-01,True,772,9
E00101,C0009,P0402,F01610,2026-04-01,True,757,9
E00101,C0009,P0402,F01610,2026-05-01,True,529,10
E00101,C0009,P0402,F01610,2026-06-01,True,303,5
E00101,C0009,P0402,F01611,2025-07-01,False,0,0
E00101,C0009,P0402,F01611,2025-08-01,False,0,0
E00101,C0009,P0402,F01611,2025-09-01,False,0,0
E00101,C0009,P0402,F01611,2025-10-01,False,0,0
E00101,C0009,P0402,F01611,2025-11-01,False,0,0
E00101,C0009,P0402,F01611,2025-12-01,False,0,0
E00101,C0009,P0402,F01611,2026-01-01,False,0,0
E00101,C0009,P0402,F01611,2026-02-01,False,0,0
E00101,C0009,P0402,F01611,2026-03-01,False,0,0
E00101,C0009,P0402,F01611,2026-04-01,False,0,0
E00101,C0009,P0402,F01611,2026-05-01,False,0,0
E00101,C0009,P0402,F01611,2026-06-01,False,0,0
E00101,C0009,P0402,F01612,2025-07-01,False,0,0
E00101,C0009,P0402,F01612,2025-08-01,False,0,0
E00101,C0009,P0402,F01612,2025-09-01,True,582,4
E00101,C0009,P0402,F01612,2025-10-01,True,581,11
E00101,C0009,P0402,F00860,2025-11-01,True,592,12
E00101,C0009,P0402,F01612,2025-12-01,True,814,14
E00101,C0009,P0402,F01612,2026-01-01,True,396,1
E00101,C0009,P0402,F01612,2026-02-01,True,837,3
E00101,C0009,P0402,F00888,2026-03-01,True,104,18
E00101,C0009,P0402,F01612,2026-04-01,True,366,3
E00101,C0009,P0402,F01612,2026-05-01,True,221,23
E00101,C0009,P0402,F01612,2026-06-01,True,406,11
E00102,C0044,P0437,F01746,2025-08-01,False,0,0
E00102,C0044,P0437,F01746,2025-09-01,True,198,18
E00102,C0044,P0437,F01746,2025-10-01,True,332,16
E00102,C0044,P0437,F01746,2025-11-01,True,180,37
E00102,C0044,P0437,F01746,2025-12-01,True,908,12
E00102,C0044,P0437,F01746,2026-01-01,True,471,7
E00102,C0044,P0437,F01746,2026-02-01,True,597,1
E00102,C0044,P0437,F01746,2026-03-01,True,1065,16
E00102,C0044,P0437,F01746,2026-04-01,True,149,29
E00102,C0044,P0437,F01746,2026-05-01,True,1272,14
E00102,C0044,P0437,F01746,2026-06-01,True,183,11
E00102,C0044,P0437,F01746,2026-07-01,True,541,13
E00102,C0044,P0437,F01747,2025-08-01,False,0,0
E00102,C0044,P0437,F01747,2025-09-01,False,0,0
E00102,C0044,P0437,F01747,2025-10-01,False,0,0
E00102,C0044,P0437,F01747,2025-11-01,False,0,0
E00102,C0044,P0437,F01747,2025-12-01,False,0,0
E00102,C0044,P0437,F01747,2026-01-01,False,0,0
E00102,C0044,P0437,F01747,2026-02-01,False,0,0
E00102,C0044,P0437,F01747,2026-03-01,False,0,0
E00102,C0044,P0437,F01747,2026-04-01,False,0,0
E00102,C0044,P0437,F01747,2026-05-01,False,0,0
E00102,C0044,P0437,F01747,2026-06-01,False,0,0
E00102,C0044,P0437,F01747,2026-07-01,False,0,0
E00102,C0044,P0437,F01748,2025-08-01,False,0,0
E00102,C0044,P0437,F01748,2025-09-01,False,0,0
E00102,C0044,P0437,F01748,2025-10-01,False,0,0
E00102,C0044,P0437,F01748,2025-11-01,False,0,0
E00102,C0044,P0437,F01748,2025-12-01,False,0,0
E00102,C0044,P0437,F01748,2026-01-01,False,0,0
E00102,C0044,P0437,F01748,2026-02-01,False,0,0
E00102,C0044,P0437,F01748,2026-03-01,False,0,0
E00102,C0044,P0437,F01748,2026-04-01,False,0,0
E00102,C0044,P0437,F01748,2026-05-01,False,0,0
E00102,C0044,P0437,F01748,2026-06-01,False,0,0
E00102,C0044,P0437,F01748,2026-07-01,False,0,0
E00103,C0063,P0387,F01551,2025-07-01,False,0,0
E00103,C0063,P0387,F01551,2025-08-01,False,0,0
E00103,C0063,P0387,F01551,2025-09-01,False,0,0
E00103,C0063,P0387,F01551,2025-10-01,False,0,0
E00103,C0063,P0387,F01551,2025-11-01,False,0,0
E00103,C0063,P0387,F01551,2025-12-01,False,0,0
E00103,C0063,P0387,F01551,2026-01-01,False,0,0
E00103,C0063,P0387,F01551,2026-02-01,False,0,0
E00103,C0063,P0387,F01551,2026-03-01,False,0,0
E00103,C0063,P0387,F01551,2026-04-01,False,0,0
E00103,C0063,P0387,F01551,2026-05-01,False,0,0
E00103,C0063,P0387,F01551,2026-06-01,False,0,0
E00103,C0063,P0387,F01552,2025-07-01,False,0,0
E00103,C0063,P0387,F01552,2025-08-01,False,0,0
E00103,C0063,P0387,F01552,2025-09-01,False,0,0
E00103,C0063,P0387,F01552,2025-10-01,False,0,0
E00103,C0063,P0387,F01552,2025-11-01,False,0,0
E00103,C0063,P0387,F01552,2025-12-01,False,0,0
E00103,C0063,P0387,F01552,2026-01-01,False,0,0
E00103,C0063,P0387,F01552,2026-02-01,False,0,0
E00103,C0063,P0387,F01552,2026-03-01,False,0,0
E00103,C0063,P0387,F01552,2026-04-01,False,0,0
E00103,C0063,P0387,F01552,2026-05-01,False,0,0
E00103,C0063,P0387,F01552,2026-06-01,False,0,0
E00103,C0063,P0387,F01553,2025-07-01,False,0,0
E00103,C0063,P0387,F01553,2025-08-01,False,0,0
E00103,C0063,P0387,F01553,2025-09-01,False,0,0
E00103,C0063,P0387,F01553,2025-10-01,False,0,0
E00103,C0063,P0387,F01553,2025-11-01,False,0,0
E00103,C0063,P0387,F01553,2025-12-01,False,0,0
E00103,C0063,P0387,F01553,2026-01-01,False,0,0
E00103,C0063,P0387,F01553,2026-02-01,False,0,0
E00103,C0063,P0387,F01553,2026-03-01,False,0,0
E00103,C0063,P0387,F01553,2026-04-01,False,0,0
E00103,C0063,P0387,F01553,2026-05-01,False,0,0
E00103,C0063,P0387,F01553,2026-06-01,False,0,0
E00103,C0063,P0387,F01554,2025-07-01,False,0,0
E00103,C0063,P0387,F01554,2025-08-01,False,0,0
E00103,C0063,P0387,F01554,2025-09-01,False,0,0
E00103,C0063,P0387,F01554,2025-10-01,False,0,0
E00103,C0063,P0387,F01554,2025-11-01,False,0,0
E00103,C0063,P0387,F01554,2025-12-01,False,0,0
E00103,C0063,P0387,F01554,2026-01-01,False,0,0
E00103,C0063,P0387,F01554,2026-02-01,False,0,0
E00103,C0063,P0387,F01554,2026-03-01,False,0,0
E00103,C0063,P0387,F01554,2026-04-01,False,0,0
E00103,C0063,P0387,F01554,2026-05-01,False,0,0
E00103,C0063,P0387,F01554,2026-06-01,False,0,0
E00103,C0063,P0387,F01555,2025-07-01,False,0,0
E00103,C0063,P0387,F01555,2025-08-01,False,0,0
E00103,C0063,P0387,F01555,2025-09-01,False,0,0
E00103,C0063,P0387,F01555,2025-10-01,False,0,0
E00103,C0063,P0387,F01555,2025-11-01,False,0,0
E00103,C0063,P0387,F01555,2025-12-01,False,0,0
E00103,C0063,P0387,F01555,2026-01-01,False,0,0
E00103,C0063,P0387,F01555,2026-02-01,False,0,0
E00103,C0063,P0387,F01555,2026-03-01,False,0,0
E00103,C0063,P0387,F01555,2026-04-01,False,0,0
E00103,C0063,P0387,F01555,2026-05-01,False,0,0
E00103,C0063,P0387,F01555,2026-06-01,False,0,0
E00104,C0036,P0022,F00082,2025-09-01,False,0,0
E00104,C0036,P0022,F00082,2025-10-01,True,149,15
E00104,C0036,P0022,F00082,2025-11-01,True,801,4
E00104,C0036,P0022,F00082,2025-12-01,True,132,6
E00104,C0036,P0022,F00082,2026-01-01,False,0,0
E00104,C0036,P0022,F00082,2026-02-01,True,309,18
E00104,C0036,P0022,F00082,2026-03-01,True,795,5
E00104,C0036,P0022,F00082,2026-04-01,True,426,22
E00104,C0036,P0022,F00082,2026-05-01,True,1398,12
E00104,C0036,P0022,F00082,2026-06-01,False,0,0
E00104,C0036,P0022,F00082,2026-07-01,True,442,14
E00104,C0036,P0022,F00082,2026-08-01,False,0,0
E00104,C0036,P0022,F00083,2025-09-01,False,0,0
E00104,C0036,P0022,F00083,2025-10-01,False,0,0
E00104,C0036,P0022,F00083,2025-11-01,False,0,0
E00104,C0036,P0022,F00083,2025-12-01,False,0,0
E00104,C0036,P0022,F00083,2026-01-01,False,0,0
E00104,C0036,P0022,F00676,2026-02-01,True,0,0
E00104,C0036,P0022,F00083,2026-03-01,False,0,0
E00104,C0036,P0022,F00083,2026-04-01,False,0,0
E00104,C0036,P0022,F00083,2026-05-01,True,0,0
E00104,C0036,P0022,F00083,2026-06-01,False,0,0
E00104,C0036,P0022,F00083,2026-07-01,False,0,0
E00104,C0036,P0022,F00083,2026-08-01,False,0,0
E00104,C0036,P0022,F00084,2025-09-01,False,0,0
E00104,C0036,P0022,F00084,2025-10-01,False,0,0
E00104,C0036,P0022,F00084,2025-11-01,True,283,11
E00104,C0036,P0022,F00084,2025-12-01,True,43,7
E00104,C0036,P0022,F00084,2026-01-01,True,528,5
E00104,C0036,P0022,F00084,2026-02-01,True,670,2
E00104,C0036,P0022,F00084,2026-03-01,True,652,18
E00104,C0036,P0022,F00084,2026-04-01,True,1415,8
E00104,C0036,P0022,F00084,2026-05-01,True,367,28
E00104,C0036,P0022,F00084,2026-06-01,True,913,21
E00104,C0036,P0022,F00084,2026-07-01,True,472,27
E00104,C0036,P0022,F00084,2026-08-01,False,0,0
E00105,C0100,P0081,F00314,2025-06-01,False,0,0
E00105,C0100,P0081,F00314,2025-07-01,True,1745,16
E00105,C0100,P0081,F00314,2025-08-01,True,380,17
E00105,C0100,P0081,F00314,2025-09-01,True,420,9
E00105,C0100,P0081,F00314,2025-10-01,True,672,7
E00105,C0100,P0081,F00314,2025-11-01,True,555,3
E00105,C0100,P0081,F00314,2025-12-01,True,1096,6
E00105,C0100,P0081,F00315,2025-06-01,False,0,0
E00105,C0100,P0081,F00315,2025-07-01,False,0,0
E00105,C0100,P0081,F00315,2025-08-01,False,0,0
E00105,C0100,P0081,F00315,2025-09-01,False,0,0
E00105,C0100,P0081,F00315,2025-10-01,True,102,25
E00105,C0100,P0081,F00315,2025-11-01,True,1005,13
E00105,C0100,P0081,F00315,2025-12-01,True,340,8
E00105,C0100,P0081,F00316,2025-06-01,False,0,0
E00105,C0100,P0081,F00316,2025-07-01,False,0,0
E00105,C0100,P0081,F00316,2025-08-01,False,0,0
E00105,C0100,P0081,F00854,2025-09-01,True,0,0
E00105,C0100,P0081,F00316,2025-10-01,False,0,0
E00105,C0100,P0081,F00316,2025-11-01,False,0,0
E00105,C0100,P0081,F00316,2025-12-01,True,446,10
E00106,C0035,P0051,F00195,2025-08-01,True,322,5
E00106,C0035,P0051,F00195,2025-09-01,True,128,11
E00106,C0035,P0051,F00195,2025-10-01,True,436,6
E00106,C0035,P0051,F00195,2025-11-01,True,223,12
E00106,C0035,P0051,F00195,2025-12-01,True,166,21
E00106,C0035,P0051,F00195,2026-01-01,True,540,6
E00106,C0035,P0051,F00522,2026-02-01,True,520,5
E00106,C0035,P0051,F00195,2026-03-01,True,653,5
E00106,C0035,P0051,F00195,2026-04-01,True,335,12
E00106,C0035,P0051,F00195,2026-05-01,True,995,6
E00106,C0035,P0051,F00195,2026-06-01,True,180,3
E00106,C0035,P0051,F00195,2026-07-01,True,1194,11
E00106,C0035,P0051,F00196,2025-08-01,False,0,0
E00106,C0035,P0051,F00196,2025-09-01,True,771,7
E00106,C0035,P0051,F00196,2025-10-01,True,245,10
E00106,C0035,P0051,F00196,2025-11-01,True,361,17
E00106,C0035,P0051,F00196,2025-12-01,False,0,0
E00106,C0035,P0051,F00196,2026-01-01,True,385,8
E00106,C0035,P0051,F00196,2026-02-01,True,1209,5
E00106,C0035,P0051,F00196,2026-03-01,True,188,5
E00106,C0035,P0051,F00196,2026-04-01,True,613,14
E00106,C0035,P0051,F00196,2026-05-01,False,0,0
E00106,C0035,P0051,F00196,2026-06-01,True,323,5
E00106,C0035,P0051,F00196,2026-07-01,True,408,19
E00106,C0035,P0051,F00197,2025-08-01,False,0,0
E00106,C0035,P0051,F00197,2025-09-01,False,0,0
E00106,C0035,P0051,F00197,2025-10-01,False,0,0
E00106,C0035,P0051,F00197,2025-11-01,True,1023,6
E00106,C0035,P0051,F00197,2025-12-01,True,322,14
E00106,C0035,P0051,F00197,2026-01-01,True,268,3
E00106,C0035,P0051,F00197,2026-02-01,True,323,4
E00106,C0035,P0051,F00197,2026-03-01,False,0,0
E00106,C0035,P0051,F00197,2026-04-01,True,714,8
E00106,C0035,P0051,F00197,2026-05-01,True,349,6
E00106,C0035,P0051,F00197,2026-06-01,True,360,24
E00106,C0035,P0051,F00197,2026-07-01,False,0,0
E00106,C0035,P0051,F00198,2025-08-01,False,0,0
E00106,C0035,P0051,F00198,2025-09-01,False,0,0
E00106,C0035,P0051,F00198,2025-10-01,False,0,0
E00106,C0035,P0051,F00198,2025-11-01,False,0,0
E00106,C0035,P0051,F00198,2025-12-01,True,768,4
E00106,C0035,P0051,F00198,2026-01-01,True,9,9
E00106,C0035,P0051,F00198,2026-02-01,True,288,8
E00106,C0035,P0051,F00198,2026-03-01,True,231,4
E00106,C0035,P0051,F00198,2026-04-01,True,1478,33
E00106,C0035,P0051,F00198,2026-05-01,True,264,12
E00106,C0035,P0051,F00198,2026-06-01,True,723,12
E00106,C0035,P0051,F00198,2026-07-01,True,247,3
E00106,C0035,P0051,F00199,2025-08-01,False,0,0
E00106,C0035,P0051,F00199,2025-09-01,False,0,0
E00106,C0035,P0051,F00199,2025-10-01,True,370,4
E00106,C0035,P0051,F00199,2025-11-01,False,0,0
E00106,C0035,P0051,F00199,2025-12-01,True,823,10
E00106,C0035,P0051,F00199,2026-01-01,True,535,8
E00106,C0035,P0051,F00199,2026-02-01,True,656,6
E00106,C0035,P0051,F00199,2026-03-01,True,455,8
E00106,C0035,P0051,F00199,2026-04-01,True,307,20
E00106,C0035,P0051,F00199,2026-05-01,True,191,14
E00106,C0035,P0051,F00199,2026-06-01,True,890,20
E00106,C0035,P0051,F00199,2026-07-01,True,220,15
E00107,C0005,P0104,F00401,2025-06-01,False,0,0
E00107,C0005,P0104,F00401,2025-07-01,True,65,20
E00107,C0005,P0104,F00401,2025-08-01,True,1742,13
E00107,C0005,P0104,F00401,2025-09-01,True,919,3
E00107,C0005,P0104,F00401,2025-10-01,True,149,8
E00107,C0005,P0104,F00401,2025-11-01,True,323,13
E00107,C0005,P0104,F00401,2025-12-01,True,221,12
E00107,C0005,P0104,F00401,2026-01-01,True,715,15
E00107,C0005,P0104,F00401,2026-02-01,True,273,17
E00107,C0005,P0104,F00401,2026-03-01,False,0,0
E00107,C0005,P0104,F00401,2026-04-01,True,263,11
E00107,C0005,P0104,F00402,2025-06-01,False,0,0
E00107,C0005,P0104,F00402,2025-07-01,False,0,0
E00107,C0005,P0104,F00402,2025-08-01,False,0,0
E00107,C0005,P0104,F00402,2025-09-01,False,0,0
E00107,C0005,P0104,F00402,2025-10-01,False,0,0
E00107,C0005,P0104,F00402,2025-11-01,True,690,9
E00107,C0005,P0104,F00402,2025-12-01,True,119,11
E00107,C0005,P0104,F00402,2026-01-01,True,694,21
E00107,C0005,P0104,F00402,2026-02-01,True,143,17
E00107,C0005,P0104,F00402,2026-03-01,True,302,27
E00107,C0005,P0104,F00402,2026-04-01,True,121,17
E00107,C0005,P0104,F00403,2025-06-01,False,0,0
E00107,C0005,P0104,F00403,2025-07-01,False,0,0
E00107,C0005,P0104,F00403,2025-08-01,False,0,0
E00107,C0005,P0104,F00403,2025-09-01,False,0,0
E00107,C0005,P0104,F00403,2025-10-01,False,0,0
E00107,C0005,P0104,F00403,2025-11-01,False,0,0
E00107,C0005,P0104,F00403,2025-12-01,False,0,0
E00107,C0005,P0104,F00403,2026-01-01,False,0,0
E00107,C0005,P0104,F00403,2026-02-01,False,0,0
E00107,C0005,P0104,F00403,2026-03-01,False,0,0
E00107,C0005,P0104,F00403,2026-04-01,False,0,0
E00107,C0005,P0104,F00404,2025-06-01,False,0,0
E00107,C0005,P0104,F00404,2025-07-01,False,0,0
E00107,C0005,P0104,F00404,2025-08-01,False,0,0
E00107,C0005,P0104,F00400,2025-09-01,True,0,0
E00107,C0005,P0104,F00404,2025-10-01,False,0,0
E00107,C0005,P0104,F00404,2025-11-01,False,0,0
E00107,C0005,P0104,F00404,2025-12-01,False,0,0
E00107,C0005,P0104,F00404,2026-01-01,False,0,0
E00107,C0005,P0104,F00404,2026-02-01,False,0,0
E00107,C0005,P0104,F00404,2026-03-01,False,0,0
E00107,C0005,P0104,F00404,2026-04-01,False,0,0
E00108,C0083,P0243,F00960,2025-06-01,True,276,7
E00108,C0083,P0243,F00960,2025-07-01,True,711,22
E00108,C0083,P0243,F00960,2025-08-01,True,45,20
E00108,C0083,P0243,F00960,2025-09-01,True,347,11
E00108,C0083,P0243,F00960,2025-10-01,True,115,16
E00108,C0083,P0243,F00960,2025-11-01,True,1502,7
E00108,C0083,P0243,F00961,2025-06-01,False,0,0
E00108,C0083,P0243,F00961,2025-07-01,False,0,0
E00108,C0083,P0243,F00961,2025-08-01,False,0,0
E00108,C0083,P0243,F00961,2025-09-01,False,0,0
E00108,C0083,P0243,F00531,2025-10-01,True,0,0
E00108,C0083,P0243,F00961,2025-11-01,False,0,0
E00108,C0083,P0243,F00962,2025-06-01,False,0,0
E00108,C0083,P0243,F00962,2025-07-01,False,0,0
E00108,C0083,P0243,F00962,2025-08-01,False,0,0
E00108,C0083,P0243,F00962,2025-09-01,False,0,0
E00108,C0083,P0243,F00962,2025-10-01,False,0,0
E00108,C0083,P0243,F00962,2025-11-01,False,0,0
E00109,C0014,P0367,F01467,2025-06-01,True,840,10
E00109,C0014,P0367,F01467,2025-07-01,False,0,0
E00109,C0014,P0367,F01467,2025-08-01,True,244,3
E00109,C0014,P0367,F01467,2025-09-01,True,921,11
E00109,C0014,P0367,F01467,2025-10-01,True,254,8
E00109,C0014,P0367,F01467,2025-11-01,True,599,7
E00109,C0014,P0367,F01467,2025-12-01,True,161,10
E00109,C0014,P0367,F01467,2026-01-01,True,327,9
E00109,C0014,P0367,F01468,2025-06-01,True,257,24
E00109,C0014,P0367,F01468,2025-07-01,True,1858,4
E00109,C0014,P0367,F01468,2025-08-01,True,36,9
E00109,C0014,P0367,F01468,2025-09-01,True,42,3
E00109,C0014,P0367,F01468,2025-10-01,True,239,17
E00109,C0014,P0367,F01468,2025-11-01,True,301,1
E00109,C0014,P0367,F01468,2025-12-01,True,297,9
E00109,C0014,P0367,F01468,2026-01-01,True,320,22
E00109,C0014,P0367,F01469,2025-06-01,False,0,0
E00109,C0014,P0367,F01469,2025-07-01,False,0,0
E00109,C0014,P0367,F01469,2025-08-01,False,0,0
E00109,C0014,P0367,F01469,2025-09-01,False,0,0
E00109,C0014,P0367,F01469,2025-10-01,False,0,0
E00109,C0014,P0367,F01469,2025-11-01,True,689,11
E00109,C0014,P0367,F01469,2025-12-01,True,1316,7
E00109,C0014,P0367,F01469,2026-01-01,True,331,10
E00109,C0014,P0367,F01470,2025-06-01,False,0,0
E00109,C0014,P0367,F01470,2025-07-01,False,0,0
E00109,C0014,P0367,F01470,2025-08-01,False,0,0
E00109,C0014,P0367,F00707,2025-09-01,True,0,0
E00109,C0014,P0367,F01470,2025-10-01,False,0,0
E00109,C0014,P0367,F01470,2025-11-01,False,0,0
E00109,C0014,P0367,F01470,2025-12-01,False,0,0
E00109,C0014,P0367,F01470,2026-01-01,True,92,10
E00110,C0010,P0386,F01547,2025-10-01,False,0,0
E00110,C0010,P0386,F01547,2025-11-01,True,75,6
E00110,C0010,P0386,F01547,2025-12-01,True,400,3
E00110,C0010,P0386,F01547,2026-01-01,True,468,5
E00110,C0010,P0386,F01547,2026-02-01,True,272,15
E00110,C0010,P0386,F01547,2026-03-01,True,343,13
E00110,C0010,P0386,F01547,2026-04-01,True,506,10
E00110,C0010,P0386,F01547,2026-05-01,True,480,6
E00110,C0010,P0386,F01547,2026-06-01,True,524,9
E00110,C0010,P0386,F01547,2026-07-01,True,875,12
E00110,C0010,P0386,F01547,2026-08-01,False,0,0
E00110,C0010,P0386,F01548,2025-10-01,False,0,0
E00110,C0010,P0386,F01548,2025-11-01,False,0,0
E00110,C0010,P0386,F01548,2025-12-01,False,0,0
E00110,C0010,P0386,F01548,2026-01-01,False,0,0
E00110,C0010,P0386,F01215,2026-02-01,True,231,15
E00110,C0010,P0386,F01548,2026-03-01,True,900,7
E00110,C0010,P0386,F01548,2026-04-01,True,215,1
E00110,C0010,P0386,F01548,2026-05-01,True,406,8
E00110,C0010,P0386,F01548,2026-06-01,True,529,15
E00110,C0010,P0386,F01548,2026-07-01,True,97,19
E00110,C0010,P0386,F01548,2026-08-01,False,0,0
E00110,C0010,P0386,F01549,2025-10-01,False,0,0
E00110,C0010,P0386,F01549,2025-11-01,False,0,0
E00110,C0010,P0386,F01549,2025-12-01,False,0,0
E00110,C0010,P0386,F01549,2026-01-01,False,0,0
E00110,C0010,P0386,F01549,2026-02-01,True,189,7
E00110,C0010,P0386,F01549,2026-03-01,True,470,4
E00110,C0010,P0386,F01549,2026-04-01,True,217,4
E00110,C0010,P0386,F01549,2026-05-01,True,728,8
E00110,C0010,P0386,F01549,2026-06-01,True,111,4
E00110,C0010,P0386,F01549,2026-07-01,True,647,5
E00110,C0010,P0386,F01549,2026-08-01,True,245,11
E00110,C0010,P0386,F01550,2025-10-01,False,0,0
E00110,C0010,P0386,F01550,2025-11-01,False,0,0
E00110,C0010,P0386,F01550,2025-12-01,False,0,0
E00110,C0010,P0386,F01550,2026-01-01,False,0,0
E00110,C0010,P0386,F01550,2026-02-01,False,0,0
E00110,C0010,P0386,F01550,2026-03-01,False,0,0
E00110,C0010,P0386,F01550,2026-04-01,False,0,0
E00110,C0010,P0386,F01550,2026-05-01,True,284,2
E00110,C0010,P0386,F01550,2026-06-01,True,570,9
E00110,C0010,P0386,F01550,2026-07-01,True,456,17
E00110,C0010,P0386,F01550,2026-08-01,False,0,0
E00111,C0094,P0210,F00826,2025-06-01,True,39,17
E00111,C0094,P0210,F00826,2025-07-01,True,1632,14
E00111,C0094,P0210,F00826,2025-08-01,True,884,20
E00111,C0094,P0210,F00826,2025-09-01,True,589,20
E00111,C0094,P0210,F00826,2025-10-01,True,815,23
E00111,C0094,P0210,F00826,2025-11-01,True,119,21
E00111,C0094,P0210,F00826,2025-12-01,True,298,24
E00111,C0094,P0210,F00826,2026-01-01,True,524,4
E00111,C0094,P0210,F00827,2025-06-01,False,0,0
E00111,C0094,P0210,F00827,2025-07-01,False,0,0
E00111,C0094,P0210,F00827,2025-08-01,False,0,0
E00111,C0094,P0210,F00827,2025-09-01,False,0,0
E00111,C0094,P0210,F00827,2025-10-01,False,0,0
E00111,C0094,P0210,F00827,2025-11-01,False,0,0
E00111,C0094,P0210,F00827,2025-12-01,False,0,0
E00111,C0094,P0210,F00827,2026-01-01,False,0,0
E00111,C0094,P0210,F00828,2025-06-01,False,0,0
E00111,C0094,P0210,F00828,2025-07-01,False,0,0
E00111,C0094,P0210,F00828,2025-08-01,True,938,6
E00111,C0094,P0210,F00828,2025-09-01,True,286,30
E00111,C0094,P0210,F00828,2025-10-01,True,409,8
E00111,C0094,P0210,F00828,2025-11-01,True,345,8
E00111,C0094,P0210,F00828,2025-12-01,True,646,8
E00111,C0094,P0210,F00828,2026-01-01,True,355,16
E00112,C0017,P0227,F00895,2025-08-01,False,0,0
E00112,C0017,P0227,F00895,2025-09-01,True,513,6
E00112,C0017,P0227,F00895,2025-10-01,True,652,7
E00112,C0017,P0227,F00895,2025-11-01,True,146,2
E00112,C0017,P0227,F00895,2025-12-01,True,318,3
E00112,C0017,P0227,F00895,2026-01-01,True,179,10
E00112,C0017,P0227,F00895,2026-02-01,True,803,8
E00112,C0017,P0227,F00895,2026-03-01,True,95,10
E00112,C0017,P0227,F00895,2026-04-01,True,781,8
E00112,C0017,P0227,F00895,2026-05-01,True,897,10
E00112,C0017,P0227,F00895,2026-06-01,False,0,0
E00112,C0017,P0227,F00895,2026-07-01,False,0,0
E00112,C0017,P0227,F00896,2025-08-01,False,0,0
E00112,C0017,P0227,F00896,2025-09-01,False,0,0
E00112,C0017,P0227,F00896,2025-10-01,False,0,0
E00112,C0017,P0227,F00896,2025-11-01,False,0,0
E00112,C0017,P0227,F00896,2025-12-01,False,0,0
E00112,C0017,P0227,F00896,2026-01-01,False,0,0
E00112,C0017,P0227,F00896,2026-02-01,False,0,0
E00112,C0017,P0227,F00896,2026-03-01,False,0,0
E00112,C0017,P0227,F00896,2026-04-01,False,0,0
E00112,C0017,P0227,F00896,2026-05-01,False,0,0
E00112,C0017,P0227,F00896,2026-06-01,False,0,0
E00112,C0017,P0227,F00896,2026-07-01,False,0,0
E00112,C0017,P0227,F00897,2025-08-01,False,0,0
E00112,C0017,P0227,F00897,2025-09-01,False,0,0
E00112,C0017,P0227,F00897,2025-10-01,False,0,0
E00112,C0017,P0227,F00897,2025-11-01,False,0,0
E00112,C0017,P0227,F00897,2025-12-01,False,0,0
E00112,C0017,P0227,F00897,2026-01-01,False,0,0
E00112,C0017,P0227,F00897,2026-02-01,False,0,0
E00112,C0017,P0227,F00897,2026-03-01,False,0,0
E00112,C0017,P0227,F00897,2026-04-01,False,0,0
E00112,C0017,P0227,F00897,2026-05-01,False,0,0
E00112,C0017,P0227,F00897,2026-06-01,False,0,0
E00112,C0017,P0227,F00897,2026-07-01,False,0,0
E00112,C0017,P0227,F00898,2025-08-01,False,0,0
E00112,C0017,P0227,F00898,2025-09-01,False,0,0
E00112,C0017,P0227,F00898,2025-10-01,False,0,0
E00112,C0017,P0227,F00898,2025-11-01,False,0,0
E00112,C0017,P0227,F00898,2025-12-01,False,0,0
E00112,C0017,P0227,F00898,2026-01-01,False,0,0
E00112,C0017,P0227,F00898,2026-02-01,False,0,0
E00112,C0017,P0227,F00898,2026-03-01,False,0,0
E00112,C0017,P0227,F00898,2026-04-01,False,0,0
E00112,C0017,P0227,F00898,2026-05-01,False,0,0
E00112,C0017,P0227,F00898,2026-06-01,False,0,0
E00112,C0017,P0227,F00898,2026-07-01,False,0,0
E00112,C0017,P0227,F00899,2025-08-01,False,0,0
E00112,C0017,P0227,F00899,2025-09-01,False,0,0
E00112,C0017,P0227,F00899,2025-10-01,False,0,0
E00112,C0017,P0227,F00899,2025-11-01,False,0,0
E00112,C0017,P0227,F00899,2025-12-01,False,0,0
E00112,C0017,P0227,F00899,2026-01-01,False,0,0
E00112,C0017,P0227,F00899,2026-02-01,False,0,0
E00112,C0017,P0227,F00899,2026-03-01,True,606,12
E00112,C0017,P0227,F00899,2026-04-01,True,868,38
E00112,C0017,P0227,F00899,2026-05-01,True,248,12
E00112,C0017,P0227,F00899,2026-06-01,True,802,13
E00112,C0017,P0227,F00899,2026-07-01,True,56,8
E00113,C0090,P0162,F00634,2025-11-01,True,440,29
E00113,C0090,P0162,F00634,2025-12-01,True,396,5
E00113,C0090,P0162,F00634,2026-01-01,True,448,27
E00113,C0090,P0162,F00634,2026-02-01,True,216,7
E00113,C0090,P0162,F00634,2026-03-01,True,219,3
E00113,C0090,P0162,F00634,2026-04-01,False,0,0
E00113,C0090,P0162,F00929,2026-05-01,True,383,10
E00113,C0090,P0162,F00634,2026-06-01,True,64,5
E00113,C0090,P0162,F00634,2026-07-01,True,422,17
E00113,C0090,P0162,F00634,2026-08-01,False,0,0
E00113,C0090,P0162,F00635,2025-11-01,True,713,18
E00113,C0090,P0162,F00635,2025-12-01,True,366,3
E00113,C0090,P0162,F00635,2026-01-01,True,306,1
E00113,C0090,P0162,F00635,2026-02-01,False,0,0
E00113,C0090,P0162,F00635,2026-03-01,True,424,6
E00113,C0090,P0162,F00635,2026-04-01,True,38,14
E00113,C0090,P0162,F00635,2026-05-01,True,954,3
E00113,C0090,P0162,F00635,2026-06-01,True,512,8
E00113,C0090,P0162,F00635,2026-07-01,True,189,6
E00113,C0090,P0162,F00635,2026-08-01,True,265,8
E00113,C0090,P0162,F00636,2025-11-01,False,0,0
E00113,C0090,P0162,F00636,2025-12-01,False,0,0
E00113,C0090,P0162,F00636,2026-01-01,True,355,5
E00113,C0090,P0162,F00636,2026-02-01,True,207,15
E00113,C0090,P0162,F00636,2026-03-01,True,159,13
E00113,C0090,P0162,F00636,2026-04-01,True,277,7
E00113,C0090,P0162,F00636,2026-05-01,True,1162,4
E00113,C0090,P0162,F00636,2026-06-01,True,998,18
E00113,C0090,P0162,F00636,2026-07-01,True,215,19
E00113,C0090,P0162,F00636,2026-08-01,False,0,0
E00113,C0090,P0162,F01168,2025-11-01,True,0,0
E00113,C0090,P0162,F00637,2025-12-01,True,9,6
E00113,C0090,P0162,F00637,2026-01-01,True,161,14
E00113,C0090,P0162,F00637,2026-02-01,True,604,14
E00113,C0090,P0162,F00637,2026-03-01,True,403,20
E00113,C0090,P0162,F00637,2026-04-01,True,634,6
E00113,C0090,P0162,F00637,2026-05-01,True,231,17
E00113,C0090,P0162,F00637,2026-06-01,False,0,0
E00113,C0090,P0162,F00637,2026-07-01,True,352,11
E00113,C0090,P0162,F00637,2026-08-01,False,0,0
E00114,C0070,P0389,F01560,2025-06-01,True,408,2
E00114,C0070,P0389,F01560,2025-07-01,True,202,15
E00114,C0070,P0389,F01560,2025-08-01,True,201,9
E00114,C0070,P0389,F01560,2025-09-01,True,515,20
E00114,C0070,P0389,F00534,2025-10-01,True,789,23
E00114,C0070,P0389,F01560,2025-11-01,True,326,9
E00114,C0070,P0389,F01560,2025-12-01,True,125,27
E00114,C0070,P0389,F01560,2026-01-01,True,290,26
E00114,C0070,P0389,F01561,2025-06-01,False,0,0
E00114,C0070,P0389,F01561,2025-07-01,False,0,0
E00114,C0070,P0389,F01561,2025-08-01,False,0,0
E00114,C0070,P0389,F01561,2025-09-01,False,0,0
E00114,C0070,P0389,F01561,2025-10-01,False,0,0
E00114,C0070,P0389,F01561,2025-11-01,False,0,0
E00114,C0070,P0389,F01561,2025-12-01,False,0,0
E00114,C0070,P0389,F00394,2026-01-01,True,0,0
E00114,C0070,P0389,F01562,2025-06-01,False,0,0
E00114,C0070,P0389,F01562,2025-07-01,False,0,0
E00114,C0070,P0389,F01562,2025-08-01,False,0,0
E00114,C0070,P0389,F01562,2025-09-01,False,0,0
E00114,C0070,P0389,F01562,2025-10-01,False,0,0
E00114,C0070,P0389,F01562,2025-11-01,False,0,0
E00114,C0070,P0389,F01562,2025-12-01,False,0,0
E00114,C0070,P0389,F01562,2026-01-01,False,0,0
E00115,C0073,P0030,F00113,2025-10-01,True,453,21
E00115,C0073,P0030,F00113,2025-11-01,True,344,16
E00115,C0073,P0030,F00113,2025-12-01,True,769,7
E00115,C0073,P0030,F00113,2026-01-01,True,822,4
E00115,C0073,P0030,F00113,2026-02-01,True,1142,12
E00115,C0073,P0030,F00113,2026-03-01,True,205,18
E00115,C0073,P0030,F00113,2026-04-01,True,469,2
E00115,C0073,P0030,F00113,2026-05-01,True,265,5
E00115,C0073,P0030,F00113,2026-06-01,False,0,0
E00115,C0073,P0030,F00113,2026-07-01,True,162,5
E00115,C0073,P0030,F00113,2026-08-01,False,0,0
E00115,C0073,P0030,F00114,2025-10-01,False,0,0
E00115,C0073,P0030,F00114,2025-11-01,False,0,0
E00115,C0073,P0030,F00114,2025-12-01,False,0,0
E00115,C0073,P0030,F00114,2026-01-01,False,0,0
E00115,C0073,P0030,F00114,2026-02-01,False,0,0
E00115,C0073,P0030,F00114,2026-03-01,False,0,0
E00115,C0073,P0030,F00114,2026-04-01,False,0,0
E00115,C0073,P0030,F00114,2026-05-01,False,0,0
E00115,C0073,P0030,F00114,2026-06-01,False,0,0
E00115,C0073,P0030,F00114,2026-07-01,False,0,0
E00115,C0073,P0030,F00114,2026-08-01,False,0,0
E00115,C0073,P0030,F00115,2025-10-01,False,0,0
E00115,C0073,P0030,F00115,2025-11-01,False,0,0
E00115,C0073,P0030,F00115,2025-12-01,False,0,0
E00115,C0073,P0030,F00115,2026-01-01,False,0,0
E00115,C0073,P0030,F00115,2026-02-01,False,0,0
E00115,C0073,P0030,F00115,2026-03-01,True,534,19
E00115,C0073,P0030,F00115,2026-04-01,True,189,2
E00115,C0073,P0030,F00115,2026-05-01,True,1320,12
E00115,C0073,P0030,F00115,2026-06-01,True,652,9
E00115,C0073,P0030,F00115,2026-07-01,True,33,14
E00115,C0073,P0030,F00115,2026-08-01,True,1063,6
E00116,C0046,P0161,F00629,2025-10-01,True,28,4
E00116,C0046,P0161,F00629,2025-11-01,True,674,13
E00116,C0046,P0161,F00629,2025-12-01,True,824,11
E00116,C0046,P0161,F00629,2026-01-01,True,597,8
E00116,C0046,P0161,F00629,2026-02-01,False,0,0
E00116,C0046,P0161,F01627,2026-03-01,True,134,17
E00116,C0046,P0161,F00629,2026-04-01,True,682,6
E00116,C0046,P0161,F00629,2026-05-01,True,1000,28
E00116,C0046,P0161,F00629,2026-06-01,True,157,5
E00116,C0046,P0161,F00629,2026-07-01,True,171,10
E00116,C0046,P0161,F00629,2026-08-01,False,0,0
E00116,C0046,P0161,F00630,2025-10-01,False,0,0
E00116,C0046,P0161,F00630,2025-11-01,False,0,0
E00116,C0046,P0161,F00630,2025-12-01,False,0,0
E00116,C0046,P0161,F00630,2026-01-01,True,269,3
E00116,C0046,P0161,F00630,2026-02-01,True,176,1
E00116,C0046,P0161,F00630,2026-03-01,True,43,3
E00116,C0046,P0161,F00630,2026-04-01,True,1273,32
E00116,C0046,P0161,F00630,2026-05-01,True,623,7
E00116,C0046,P0161,F00630,2026-06-01,True,84,10
E00116,C0046,P0161,F00630,2026-07-01,True,507,6
E00116,C0046,P0161,F00630,2026-08-01,True,487,4
E00116,C0046,P0161,F00631,2025-10-01,False,0,0
E00116,C0046,P0161,F00176,2025-11-01,True,0,0
E00116,C0046,P0161,F00631,2025-12-01,False,0,0
E00116,C0046,P0161,F00631,2026-01-01,False,0,0
E00116,C0046,P0161,F00631,2026-02-01,False,0,0
E00116,C0046,P0161,F00631,2026-03-01,False,0,0
E00116,C0046,P0161,F00631,2026-04-01,False,0,0
E00116,C0046,P0161,F00631,2026-05-01,False,0,0
E00116,C0046,P0161,F00631,2026-06-01,False,0,0
E00116,C0046,P0161,F00631,2026-07-01,False,0,0
E00116,C0046,P0161,F00631,2026-08-01,False,0,0
E00116,C0046,P0161,F00632,2025-10-01,False,0,0
E00116,C0046,P0161,F00632,2025-11-01,False,0,0
E00116,C0046,P0161,F00632,2025-12-01,False,0,0
E00116,C0046,P0161,F00632,2026-01-01,False,0,0
E00116,C0046,P0161,F00632,2026-02-01,False,0,0
E00116,C0046,P0161,F00632,2026-03-01,False,0,0
E00116,C0046,P0161,F00632,2026-04-01,False,0,0
E00116,C0046,P0161,F00632,2026-05-01,False,0,0
E00116,C0046,P0161,F00632,2026-06-01,False,0,0
E00116,C0046,P0161,F00632,2026-07-01,False,0,0
E00116,C0046,P0161,F00632,2026-08-01,False,0,0
E00116,C0046,P0161,F00633,2025-10-01,False,0,0
E00116,C0046,P0161,F00633,2025-11-01,False,0,0
E00116,C0046,P0161,F00633,2025-12-01,False,0,0
E00116,C0046,P0161,F00633,2026-01-01,False,0,0
E00116,C0046,P0161,F01725,2026-02-01,True,0,0
E00116,C0046,P0161,F00633,2026-03-01,False,0,0
E00116,C0046,P0161,F00633,2026-04-01,True,225,9
E00116,C0046,P0161,F00633,2026-05-01,True,1196,5
E00116,C0046,P0161,F00633,2026-06-01,True,505,5
E00116,C0046,P0161,F00633,2026-07-01,True,131,6
E00116,C0046,P0161,F00633,2026-08-01,False,0,0
E00117,C0059,P0229,F00903,2025-06-01,True,373,30
E00117,C0059,P0229,F00903,2025-07-01,True,217,19
E00117,C0059,P0229,F00903,2025-08-01,True,1235,13
E00117,C0059,P0229,F00903,2025-09-01,True,773,5
E00117,C0059,P0229,F00903,2025-10-01,True,495,17
E00117,C0059,P0229,F00903,2025-11-01,True,101,5
E00117,C0059,P0229,F00903,2025-12-01,True,287,6
E00117,C0059,P0229,F00903,2026-01-01,True,315,3
E00117,C0059,P0229,F00903,2026-02-01,True,1155,21
E00117,C0059,P0229,F00903,2026-03-01,True,2559,4
E00117,C0059,P0229,F00904,2025-06-01,False,0,0
E00117,C0059,P0229,F00904,2025-07-01,False,0,0
E00117,C0059,P0229,F00904,2025-08-01,False,0,0
E00117,C0059,P0229,F00904,2025-09-01,False,0,0
E00117,C0059,P0229,F00904,2025-10-01,False,0,0
E00117,C0059,P0229,F00904,2025-11-01,False,0,0
E00117,C0059,P0229,F00904,2025-12-01,False,0,0
E00117,C0059,P0229,F00904,2026-01-01,False,0,0
E00117,C0059,P0229,F00904,2026-02-01,False,0,0
E00117,C0059,P0229,F00904,2026-03-01,False,0,0
E00117,C0059,P0229,F00905,2025-06-01,False,0,0
E00117,C0059,P0229,F00905,2025-07-01,False,0,0
E00117,C0059,P0229,F00905,2025-08-01,False,0,0
E00117,C0059,P0229,F00905,2025-09-01,False,0,0
E00117,C0059,P0229,F00905,2025-10-01,False,0,0
E00117,C0059,P0229,F00905,2025-11-01,False,0,0
E00117,C0059,P0229,F00905,2025-12-01,False,0,0
E00117,C0059,P0229,F00905,2026-01-01,False,0,0
E00117,C0059,P0229,F00905,2026-02-01,False,0,0
E00117,C0059,P0229,F00905,2026-03-01,False,0,0
E00118,C0053,P0455,F01823,2025-09-01,True,509,6
E00118,C0053,P0455,F01823,2025-10-01,True,130,20
E00118,C0053,P0455,F01823,2025-11-01,True,382,8
E00118,C0053,P0455,F01823,2025-12-01,False,0,0
E00118,C0053,P0455,F01823,2026-01-01,False,0,0
E00118,C0053,P0455,F01823,2026-02-01,False,0,0
E00118,C0053,P0455,F01823,2026-03-01,False,0,0
E00118,C0053,P0455,F01823,2026-04-01,False,0,0
E00118,C0053,P0455,F01823,2026-05-01,False,0,0
E00118,C0053,P0455,F01234,2026-06-01,True,0,0
E00118,C0053,P0455,F01823,2026-07-01,False,0,0
E00118,C0053,P0455,F01823,2026-08-01,False,0,0
E00118,C0053,P0455,F01824,2025-09-01,False,0,0
E00118,C0053,P0455,F01824,2025-10-01,False,0,0
E00118,C0053,P0455,F01824,2025-11-01,False,0,0
E00118,C0053,P0455,F01824,2025-12-01,False,0,0
E00118,C0053,P0455,F01824,2026-01-01,False,0,0
E00118,C0053,P0455,F01824,2026-02-01,False,0,0
E00118,C0053,P0455,F01824,2026-03-01,False,0,0
E00118,C0053,P0455,F01824,2026-04-01,False,0,0
E00118,C0053,P0455,F01824,2026-05-01,False,0,0
E00118,C0053,P0455,F01824,2026-06-01,False,0,0
E00118,C0053,P0455,F01824,2026-07-01,False,0,0
E00118,C0053,P0455,F01824,2026-08-01,False,0,0
E00118,C0053,P0455,F01825,2025-09-01,True,454,5
E00118,C0053,P0455,F01825,2025-10-01,True,167,6
E00118,C0053,P0455,F01825,2025-11-01,True,806,21
E00118,C0053,P0455,F01825,2025-12-01,False,0,0
E00118,C0053,P0455,F01825,2026-01-01,False,0,0
E00118,C0053,P0455,F01825,2026-02-01,False,0,0
E00118,C0053,P0455,F01825,2026-03-01,False,0,0
E00118,C0053,P0455,F01825,2026-04-01,False,0,0
E00118,C0053,P0455,F01825,2026-05-01,False,0,0
E00118,C0053,P0455,F01825,2026-06-01,False,0,0
E00118,C0053,P0455,F00282,2026-07-01,True,0,0
E00118,C0053,P0455,F01825,2026-08-01,False,0,0
E00118,C0053,P0455,F01826,2025-09-01,False,0,0
E00118,C0053,P0455,F01826,2025-10-01,False,0,0
E00118,C0053,P0455,F01826,2025-11-01,False,0,0
E00118,C0053,P0455,F01826,2025-12-01,False,0,0
E00118,C0053,P0455,F01826,2026-01-01,False,0,0
E00118,C0053,P0455,F01826,2026-02-01,False,0,0
E00118,C0053,P0455,F01826,2026-03-01,False,0,0
E00118,C0053,P0455,F01826,2026-04-01,False,0,0
E00118,C0053,P0455,F01826,2026-05-01,False,0,0
E00118,C0053,P0455,F01826,2026-06-01,False,0,0
E00118,C0053,P0455,F01826,2026-07-01,False,0,0
E00118,C0053,P0455,F01826,2026-08-01,False,0,0
E00118,C0053,P0455,F01827,2025-09-01,False,0,0
E00118,C0053,P0455,F01827,2025-10-01,False,0,0
E00118,C0053,P0455,F01827,2025-11-01,False,0,0
E00118,C0053,P0455,F01827,2025-12-01,False,0,0
E00118,C0053,P0455,F01827,2026-01-01,False,0,0
E00118,C0053,P0455,F01827,2026-02-01,False,0,0
E00118,C0053,P0455,F01827,2026-03-01,False,0,0
E00118,C0053,P0455,F01827,2026-04-01,False,0,0
E00118,C0053,P0455,F01827,2026-05-01,False,0,0
E00118,C0053,P0455,F01827,2026-06-01,False,0,0
E00118,C0053,P0455,F01827,2026-07-01,False,0,0
E00118,C0053,P0455,F01827,2026-08-01,False,0,0
E00119,C0016,P0172,F00671,2025-06-01,False,0,0
E00119,C0016,P0172,F00671,2025-07-01,False,0,0
E00119,C0016,P0172,F00671,2025-08-01,True,109,31
E00119,C0016,P0172,F00671,2025-09-01,True,357,14
E00119,C0016,P0172,F00671,2025-10-01,True,198,11
E00119,C0016,P0172,F00671,2025-11-01,True,130,6
E00119,C0016,P0172,F00671,2025-12-01,True,666,19
E00119,C0016,P0172,F00671,2026-01-01,True,520,8
E00119,C0016,P0172,F00671,2026-02-01,True,107,24
E00119,C0016,P0172,F00671,2026-03-01,True,712,2
E00119,C0016,P0172,F00672,2025-06-01,False,0,0
E00119,C0016,P0172,F00672,2025-07-01,False,0,0
E00119,C0016,P0172,F00672,2025-08-01,False,0,0
E00119,C0016,P0172,F00672,2025-09-01,False,0,0
E00119,C0016,P0172,F00672,2025-10-01,False,0,0
E00119,C0016,P0172,F00672,2025-11-01,False,0,0
E00119,C0016,P0172,F00672,2025-12-01,False,0,0
E00119,C0016,P0172,F00672,2026-01-01,True,685,8
E00119,C0016,P0172,F00672,2026-02-01,True,604,3
E00119,C0016,P0172,F00672,2026-03-01,True,207,11
E00119,C0016,P0172,F00390,2025-06-01,True,0,0
E00119,C0016,P0172,F00673,2025-07-01,False,0,0
E00119,C0016,P0172,F00673,2025-08-01,False,0,0
E00119,C0016,P0172,F00673,2025-09-01,False,0,0
E00119,C0016,P0172,F00673,2025-10-01,False,0,0
E00119,C0016,P0172,F00673,2025-11-01,False,0,0
E00119,C0016,P0172,F00673,2025-12-01,False,0,0
E00119,C0016,P0172,F00673,2026-01-01,False,0,0
E00119,C0016,P0172,F00673,2026-02-01,False,0,0
E00119,C0016,P0172,F00673,2026-03-01,False,0,0
E00119,C0016,P0172,F00674,2025-06-01,False,0,0
E00119,C0016,P0172,F00674,2025-07-01,False,0,0
E00119,C0016,P0172,F00674,2025-08-01,True,1156,11
E00119,C0016,P0172,F00674,2025-09-01,True,784,12
E00119,C0016,P0172,F00674,2025-10-01,True,424,15
E00119,C0016,P0172,F00674,2025-11-01,True,350,18
E00119,C0016,P0172,F00674,2025-12-01,True,139,10
E00119,C0016,P0172,F00674,2026-01-01,True,1221,22
E00119,C0016,P0172,F00674,2026-02-01,True,465,20
E00119,C0016,P0172,F00674,2026-03-01,False,0,0
E00120,C0096,P0277,F01102,2025-11-01,False,0,0
E00120,C0096,P0277,F01102,2025-12-01,True,1012,2
E00120,C0096,P0277,F01102,2026-01-01,True,293,6
E00120,C0096,P0277,F01102,2026-02-01,True,95,37
E00120,C0096,P0277,F01102,2026-03-01,True,560,20
E00120,C0096,P0277,F01102,2026-04-01,True,215,8
E00120,C0096,P0277,F01102,2026-05-01,True,365,14
E00120,C0096,P0277,F01102,2026-06-01,True,637,17
E00120,C0096,P0277,F01102,2026-07-01,True,304,29
E00120,C0096,P0277,F01524,2026-08-01,True,0,0
E00120,C0096,P0277,F01103,2025-11-01,False,0,0
E00120,C0096,P0277,F01103,2025-12-01,False,0,0
E00120,C0096,P0277,F01103,2026-01-01,False,0,0
E00120,C0096,P0277,F01103,2026-02-01,False,0,0
E00120,C0096,P0277,F01103,2026-03-01,False,0,0
E00120,C0096,P0277,F01103,2026-04-01,False,0,0
E00120,C0096,P0277,F01103,2026-05-01,False,0,0
E00120,C0096,P0277,F01103,2026-06-01,False,0,0
E00120,C0096,P0277,F01103,2026-07-01,False,0,0
E00120,C0096,P0277,F01103,2026-08-01,False,0,0
E00120,C0096,P0277,F01104,2025-11-01,False,0,0
E00120,C0096,P0277,F01104,2025-12-01,False,0,0
E00120,C0096,P0277,F01104,2026-01-01,False,0,0
E00120,C0096,P0277,F01104,2026-02-01,False,0,0
E00120,C0096,P0277,F01104,2026-03-01,False,0,0
E00120,C0096,P0277,F01104,2026-04-01,True,901,13
E00120,C0096,P0277,F01104,2026-05-01,True,375,8
E00120,C0096,P0277,F01104,2026-06-01,True,494,24
E00120,C0096,P0277,F01104,2026-07-01,True,382,7
E00120,C0096,P0277,F00573,2026-08-01,True,0,0
E00120,C0096,P0277,F01105,2025-11-01,False,0,0
E00120,C0096,P0277,F01105,2025-12-01,False,0,0
E00120,C0096,P0277,F01105,2026-01-01,False,0,0
E00120,C0096,P0277,F01105,2026-02-01,False,0,0
E00120,C0096,P0277,F01105,2026-03-01,False,0,0
E00120,C0096,P0277,F01105,2026-04-01,True,376,13
E00120,C0096,P0277,F01105,2026-05-01,True,130,3
E00120,C0096,P0277,F01105,2026-06-01,True,235,29
E00120,C0096,P0277,F01105,2026-07-01,True,835,3
E00120,C0096,P0277,F01105,2026-08-01,True,160,18
E00121,C0068,P0388,F01556,2025-08-01,False,0,0
E00121,C0068,P0388,F01556,2025-09-01,True,261,15
E00121,C0068,P0388,F01556,2025-10-01,True,81,11
E00121,C0068,P0388,F01556,2025-11-01,True,340,20
E00121,C0068,P0388,F01556,2025-12-01,True,492,12
E00121,C0068,P0388,F01556,2026-01-01,True,62,35
E00121,C0068,P0388,F01556,2026-02-01,True,598,6
E00121,C0068,P0388,F01556,2026-03-01,True,400,8
E00121,C0068,P0388,F01556,2026-04-01,True,311,23
E00121,C0068,P0388,F01556,2026-05-01,True,159,17
E00121,C0068,P0388,F01556,2026-06-01,True,850,15
E00121,C0068,P0388,F01556,2026-07-01,False,0,0
E00121,C0068,P0388,F01557,2025-08-01,False,0,0
E00121,C0068,P0388,F01557,2025-09-01,False,0,0
E00121,C0068,P0388,F01557,2025-10-01,False,0,0
E00121,C0068,P0388,F01557,2025-11-01,False,0,0
E00121,C0068,P0388,F00869,2025-12-01,True,0,0
E00121,C0068,P0388,F01557,2026-01-01,False,0,0
E00121,C0068,P0388,F01557,2026-02-01,False,0,0
E00121,C0068,P0388,F01557,2026-03-01,True,323,6
E00121,C0068,P0388,F01557,2026-04-01,True,210,12
E00121,C0068,P0388,F01557,2026-05-01,True,381,19
E00121,C0068,P0388,F01557,2026-06-01,True,88,23
E00121,C0068,P0388,F01557,2026-07-01,True,1801,10
E00121,C0068,P0388,F01558,2025-08-01,False,0,0
E00121,C0068,P0388,F01558,2025-09-01,True,307,10
E00121,C0068,P0388,F01558,2025-10-01,True,396,8
E00121,C0068,P0388,F01558,2025-11-01,True,45,9
E00121,C0068,P0388,F01558,2025-12-01,True,415,25
E00121,C0068,P0388,F01558,2026-01-01,True,157,31
E00121,C0068,P0388,F01558,2026-02-01,True,272,5
E00121,C0068,P0388,F01558,2026-03-01,True,598,7
E00121,C0068,P0388,F01558,2026-04-01,True,354,11
E00121,C0068,P0388,F01558,2026-05-01,True,574,10
E00121,C0068,P0388,F01558,2026-06-01,True,316,8
E00121,C0068,P0388,F01558,2026-07-01,True,533,7
E00121,C0068,P0388,F01559,2025-08-01,False,0,0
E00121,C0068,P0388,F01559,2025-09-01,False,0,0
E00121,C0068,P0388,F01559,2025-10-01,False,0,0
E00121,C0068,P0388,F01559,2025-11-01,True,900,11
E00121,C0068,P0388,F01559,2025-12-01,True,66,13
E00121,C0068,P0388,F01559,2026-01-01,True,519,25
E00121,C0068,P0388,F01559,2026-02-01,True,194,5
E00121,C0068,P0388,F01559,2026-03-01,False,0,0
E00121,C0068,P0388,F01559,2026-04-01,True,588,23
E00121,C0068,P0388,F01559,2026-05-01,True,187,13
E00121,C0068,P0388,F01559,2026-06-01,True,350,6
E00121,C0068,P0388,F01559,2026-07-01,True,334,21
E00122,C0040,P0397,F01590,2025-08-01,False,0,0
E00122,C0040,P0397,F01590,2025-09-01,False,0,0
E00122,C0040,P0397,F01590,2025-10-01,False,0,0
E00122,C0040,P0397,F01590,2025-11-01,False,0,0
E00122,C0040,P0397,F01590,2025-12-01,False,0,0
E00122,C0040,P0397,F01633,2026-01-01,True,0,0
E00122,C0040,P0397,F01590,2026-02-01,False,0,0
E00122,C0040,P0397,F01590,2026-03-01,False,0,0
E00122,C0040,P0397,F01590,2026-04-01,False,0,0
E00122,C0040,P0397,F01590,2026-05-01,False,0,0
E00122,C0040,P0397,F01590,2026-06-01,False,0,0
E00122,C0040,P0397,F01590,2026-07-01,False,0,0
E00122,C0040,P0397,F01591,2025-08-01,False,0,0
E00122,C0040,P0397,F01591,2025-09-01,False,0,0
E00122,C0040,P0397,F01591,2025-10-01,False,0,0
E00122,C0040,P0397,F01591,2025-11-01,False,0,0
E00122,C0040,P0397,F01591,2025-12-01,False,0,0
E00122,C0040,P0397,F01591,2026-01-01,False,0,0
E00122,C0040,P0397,F01849,2026-02-01,True,0,0
E00122,C0040,P0397,F01591,2026-03-01,False,0,0
E00122,C0040,P0397,F01591,2026-04-01,False,0,0
E00122,C0040,P0397,F01591,2026-05-01,False,0,0
E00122,C0040,P0397,F01591,2026-06-01,False,0,0
E00122,C0040,P0397,F01591,2026-07-01,False,0,0
E00122,C0040,P0397,F01592,2025-08-01,False,0,0
E00122,C0040,P0397,F01592,2025-09-01,False,0,0
E00122,C0040,P0397,F01592,2025-10-01,False,0,0
E00122,C0040,P0397,F01592,2025-11-01,False,0,0
E00122,C0040,P0397,F01592,2025-12-01,False,0,0
E00122,C0040,P0397,F01592,2026-01-01,False,0,0
E00122,C0040,P0397,F01592,2026-02-01,False,0,0
E00122,C0040,P0397,F01592,2026-03-01,False,0,0
E00122,C0040,P0397,F01592,2026-04-01,False,0,0
E00122,C0040,P0397,F01592,2026-05-01,False,0,0
E00122,C0040,P0397,F01592,2026-06-01,False,0,0
E00122,C0040,P0397,F01592,2026-07-01,False,0,0
E00122,C0040,P0397,F01593,2025-08-01,False,0,0
E00122,C0040,P0397,F01593,2025-09-01,False,0,0
E00122,C0040,P0397,F01593,2025-10-01,False,0,0
E00122,C0040,P0397,F01593,2025-11-01,False,0,0
E00122,C0040,P0397,F01593,2025-12-01,False,0,0
E00122,C0040,P0397,F01593,2026-01-01,False,0,0
E00122,C0040,P0397,F01593,2026-02-01,False,0,0
E00122,C0040,P0397,F01593,2026-03-01,False,0,0
E00122,C0040,P0397,F01593,2026-04-01,False,0,0
E00122,C0040,P0397,F01593,2026-05-01,False,0,0
E00122,C0040,P0397,F01593,2026-06-01,False,0,0
E00122,C0040,P0397,F01593,2026-07-01,False,0,0
E00123,C0077,P0431,F01719,2025-08-01,True,377,9
E00123,C0077,P0431,F01719,2025-09-01,True,566,23
E00123,C0077,P0431,F01719,2025-10-01,True,155,13
E00123,C0077,P0431,F01719,2025-11-01,True,273,11
E00123,C0077,P0431,F01719,2025-12-01,True,598,8
E00123,C0077,P0431,F01719,2026-01-01,True,343,20
E00123,C0077,P0431,F01719,2026-02-01,True,509,10
E00123,C0077,P0431,F01719,2026-03-01,True,407,11
E00123,C0077,P0431,F01719,2026-04-01,True,60,12
E00123,C0077,P0431,F01719,2026-05-01,True,111,22
E00123,C0077,P0431,F01719,2026-06-01,True,108,8
E00123,C0077,P0431,F01719,2026-07-01,True,223,28
E00123,C0077,P0431,F01720,2025-08-01,False,0,0
E00123,C0077,P0431,F01720,2025-09-01,False,0,0
E00123,C0077,P0431,F01720,2025-10-01,False,0,0
E00123,C0077,P0431,F01720,2025-11-01,False,0,0
E00123,C0077,P0431,F01720,2025-12-01,False,0,0
E00123,C0077,P0431,F01720,2026-01-01,False,0,0
E00123,C0077,P0431,F01720,2026-02-01,False,0,0
E00123,C0077,P0431,F01720,2026-03-01,False,0,0
E00123,C0077,P0431,F01720,2026-04-01,False,0,0
E00123,C0077,P0431,F01720,2026-05-01,False,0,0
E00123,C0077,P0431,F01720,2026-06-01,False,0,0
E00123,C0077,P0431,F01720,2026-07-01,False,0,0
E00123,C0077,P0431,F01721,2025-08-01,False,0,0
E00123,C0077,P0431,F01721,2025-09-01,False,0,0
E00123,C0077,P0431,F01721,2025-10-01,False,0,0
E00123,C0077,P0431,F01721,2025-11-01,False,0,0
E00123,C0077,P0431,F01721,2025-12-01,False,0,0
E00123,C0077,P0431,F01721,2026-01-01,False,0,0
E00123,C0077,P0431,F01721,2026-02-01,False,0,0
E00123,C0077,P0431,F01721,2026-03-01,False,0,0
E00123,C0077,P0431,F01721,2026-04-01,False,0,0
E00123,C0077,P0431,F01721,2026-05-01,False,0,0
E00123,C0077,P0431,F01721,2026-06-01,False,0,0
E00123,C0077,P0431,F01721,2026-07-01,False,0,0
E00123,C0077,P0431,F01722,2025-08-01,False,0,0
E00123,C0077,P0431,F01722,2025-09-01,False,0,0
E00123,C0077,P0431,F01722,2025-10-01,False,0,0
E00123,C0077,P0431,F01049,2025-11-01,True,0,0
E00123,C0077,P0431,F01722,2025-12-01,False,0,0
E00123,C0077,P0431,F01722,2026-01-01,False,0,0
E00123,C0077,P0431,F01722,2026-02-01,False,0,0
E00123,C0077,P0431,F01722,2026-03-01,False,0,0
E00123,C0077,P0431,F01722,2026-04-01,False,0,0
E00123,C0077,P0431,F01722,2026-05-01,False,0,0
E00123,C0077,P0431,F01722,2026-06-01,False,0,0
E00123,C0077,P0431,F01722,2026-07-01,False,0,0
E00123,C0077,P0431,F01723,2025-08-01,False,0,0
E00123,C0077,P0431,F01723,2025-09-01,False,0,0
E00123,C0077,P0431,F01723,2025-10-01,False,0,0
E00123,C0077,P0431,F01723,2025-11-01,False,0,0
E00123,C0077,P0431,F01723,2025-12-01,False,0,0
E00123,C0077,P0431,F01723,2026-01-01,False,0,0
E00123,C0077,P0431,F01723,2026-02-01,False,0,0
E00123,C0077,P0431,F01723,2026-03-01,False,0,0
E00123,C0077,P0431,F01723,2026-04-01,False,0,0
E00123,C0077,P0431,F01723,2026-05-01,False,0,0
E00123,C0077,P0431,F01723,2026-06-01,False,0,0
E00123,C0077,P0431,F01723,2026-07-01,False,0,0
E00124,C0031,P0388,F01556,2025-08-01,False,0,0
E00124,C0031,P0388,F01556,2025-09-01,False,0,0
E00124,C0031,P0388,F01556,2025-10-01,False,0,0
E00124,C0031,P0388,F01556,2025-11-01,False,0,0
E00124,C0031,P0388,F01556,2025-12-01,False,0,0
E00124,C0031,P0388,F01556,2026-01-01,False,0,0
E00124,C0031,P0388,F01556,2026-02-01,False,0,0
E00124,C0031,P0388,F01556,2026-03-01,False,0,0
E00124,C0031,P0388,F01556,2026-04-01,False,0,0
E00124,C0031,P0388,F01556,2026-05-01,False,0,0
E00124,C0031,P0388,F01556,2026-06-01,False,0,0
E00124,C0031,P0388,F01556,2026-07-01,False,0,0
E00124,C0031,P0388,F01557,2025-08-01,False,0,0
E00124,C0031,P0388,F01557,2025-09-01,False,0,0
E00124,C0031,P0388,F01557,2025-10-01,False,0,0
E00124,C0031,P0388,F01557,2025-11-01,False,0,0
E00124,C0031,P0388,F01557,2025-12-01,False,0,0
E00124,C0031,P0388,F01557,2026-01-01,False,0,0
E00124,C0031,P0388,F01557,2026-02-01,False,0,0
E00124,C0031,P0388,F01557,2026-03-01,False,0,0
E00124,C0031,P0388,F01557,2026-04-01,False,0,0
E00124,C0031,P0388,F01557,2026-05-01,False,0,0
E00124,C0031,P0388,F01557,2026-06-01,False,0,0
E00124,C0031,P0388,F01557,2026-07-01,False,0,0
E00124,C0031,P0388,F01558,2025-08-01,False,0,0
E00124,C0031,P0388,F01558,2025-09-01,False,0,0
E00124,C0031,P0388,F01558,2025-10-01,False,0,0
E00124,C0031,P0388,F01558,2025-11-01,False,0,0
E00124,C0031,P0388,F01558,2025-12-01,False,0,0
E00124,C0031,P0388,F01558,2026-01-01,False,0,0
E00124,C0031,P0388,F01558,2026-02-01,False,0,0
E00124,C0031,P0388,F01558,2026-03-01,False,0,0
E00124,C0031,P0388,F01558,2026-04-01,False,0,0
E00124,C0031,P0388,F01558,2026-05-01,False,0,0
E00124,C0031,P0388,F01558,2026-06-01,False,0,0
E00124,C0031,P0388,F01558,2026-07-01,False,0,0
E00124,C0031,P0388,F01559,2025-08-01,False,0,0
E00124,C0031,P0388,F01856,2025-09-01,True,0,0
E00124,C0031,P0388,F01559,2025-10-01,False,0,0
E00124,C0031,P0388,F01559,2025-11-01,False,0,0
E00124,C0031,P0388,F01559,2025-12-01,False,0,0
E00124,C0031,P0388,F01559,2026-01-01,False,0,0
E00124,C0031,P0388,F01559,2026-02-01,False,0,0
E00124,C0031,P0388,F01559,2026-03-01,False,0,0
E00124,C0031,P0388,F01559,2026-04-01,False,0,0
E00124,C0031,P0388,F01559,2026-05-01,False,0,0
E00124,C0031,P0388,F01559,2026-06-01,False,0,0
E00124,C0031,P0388,F01559,2026-07-01,False,0,0
E00125,C0056,P0121,F01813,2025-09-01,True,0,0
E00125,C0056,P0121,F00467,2025-10-01,True,779,1
E00125,C0056,P0121,F00467,2025-11-01,True,363,4
E00125,C0056,P0121,F00467,2025-12-01,True,414,17
E00125,C0056,P0121,F00467,2026-01-01,True,440,17
E00125,C0056,P0121,F00467,2026-02-01,True,298,13
E00125,C0056,P0121,F00467,2026-03-01,True,598,7
E00125,C0056,P0121,F00467,2026-04-01,True,173,6
E00125,C0056,P0121,F00467,2026-05-01,True,334,11
E00125,C0056,P0121,F00467,2026-06-01,True,470,6
E00125,C0056,P0121,F00467,2026-07-01,True,611,32
E00125,C0056,P0121,F00467,2026-08-01,False,0,0
E00125,C0056,P0121,F00468,2025-09-01,False,0,0
E00125,C0056,P0121,F00468,2025-10-01,False,0,0
E00125,C0056,P0121,F00468,2025-11-01,False,0,0
E00125,C0056,P0121,F00468,2025-12-01,False,0,0
E00125,C0056,P0121,F00468,2026-01-01,False,0,0
E00125,C0056,P0121,F00468,2026-02-01,True,224,44
E00125,C0056,P0121,F00468,2026-03-01,True,1267,11
E00125,C0056,P0121,F00468,2026-04-01,True,326,6
E00125,C0056,P0121,F00468,2026-05-01,True,675,11
E00125,C0056,P0121,F00468,2026-06-01,True,421,5
E00125,C0056,P0121,F00468,2026-07-01,True,688,9
E00125,C0056,P0121,F00468,2026-08-01,True,141,10
E00125,C0056,P0121,F00469,2025-09-01,False,0,0
E00125,C0056,P0121,F00469,2025-10-01,False,0,0
E00125,C0056,P0121,F00469,2025-11-01,True,187,25
E00125,C0056,P0121,F00469,2025-12-01,True,1257,10
E00125,C0056,P0121,F00469,2026-01-01,True,764,21
E00125,C0056,P0121,F00469,2026-02-01,True,4,6
E00125,C0056,P0121,F00469,2026-03-01,True,402,8
E00125,C0056,P0121,F00469,2026-04-01,True,198,22
E00125,C0056,P0121,F00469,2026-05-01,True,251,13
E00125,C0056,P0121,F00469,2026-06-01,True,740,26
E00125,C0056,P0121,F00469,2026-07-01,True,141,5
E00125,C0056,P0121,F00469,2026-08-01,False,0,0
E00126,C0029,P0267,F01063,2025-06-01,False,0,0
E00126,C0029,P0267,F01063,2025-07-01,True,434,2
E00126,C0029,P0267,F01063,2025-08-01,True,161,24
E00126,C0029,P0267,F01063,2025-09-01,False,0,0
E00126,C0029,P0267,F01063,2025-10-01,True,578,10
E00126,C0029,P0267,F01063,2025-11-01,True,518,17
E00126,C0029,P0267,F01063,2025-12-01,True,98,7
E00126,C0029,P0267,F01063,2026-01-01,True,922,12
E00126,C0029,P0267,F01668,2026-02-01,True,459,10
E00126,C0029,P0267,F01063,2026-03-01,True,61,7
E00126,C0029,P0267,F01064,2025-06-01,False,0,0
E00126,C0029,P0267,F01064,2025-07-01,False,0,0
E00126,C0029,P0267,F01064,2025-08-01,False,0,0
E00126,C0029,P0267,F01064,2025-09-01,False,0,0
E00126,C0029,P0267,F01064,2025-10-01,False,0,0
E00126,C0029,P0267,F01064,2025-11-01,False,0,0
E00126,C0029,P0267,F01064,2025-12-01,False,0,0
E00126,C0029,P0267,F01064,2026-01-01,False,0,0
E00126,C0029,P0267,F01064,2026-02-01,False,0,0
E00126,C0029,P0267,F01064,2026-03-01,False,0,0
E00126,C0029,P0267,F01065,2025-06-01,False,0,0
E00126,C0029,P0267,F01065,2025-07-01,False,0,0
E00126,C0029,P0267,F01065,2025-08-01,False,0,0
E00126,C0029,P0267,F01065,2025-09-01,False,0,0
E00126,C0029,P0267,F01065,2025-10-01,True,496,7
E00126,C0029,P0267,F01065,2025-11-01,True,146,5
E00126,C0029,P0267,F01065,2025-12-01,True,935,7
E00126,C0029,P0267,F01065,2026-01-01,True,813,13
E00126,C0029,P0267,F01065,2026-02-01,True,304,6
E00126,C0029,P0267,F01065,2026-03-01,True,589,21
E00126,C0029,P0267,F01066,2025-06-01,False,0,0
E00126,C0029,P0267,F01066,2025-07-01,False,0,0
E00126,C0029,P0267,F01066,2025-08-01,False,0,0
E00126,C0029,P0267,F01066,2025-09-01,False,0,0
E00126,C0029,P0267,F01066,2025-10-01,False,0,0
E00126,C0029,P0267,F01066,2025-11-01,False,0,0
E00126,C0029,P0267,F01066,2025-12-01,False,0,0
E00126,C0029,P0267,F01066,2026-01-01,False,0,0
E00126,C0029,P0267,F01066,2026-02-01,False,0,0
E00126,C0029,P0267,F01066,2026-03-01,False,0,0
E00126,C0029,P0267,F01067,2025-06-01,False,0,0
E00126,C0029,P0267,F01067,2025-07-01,False,0,0
E00126,C0029,P0267,F01067,2025-08-01,False,0,0
E00126,C0029,P0267,F01067,2025-09-01,True,629,3
E00126,C0029,P0267,F01067,2025-10-01,True,241,8
E00126,C0029,P0267,F01067,2025-11-01,True,47,15
E00126,C0029,P0267,F01067,2025-12-01,True,568,16
E00126,C0029,P0267,F01067,2026-01-01,True,491,8
E00126,C0029,P0267,F01067,2026-02-01,True,183,8
E00126,C0029,P0267,F01067,2026-03-01,True,463,24
E00127,C0029,P0185,F00726,2025-08-01,False,0,0
E00127,C0029,P0185,F00726,2025-09-01,True,389,11
E00127,C0029,P0185,F00726,2025-10-01,True,53,14
E00127,C0029,P0185,F00726,2025-11-01,True,907,10
E00127,C0029,P0185,F00726,2025-12-01,True,316,8
E00127,C0029,P0185,F00726,2026-01-01,True,603,2
E00127,C0029,P0185,F00726,2026-02-01,True,814,9
E00127,C0029,P0185,F00726,2026-03-01,True,492,18
E00127,C0029,P0185,F00726,2026-04-01,True,163,10
E00127,C0029,P0185,F00726,2026-05-01,True,300,4
E00127,C0029,P0185,F00726,2026-06-01,True,743,8
E00127,C0029,P0185,F00726,2026-07-01,False,0,0
E00127,C0029,P0185,F00727,2025-08-01,False,0,0
E00127,C0029,P0185,F00727,2025-09-01,False,0,0
E00127,C0029,P0185,F00727,2025-10-01,False,0,0
E00127,C0029,P0185,F00727,2025-11-01,False,0,0
E00127,C0029,P0185,F00727,2025-12-01,True,124,11
E00127,C0029,P0185,F00727,2026-01-01,True,92,7
E00127,C0029,P0185,F00727,2026-02-01,True,456,3
E00127,C0029,P0185,F00727,2026-03-01,True,576,11
E00127,C0029,P0185,F00727,2026-04-01,True,639,18
E00127,C0029,P0185,F00727,2026-05-01,True,245,7
E00127,C0029,P0185,F00727,2026-06-01,True,518,4
E00127,C0029,P0185,F00727,2026-07-01,True,141,6
E00127,C0029,P0185,F00728,2025-08-01,False,0,0
E00127,C0029,P0185,F00728,2025-09-01,False,0,0
E00127,C0029,P0185,F00728,2025-10-01,False,0,0
E00127,C0029,P0185,F00728,2025-11-01,False,0,0
E00127,C0029,P0185,F00728,2025-12-01,False,0,0
E00127,C0029,P0185,F00728,2026-01-01,False,0,0
E00127,C0029,P0185,F00728,2026-02-01,False,0,0
E00127,C0029,P0185,F00728,2026-03-01,False,0,0
E00127,C0029,P0185,F00728,2026-04-01,False,0,0
E00127,C0029,P0185,F00728,2026-05-01,False,0,0
E00127,C0029,P0185,F00728,2026-06-01,False,0,0
E00127,C0029,P0185,F00728,2026-07-01,False,0,0
E00128,C0075,P0042,F00158,2025-11-01,False,0,0
E00128,C0075,P0042,F00158,2025-12-01,True,101,4
E00128,C0075,P0042,F00158,2026-01-01,True,127,8
E00128,C0075,P0042,F00158,2026-02-01,True,271,20
E00128,C0075,P0042,F00158,2026-03-01,False,0,0
E00128,C0075,P0042,F00158,2026-04-01,True,286,10
E00128,C0075,P0042,F00158,2026-05-01,True,1110,1
E00128,C0075,P0042,F00158,2026-06-01,True,425,9
E00128,C0075,P0042,F00158,2026-07-01,True,457,7
E00128,C0075,P0042,F00158,2026-08-01,False,0,0
E00128,C0075,P0042,F00159,2025-11-01,False,0,0
E00128,C0075,P0042,F00159,2025-12-01,False,0,0
E00128,C0075,P0042,F00159,2026-01-01,False,0,0
E00128,C0075,P0042,F00159,2026-02-01,True,284,23
E00128,C0075,P0042,F00159,2026-03-01,True,513,9
E00128,C0075,P0042,F00159,2026-04-01,True,187,4
E00128,C0075,P0042,F00159,2026-05-01,True,242,9
E00128,C0075,P0042,F00510,2026-06-01,True,1107,11
E00128,C0075,P0042,F00159,2026-07-01,True,207,1
E00128,C0075,P0042,F00159,2026-08-01,True,183,7
E00128,C0075,P0042,F00160,2025-11-01,False,0,0
E00128,C0075,P0042,F00160,2025-12-01,False,0,0
E00128,C0075,P0042,F00160,2026-01-01,False,0,0
E00128,C0075,P0042,F00160,2026-02-01,False,0,0
E00128,C0075,P0042,F00160,2026-03-01,False,0,0
E00128,C0075,P0042,F00160,2026-04-01,True,431,7
E00128,C0075,P0042,F00160,2026-05-01,True,1141,9
E00128,C0075,P0042,F00160,2026-06-01,True,723,3
E00128,C0075,P0042,F00160,2026-07-01,True,346,6
E00128,C0075,P0042,F00160,2026-08-01,True,737,8
E00128,C0075,P0042,F00161,2025-11-01,False,0,0
E00128,C0075,P0042,F00161,2025-12-01,False,0,0
E00128,C0075,P0042,F00161,2026-01-01,False,0,0
E00128,C0075,P0042,F00161,2026-02-01,False,0,0
E00128,C0075,P0042,F00161,2026-03-01,False,0,0
E00128,C0075,P0042,F00161,2026-04-01,False,0,0
E00128,C0075,P0042,F00161,2026-05-01,False,0,0
E00128,C0075,P0042,F00161,2026-06-01,False,0,0
E00128,C0075,P0042,F00161,2026-07-01,False,0,0
E00128,C0075,P0042,F00161,2026-08-01,False,0,0
E00128,C0075,P0042,F00162,2025-11-01,True,854,16
E00128,C0075,P0042,F00162,2025-12-01,True,236,4
E00128,C0075,P0042,F00162,2026-01-01,True,194,8
E00128,C0075,P0042,F00162,2026-02-01,True,568,10
E00128,C0075,P0042,F00162,2026-03-01,True,641,25
E00128,C0075,P0042,F00162,2026-04-01,False,0,0
E00128,C0075,P0042,F00162,2026-05-01,True,370,5
E00128,C0075,P0042,F00162,2026-06-01,True,472,34
E00128,C0075,P0042,F00162,2026-07-01,False,0,0
E00128,C0075,P0042,F00162,2026-08-01,False,0,0
E00129,C0079,P0040,F00151,2025-06-01,False,0,0
E00129,C0079,P0040,F00151,2025-07-01,False,0,0
E00129,C0079,P0040,F00151,2025-08-01,True,667,13
E00129,C0079,P0040,F00151,2025-09-01,True,171,9
E00129,C0079,P0040,F00711,2025-10-01,True,0,0
E00129,C0079,P0040,F00151,2025-11-01,True,80,4
E00129,C0079,P0040,F00151,2025-12-01,True,479,2
E00129,C0079,P0040,F00606,2026-01-01,True,274,4
E00129,C0079,P0040,F00152,2025-06-01,False,0,0
E00129,C0079,P0040,F00152,2025-07-01,True,136,11
E00129,C0079,P0040,F00152,2025-08-01,True,195,3
E00129,C0079,P0040,F00152,2025-09-01,True,229,3
E00129,C0079,P0040,F00152,2025-10-01,True,818,17
E00129,C0079,P0040,F00152,2025-11-01,True,588,5
E00129,C0079,P0040,F00152,2025-12-01,True,491,12
E00129,C0079,P0040,F00152,2026-01-01,True,191,10
E00129,C0079,P0040,F01353,2025-06-01,True,0,0
E00129,C0079,P0040,F00153,2025-07-01,False,0,0
E00129,C0079,P0040,F00153,2025-08-01,False,0,0
E00129,C0079,P0040,F00153,2025-09-01,False,0,0
E00129,C0079,P0040,F00153,2025-10-01,True,76,4
E00129,C0079,P0040,F00153,2025-11-01,True,331,7
E00129,C0079,P0040,F00153,2025-12-01,True,460,6
E00129,C0079,P0040,F00153,2026-01-01,True,270,10
E00129,C0079,P0040,F00154,2025-06-01,False,0,0
E00129,C0079,P0040,F00154,2025-07-01,False,0,0
E00129,C0079,P0040,F00154,2025-08-01,False,0,0
E00129,C0079,P0040,F00154,2025-09-01,False,0,0
E00129,C0079,P0040,F00154,2025-10-01,False,0,0
E00129,C0079,P0040,F00154,2025-11-01,True,181,8
E00129,C0079,P0040,F00154,2025-12-01,True,414,27
E00129,C0079,P0040,F00154,2026-01-01,True,182,7
E00130,C0006,P0300,F01198,2025-06-01,True,662,22
E00130,C0006,P0300,F01198,2025-07-01,True,524,21
E00130,C0006,P0300,F01198,2025-08-01,True,173,20
E00130,C0006,P0300,F01198,2025-09-01,True,605,4
E00130,C0006,P0300,F01198,2025-10-01,True,273,2
E00130,C0006,P0300,F01198,2025-11-01,True,392,20
E00130,C0006,P0300,F01198,2025-12-01,True,231,5
E00130,C0006,P0300,F01198,2026-01-01,True,140,10
E00130,C0006,P0300,F01198,2026-02-01,True,521,27
E00130,C0006,P0300,F01198,2026-03-01,True,33,25
E00130,C0006,P0300,F01198,2026-04-01,True,408,19
E00130,C0006,P0300,F01198,2026-05-01,True,580,10
E00130,C0006,P0300,F01199,2025-06-01,False,0,0
E00130,C0006,P0300,F01199,2025-07-01,False,0,0
E00130,C0006,P0300,F01199,2025-08-01,False,0,0
E00130,C0006,P0300,F01199,2025-09-01,False,0,0
E00130,C0006,P0300,F01199,2025-10-01,False,0,0
E00130,C0006,P0300,F01199,2025-11-01,False,0,0
E00130,C0006,P0300,F01199,2025-12-01,False,0,0
E00130,C0006,P0300,F01199,2026-01-01,False,0,0
E00130,C0006,P0300,F01199,2026-02-01,False,0,0
E00130,C0006,P0300,F01199,2026-03-01,False,0,0
E00130,C0006,P0300,F01199,2026-04-01,False,0,0
E00130,C0006,P0300,F01199,2026-05-01,False,0,0
E00130,C0006,P0300,F01200,2025-06-01,False,0,0
E00130,C0006,P0300,F01200,2025-07-01,False,0,0
E00130,C0006,P0300,F01200,2025-08-01,False,0,0
E00130,C0006,P0300,F01200,2025-09-01,False,0,0
E00130,C0006,P0300,F01200,2025-10-01,False,0,0
E00130,C0006,P0300,F00333,2025-11-01,True,0,0
E00130,C0006,P0300,F01200,2025-12-01,False,0,0
E00130,C0006,P0300,F01200,2026-01-01,False,0,0
E00130,C0006,P0300,F01200,2026-02-01,False,0,0
E00130,C0006,P0300,F01200,2026-03-01,False,0,0
E00130,C0006,P0300,F01200,2026-04-01,False,0,0
E00130,C0006,P0300,F01200,2026-05-01,False,0,0
E00131,C0100,P0214,F00843,2025-07-01,False,0,0
E00131,C0100,P0214,F00843,2025-08-01,True,355,13
E00131,C0100,P0214,F00843,2025-09-01,True,290,9
E00131,C0100,P0214,F00843,2025-10-01,True,539,5
E00131,C0100,P0214,F00843,2025-11-01,True,727,19
E00131,C0100,P0214,F00843,2025-12-01,True,242,15
E00131,C0100,P0214,F00843,2026-01-01,True,495,7
E00131,C0100,P0214,F00843,2026-02-01,True,571,27
E00131,C0100,P0214,F00843,2026-03-01,True,744,3
E00131,C0100,P0214,F00843,2026-04-01,True,508,19
E00131,C0100,P0214,F00843,2026-05-01,True,209,20
E00131,C0100,P0214,F00843,2026-06-01,True,190,8
E00131,C0100,P0214,F00844,2025-07-01,False,0,0
E00131,C0100,P0214,F00844,2025-08-01,False,0,0
E00131,C0100,P0214,F00844,2025-09-01,False,0,0
E00131,C0100,P0214,F00844,2025-10-01,False,0,0
E00131,C0100,P0214,F00844,2025-11-01,False,0,0
E00131,C0100,P0214,F00844,2025-12-01,False,0,0
E00131,C0100,P0214,F00844,2026-01-01,False,0,0
E00131,C0100,P0214,F00844,2026-02-01,False,0,0
E00131,C0100,P0214,F00844,2026-03-01,False,0,0
E00131,C0100,P0214,F00844,2026-04-01,False,0,0
E00131,C0100,P0214,F00844,2026-05-01,False,0,0
E00131,C0100,P0214,F00844,2026-06-01,False,0,0
E00131,C0100,P0214,F00845,2025-07-01,False,0,0
E00131,C0100,P0214,F00845,2025-08-01,False,0,0
E00131,C0100,P0214,F00845,2025-09-01,False,0,0
E00131,C0100,P0214,F00845,2025-10-01,False,0,0
E00131,C0100,P0214,F00845,2025-11-01,False,0,0
E00131,C0100,P0214,F00845,2025-12-01,False,0,0
E00131,C0100,P0214,F00845,2026-01-01,False,0,0
E00131,C0100,P0214,F00845,2026-02-01,False,0,0
E00131,C0100,P0214,F00845,2026-03-01,False,0,0
E00131,C0100,P0214,F00845,2026-04-01,False,0,0
E00131,C0100,P0214,F00845,2026-05-01,False,0,0
E00131,C0100,P0214,F00845,2026-06-01,False,0,0
E00131,C0100,P0214,F00846,2025-07-01,False,0,0
E00131,C0100,P0214,F00846,2025-08-01,False,0,0
E00131,C0100,P0214,F00846,2025-09-01,False,0,0
E00131,C0100,P0214,F00846,2025-10-01,True,196,5
E00131,C0100,P0214,F00846,2025-11-01,True,469,3
E00131,C0100,P0214,F00846,2025-12-01,True,300,13
E00131,C0100,P0214,F00846,2026-01-01,True,198,23
E00131,C0100,P0214,F00846,2026-02-01,True,319,29
E00131,C0100,P0214,F00846,2026-03-01,True,91,14
E00131,C0100,P0214,F00846,2026-04-01,True,416,8
E00131,C0100,P0214,F00846,2026-05-01,True,367,15
E00131,C0100,P0214,F00846,2026-06-01,True,607,9
E00131,C0100,P0214,F00847,2025-07-01,False,0,0
E00131,C0100,P0214,F00847,2025-08-01,False,0,0
E00131,C0100,P0214,F00847,2025-09-01,False,0,0
E00131,C0100,P0214,F00847,2025-10-01,True,487,5
E00131,C0100,P0214,F00847,2025-11-01,True,615,26
E00131,C0100,P0214,F00847,2025-12-01,True,648,6
E00131,C0100,P0214,F00847,2026-01-01,True,156,41
E00131,C0100,P0214,F00847,2026-02-01,True,880,17
E00131,C0100,P0214,F00847,2026-03-01,True,961,10
E00131,C0100,P0214,F00847,2026-04-01,True,601,23
E00131,C0100,P0214,F00847,2026-05-01,True,290,14
E00131,C0100,P0214,F00847,2026-06-01,True,748,5
E00132,C0093,P0067,F00259,2025-06-01,True,267,21
E00132,C0093,P0067,F00259,2025-07-01,True,424,11
E00132,C0093,P0067,F00259,2025-08-01,True,350,22
E00132,C0093,P0067,F00259,2025-09-01,True,161,7
E00132,C0093,P0067,F00259,2025-10-01,True,102,8
E00132,C0093,P0067,F00259,2025-11-01,True,409,2
E00132,C0093,P0067,F00259,2025-12-01,True,183,12
E00132,C0093,P0067,F00259,2026-01-01,True,502,31
E00132,C0093,P0067,F00260,2025-06-01,False,0,0
E00132,C0093,P0067,F00260,2025-07-01,False,0,0
E00132,C0093,P0067,F00260,2025-08-01,False,0,0
E00132,C0093,P0067,F00260,2025-09-01,False,0,0
E00132,C0093,P0067,F00260,2025-10-01,False,0,0
E00132,C0093,P0067,F01984,2025-11-01,True,0,0
E00132,C0093,P0067,F00260,2025-12-01,False,0,0
E00132,C0093,P0067,F00260,2026-01-01,False,0,0
E00132,C0093,P0067,F00261,2025-06-01,False,0,0
E00132,C0093,P0067,F00261,2025-07-01,False,0,0
E00132,C0093,P0067,F00261,2025-08-01,True,556,9
E00132,C0093,P0067,F00261,2025-09-01,True,401,12
E00132,C0093,P0067,F00261,2025-10-01,True,253,12
E00132,C0093,P0067,F00261,2025-11-01,True,243,13
E00132,C0093,P0067,F00261,2025-12-01,True,350,9
E00132,C0093,P0067,F00261,2026-01-01,True,314,17
E00132,C0093,P0067,F00262,2025-06-01,False,0,0
E00132,C0093,P0067,F00262,2025-07-01,False,0,0
E00132,C0093,P0067,F00262,2025-08-01,True,580,9
E00132,C0093,P0067,F00262,2025-09-01,True,604,10
E00132,C0093,P0067,F00262,2025-10-01,True,349,7
E00132,C0093,P0067,F00262,2025-11-01,True,1030,27
E00132,C0093,P0067,F00262,2025-12-01,True,211,8
E00132,C0093,P0067,F00262,2026-01-01,True,478,15
E00132,C0093,P0067,F00263,2025-06-01,False,0,0
E00132,C0093,P0067,F00263,2025-07-01,False,0,0
E00132,C0093,P0067,F00263,2025-08-01,False,0,0
E00132,C0093,P0067,F00263,2025-09-01,False,0,0
E00132,C0093,P0067,F00263,2025-10-01,False,0,0
E00132,C0093,P0067,F00263,2025-11-01,False,0,0
E00132,C0093,P0067,F00263,2025-12-01,False,0,0
E00132,C0093,P0067,F00263,2026-01-01,False,0,0
E00133,C0010,P0081,F00172,2025-07-01,True,149,5
E00133,C0010,P0081,F00314,2025-08-01,True,544,3
E00133,C0010,P0081,F00314,2025-09-01,True,212,19
E00133,C0010,P0081,F00314,2025-10-01,True,648,28
E00133,C0010,P0081,F00314,2025-11-01,True,1215,52
E00133,C0010,P0081,F00314,2025-12-01,True,274,7
E00133,C0010,P0081,F00314,2026-01-01,True,492,3
E00133,C0010,P0081,F00314,2026-02-01,True,302,12
E00133,C0010,P0081,F00314,2026-03-01,True,518,16
E00133,C0010,P0081,F00314,2026-04-01,True,295,4
E00133,C0010,P0081,F00314,2026-05-01,True,147,2
E00133,C0010,P0081,F00314,2026-06-01,True,231,3
E00133,C0010,P0081,F00315,2025-07-01,False,0,0
E00133,C0010,P0081,F00315,2025-08-01,False,0,0
E00133,C0010,P0081,F00315,2025-09-01,False,0,0
E00133,C0010,P0081,F00315,2025-10-01,False,0,0
E00133,C0010,P0081,F00315,2025-11-01,True,245,14
E00133,C0010,P0081,F00315,2025-12-01,True,124,11
E00133,C0010,P0081,F00315,2026-01-01,True,293,13
E00133,C0010,P0081,F00315,2026-02-01,True,551,8
E00133,C0010,P0081,F00315,2026-03-01,True,367,9
E00133,C0010,P0081,F00315,2026-04-01,True,251,6
E00133,C0010,P0081,F00315,2026-05-01,False,0,0
E00133,C0010,P0081,F00315,2026-06-01,True,516,24
E00133,C0010,P0081,F00316,2025-07-01,False,0,0
E00133,C0010,P0081,F00316,2025-08-01,False,0,0
E00133,C0010,P0081,F00316,2025-09-01,False,0,0
E00133,C0010,P0081,F00316,2025-10-01,False,0,0
E00133,C0010,P0081,F00316,2025-11-01,False,0,0
E00133,C0010,P0081,F00316,2025-12-01,False,0,0
E00133,C0010,P0081,F00316,2026-01-01,False,0,0
E00133,C0010,P0081,F00316,2026-02-01,False,0,0
E00133,C0010,P0081,F00316,2026-03-01,False,0,0
E00133,C0010,P0081,F00316,2026-04-01,False,0,0
E00133,C0010,P0081,F00316,2026-05-01,False,0,0
E00133,C0010,P0081,F00316,2026-06-01,False,0,0
E00134,C0027,P0190,F00747,2025-06-01,False,0,0
E00134,C0027,P0190,F00747,2025-07-01,True,809,4
E00134,C0027,P0190,F00747,2025-08-01,True,868,5
E00134,C0027,P0190,F00747,2025-09-01,True,408,13
E00134,C0027,P0190,F00747,2025-10-01,True,85,9
E00134,C0027,P0190,F00747,2025-11-01,True,904,1
E00134,C0027,P0190,F00747,2025-12-01,True,1571,2
E00134,C0027,P0190,F00748,2025-06-01,False,0,0
E00134,C0027,P0190,F00748,2025-07-01,False,0,0
E00134,C0027,P0190,F00748,2025-08-01,False,0,0
E00134,C0027,P0190,F00748,2025-09-01,False,0,0
E00134,C0027,P0190,F00748,2025-10-01,False,0,0
E00134,C0027,P0190,F00748,2025-11-01,True,454,3
E00134,C0027,P0190,F00748,2025-12-01,True,508,22
E00134,C0027,P0190,F00749,2025-06-01,False,0,0
E00134,C0027,P0190,F00749,2025-07-01,False,0,0
E00134,C0027,P0190,F00749,2025-08-01,False,0,0
E00134,C0027,P0190,F00749,2025-09-01,False,0,0
E00134,C0027,P0190,F00749,2025-10-01,True,646,20
E00134,C0027,P0190,F00749,2025-11-01,True,295,25
E00134,C0027,P0190,F00749,2025-12-01,True,1344,11
E00134,C0027,P0190,F00750,2025-06-01,False,0,0
E00134,C0027,P0190,F00750,2025-07-01,False,0,0
E00134,C0027,P0190,F00750,2025-08-01,False,0,0
E00134,C0027,P0190,F00750,2025-09-01,False,0,0
E00134,C0027,P0190,F00750,2025-10-01,False,0,0
E00134,C0027,P0190,F00750,2025-11-01,False,0,0
E00134,C0027,P0190,F00750,2025-12-01,False,0,0
E00134,C0027,P0190,F00751,2025-06-01,False,0,0
E00134,C0027,P0190,F00751,2025-07-01,False,0,0
E00134,C0027,P0190,F00751,2025-08-01,False,0,0
E00134,C0027,P0190,F00751,2025-09-01,False,0,0
E00134,C0027,P0190,F00751,2025-10-01,False,0,0
E00134,C0027,P0190,F00751,2025-11-01,False,0,0
E00134,C0027,P0190,F00751,2025-12-01,True,268,6
E00135,C0019,P0192,F00756,2025-06-01,False,0,0
E00135,C0019,P0192,F00756,2025-07-01,True,617,21
E00135,C0019,P0192,F00756,2025-08-01,True,268,29
E00135,C0019,P0192,F00756,2025-09-01,True,581,11
E00135,C0019,P0192,F00756,2025-10-01,True,465,5
E00135,C0019,P0192,F00756,2025-11-01,True,612,5
E00135,C0019,P0192,F00756,2025-12-01,True,241,10
E00135,C0019,P0192,F00756,2026-01-01,True,1207,12
E00135,C0019,P0192,F00757,2025-06-01,False,0,0
E00135,C0019,P0192,F00757,2025-07-01,False,0,0
E00135,C0019,P0192,F00757,2025-08-01,False,0,0
E00135,C0019,P0192,F00757,2025-09-01,False,0,0
E00135,C0019,P0192,F00757,2025-10-01,True,175,13
E00135,C0019,P0192,F00757,2025-11-01,True,557,23
E00135,C0019,P0192,F00757,2025-12-01,True,359,6
E00135,C0019,P0192,F00757,2026-01-01,True,1420,13
E00135,C0019,P0192,F00758,2025-06-01,False,0,0
E00135,C0019,P0192,F00758,2025-07-01,False,0,0
E00135,C0019,P0192,F00758,2025-08-01,False,0,0
E00135,C0019,P0192,F00758,2025-09-01,False,0,0
E00135,C0019,P0192,F00758,2025-10-01,False,0,0
E00135,C0019,P0192,F00758,2025-11-01,False,0,0
E00135,C0019,P0192,F00758,2025-12-01,False,0,0
E00135,C0019,P0192,F00758,2026-01-01,False,0,0
E00135,C0019,P0192,F00759,2025-06-01,False,0,0
E00135,C0019,P0192,F00759,2025-07-01,False,0,0
E00135,C0019,P0192,F00759,2025-08-01,False,0,0
E00135,C0019,P0192,F00759,2025-09-01,False,0,0
E00135,C0019,P0192,F00759,2025-10-01,False,0,0
E00135,C0019,P0192,F00759,2025-11-01,False,0,0
E00135,C0019,P0192,F00759,2025-12-01,False,0,0
E00135,C0019,P0192,F00759,2026-01-01,False,0,0
E00135,C0019,P0192,F00760,2025-06-01,True,176,10
E00135,C0019,P0192,F00760,2025-07-01,True,241,24
E00135,C0019,P0192,F00760,2025-08-01,True,553,8
E00135,C0019,P0192,F00760,2025-09-01,True,744,10
E00135,C0019,P0192,F00760,2025-10-01,True,351,6
E00135,C0019,P0192,F00760,2025-11-01,True,194,38
E00135,C0019,P0192,F00760,2025-12-01,True,720,2
E00135,C0019,P0192,F00760,2026-01-01,True,157,4
E00136,C0095,P0302,F01206,2025-06-01,False,0,0
E00136,C0095,P0302,F01206,2025-07-01,True,383,8
E00136,C0095,P0302,F01206,2025-08-01,True,980,8
E00136,C0095,P0302,F01206,2025-09-01,True,1269,10
E00136,C0095,P0302,F01206,2025-10-01,True,1451,9
E00136,C0095,P0302,F01206,2025-11-01,True,317,20
E00136,C0095,P0302,F01207,2025-06-01,False,0,0
E00136,C0095,P0302,F01207,2025-07-01,True,639,3
E00136,C0095,P0302,F01207,2025-08-01,False,0,0
E00136,C0095,P0302,F01207,2025-09-01,True,391,8
E00136,C0095,P0302,F01207,2025-10-01,True,244,11
E00136,C0095,P0302,F01207,2025-11-01,True,290,12
E00136,C0095,P0302,F01208,2025-06-01,True,150,3
E00136,C0095,P0302,F01208,2025-07-01,True,728,23
E00136,C0095,P0302,F01208,2025-08-01,True,697,11
E00136,C0095,P0302,F01208,2025-09-01,True,273,6
E00136,C0095,P0302,F00079,2025-10-01,True,184,10
E00136,C0095,P0302,F01208,2025-11-01,True,793,6
E00137,C0035,P0420,F01678,2025-06-01,True,794,3
E00137,C0035,P0420,F01678,2025-07-01,False,0,0
E00137,C0035,P0420,F01678,2025-08-01,True,437,14
E00137,C0035,P0420,F01678,2025-09-01,True,237,4
E00137,C0035,P0420,F01678,2025-10-01,True,663,11
E00137,C0035,P0420,F01678,2025-11-01,True,1741,22
E00137,C0035,P0420,F01678,2025-12-01,True,805,1
E00137,C0035,P0420,F01678,2026-01-01,True,205,4
E00137,C0035,P0420,F01678,2026-02-01,True,42,10
E00137,C0035,P0420,F01678,2026-03-01,True,651,5
E00137,C0035,P0420,F01679,2025-06-01,False,0,0
E00137,C0035,P0420,F01679,2025-07-01,False,0,0
E00137,C0035,P0420,F01679,2025-08-01,False,0,0
E00137,C0035,P0420,F01679,2025-09-01,False,0,0
E00137,C0035,P0420,F01679,2025-10-01,False,0,0
E00137,C0035,P0420,F01679,2025-11-01,True,46,5
E00137,C0035,P0420,F01679,2025-12-01,True,323,9
E00137,C0035,P0420,F01679,2026-01-01,True,369,14
E00137,C0035,P0420,F01679,2026-02-01,True,362,19
E00137,C0035,P0420,F01679,2026-03-01,False,0,0
E00137,C0035,P0420,F01680,2025-06-01,False,0,0
E00137,C0035,P0420,F01680,2025-07-01,False,0,0
E00137,C0035,P0420,F01680,2025-08-01,False,0,0
E00137,C0035,P0420,F01680,2025-09-01,False,0,0
E00137,C0035,P0420,F01680,2025-10-01,False,0,0
E00137,C0035,P0420,F00191,2025-11-01,True,0,0
E00137,C0035,P0420,F01680,2025-12-01,False,0,0
E00137,C0035,P0420,F01680,2026-01-01,True,158,9
E00137,C0035,P0420,F01680,2026-02-01,True,559,13
E00137,C0035,P0420,F01680,2026-03-01,True,1172,5
E00138,C0003,P0023,F00085,2025-08-01,True,566,6
E00138,C0003,P0023,F00085,2025-09-01,True,195,21
E00138,C0003,P0023,F00085,2025-10-01,True,359,13
E00138,C0003,P0023,F00085,2025-11-01,True,229,7
E00138,C0003,P0023,F00085,2025-12-01,True,82,12
E00138,C0003,P0023,F00085,2026-01-01,True,144,9
E00138,C0003,P0023,F00085,2026-02-01,True,676,2
E00138,C0003,P0023,F00085,2026-03-01,True,2042,6
E00138,C0003,P0023,F00085,2026-04-01,True,335,13
E00138,C0003,P0023,F00085,2026-05-01,True,185,7
E00138,C0003,P0023,F00085,2026-06-01,True,786,18
E00138,C0003,P0023,F00085,2026-07-01,True,299,10
E00138,C0003,P0023,F00086,2025-08-01,False,0,0
E00138,C0003,P0023,F00086,2025-09-01,False,0,0
E00138,C0003,P0023,F00086,2025-10-01,False,0,0
E00138,C0003,P0023,F00086,2025-11-01,False,0,0
E00138,C0003,P0023,F00086,2025-12-01,False,0,0
E00138,C0003,P0023,F00086,2026-01-01,True,407,15
E00138,C0003,P0023,F00086,2026-02-01,True,577,16
E00138,C0003,P0023,F00086,2026-03-01,True,262,11
E00138,C0003,P0023,F00086,2026-04-01,True,729,39
E00138,C0003,P0023,F00086,2026-05-01,True,389,7
E00138,C0003,P0023,F00086,2026-06-01,True,182,16
E00138,C0003,P0023,F00086,2026-07-01,True,78,16
E00138,C0003,P0023,F00087,2025-08-01,False,0,0
E00138,C0003,P0023,F00087,2025-09-01,False,0,0
E00138,C0003,P0023,F00087,2025-10-01,False,0,0
E00138,C0003,P0023,F00087,2025-11-01,False,0,0
E00138,C0003,P0023,F00087,2025-12-01,False,0,0
E00138,C0003,P0023,F00087,2026-01-01,False,0,0
E00138,C0003,P0023,F00087,2026-02-01,False,0,0
E00138,C0003,P0023,F00087,2026-03-01,False,0,0
E00138,C0003,P0023,F00087,2026-04-01,False,0,0
E00138,C0003,P0023,F00087,2026-05-01,False,0,0
E00138,C0003,P0023,F00087,2026-06-01,False,0,0
E00138,C0003,P0023,F00087,2026-07-01,False,0,0
E00139,C0017,P0401,F01605,2025-06-01,False,0,0
E00139,C0017,P0401,F01605,2025-07-01,True,580,7
E00139,C0017,P0401,F01605,2025-08-01,True,439,9
E00139,C0017,P0401,F01605,2025-09-01,True,103,15
E00139,C0017,P0401,F01605,2025-10-01,True,509,8
E00139,C0017,P0401,F01605,2025-11-01,True,1403,11
E00139,C0017,P0401,F01605,2025-12-01,True,52,21
E00139,C0017,P0401,F01605,2026-01-01,False,0,0
E00139,C0017,P0401,F01605,2026-02-01,True,639,19
E00139,C0017,P0401,F01605,2026-03-01,True,151,12
E00139,C0017,P0401,F01606,2025-06-01,False,0,0
E00139,C0017,P0401,F01606,2025-07-01,False,0,0
E00139,C0017,P0401,F01606,2025-08-01,False,0,0
E00139,C0017,P0401,F01606,2025-09-01,False,0,0
E00139,C0017,P0401,F01606,2025-10-01,False,0,0
E00139,C0017,P0401,F01606,2025-11-01,True,363,9
E00139,C0017,P0401,F01606,2025-12-01,True,893,11
E00139,C0017,P0401,F01606,2026-01-01,True,264,8
E00139,C0017,P0401,F01606,2026-02-01,True,141,11
E00139,C0017,P0401,F01606,2026-03-01,True,939,8
E00139,C0017,P0401,F01607,2025-06-01,False,0,0
E00139,C0017,P0401,F01607,2025-07-01,False,0,0
E00139,C0017,P0401,F01607,2025-08-01,False,0,0
E00139,C0017,P0401,F01607,2025-09-01,False,0,0
E00139,C0017,P0401,F01607,2025-10-01,False,0,0
E00139,C0017,P0401,F01607,2025-11-01,False,0,0
E00139,C0017,P0401,F01607,2025-12-01,True,448,9
E00139,C0017,P0401,F01607,2026-01-01,True,342,18
E00139,C0017,P0401,F01607,2026-02-01,True,139,3
E00139,C0017,P0401,F01607,2026-03-01,True,756,7
E00139,C0017,P0401,F01608,2025-06-01,False,0,0
E00139,C0017,P0401,F01608,2025-07-01,False,0,0
E00139,C0017,P0401,F01608,2025-08-01,False,0,0
E00139,C0017,P0401,F01608,2025-09-01,False,0,0
E00139,C0017,P0401,F01608,2025-10-01,True,267,44
E00139,C0017,P0401,F01608,2025-11-01,True,636,5
E00139,C0017,P0401,F01608,2025-12-01,True,793,18
E00139,C0017,P0401,F01608,2026-01-01,True,5,12
E00139,C0017,P0401,F01608,2026-02-01,True,145,10
E00139,C0017,P0401,F01608,2026-03-01,False,0,0
E00139,C0017,P0401,F01609,2025-06-01,False,0,0
E00139,C0017,P0401,F01609,2025-07-01,False,0,0
E00139,C0017,P0401,F01609,2025-08-01,False,0,0
E00139,C0017,P0401,F01609,2025-09-01,False,0,0
E00139,C0017,P0401,F01609,2025-10-01,False,0,0
E00139,C0017,P0401,F01609,2025-11-01,True,1421,19
E00139,C0017,P0401,F01609,2025-12-01,True,742,9
E00139,C0017,P0401,F01609,2026-01-01,True,745,6
E00139,C0017,P0401,F01609,2026-02-01,False,0,0
E00139,C0017,P0401,F01609,2026-03-01,True,407,18
E00140,C0095,P0259,F01032,2025-11-01,False,0,0
E00140,C0095,P0259,F01032,2025-12-01,True,643,3
E00140,C0095,P0259,F01032,2026-01-01,True,1221,5
E00140,C0095,P0259,F01032,2026-02-01,True,1790,19
E00140,C0095,P0259,F01032,2026-03-01,True,631,5
E00140,C0095,P0259,F01032,2026-04-01,True,243,32
E00140,C0095,P0259,F01032,2026-05-01,True,1058,9
E00140,C0095,P0259,F01032,2026-06-01,False,0,0
E00140,C0095,P0259,F01032,2026-07-01,True,301,9
E00140,C0095,P0259,F01032,2026-08-01,True,796,21
E00140,C0095,P0259,F01033,2025-11-01,False,0,0
E00140,C0095,P0259,F01033,2025-12-01,False,0,0
E00140,C0095,P0259,F01033,2026-01-01,False,0,0
E00140,C0095,P0259,F01033,2026-02-01,False,0,0
E00140,C0095,P0259,F01033,2026-03-01,False,0,0
E00140,C0095,P0259,F01033,2026-04-01,True,488,12
E00140,C0095,P0259,F01033,2026-05-01,True,320,47
E00140,C0095,P0259,F01033,2026-06-01,True,103,8
E00140,C0095,P0259,F01033,2026-07-01,True,463,3
E00140,C0095,P0259,F01033,2026-08-01,False,0,0
E00140,C0095,P0259,F01034,2025-11-01,False,0,0
E00140,C0095,P0259,F01034,2025-12-01,False,0,0
E00140,C0095,P0259,F01034,2026-01-01,False,0,0
E00140,C0095,P0259,F01034,2026-02-01,False,0,0
E00140,C0095,P0259,F01034,2026-03-01,False,0,0
E00140,C0095,P0259,F01034,2026-04-01,True,230,39
E00140,C0095,P0259,F01034,2026-05-01,True,710,7
E00140,C0095,P0259,F01034,2026-06-01,True,222,3
E00140,C0095,P0259,F01034,2026-07-01,True,256,16
E00140,C0095,P0259,F01034,2026-08-01,False,0,0
E00140,C0095,P0259,F01035,2025-11-01,False,0,0
E00140,C0095,P0259,F01035,2025-12-01,False,0,0
E00140,C0095,P0259,F01035,2026-01-01,False,0,0
E00140,C0095,P0259,F01035,2026-02-01,False,0,0
E00140,C0095,P0259,F01035,2026-03-01,False,0,0
E00140,C0095,P0259,F01035,2026-04-01,False,0,0
E00140,C0095,P0259,F01035,2026-05-01,False,0,0
E00140,C0095,P0259,F01035,2026-06-01,True,486,8
E00140,C0095,P0259,F01035,2026-07-01,True,163,9
E00140,C0095,P0259,F01035,2026-08-01,False,0,0
E00141,C0029,P0373,F01492,2025-10-01,True,311,18
E00141,C0029,P0373,F01492,2025-11-01,True,436,11
E00141,C0029,P0373,F01492,2025-12-01,True,845,29
E00141,C0029,P0373,F01492,2026-01-01,True,482,14
E00141,C0029,P0373,F01492,2026-02-01,False,0,0
E00141,C0029,P0373,F01492,2026-03-01,True,334,5
E00141,C0029,P0373,F01492,2026-04-01,True,684,17
E00141,C0029,P0373,F01492,2026-05-01,True,356,12
E00141,C0029,P0373,F01492,2026-06-01,True,807,25
E00141,C0029,P0373,F01492,2026-07-01,True,21,6
E00141,C0029,P0373,F01492,2026-08-01,False,0,0
E00141,C0029,P0373,F01493,2025-10-01,False,0,0
E00141,C0029,P0373,F01493,2025-11-01,False,0,0
E00141,C0029,P0373,F01493,2025-12-01,False,0,0
E00141,C0029,P0373,F01493,2026-01-01,False,0,0
E00141,C0029,P0373,F01493,2026-02-01,False,0,0
E00141,C0029,P0373,F01493,2026-03-01,False,0,0
E00141,C0029,P0373,F01493,2026-04-01,False,0,0
E00141,C0029,P0373,F01493,2026-05-01,False,0,0
E00141,C0029,P0373,F01493,2026-06-01,False,0,0
E00141,C0029,P0373,F01493,2026-07-01,False,0,0
E00141,C0029,P0373,F01493,2026-08-01,False,0,0
E00141,C0029,P0373,F01494,2025-10-01,False,0,0
E00141,C0029,P0373,F01494,2025-11-01,False,0,0
E00141,C0029,P0373,F00794,2025-12-01,True,0,0
E00141,C0029,P0373,F01494,2026-01-01,False,0,0
E00141,C0029,P0373,F01494,2026-02-01,False,0,0
E00141,C0029,P0373,F01494,2026-03-01,False,0,0
E00141,C0029,P0373,F01494,2026-04-01,False,0,0
E00141,C0029,P0373,F01494,2026-05-01,False,0,0
E00141,C0029,P0373,F01494,2026-06-01,True,355,4
E00141,C0029,P0373,F01494,2026-07-01,True,445,7
E00141,C0029,P0373,F01494,2026-08-01,True,457,7
E00141,C0029,P0373,F01495,2025-10-01,False,0,0
E00141,C0029,P0373,F01495,2025-11-01,False,0,0
E00141,C0029,P0373,F01495,2025-12-01,False,0,0
E00141,C0029,P0373,F01495,2026-01-01,True,240,13
E00141,C0029,P0373,F01495,2026-02-01,True,705,16
E00141,C0029,P0373,F01495,2026-03-01,True,357,2
E00141,C0029,P0373,F01495,2026-04-01,True,235,6
E00141,C0029,P0373,F01495,2026-05-01,True,619,12
E00141,C0029,P0373,F01495,2026-06-01,True,424,6
E00141,C0029,P0373,F01495,2026-07-01,True,925,12
E00141,C0029,P0373,F01495,2026-08-01,True,174,6
E00141,C0029,P0373,F01496,2025-10-01,False,0,0
E00141,C0029,P0373,F01496,2025-11-01,False,0,0
E00141,C0029,P0373,F01496,2025-12-01,False,0,0
E00141,C0029,P0373,F01496,2026-01-01,False,0,0
E00141,C0029,P0373,F01496,2026-02-01,False,0,0
E00141,C0029,P0373,F01496,2026-03-01,True,469,5
E00141,C0029,P0373,F01496,2026-04-01,True,216,4
E00141,C0029,P0373,F01640,2026-05-01,True,616,5
E00141,C0029,P0373,F01496,2026-06-01,True,1028,14
E00141,C0029,P0373,F01496,2026-07-01,True,133,16
E00141,C0029,P0373,F01496,2026-08-01,False,0,0
E00142,C0019,P0461,F01846,2025-09-01,True,926,10
E00142,C0019,P0461,F01846,2025-10-01,False,0,0
E00142,C0019,P0461,F01846,2025-11-01,True,999,15
E00142,C0019,P0461,F01846,2025-12-01,True,225,39
E00142,C0019,P0461,F01846,2026-01-01,True,101,8
E00142,C0019,P0461,F01846,2026-02-01,True,357,35
E00142,C0019,P0461,F01846,2026-03-01,True,626,16
E00142,C0019,P0461,F01846,2026-04-01,True,197,10
E00142,C0019,P0461,F01846,2026-05-01,True,230,15
E00142,C0019,P0461,F01846,2026-06-01,True,828,45
E00142,C0019,P0461,F01846,2026-07-01,True,252,3
E00142,C0019,P0461,F01846,2026-08-01,True,286,21
E00142,C0019,P0461,F01847,2025-09-01,False,0,0
E00142,C0019,P0461,F01847,2025-10-01,False,0,0
E00142,C0019,P0461,F01847,2025-11-01,False,0,0
E00142,C0019,P0461,F01847,2025-12-01,False,0,0
E00142,C0019,P0461,F01847,2026-01-01,False,0,0
E00142,C0019,P0461,F01847,2026-02-01,False,0,0
E00142,C0019,P0461,F01847,2026-03-01,False,0,0
E00142,C0019,P0461,F01847,2026-04-01,False,0,0
E00142,C0019,P0461,F01847,2026-05-01,False,0,0
E00142,C0019,P0461,F01847,2026-06-01,False,0,0
E00142,C0019,P0461,F01847,2026-07-01,False,0,0
E00142,C0019,P0461,F01847,2026-08-01,False,0,0
E00142,C0019,P0461,F01848,2025-09-01,False,0,0
E00142,C0019,P0461,F01848,2025-10-01,False,0,0
E00142,C0019,P0461,F01848,2025-11-01,False,0,0
E00142,C0019,P0461,F01848,2025-12-01,False,0,0
E00142,C0019,P0461,F01848,2026-01-01,False,0,0
E00142,C0019,P0461,F01848,2026-02-01,False,0,0
E00142,C0019,P0461,F01848,2026-03-01,False,0,0
E00142,C0019,P0461,F01848,2026-04-01,False,0,0
E00142,C0019,P0461,F01848,2026-05-01,False,0,0
E00142,C0019,P0461,F01848,2026-06-01,False,0,0
E00142,C0019,P0461,F01848,2026-07-01,False,0,0
E00142,C0019,P0461,F01848,2026-08-01,False,0,0
E00142,C0019,P0461,F01849,2025-09-01,False,0,0
E00142,C0019,P0461,F01849,2025-10-01,False,0,0
E00142,C0019,P0461,F01849,2025-11-01,False,0,0
E00142,C0019,P0461,F01849,2025-12-01,False,0,0
E00142,C0019,P0461,F01849,2026-01-01,False,0,0
E00142,C0019,P0461,F01849,2026-02-01,False,0,0
E00142,C0019,P0461,F01849,2026-03-01,False,0,0
E00142,C0019,P0461,F01849,2026-04-01,False,0,0
E00142,C0019,P0461,F01849,2026-05-01,False,0,0
E00142,C0019,P0461,F01849,2026-06-01,False,0,0
E00142,C0019,P0461,F01849,2026-07-01,False,0,0
E00142,C0019,P0461,F01849,2026-08-01,False,0,0
E00142,C0019,P0461,F01850,2025-09-01,False,0,0
E00142,C0019,P0461,F01850,2025-10-01,False,0,0
E00142,C0019,P0461,F01850,2025-11-01,False,0,0
E00142,C0019,P0461,F01850,2025-12-01,False,0,0
E00142,C0019,P0461,F01850,2026-01-01,False,0,0
E00142,C0019,P0461,F01850,2026-02-01,True,176,11
E00142,C0019,P0461,F01850,2026-03-01,True,559,8
E00142,C0019,P0461,F01850,2026-04-01,True,436,5
E00142,C0019,P0461,F01850,2026-05-01,True,867,9
E00142,C0019,P0461,F01850,2026-06-01,False,0,0
E00142,C0019,P0461,F01850,2026-07-01,True,427,2
E00142,C0019,P0461,F01850,2026-08-01,True,141,21
E00144,C0097,P0408,F01632,2025-11-01,True,254,5
E00144,C0097,P0408,F01632,2025-12-01,True,90,24
E00144,C0097,P0408,F01632,2026-01-01,False,0,0
E00144,C0097,P0408,F01632,2026-02-01,True,607,16
E00144,C0097,P0408,F01632,2026-03-01,True,1091,8
E00144,C0097,P0408,F01632,2026-04-01,True,99,11
E00144,C0097,P0408,F01632,2026-05-01,True,1230,11
E00144,C0097,P0408,F01632,2026-06-01,True,813,3
E00144,C0097,P0408,F01632,2026-07-01,True,193,20
E00144,C0097,P0408,F01632,2026-08-01,False,0,0
E00144,C0097,P0408,F01633,2025-11-01,True,420,10
E00144,C0097,P0408,F01633,2025-12-01,True,806,20
E00144,C0097,P0408,F01633,2026-01-01,True,429,1
E00144,C0097,P0408,F01633,2026-02-01,True,371,14
E00144,C0097,P0408,F01633,2026-03-01,True,62,14
E00144,C0097,P0408,F01633,2026-04-01,True,831,11
E00144,C0097,P0408,F01633,2026-05-01,True,151,1
E00144,C0097,P0408,F01633,2026-06-01,False,0,0
E00144,C0097,P0408,F01633,2026-07-01,True,503,2
E00144,C0097,P0408,F01633,2026-08-01,False,0,0
E00144,C0097,P0408,F00073,2025-11-01,True,576,33
E00144,C0097,P0408,F01634,2025-12-01,True,201,9
E00144,C0097,P0408,F01634,2026-01-01,True,1237,12
E00144,C0097,P0408,F01634,2026-02-01,True,256,21
E00144,C0097,P0408,F01634,2026-03-01,True,268,6
E00144,C0097,P0408,F01634,2026-04-01,True,569,22
E00144,C0097,P0408,F01634,2026-05-01,True,188,12
E00144,C0097,P0408,F01634,2026-06-01,True,321,10
E00144,C0097,P0408,F01634,2026-07-01,True,153,17
E00144,C0097,P0408,F01634,2026-08-01,False,0,0
E00145,C0086,P0317,F01266,2025-06-01,True,1025,6
E00145,C0086,P0317,F01266,2025-07-01,True,600,21
E00145,C0086,P0317,F01266,2025-08-01,True,429,16
E00145,C0086,P0317,F01266,2025-09-01,False,0,0
E00145,C0086,P0317,F01266,2025-10-01,False,0,0
E00145,C0086,P0317,F01266,2025-11-01,False,0,0
E00145,C0086,P0317,F01266,2025-12-01,False,0,0
E00145,C0086,P0317,F01267,2025-06-01,True,204,27
E00145,C0086,P0317,F01267,2025-07-01,True,798,24
E00145,C0086,P0317,F01267,2025-08-01,True,129,15
E00145,C0086,P0317,F01267,2025-09-01,False,0,0
E00145,C0086,P0317,F01267,2025-10-01,False,0,0
E00145,C0086,P0317,F01267,2025-11-01,False,0,0
E00145,C0086,P0317,F01789,2025-12-01,True,0,0
E00145,C0086,P0317,F01268,2025-06-01,False,0,0
E00145,C0086,P0317,F01268,2025-07-01,False,0,0
E00145,C0086,P0317,F00091,2025-08-01,True,0,0
E00145,C0086,P0317,F01268,2025-09-01,False,0,0
E00145,C0086,P0317,F01268,2025-10-01,False,0,0
E00145,C0086,P0317,F01268,2025-11-01,False,0,0
E00145,C0086,P0317,F01268,2025-12-01,False,0,0
E00146,C0069,P0258,F01027,2025-08-01,True,218,29
E00146,C0069,P0258,F01027,2025-09-01,True,188,13
E00146,C0069,P0258,F01027,2025-10-01,False,0,0
E00146,C0069,P0258,F01027,2025-11-01,True,43,13
E00146,C0069,P0258,F01027,2025-12-01,True,130,16
E00146,C0069,P0258,F01027,2026-01-01,True,328,8
E00146,C0069,P0258,F01027,2026-02-01,True,1062,41
E00146,C0069,P0258,F01027,2026-03-01,True,95,8
E00146,C0069,P0258,F01027,2026-04-01,False,0,0
E00146,C0069,P0258,F01027,2026-05-01,True,669,14
E00146,C0069,P0258,F01027,2026-06-01,True,643,10
E00146,C0069,P0258,F01027,2026-07-01,True,820,12
E00146,C0069,P0258,F01028,2025-08-01,False,0,0
E00146,C0069,P0258,F01028,2025-09-01,False,0,0
E00146,C0069,P0258,F01028,2025-10-01,False,0,0
E00146,C0069,P0258,F01028,2025-11-01,False,0,0
E00146,C0069,P0258,F01028,2025-12-01,True,508,4
E00146,C0069,P0258,F01028,2026-01-01,True,396,19
E00146,C0069,P0258,F01028,2026-02-01,True,467,12
E00146,C0069,P0258,F01028,2026-03-01,True,531,12
E00146,C0069,P0258,F01028,2026-04-01,True,356,19
E00146,C0069,P0258,F01028,2026-05-01,True,337,4
E00146,C0069,P0258,F01028,2026-06-01,True,1030,7
E00146,C0069,P0258,F01028,2026-07-01,True,90,16
E00146,C0069,P0258,F01029,2025-08-01,False,0,0
E00146,C0069,P0258,F01029,2025-09-01,False,0,0
E00146,C0069,P0258,F01029,2025-10-01,False,0,0
E00146,C0069,P0258,F01029,2025-11-01,False,0,0
E00146,C0069,P0258,F01029,2025-12-01,False,0,0
E00146,C0069,P0258,F01029,2026-01-01,False,0,0
E00146,C0069,P0258,F01029,2026-02-01,False,0,0
E00146,C0069,P0258,F01029,2026-03-01,True,1118,17
E00146,C0069,P0258,F01029,2026-04-01,True,933,5
E00146,C0069,P0258,F01029,2026-05-01,True,124,8
E00146,C0069,P0258,F01029,2026-06-01,True,779,16
E00146,C0069,P0258,F01029,2026-07-01,True,581,12
E00146,C0069,P0258,F01030,2025-08-01,False,0,0
E00146,C0069,P0258,F01030,2025-09-01,False,0,0
E00146,C0069,P0258,F01030,2025-10-01,False,0,0
E00146,C0069,P0258,F01030,2025-11-01,False,0,0
E00146,C0069,P0258,F01030,2025-12-01,True,285,12
E00146,C0069,P0258,F01030,2026-01-01,True,328,8
E00146,C0069,P0258,F01030,2026-02-01,True,496,9
E00146,C0069,P0258,F01030,2026-03-01,True,456,2
E00146,C0069,P0258,F01030,2026-04-01,True,428,9
E00146,C0069,P0258,F01030,2026-05-01,True,967,3
E00146,C0069,P0258,F01030,2026-06-01,True,405,19
E00146,C0069,P0258,F01030,2026-07-01,True,339,9
E00146,C0069,P0258,F01031,2025-08-01,False,0,0
E00146,C0069,P0258,F01031,2025-09-01,False,0,0
E00146,C0069,P0258,F01031,2025-10-01,True,678,15
E00146,C0069,P0258,F01031,2025-11-01,True,572,8
E00146,C0069,P0258,F01031,2025-12-01,True,242,13
E00146,C0069,P0258,F01031,2026-01-01,True,717,3
E00146,C0069,P0258,F01031,2026-02-01,False,0,0
E00146,C0069,P0258,F01031,2026-03-01,False,0,0
E00146,C0069,P0258,F01031,2026-04-01,True,348,7
E00146,C0069,P0258,F01031,2026-05-01,False,0,0
E00146,C0069,P0258,F01031,2026-06-01,True,381,18
E00146,C0069,P0258,F01031,2026-07-01,True,185,17
E00147,C0077,P0141,F00549,2025-08-01,True,277,22
E00147,C0077,P0141,F00549,2025-09-01,True,195,20
E00147,C0077,P0141,F00549,2025-10-01,True,120,12
E00147,C0077,P0141,F00549,2025-11-01,True,595,6
E00147,C0077,P0141,F00549,2025-12-01,True,258,11
E00147,C0077,P0141,F00549,2026-01-01,True,293,7
E00147,C0077,P0141,F00549,2026-02-01,True,685,24
E00147,C0077,P0141,F00549,2026-03-01,True,818,15
E00147,C0077,P0141,F00549,2026-04-01,True,578,5
E00147,C0077,P0141,F00549,2026-05-01,True,358,12
E00147,C0077,P0141,F00549,2026-06-01,True,468,13
E00147,C0077,P0141,F00549,2026-07-01,True,385,15
E00147,C0077,P0141,F00550,2025-08-01,False,0,0
E00147,C0077,P0141,F00550,2025-09-01,False,0,0
E00147,C0077,P0141,F00550,2025-10-01,False,0,0
E00147,C0077,P0141,F00550,2025-11-01,False,0,0
E00147,C0077,P0141,F00550,2025-12-01,False,0,0
E00147,C0077,P0141,F00550,2026-01-01,False,0,0
E00147,C0077,P0141,F00550,2026-02-01,False,0,0
E00147,C0077,P0141,F00550,2026-03-01,False,0,0
E00147,C0077,P0141,F00550,2026-04-01,False,0,0
E00147,C0077,P0141,F00550,2026-05-01,False,0,0
E00147,C0077,P0141,F00550,2026-06-01,False,0,0
E00147,C0077,P0141,F00550,2026-07-01,False,0,0
E00147,C0077,P0141,F00049,2025-08-01,True,448,13
E00147,C0077,P0141,F00551,2025-09-01,True,211,4
E00147,C0077,P0141,F00551,2025-10-01,True,470,8
E00147,C0077,P0141,F00551,2025-11-01,True,220,17
E00147,C0077,P0141,F00551,2025-12-01,True,361,26
E00147,C0077,P0141,F00551,2026-01-01,True,561,6
E00147,C0077,P0141,F00551,2026-02-01,True,611,14
E00147,C0077,P0141,F00551,2026-03-01,True,193,7
E00147,C0077,P0141,F00551,2026-04-01,True,591,2
E00147,C0077,P0141,F00551,2026-05-01,True,41,12
E00147,C0077,P0141,F00551,2026-06-01,True,405,13
E00147,C0077,P0141,F00551,2026-07-01,True,406,15
E00147,C0077,P0141,F00552,2025-08-01,False,0,0
E00147,C0077,P0141,F00552,2025-09-01,False,0,0
E00147,C0077,P0141,F00552,2025-10-01,False,0,0
E00147,C0077,P0141,F00552,2025-11-01,False,0,0
E00147,C0077,P0141,F00552,2025-12-01,False,0,0
E00147,C0077,P0141,F01620,2026-01-01,True,0,0
E00147,C0077,P0141,F00552,2026-02-01,False,0,0
E00147,C0077,P0141,F00552,2026-03-01,False,0,0
E00147,C0077,P0141,F00552,2026-04-01,False,0,0
E00147,C0077,P0141,F00552,2026-05-01,False,0,0
E00147,C0077,P0141,F01209,2026-06-01,True,0,0
E00147,C0077,P0141,F00552,2026-07-01,False,0,0
E00148,C0080,P0274,F01090,2025-11-01,False,0,0
E00148,C0080,P0274,F01090,2025-12-01,True,859,11
E00148,C0080,P0274,F01090,2026-01-01,True,99,2
E00148,C0080,P0274,F01090,2026-02-01,True,287,9
E00148,C0080,P0274,F01090,2026-03-01,True,117,1
E00148,C0080,P0274,F01090,2026-04-01,True,271,31
E00148,C0080,P0274,F01090,2026-05-01,True,502,13
E00148,C0080,P0274,F01090,2026-06-01,True,331,8
E00148,C0080,P0274,F01090,2026-07-01,False,0,0
E00148,C0080,P0274,F01090,2026-08-01,False,0,0
E00148,C0080,P0274,F01091,2025-11-01,False,0,0
E00148,C0080,P0274,F01091,2025-12-01,False,0,0
E00148,C0080,P0274,F01091,2026-01-01,False,0,0
E00148,C0080,P0274,F01091,2026-02-01,False,0,0
E00148,C0080,P0274,F01091,2026-03-01,False,0,0
E00148,C0080,P0274,F01091,2026-04-01,False,0,0
E00148,C0080,P0274,F01091,2026-05-01,False,0,0
E00148,C0080,P0274,F01091,2026-06-01,False,0,0
E00148,C0080,P0274,F01091,2026-07-01,False,0,0
E00148,C0080,P0274,F01091,2026-08-01,False,0,0
E00148,C0080,P0274,F01092,2025-11-01,False,0,0
E00148,C0080,P0274,F01092,2025-12-01,False,0,0
E00148,C0080,P0274,F01092,2026-01-01,False,0,0
E00148,C0080,P0274,F01092,2026-02-01,False,0,0
E00148,C0080,P0274,F01092,2026-03-01,False,0,0
E00148,C0080,P0274,F01092,2026-04-01,False,0,0
E00148,C0080,P0274,F01092,2026-05-01,False,0,0
E00148,C0080,P0274,F01092,2026-06-01,False,0,0
E00148,C0080,P0274,F01092,2026-07-01,False,0,0
E00148,C0080,P0274,F01092,2026-08-01,False,0,0
E00148,C0080,P0274,F01093,2025-11-01,False,0,0
E00148,C0080,P0274,F01093,2025-12-01,False,0,0
E00148,C0080,P0274,F01093,2026-01-01,False,0,0
E00148,C0080,P0274,F01093,2026-02-01,False,0,0
E00148,C0080,P0274,F01093,2026-03-01,False,0,0
E00148,C0080,P0274,F01093,2026-04-01,False,0,0
E00148,C0080,P0274,F01093,2026-05-01,False,0,0
E00148,C0080,P0274,F01093,2026-06-01,False,0,0
E00148,C0080,P0274,F01093,2026-07-01,False,0,0
E00148,C0080,P0274,F01093,2026-08-01,False,0,0
E00149,C0071,P0012,F00041,2025-06-01,True,539,4
E00149,C0071,P0012,F00041,2025-07-01,True,1308,4
E00149,C0071,P0012,F00041,2025-08-01,True,573,5
E00149,C0071,P0012,F00041,2025-09-01,False,0,0
E00149,C0071,P0012,F00041,2025-10-01,False,0,0
E00149,C0071,P0012,F00041,2025-11-01,False,0,0
E00149,C0071,P0012,F00042,2025-06-01,False,0,0
E00149,C0071,P0012,F00042,2025-07-01,False,0,0
E00149,C0071,P0012,F00042,2025-08-01,False,0,0
E00149,C0071,P0012,F00042,2025-09-01,False,0,0
E00149,C0071,P0012,F00042,2025-10-01,False,0,0
E00149,C0071,P0012,F00042,2025-11-01,False,0,0
E00149,C0071,P0012,F00043,2025-06-01,False,0,0
E00149,C0071,P0012,F00043,2025-07-01,False,0,0
E00149,C0071,P0012,F00043,2025-08-01,False,0,0
E00149,C0071,P0012,F00043,2025-09-01,False,0,0
E00149,C0071,P0012,F00043,2025-10-01,False,0,0
E00149,C0071,P0012,F00043,2025-11-01,False,0,0
E00149,C0071,P0012,F00044,2025-06-01,False,0,0
E00149,C0071,P0012,F00044,2025-07-01,False,0,0
E00149,C0071,P0012,F00044,2025-08-01,False,0,0
E00149,C0071,P0012,F00044,2025-09-01,False,0,0
E00149,C0071,P0012,F00044,2025-10-01,False,0,0
E00149,C0071,P0012,F00044,2025-11-01,False,0,0
E00150,C0080,P0163,F00638,2025-06-01,False,0,0
E00150,C0080,P0163,F00638,2025-07-01,True,414,17
E00150,C0080,P0163,F00638,2025-08-01,True,80,5
E00150,C0080,P0163,F00638,2025-09-01,True,179,9
E00150,C0080,P0163,F00638,2025-10-01,True,452,31
E00150,C0080,P0163,F00638,2025-11-01,True,240,30
E00150,C0080,P0163,F00638,2025-12-01,True,489,4
E00150,C0080,P0163,F00638,2026-01-01,True,332,3
E00150,C0080,P0163,F00638,2026-02-01,True,287,8
E00150,C0080,P0163,F00638,2026-03-01,True,419,16
E00150,C0080,P0163,F00638,2026-04-01,True,352,5
E00150,C0080,P0163,F00638,2026-05-01,True,933,33
E00150,C0080,P0163,F00639,2025-06-01,False,0,0
E00150,C0080,P0163,F00639,2025-07-01,False,0,0
E00150,C0080,P0163,F00639,2025-08-01,False,0,0
E00150,C0080,P0163,F00639,2025-09-01,False,0,0
E00150,C0080,P0163,F00639,2025-10-01,False,0,0
E00150,C0080,P0163,F00639,2025-11-01,True,326,13
E00150,C0080,P0163,F00639,2025-12-01,True,312,12
E00150,C0080,P0163,F00639,2026-01-01,True,438,4
E00150,C0080,P0163,F00639,2026-02-01,True,292,21
E00150,C0080,P0163,F00639,2026-03-01,True,709,8
E00150,C0080,P0163,F00639,2026-04-01,True,444,9
E00150,C0080,P0163,F00639,2026-05-01,True,590,3
E00150,C0080,P0163,F00640,2025-06-01,False,0,0
E00150,C0080,P0163,F00640,2025-07-01,False,0,0
E00150,C0080,P0163,F00640,2025-08-01,False,0,0
E00150,C0080,P0163,F00640,2025-09-01,False,0,0
E00150,C0080,P0163,F00640,2025-10-01,True,540,27
E00150,C0080,P0163,F00640,2025-11-01,True,209,25
E00150,C0080,P0163,F00179,2025-12-01,True,460,10
E00150,C0080,P0163,F00640,2026-01-01,True,286,25
E00150,C0080,P0163,F00640,2026-02-01,True,306,30
E00150,C0080,P0163,F00640,2026-03-01,True,992,7
E00150,C0080,P0163,F00640,2026-04-01,True,324,2
E00150,C0080,P0163,F00640,2026-05-01,True,361,11
E00150,C0080,P0163,F00641,2025-06-01,False,0,0
E00150,C0080,P0163,F00641,2025-07-01,False,0,0
E00150,C0080,P0163,F00641,2025-08-01,False,0,0
E00150,C0080,P0163,F00641,2025-09-01,False,0,0
E00150,C0080,P0163,F00641,2025-10-01,False,0,0
E00150,C0080,P0163,F00641,2025-11-01,False,0,0
E00150,C0080,P0163,F00641,2025-12-01,False,0,0
E00150,C0080,P0163,F00641,2026-01-01,False,0,0
E00150,C0080,P0163,F00641,2026-02-01,False,0,0
E00150,C0080,P0163,F00641,2026-03-01,False,0,0
E00150,C0080,P0163,F00641,2026-04-01,False,0,0
E00150,C0080,P0163,F00641,2026-05-01,False,0,0
E00150,C0080,P0163,F00642,2025-06-01,False,0,0
E00150,C0080,P0163,F00642,2025-07-01,False,0,0
E00150,C0080,P0163,F00642,2025-08-01,False,0,0
E00150,C0080,P0163,F00642,2025-09-01,False,0,0
E00150,C0080,P0163,F00642,2025-10-01,False,0,0
E00150,C0080,P0163,F00642,2025-11-01,False,0,0
E00150,C0080,P0163,F00642,2025-12-01,True,808,29
E00150,C0080,P0163,F00642,2026-01-01,True,629,21
E00150,C0080,P0163,F00642,2026-02-01,True,324,4
E00150,C0080,P0163,F00642,2026-03-01,True,460,22
E00150,C0080,P0163,F00642,2026-04-01,True,15,12
E00150,C0080,P0163,F00642,2026-05-01,True,64,6
E00151,C0050,P0147,F00571,2025-06-01,False,0,0
E00151,C0050,P0147,F00571,2025-07-01,True,422,29
E00151,C0050,P0147,F00571,2025-08-01,True,380,17
E00151,C0050,P0147,F00571,2025-09-01,True,457,6
E00151,C0050,P0147,F00571,2025-10-01,False,0,0
E00151,C0050,P0147,F00571,2025-11-01,True,523,4
E00151,C0050,P0147,F00571,2025-12-01,True,376,25
E00151,C0050,P0147,F00572,2025-06-01,False,0,0
E00151,C0050,P0147,F00572,2025-07-01,False,0,0
E00151,C0050,P0147,F00572,2025-08-01,False,0,0
E00151,C0050,P0147,F00572,2025-09-01,False,0,0
E00151,C0050,P0147,F00572,2025-10-01,False,0,0
E00151,C0050,P0147,F00572,2025-11-01,False,0,0
E00151,C0050,P0147,F00572,2025-12-01,False,0,0
E00151,C0050,P0147,F00573,2025-06-01,False,0,0
E00151,C0050,P0147,F00573,2025-07-01,False,0,0
E00151,C0050,P0147,F00573,2025-08-01,False,0,0
E00151,C0050,P0147,F00573,2025-09-01,False,0,0
E00151,C0050,P0147,F00573,2025-10-01,False,0,0
E00151,C0050,P0147,F00573,2025-11-01,False,0,0
E00151,C0050,P0147,F00573,2025-12-01,False,0,0
E00151,C0050,P0147,F00574,2025-06-01,False,0,0
E00151,C0050,P0147,F00574,2025-07-01,False,0,0
E00151,C0050,P0147,F00574,2025-08-01,False,0,0
E00151,C0050,P0147,F00574,2025-09-01,False,0,0
E00151,C0050,P0147,F00574,2025-10-01,False,0,0
E00151,C0050,P0147,F00574,2025-11-01,False,0,0
E00151,C0050,P0147,F00574,2025-12-01,False,0,0
E00152,C0030,P0209,F00823,2025-06-01,False,0,0
E00152,C0030,P0209,F00823,2025-07-01,True,431,13
E00152,C0030,P0209,F00823,2025-08-01,True,287,3
E00152,C0030,P0209,F00823,2025-09-01,True,314,19
E00152,C0030,P0209,F00823,2025-10-01,True,500,4
E00152,C0030,P0209,F00823,2025-11-01,True,60,6
E00152,C0030,P0209,F00823,2025-12-01,True,316,10
E00152,C0030,P0209,F00824,2025-06-01,False,0,0
E00152,C0030,P0209,F00824,2025-07-01,False,0,0
E00152,C0030,P0209,F00824,2025-08-01,False,0,0
E00152,C0030,P0209,F00824,2025-09-01,False,0,0
E00152,C0030,P0209,F00824,2025-10-01,False,0,0
E00152,C0030,P0209,F00824,2025-11-01,True,338,11
E00152,C0030,P0209,F00824,2025-12-01,True,512,8
E00152,C0030,P0209,F00825,2025-06-01,False,0,0
E00152,C0030,P0209,F00825,2025-07-01,False,0,0
E00152,C0030,P0209,F00825,2025-08-01,False,0,0
E00152,C0030,P0209,F00825,2025-09-01,False,0,0
E00152,C0030,P0209,F00825,2025-10-01,False,0,0
E00152,C0030,P0209,F00825,2025-11-01,False,0,0
E00152,C0030,P0209,F00825,2025-12-01,False,0,0
E00153,C0032,P0030,F00113,2025-06-01,False,0,0
E00153,C0032,P0030,F00113,2025-07-01,True,166,16
E00153,C0032,P0030,F00113,2025-08-01,True,696,7
E00153,C0032,P0030,F00113,2025-09-01,True,1314,28
E00153,C0032,P0030,F00113,2025-10-01,True,139,2
E00153,C0032,P0030,F00113,2025-11-01,True,327,13
E00153,C0032,P0030,F00113,2025-12-01,True,1301,35
E00153,C0032,P0030,F00113,2026-01-01,True,602,8
E00153,C0032,P0030,F00113,2026-02-01,True,832,12
E00153,C0032,P0030,F00113,2026-03-01,True,112,4
E00153,C0032,P0030,F00113,2026-04-01,True,278,21
E00153,C0032,P0030,F00114,2025-06-01,False,0,0
E00153,C0032,P0030,F00114,2025-07-01,False,0,0
E00153,C0032,P0030,F00114,2025-08-01,False,0,0
E00153,C0032,P0030,F00964,2025-09-01,True,0,0
E00153,C0032,P0030,F00114,2025-10-01,False,0,0
E00153,C0032,P0030,F00114,2025-11-01,True,151,8
E00153,C0032,P0030,F00114,2025-12-01,True,996,14
E00153,C0032,P0030,F00114,2026-01-01,True,542,21
E00153,C0032,P0030,F00114,2026-02-01,True,282,29
E00153,C0032,P0030,F00493,2026-03-01,True,615,10
E00153,C0032,P0030,F00114,2026-04-01,True,913,17
E00153,C0032,P0030,F00115,2025-06-01,False,0,0
E00153,C0032,P0030,F00115,2025-07-01,False,0,0
E00153,C0032,P0030,F00115,2025-08-01,False,0,0
E00153,C0032,P0030,F00115,2025-09-01,False,0,0
E00153,C0032,P0030,F00115,2025-10-01,True,370,16
E00153,C0032,P0030,F00115,2025-11-01,True,180,23
E00153,C0032,P0030,F00115,2025-12-01,True,1287,3
E00153,C0032,P0030,F00115,2026-01-01,True,235,6
E00153,C0032,P0030,F00115,2026-02-01,True,642,13
E00153,C0032,P0030,F00115,2026-03-01,True,266,9
E00153,C0032,P0030,F00115,2026-04-01,True,246,17
E00154,C0011,P0166,F00650,2025-06-01,True,436,8
E00154,C0011,P0166,F00650,2025-07-01,True,250,26
E00154,C0011,P0166,F00650,2025-08-01,True,819,17
E00154,C0011,P0166,F00650,2025-09-01,True,761,4
E00154,C0011,P0166,F00650,2025-10-01,True,149,4
E00154,C0011,P0166,F00650,2025-11-01,True,379,22
E00154,C0011,P0166,F00650,2025-12-01,True,269,24
E00154,C0011,P0166,F00650,2026-01-01,True,235,10
E00154,C0011,P0166,F00650,2026-02-01,True,267,9
E00154,C0011,P0166,F00650,2026-03-01,True,348,2
E00154,C0011,P0166,F00650,2026-04-01,False,0,0
E00154,C0011,P0166,F00651,2025-06-01,False,0,0
E00154,C0011,P0166,F00651,2025-07-01,True,489,10
E00154,C0011,P0166,F00651,2025-08-01,True,1040,16
E00154,C0011,P0166,F00651,2025-09-01,True,474,28
E00154,C0011,P0166,F00651,2025-10-01,True,932,30
E00154,C0011,P0166,F00651,2025-11-01,True,247,4
E00154,C0011,P0166,F00651,2025-12-01,True,64,21
E00154,C0011,P0166,F00651,2026-01-01,True,52,13
E00154,C0011,P0166,F01649,2026-02-01,True,89,23
E00154,C0011,P0166,F00651,2026-03-01,False,0,0
E00154,C0011,P0166,F00651,2026-04-01,True,539,23
E00154,C0011,P0166,F00652,2025-06-01,False,0,0
E00154,C0011,P0166,F00652,2025-07-01,False,0,0
E00154,C0011,P0166,F00652,2025-08-01,False,0,0
E00154,C0011,P0166,F00652,2025-09-01,False,0,0
E00154,C0011,P0166,F00652,2025-10-01,False,0,0
E00154,C0011,P0166,F00652,2025-11-01,True,448,5
E00154,C0011,P0166,F00652,2025-12-01,True,261,20
E00154,C0011,P0166,F00652,2026-01-01,True,81,7
E00154,C0011,P0166,F00652,2026-02-01,True,215,10
E00154,C0011,P0166,F00652,2026-03-01,True,585,23
E00154,C0011,P0166,F00652,2026-04-01,True,105,5
E00155,C0004,P0386,F01547,2025-06-01,False,0,0
E00155,C0004,P0386,F01547,2025-07-01,False,0,0
E00155,C0004,P0386,F01547,2025-08-01,False,0,0
E00155,C0004,P0386,F01547,2025-09-01,False,0,0
E00155,C0004,P0386,F01547,2025-10-01,False,0,0
E00155,C0004,P0386,F01547,2025-11-01,False,0,0
E00155,C0004,P0386,F01547,2025-12-01,False,0,0
E00155,C0004,P0386,F01548,2025-06-01,False,0,0
E00155,C0004,P0386,F01548,2025-07-01,False,0,0
E00155,C0004,P0386,F01548,2025-08-01,False,0,0
E00155,C0004,P0386,F01548,2025-09-01,False,0,0
E00155,C0004,P0386,F01548,2025-10-01,False,0,0
E00155,C0004,P0386,F01548,2025-11-01,False,0,0
E00155,C0004,P0386,F01548,2025-12-01,False,0,0
E00155,C0004,P0386,F01549,2025-06-01,False,0,0
E00155,C0004,P0386,F01549,2025-07-01,False,0,0
E00155,C0004,P0386,F01549,2025-08-01,False,0,0
E00155,C0004,P0386,F01549,2025-09-01,False,0,0
E00155,C0004,P0386,F01549,2025-10-01,False,0,0
E00155,C0004,P0386,F01549,2025-11-01,False,0,0
E00155,C0004,P0386,F01549,2025-12-01,False,0,0
E00155,C0004,P0386,F01550,2025-06-01,False,0,0
E00155,C0004,P0386,F01550,2025-07-01,False,0,0
E00155,C0004,P0386,F01550,2025-08-01,False,0,0
E00155,C0004,P0386,F01550,2025-09-01,False,0,0
E00155,C0004,P0386,F01550,2025-10-01,False,0,0
E00155,C0004,P0386,F01550,2025-11-01,False,0,0
E00155,C0004,P0386,F01550,2025-12-01,False,0,0
E00156,C0055,P0138,F00537,2025-08-01,True,118,10
E00156,C0055,P0138,F00537,2025-09-01,True,133,14
E00156,C0055,P0138,F00537,2025-10-01,True,888,2
E00156,C0055,P0138,F00537,2025-11-01,True,181,30
E00156,C0055,P0138,F00537,2025-12-01,True,432,7
E00156,C0055,P0138,F00537,2026-01-01,True,1848,9
E00156,C0055,P0138,F00537,2026-02-01,True,569,6
E00156,C0055,P0138,F00537,2026-03-01,True,160,17
E00156,C0055,P0138,F00537,2026-04-01,True,1144,8
E00156,C0055,P0138,F00537,2026-05-01,True,149,21
E00156,C0055,P0138,F00537,2026-06-01,True,258,14
E00156,C0055,P0138,F00537,2026-07-01,True,250,8
E00156,C0055,P0138,F00538,2025-08-01,False,0,0
E00156,C0055,P0138,F00538,2025-09-01,False,0,0
E00156,C0055,P0138,F00538,2025-10-01,False,0,0
E00156,C0055,P0138,F00538,2025-11-01,False,0,0
E00156,C0055,P0138,F00538,2025-12-01,False,0,0
E00156,C0055,P0138,F00538,2026-01-01,False,0,0
E00156,C0055,P0138,F00538,2026-02-01,False,0,0
E00156,C0055,P0138,F00538,2026-03-01,False,0,0
E00156,C0055,P0138,F00538,2026-04-01,False,0,0
E00156,C0055,P0138,F00538,2026-05-01,False,0,0
E00156,C0055,P0138,F00538,2026-06-01,False,0,0
E00156,C0055,P0138,F00538,2026-07-01,False,0,0
E00156,C0055,P0138,F00539,2025-08-01,False,0,0
E00156,C0055,P0138,F00539,2025-09-01,False,0,0
E00156,C0055,P0138,F00539,2025-10-01,False,0,0
E00156,C0055,P0138,F00539,2025-11-01,False,0,0
E00156,C0055,P0138,F00539,2025-12-01,False,0,0
E00156,C0055,P0138,F00539,2026-01-01,False,0,0
E00156,C0055,P0138,F00539,2026-02-01,False,0,0
E00156,C0055,P0138,F00539,2026-03-01,False,0,0
E00156,C0055,P0138,F00539,2026-04-01,False,0,0
E00156,C0055,P0138,F00539,2026-05-01,False,0,0
E00156,C0055,P0138,F00539,2026-06-01,False,0,0
E00156,C0055,P0138,F00539,2026-07-01,False,0,0
E00156,C0055,P0138,F00540,2025-08-01,False,0,0
E00156,C0055,P0138,F00540,2025-09-01,False,0,0
E00156,C0055,P0138,F00540,2025-10-01,False,0,0
E00156,C0055,P0138,F00540,2025-11-01,False,0,0
E00156,C0055,P0138,F00540,2025-12-01,False,0,0
E00156,C0055,P0138,F00540,2026-01-01,False,0,0
E00156,C0055,P0138,F00540,2026-02-01,False,0,0
E00156,C0055,P0138,F00540,2026-03-01,False,0,0
E00156,C0055,P0138,F00540,2026-04-01,False,0,0
E00156,C0055,P0138,F00540,2026-05-01,False,0,0
E00156,C0055,P0138,F00540,2026-06-01,False,0,0
E00156,C0055,P0138,F00540,2026-07-01,False,0,0
E00157,C0015,P0015,F00053,2025-08-01,True,175,17
E00157,C0015,P0015,F00053,2025-09-01,True,502,14
E00157,C0015,P0015,F00053,2025-10-01,True,206,13
E00157,C0015,P0015,F00053,2025-11-01,True,1248,5
E00157,C0015,P0015,F00053,2025-12-01,True,190,6
E00157,C0015,P0015,F00053,2026-01-01,True,404,4
E00157,C0015,P0015,F00053,2026-02-01,True,540,2
E00157,C0015,P0015,F00053,2026-03-01,True,656,14
E00157,C0015,P0015,F00053,2026-04-01,True,1229,5
E00157,C0015,P0015,F00053,2026-05-01,True,766,10
E00157,C0015,P0015,F00053,2026-06-01,True,291,5
E00157,C0015,P0015,F00053,2026-07-01,True,253,8
E00157,C0015,P0015,F00054,2025-08-01,False,0,0
E00157,C0015,P0015,F00054,2025-09-01,False,0,0
E00157,C0015,P0015,F00054,2025-10-01,True,90,14
E00157,C0015,P0015,F00054,2025-11-01,True,434,16
E00157,C0015,P0015,F00054,2025-12-01,True,226,19
E00157,C0015,P0015,F00054,2026-01-01,True,920,9
E00157,C0015,P0015,F00054,2026-02-01,True,160,11
E00157,C0015,P0015,F00054,2026-03-01,True,375,9
E00157,C0015,P0015,F00054,2026-04-01,True,568,8
E00157,C0015,P0015,F00054,2026-05-01,True,148,12
E00157,C0015,P0015,F00054,2026-06-01,True,588,17
E00157,C0015,P0015,F00054,2026-07-01,True,265,13
E00157,C0015,P0015,F00055,2025-08-01,False,0,0
E00157,C0015,P0015,F00055,2025-09-01,False,0,0
E00157,C0015,P0015,F00055,2025-10-01,False,0,0
E00157,C0015,P0015,F00055,2025-11-01,False,0,0
E00157,C0015,P0015,F00055,2025-12-01,False,0,0
E00157,C0015,P0015,F00055,2026-01-01,True,932,22
E00157,C0015,P0015,F00055,2026-02-01,True,84,8
E00157,C0015,P0015,F00055,2026-03-01,True,891,3
E00157,C0015,P0015,F00055,2026-04-01,True,352,7
E00157,C0015,P0015,F00055,2026-05-01,True,468,2
E00157,C0015,P0015,F00055,2026-06-01,True,834,10
E00157,C0015,P0015,F00055,2026-07-01,True,139,6
E00158,C0006,P0301,F01201,2025-06-01,False,0,0
E00158,C0006,P0301,F01201,2025-07-01,True,480,6
E00158,C0006,P0301,F01201,2025-08-01,True,1120,10
E00158,C0006,P0301,F01201,2025-09-01,True,986,12
E00158,C0006,P0301,F01201,2025-10-01,True,604,16
E00158,C0006,P0301,F01201,2025-11-01,True,247,17
E00158,C0006,P0301,F01202,2025-06-01,False,0,0
E00158,C0006,P0301,F01202,2025-07-01,False,0,0
E00158,C0006,P0301,F01202,2025-08-01,False,0,0
E00158,C0006,P0301,F01202,2025-09-01,False,0,0
E00158,C0006,P0301,F01202,2025-10-01,False,0,0
E00158,C0006,P0301,F01202,2025-11-01,True,265,3
E00158,C0006,P0301,F01203,2025-06-01,True,310,4
E00158,C0006,P0301,F01203,2025-07-01,True,258,10
E00158,C0006,P0301,F01203,2025-08-01,True,164,15
E00158,C0006,P0301,F01203,2025-09-01,True,263,4
E00158,C0006,P0301,F01203,2025-10-01,True,167,11
E00158,C0006,P0301,F01203,2025-11-01,True,300,13
E00158,C0006,P0301,F01204,2025-06-01,False,0,0
E00158,C0006,P0301,F01204,2025-07-01,False,0,0
E00158,C0006,P0301,F01204,2025-08-01,False,0,0
E00158,C0006,P0301,F01204,2025-09-01,False,0,0
E00158,C0006,P0301,F01204,2025-10-01,True,400,5
E00158,C0006,P0301,F01204,2025-11-01,True,218,19
E00158,C0006,P0301,F01205,2025-06-01,False,0,0
E00158,C0006,P0301,F01205,2025-07-01,False,0,0
E00158,C0006,P0301,F01205,2025-08-01,False,0,0
E00158,C0006,P0301,F01205,2025-09-01,False,0,0
E00158,C0006,P0301,F01205,2025-10-01,True,177,28
E00158,C0006,P0301,F01205,2025-11-01,True,93,18
E00159,C0095,P0209,F00823,2025-08-01,True,337,5
E00159,C0095,P0209,F00823,2025-09-01,True,389,5
E00159,C0095,P0209,F00823,2025-10-01,True,231,8
E00159,C0095,P0209,F00823,2025-11-01,True,619,6
E00159,C0095,P0209,F00823,2025-12-01,True,435,18
E00159,C0095,P0209,F00823,2026-01-01,True,381,14
E00159,C0095,P0209,F00823,2026-02-01,True,355,15
E00159,C0095,P0209,F00823,2026-03-01,True,113,26
E00159,C0095,P0209,F00823,2026-04-01,True,204,10
E00159,C0095,P0209,F00823,2026-05-01,True,51,7
E00159,C0095,P0209,F00823,2026-06-01,True,449,29
E00159,C0095,P0209,F00634,2026-07-01,True,558,7
E00159,C0095,P0209,F00824,2025-08-01,False,0,0
E00159,C0095,P0209,F00824,2025-09-01,False,0,0
E00159,C0095,P0209,F00824,2025-10-01,False,0,0
E00159,C0095,P0209,F00824,2025-11-01,False,0,0
E00159,C0095,P0209,F00824,2025-12-01,False,0,0
E00159,C0095,P0209,F00824,2026-01-01,False,0,0
E00159,C0095,P0209,F00824,2026-02-01,True,85,24
E00159,C0095,P0209,F00824,2026-03-01,True,246,13
E00159,C0095,P0209,F00824,2026-04-01,True,256,14
E00159,C0095,P0209,F00824,2026-05-01,True,845,17
E00159,C0095,P0209,F00824,2026-06-01,True,295,25
E00159,C0095,P0209,F00824,2026-07-01,True,1181,20
E00159,C0095,P0209,F00825,2025-08-01,False,0,0
E00159,C0095,P0209,F00825,2025-09-01,False,0,0
E00159,C0095,P0209,F00825,2025-10-01,False,0,0
E00159,C0095,P0209,F00825,2025-11-01,False,0,0
E00159,C0095,P0209,F00825,2025-12-01,False,0,0
E00159,C0095,P0209,F00825,2026-01-01,False,0,0
E00159,C0095,P0209,F00825,2026-02-01,False,0,0
E00159,C0095,P0209,F00825,2026-03-01,False,0,0
E00159,C0095,P0209,F00825,2026-04-01,False,0,0
E00159,C0095,P0209,F00825,2026-05-01,False,0,0
E00159,C0095,P0209,F00825,2026-06-01,False,0,0
E00159,C0095,P0209,F00825,2026-07-01,False,0,0
E00160,C0080,P0073,F00284,2025-10-01,True,263,18
E00160,C0080,P0073,F00284,2025-11-01,True,721,9
E00160,C0080,P0073,F00284,2025-12-01,True,1181,23
E00160,C0080,P0073,F00284,2026-01-01,True,312,8
E00160,C0080,P0073,F00284,2026-02-01,False,0,0
E00160,C0080,P0073,F00284,2026-03-01,True,709,39
E00160,C0080,P0073,F00284,2026-04-01,True,122,14
E00160,C0080,P0073,F00284,2026-05-01,True,647,23
E00160,C0080,P0073,F00284,2026-06-01,True,652,7
E00160,C0080,P0073,F00284,2026-07-01,True,108,8
E00160,C0080,P0073,F00284,2026-08-01,False,0,0
E00160,C0080,P0073,F00285,2025-10-01,False,0,0
E00160,C0080,P0073,F00285,2025-11-01,False,0,0
E00160,C0080,P0073,F00285,2025-12-01,False,0,0
E00160,C0080,P0073,F00285,2026-01-01,False,0,0
E00160,C0080,P0073,F00285,2026-02-01,False,0,0
E00160,C0080,P0073,F00285,2026-03-01,True,637,7
E00160,C0080,P0073,F00285,2026-04-01,True,929,10
E00160,C0080,P0073,F00285,2026-05-01,True,215,15
E00160,C0080,P0073,F00285,2026-06-01,False,0,0
E00160,C0080,P0073,F00285,2026-07-01,True,306,8
E00160,C0080,P0073,F00285,2026-08-01,False,0,0
E00160,C0080,P0073,F00286,2025-10-01,False,0,0
E00160,C0080,P0073,F00286,2025-11-01,False,0,0
E00160,C0080,P0073,F00286,2025-12-01,False,0,0
E00160,C0080,P0073,F00286,2026-01-01,False,0,0
E00160,C0080,P0073,F00286,2026-02-01,False,0,0
E00160,C0080,P0073,F00286,2026-03-01,True,1284,7
E00160,C0080,P0073,F00286,2026-04-01,True,279,16
E00160,C0080,P0073,F00286,2026-05-01,True,920,15
E00160,C0080,P0073,F00286,2026-06-01,True,396,38
E00160,C0080,P0073,F00286,2026-07-01,True,268,8
E00160,C0080,P0073,F00237,2026-08-01,True,0,0
E00161,C0031,P0217,F00856,2025-06-01,False,0,0
E00161,C0031,P0217,F00856,2025-07-01,False,0,0
E00161,C0031,P0217,F00856,2025-08-01,False,0,0
E00161,C0031,P0217,F00856,2025-09-01,False,0,0
E00161,C0031,P0217,F00856,2025-10-01,False,0,0
E00161,C0031,P0217,F00856,2025-11-01,False,0,0
E00161,C0031,P0217,F00856,2025-12-01,False,0,0
E00161,C0031,P0217,F00856,2026-01-01,False,0,0
E00161,C0031,P0217,F00857,2025-06-01,False,0,0
E00161,C0031,P0217,F00857,2025-07-01,False,0,0
E00161,C0031,P0217,F00857,2025-08-01,False,0,0
E00161,C0031,P0217,F00857,2025-09-01,False,0,0
E00161,C0031,P0217,F00857,2025-10-01,False,0,0
E00161,C0031,P0217,F00857,2025-11-01,False,0,0
E00161,C0031,P0217,F00857,2025-12-01,False,0,0
E00161,C0031,P0217,F00857,2026-01-01,False,0,0
E00161,C0031,P0217,F00858,2025-06-01,False,0,0
E00161,C0031,P0217,F00858,2025-07-01,False,0,0
E00161,C0031,P0217,F00858,2025-08-01,False,0,0
E00161,C0031,P0217,F00395,2025-09-01,True,0,0
E00161,C0031,P0217,F00370,2025-10-01,True,0,0
E00161,C0031,P0217,F00858,2025-11-01,False,0,0
E00161,C0031,P0217,F00858,2025-12-01,False,0,0
E00161,C0031,P0217,F00858,2026-01-01,False,0,0
E00161,C0031,P0217,F00859,2025-06-01,False,0,0
E00161,C0031,P0217,F00859,2025-07-01,False,0,0
E00161,C0031,P0217,F00859,2025-08-01,False,0,0
E00161,C0031,P0217,F00859,2025-09-01,False,0,0
E00161,C0031,P0217,F00859,2025-10-01,False,0,0
E00161,C0031,P0217,F00859,2025-11-01,False,0,0
E00161,C0031,P0217,F00859,2025-12-01,False,0,0
E00161,C0031,P0217,F00859,2026-01-01,False,0,0
E00161,C0031,P0217,F00860,2025-06-01,False,0,0
E00161,C0031,P0217,F00860,2025-07-01,False,0,0
E00161,C0031,P0217,F00860,2025-08-01,False,0,0
E00161,C0031,P0217,F00860,2025-09-01,False,0,0
E00161,C0031,P0217,F00860,2025-10-01,False,0,0
E00161,C0031,P0217,F00860,2025-11-01,False,0,0
E00161,C0031,P0217,F00860,2025-12-01,False,0,0
E00161,C0031,P0217,F00860,2026-01-01,False,0,0
E00162,C0099,P0086,F00333,2025-07-01,False,0,0
E00162,C0099,P0086,F00333,2025-08-01,False,0,0
E00162,C0099,P0086,F00333,2025-09-01,False,0,0
E00162,C0099,P0086,F00333,2025-10-01,False,0,0
E00162,C0099,P0086,F00333,2025-11-01,False,0,0
E00162,C0099,P0086,F00333,2025-12-01,False,0,0
E00162,C0099,P0086,F00333,2026-01-01,False,0,0
E00162,C0099,P0086,F00333,2026-02-01,False,0,0
E00162,C0099,P0086,F00333,2026-03-01,False,0,0
E00162,C0099,P0086,F00333,2026-04-01,False,0,0
E00162,C0099,P0086,F00333,2026-05-01,False,0,0
E00162,C0099,P0086,F00333,2026-06-01,False,0,0
E00162,C0099,P0086,F00334,2025-07-01,False,0,0
E00162,C0099,P0086,F00334,2025-08-01,False,0,0
E00162,C0099,P0086,F00334,2025-09-01,False,0,0
E00162,C0099,P0086,F00334,2025-10-01,False,0,0
E00162,C0099,P0086,F00334,2025-11-01,False,0,0
E00162,C0099,P0086,F00334,2025-12-01,False,0,0
E00162,C0099,P0086,F00334,2026-01-01,False,0,0
E00162,C0099,P0086,F00334,2026-02-01,False,0,0
E00162,C0099,P0086,F00334,2026-03-01,False,0,0
E00162,C0099,P0086,F00334,2026-04-01,False,0,0
E00162,C0099,P0086,F00334,2026-05-01,False,0,0
E00162,C0099,P0086,F00334,2026-06-01,False,0,0
E00162,C0099,P0086,F00335,2025-07-01,False,0,0
E00162,C0099,P0086,F00335,2025-08-01,False,0,0
E00162,C0099,P0086,F00335,2025-09-01,False,0,0
E00162,C0099,P0086,F00335,2025-10-01,False,0,0
E00162,C0099,P0086,F00335,2025-11-01,False,0,0
E00162,C0099,P0086,F00335,2025-12-01,False,0,0
E00162,C0099,P0086,F00335,2026-01-01,False,0,0
E00162,C0099,P0086,F00335,2026-02-01,False,0,0
E00162,C0099,P0086,F00335,2026-03-01,False,0,0
E00162,C0099,P0086,F00335,2026-04-01,False,0,0
E00162,C0099,P0086,F00335,2026-05-01,False,0,0
E00162,C0099,P0086,F00335,2026-06-01,False,0,0
E00163,C0067,P0430,F01714,2025-07-01,True,229,14
E00163,C0067,P0430,F01714,2025-08-01,True,175,4
E00163,C0067,P0430,F01714,2025-09-01,True,278,3
E00163,C0067,P0430,F01714,2025-10-01,True,448,14
E00163,C0067,P0430,F01714,2025-11-01,True,557,19
E00163,C0067,P0430,F01714,2025-12-01,True,285,24
E00163,C0067,P0430,F01714,2026-01-01,True,793,5
E00163,C0067,P0430,F01714,2026-02-01,True,356,1
E00163,C0067,P0430,F01714,2026-03-01,True,857,19
E00163,C0067,P0430,F01714,2026-04-01,True,992,3
E00163,C0067,P0430,F01714,2026-05-01,True,527,7
E00163,C0067,P0430,F01714,2026-06-01,True,50,21
E00163,C0067,P0430,F01715,2025-07-01,False,0,0
E00163,C0067,P0430,F01715,2025-08-01,False,0,0
E00163,C0067,P0430,F01715,2025-09-01,False,0,0
E00163,C0067,P0430,F01715,2025-10-01,False,0,0
E00163,C0067,P0430,F01715,2025-11-01,False,0,0
E00163,C0067,P0430,F01715,2025-12-01,True,124,14
E00163,C0067,P0430,F01715,2026-01-01,True,240,12
E00163,C0067,P0430,F01715,2026-02-01,True,682,12
E00163,C0067,P0430,F01715,2026-03-01,True,172,36
E00163,C0067,P0430,F01715,2026-04-01,True,288,6
E00163,C0067,P0430,F01715,2026-05-01,True,347,3
E00163,C0067,P0430,F01715,2026-06-01,True,219,9
E00163,C0067,P0430,F01716,2025-07-01,False,0,0
E00163,C0067,P0430,F01716,2025-08-01,False,0,0
E00163,C0067,P0430,F01716,2025-09-01,False,0,0
E00163,C0067,P0430,F01716,2025-10-01,False,0,0
E00163,C0067,P0430,F01716,2025-11-01,False,0,0
E00163,C0067,P0430,F01716,2025-12-01,False,0,0
E00163,C0067,P0430,F01716,2026-01-01,False,0,0
E00163,C0067,P0430,F01716,2026-02-01,False,0,0
E00163,C0067,P0430,F01716,2026-03-01,False,0,0
E00163,C0067,P0430,F01716,2026-04-01,False,0,0
E00163,C0067,P0430,F01716,2026-05-01,False,0,0
E00163,C0067,P0430,F01716,2026-06-01,False,0,0
E00163,C0067,P0430,F01717,2025-07-01,False,0,0
E00163,C0067,P0430,F01717,2025-08-01,False,0,0
E00163,C0067,P0430,F01717,2025-09-01,True,447,11
E00163,C0067,P0430,F01717,2025-10-01,True,528,10
E00163,C0067,P0430,F01190,2025-11-01,True,787,17
E00163,C0067,P0430,F01717,2025-12-01,True,499,24
E00163,C0067,P0430,F01717,2026-01-01,True,876,12
E00163,C0067,P0430,F01717,2026-02-01,True,277,12
E00163,C0067,P0430,F01717,2026-03-01,True,335,8
E00163,C0067,P0430,F01717,2026-04-01,True,422,14
E00163,C0067,P0430,F01717,2026-05-01,True,574,27
E00163,C0067,P0430,F01717,2026-06-01,True,453,10
E00163,C0067,P0430,F01718,2025-07-01,False,0,0
E00163,C0067,P0430,F01718,2025-08-01,True,724,6
E00163,C0067,P0430,F01718,2025-09-01,True,81,15
E00163,C0067,P0430,F01718,2025-10-01,True,287,9
E00163,C0067,P0430,F01718,2025-11-01,False,0,0
E00163,C0067,P0430,F01718,2025-12-01,True,183,23
E00163,C0067,P0430,F01718,2026-01-01,True,85,16
E00163,C0067,P0430,F01718,2026-02-01,True,368,28
E00163,C0067,P0430,F01718,2026-03-01,True,727,4
E00163,C0067,P0430,F01718,2026-04-01,True,594,14
E00163,C0067,P0430,F01718,2026-05-01,True,348,16
E00163,C0067,P0430,F01718,2026-06-01,True,218,11
E00164,C0051,P0262,F01042,2025-10-01,False,0,0
E00164,C0051,P0262,F01382,2025-11-01,True,0,0
E00164,C0051,P0262,F01042,2025-12-01,True,373,6
E00164,C0051,P0262,F01042,2026-01-01,True,287,7
E00164,C0051,P0262,F01042,2026-02-01,True,488,24
E00164,C0051,P0262,F01042,2026-03-01,True,114,14
E00164,C0051,P0262,F01042,2026-04-01,True,242,19
E00164,C0051,P0262,F01042,2026-05-01,True,494,3
E00164,C0051,P0262,F01042,2026-06-01,True,422,10
E00164,C0051,P0262,F01042,2026-07-01,True,126,7
E00164,C0051,P0262,F01042,2026-08-01,True,408,7
E00164,C0051,P0262,F01043,2025-10-01,False,0,0
E00164,C0051,P0262,F01043,2025-11-01,False,0,0
E00164,C0051,P0262,F01043,2025-12-01,False,0,0
E00164,C0051,P0262,F01043,2026-01-01,False,0,0
E00164,C0051,P0262,F01043,2026-02-01,False,0,0
E00164,C0051,P0262,F01043,2026-03-01,False,0,0
E00164,C0051,P0262,F01043,2026-04-01,False,0,0
E00164,C0051,P0262,F01043,2026-05-01,False,0,0
E00164,C0051,P0262,F01043,2026-06-01,False,0,0
E00164,C0051,P0262,F01043,2026-07-01,False,0,0
E00164,C0051,P0262,F01043,2026-08-01,False,0,0
E00164,C0051,P0262,F01044,2025-10-01,False,0,0
E00164,C0051,P0262,F01044,2025-11-01,False,0,0
E00164,C0051,P0262,F01044,2025-12-01,False,0,0
E00164,C0051,P0262,F01044,2026-01-01,False,0,0
E00164,C0051,P0262,F01044,2026-02-01,True,751,10
E00164,C0051,P0262,F01044,2026-03-01,True,231,12
E00164,C0051,P0262,F01773,2026-04-01,True,467,20
E00164,C0051,P0262,F01044,2026-05-01,True,385,13
E00164,C0051,P0262,F01044,2026-06-01,True,585,6
E00164,C0051,P0262,F01739,2026-07-01,True,671,4
E00164,C0051,P0262,F01044,2026-08-01,False,0,0
E00164,C0051,P0262,F01045,2025-10-01,True,405,12
E00164,C0051,P0262,F01045,2025-11-01,True,403,4
E00164,C0051,P0262,F01045,2025-12-01,False,0,0
E00164,C0051,P0262,F00733,2026-01-01,True,17,9
E00164,C0051,P0262,F01045,2026-02-01,True,477,26
E00164,C0051,P0262,F01045,2026-03-01,True,482,4
E00164,C0051,P0262,F01045,2026-04-01,True,308,9
E00164,C0051,P0262,F01045,2026-05-01,True,852,14
E00164,C0051,P0262,F01045,2026-06-01,True,147,7
E00164,C0051,P0262,F01045,2026-07-01,True,625,12
E00164,C0051,P0262,F01045,2026-08-01,False,0,0
E00164,C0051,P0262,F01046,2025-10-01,False,0,0
E00164,C0051,P0262,F01046,2025-11-01,False,0,0
E00164,C0051,P0262,F01046,2025-12-01,False,0,0
E00164,C0051,P0262,F01046,2026-01-01,False,0,0
E00164,C0051,P0262,F01046,2026-02-01,False,0,0
E00164,C0051,P0262,F01046,2026-03-01,False,0,0
E00164,C0051,P0262,F01046,2026-04-01,False,0,0
E00164,C0051,P0262,F01046,2026-05-01,False,0,0
E00164,C0051,P0262,F01046,2026-06-01,False,0,0
E00164,C0051,P0262,F01046,2026-07-01,False,0,0
E00164,C0051,P0262,F01046,2026-08-01,False,0,0
E00165,C0075,P0203,F00798,2025-11-01,True,367,9
E00165,C0075,P0203,F00798,2025-12-01,True,615,8
E00165,C0075,P0203,F00798,2026-01-01,True,226,19
E00165,C0075,P0203,F00798,2026-02-01,True,16,4
E00165,C0075,P0203,F00798,2026-03-01,True,197,20
E00165,C0075,P0203,F00798,2026-04-01,True,412,4
E00165,C0075,P0203,F00798,2026-05-01,True,124,21
E00165,C0075,P0203,F00798,2026-06-01,True,125,6
E00165,C0075,P0203,F00798,2026-07-01,True,264,15
E00165,C0075,P0203,F00798,2026-08-01,False,0,0
E00165,C0075,P0203,F00799,2025-11-01,False,0,0
E00165,C0075,P0203,F00799,2025-12-01,False,0,0
E00165,C0075,P0203,F00799,2026-01-01,False,0,0
E00165,C0075,P0203,F00799,2026-02-01,False,0,0
E00165,C0075,P0203,F00799,2026-03-01,False,0,0
E00165,C0075,P0203,F00799,2026-04-01,True,245,3
E00165,C0075,P0203,F00799,2026-05-01,True,561,16
E00165,C0075,P0203,F00799,2026-06-01,True,1009,13
E00165,C0075,P0203,F00799,2026-07-01,True,120,27
E00165,C0075,P0203,F00799,2026-08-01,True,263,18
E00165,C0075,P0203,F00800,2025-11-01,False,0,0
E00165,C0075,P0203,F00800,2025-12-01,False,0,0
E00165,C0075,P0203,F00800,2026-01-01,False,0,0
E00165,C0075,P0203,F00800,2026-02-01,False,0,0
E00165,C0075,P0203,F00800,2026-03-01,False,0,0
E00165,C0075,P0203,F00800,2026-04-01,False,0,0
E00165,C0075,P0203,F00800,2026-05-01,True,956,11
E00165,C0075,P0203,F00800,2026-06-01,True,355,13
E00165,C0075,P0203,F00800,2026-07-01,True,502,20
E00165,C0075,P0203,F00800,2026-08-01,True,318,11
E00165,C0075,P0203,F00801,2025-11-01,False,0,0
E00165,C0075,P0203,F00801,2025-12-01,False,0,0
E00165,C0075,P0203,F00801,2026-01-01,True,239,7
E00165,C0075,P0203,F00801,2026-02-01,True,174,7
E00165,C0075,P0203,F00801,2026-03-01,True,156,19
E00165,C0075,P0203,F00801,2026-04-01,True,575,10
E00165,C0075,P0203,F00801,2026-05-01,True,433,5
E00165,C0075,P0203,F00801,2026-06-01,True,354,22
E00165,C0075,P0203,F00801,2026-07-01,True,776,28
E00165,C0075,P0203,F00801,2026-08-01,False,0,0
E00166,C0064,P0108,F00416,2025-11-01,True,670,13
E00166,C0064,P0108,F00416,2025-12-01,True,646,4
E00166,C0064,P0108,F00416,2026-01-01,True,613,19
E00166,C0064,P0108,F00416,2026-02-01,True,350,11
E00166,C0064,P0108,F00416,2026-03-01,True,296,10
E00166,C0064,P0108,F00416,2026-04-01,True,415,13
E00166,C0064,P0108,F00416,2026-05-01,True,177,6
E00166,C0064,P0108,F00416,2026-06-01,True,575,14
E00166,C0064,P0108,F00416,2026-07-01,True,190,10
E00166,C0064,P0108,F00416,2026-08-01,False,0,0
E00166,C0064,P0108,F00417,2025-11-01,False,0,0
E00166,C0064,P0108,F00417,2025-12-01,False,0,0
E00166,C0064,P0108,F00417,2026-01-01,False,0,0
E00166,C0064,P0108,F00417,2026-02-01,False,0,0
E00166,C0064,P0108,F00417,2026-03-01,False,0,0
E00166,C0064,P0108,F00417,2026-04-01,False,0,0
E00166,C0064,P0108,F00417,2026-05-01,False,0,0
E00166,C0064,P0108,F00417,2026-06-01,False,0,0
E00166,C0064,P0108,F00417,2026-07-01,False,0,0
E00166,C0064,P0108,F00417,2026-08-01,False,0,0
E00166,C0064,P0108,F00418,2025-11-01,False,0,0
E00166,C0064,P0108,F00418,2025-12-01,False,0,0
E00166,C0064,P0108,F00418,2026-01-01,False,0,0
E00166,C0064,P0108,F00418,2026-02-01,False,0,0
E00166,C0064,P0108,F00418,2026-03-01,False,0,0
E00166,C0064,P0108,F00418,2026-04-01,False,0,0
E00166,C0064,P0108,F00418,2026-05-01,False,0,0
E00166,C0064,P0108,F00418,2026-06-01,False,0,0
E00166,C0064,P0108,F00418,2026-07-01,False,0,0
E00166,C0064,P0108,F00418,2026-08-01,False,0,0
E00166,C0064,P0108,F00419,2025-11-01,False,0,0
E00166,C0064,P0108,F00419,2025-12-01,False,0,0
E00166,C0064,P0108,F00419,2026-01-01,False,0,0
E00166,C0064,P0108,F00419,2026-02-01,False,0,0
E00166,C0064,P0108,F00419,2026-03-01,False,0,0
E00166,C0064,P0108,F00419,2026-04-01,False,0,0
E00166,C0064,P0108,F00419,2026-05-01,False,0,0
E00166,C0064,P0108,F00419,2026-06-01,False,0,0
E00166,C0064,P0108,F00419,2026-07-01,True,1120,2
E00166,C0064,P0108,F00419,2026-08-01,True,17,2
E00166,C0064,P0108,F00420,2025-11-01,False,0,0
E00166,C0064,P0108,F00420,2025-12-01,True,1410,4
E00166,C0064,P0108,F00420,2026-01-01,True,283,15
E00166,C0064,P0108,F00420,2026-02-01,True,517,9
E00166,C0064,P0108,F00420,2026-03-01,True,913,18
E00166,C0064,P0108,F00420,2026-04-01,True,214,5
E00166,C0064,P0108,F00420,2026-05-01,False,0,0
E00166,C0064,P0108,F00420,2026-06-01,True,410,18
E00166,C0064,P0108,F00420,2026-07-01,True,1137,13
E00166,C0064,P0108,F00420,2026-08-01,False,0,0
E00167,C0061,P0363,F01449,2025-06-01,True,273,24
E00167,C0061,P0363,F01449,2025-07-01,True,782,18
E00167,C0061,P0363,F01449,2025-08-01,True,124,8
E00167,C0061,P0363,F01449,2025-09-01,True,315,18
E00167,C0061,P0363,F01449,2025-10-01,True,56,8
E00167,C0061,P0363,F01449,2025-11-01,True,371,9
E00167,C0061,P0363,F01449,2025-12-01,True,1058,20
E00167,C0061,P0363,F01449,2026-01-01,True,730,7
E00167,C0061,P0363,F01449,2026-02-01,True,418,5
E00167,C0061,P0363,F01449,2026-03-01,True,178,21
E00167,C0061,P0363,F01449,2026-04-01,True,654,5
E00167,C0061,P0363,F01450,2025-06-01,False,0,0
E00167,C0061,P0363,F01450,2025-07-01,False,0,0
E00167,C0061,P0363,F01450,2025-08-01,False,0,0
E00167,C0061,P0363,F01450,2025-09-01,False,0,0
E00167,C0061,P0363,F01450,2025-10-01,False,0,0
E00167,C0061,P0363,F01450,2025-11-01,False,0,0
E00167,C0061,P0363,F01450,2025-12-01,False,0,0
E00167,C0061,P0363,F01450,2026-01-01,False,0,0
E00167,C0061,P0363,F01450,2026-02-01,False,0,0
E00167,C0061,P0363,F01450,2026-03-01,False,0,0
E00167,C0061,P0363,F01450,2026-04-01,False,0,0
E00167,C0061,P0363,F01451,2025-06-01,False,0,0
E00167,C0061,P0363,F01451,2025-07-01,False,0,0
E00167,C0061,P0363,F01451,2025-08-01,False,0,0
E00167,C0061,P0363,F01451,2025-09-01,False,0,0
E00167,C0061,P0363,F01451,2025-10-01,False,0,0
E00167,C0061,P0363,F01451,2025-11-01,False,0,0
E00167,C0061,P0363,F01451,2025-12-01,False,0,0
E00167,C0061,P0363,F01451,2026-01-01,False,0,0
E00167,C0061,P0363,F01451,2026-02-01,False,0,0
E00167,C0061,P0363,F01451,2026-03-01,False,0,0
E00167,C0061,P0363,F01451,2026-04-01,False,0,0
E00167,C0061,P0363,F01452,2025-06-01,False,0,0
E00167,C0061,P0363,F01452,2025-07-01,False,0,0
E00167,C0061,P0363,F01452,2025-08-01,True,398,3
E00167,C0061,P0363,F01452,2025-09-01,True,536,5
E00167,C0061,P0363,F01452,2025-10-01,True,399,31
E00167,C0061,P0363,F01452,2025-11-01,True,141,13
E00167,C0061,P0363,F01452,2025-12-01,True,356,4
E00167,C0061,P0363,F01452,2026-01-01,True,201,14
E00167,C0061,P0363,F01452,2026-02-01,True,311,26
E00167,C0061,P0363,F01452,2026-03-01,True,521,5
E00167,C0061,P0363,F01452,2026-04-01,True,672,20
E00168,C0068,P0236,F00931,2025-10-01,True,450,16
E00168,C0068,P0236,F00931,2025-11-01,True,446,23
E00168,C0068,P0236,F00931,2025-12-01,True,774,3
E00168,C0068,P0236,F00931,2026-01-01,True,77,9
E00168,C0068,P0236,F00931,2026-02-01,True,643,23
E00168,C0068,P0236,F00931,2026-03-01,True,277,9
E00168,C0068,P0236,F00931,2026-04-01,True,290,10
E00168,C0068,P0236,F00931,2026-05-01,True,413,7
E00168,C0068,P0236,F00931,2026-06-01,True,289,14
E00168,C0068,P0236,F00931,2026-07-01,True,116,33
E00168,C0068,P0236,F00931,2026-08-01,False,0,0
E00168,C0068,P0236,F00932,2025-10-01,False,0,0
E00168,C0068,P0236,F00932,2025-11-01,False,0,0
E00168,C0068,P0236,F00932,2025-12-01,False,0,0
E00168,C0068,P0236,F00932,2026-01-01,False,0,0
E00168,C0068,P0236,F00932,2026-02-01,False,0,0
E00168,C0068,P0236,F00932,2026-03-01,True,631,25
E00168,C0068,P0236,F00932,2026-04-01,True,169,7
E00168,C0068,P0236,F00932,2026-05-01,True,26,11
E00168,C0068,P0236,F00932,2026-06-01,True,389,13
E00168,C0068,P0236,F00932,2026-07-01,True,71,10
E00168,C0068,P0236,F00932,2026-08-01,False,0,0
E00168,C0068,P0236,F00933,2025-10-01,True,470,15
E00168,C0068,P0236,F00933,2025-11-01,True,232,36
E00168,C0068,P0236,F00933,2025-12-01,True,307,12
E00168,C0068,P0236,F00933,2026-01-01,True,279,7
E00168,C0068,P0236,F00933,2026-02-01,True,587,3
E00168,C0068,P0236,F00933,2026-03-01,True,612,11
E00168,C0068,P0236,F00933,2026-04-01,True,320,4
E00168,C0068,P0236,F00933,2026-05-01,True,378,16
E00168,C0068,P0236,F00933,2026-06-01,True,415,10
E00168,C0068,P0236,F00933,2026-07-01,True,303,8
E00168,C0068,P0236,F00933,2026-08-01,False,0,0
E00168,C0068,P0236,F00934,2025-10-01,False,0,0
E00168,C0068,P0236,F00934,2025-11-01,False,0,0
E00168,C0068,P0236,F00934,2025-12-01,True,132,16
E00168,C0068,P0236,F00934,2026-01-01,True,437,17
E00168,C0068,P0236,F00934,2026-02-01,True,253,9
E00168,C0068,P0236,F00934,2026-03-01,True,125,3
E00168,C0068,P0236,F00934,2026-04-01,True,393,2
E00168,C0068,P0236,F00934,2026-05-01,True,472,7
E00168,C0068,P0236,F00934,2026-06-01,True,1454,11
E00168,C0068,P0236,F00934,2026-07-01,True,555,6
E00168,C0068,P0236,F00934,2026-08-01,False,0,0
E00169,C0072,P0002,F00004,2025-11-01,False,0,0
E00169,C0072,P0002,F00004,2025-12-01,True,801,24
E00169,C0072,P0002,F00004,2026-01-01,True,714,35
E00169,C0072,P0002,F00004,2026-02-01,True,141,16
E00169,C0072,P0002,F00004,2026-03-01,True,191,5
E00169,C0072,P0002,F00004,2026-04-01,True,358,12
E00169,C0072,P0002,F00004,2026-05-01,True,338,4
E00169,C0072,P0002,F00004,2026-06-01,True,386,10
E00169,C0072,P0002,F00004,2026-07-01,True,152,27
E00169,C0072,P0002,F00004,2026-08-01,False,0,0
E00169,C0072,P0002,F00005,2025-11-01,False,0,0
E00169,C0072,P0002,F00005,2025-12-01,False,0,0
E00169,C0072,P0002,F00005,2026-01-01,True,1202,12
E00169,C0072,P0002,F00005,2026-02-01,True,18,10
E00169,C0072,P0002,F00005,2026-03-01,True,772,11
E00169,C0072,P0002,F00005,2026-04-01,True,336,17
E00169,C0072,P0002,F00005,2026-05-01,True,1466,13
E00169,C0072,P0002,F00005,2026-06-01,True,408,25
E00169,C0072,P0002,F00005,2026-07-01,True,513,31
E00169,C0072,P0002,F00005,2026-08-01,False,0,0
E00169,C0072,P0002,F00006,2025-11-01,False,0,0
E00169,C0072,P0002,F00006,2025-12-01,False,0,0
E00169,C0072,P0002,F00006,2026-01-01,False,0,0
E00169,C0072,P0002,F00006,2026-02-01,False,0,0
E00169,C0072,P0002,F00006,2026-03-01,False,0,0
E00169,C0072,P0002,F00006,2026-04-01,False,0,0
E00169,C0072,P0002,F00006,2026-05-01,False,0,0
E00169,C0072,P0002,F00006,2026-06-01,False,0,0
E00169,C0072,P0002,F00006,2026-07-01,False,0,0
E00169,C0072,P0002,F00006,2026-08-01,False,0,0
E00169,C0072,P0002,F00007,2025-11-01,False,0,0
E00169,C0072,P0002,F00007,2025-12-01,False,0,0
E00169,C0072,P0002,F00007,2026-01-01,False,0,0
E00169,C0072,P0002,F00007,2026-02-01,False,0,0
E00169,C0072,P0002,F00007,2026-03-01,False,0,0
E00169,C0072,P0002,F00007,2026-04-01,False,0,0
E00169,C0072,P0002,F00007,2026-05-01,False,0,0
E00169,C0072,P0002,F00007,2026-06-01,False,0,0
E00169,C0072,P0002,F00007,2026-07-01,False,0,0
E00169,C0072,P0002,F00007,2026-08-01,False,0,0
E00169,C0072,P0002,F00008,2025-11-01,False,0,0
E00169,C0072,P0002,F00008,2025-12-01,True,149,5
E00169,C0072,P0002,F00008,2026-01-01,True,180,19
E00169,C0072,P0002,F00008,2026-02-01,True,472,9
E00169,C0072,P0002,F00008,2026-03-01,True,474,21
E00169,C0072,P0002,F00008,2026-04-01,True,287,18
E00169,C0072,P0002,F00008,2026-05-01,True,259,3
E00169,C0072,P0002,F00008,2026-06-01,True,372,3
E00169,C0072,P0002,F00008,2026-07-01,True,283,12
E00169,C0072,P0002,F00008,2026-08-01,True,181,16
E00170,C0087,P0459,F01838,2025-06-01,True,305,16
E00170,C0087,P0459,F01838,2025-07-01,True,362,9
E00170,C0087,P0459,F01838,2025-08-01,True,182,11
E00170,C0087,P0459,F01838,2025-09-01,True,413,14
E00170,C0087,P0459,F01838,2025-10-01,True,446,3
E00170,C0087,P0459,F01838,2025-11-01,True,731,14
E00170,C0087,P0459,F01839,2025-06-01,False,0,0
E00170,C0087,P0459,F01839,2025-07-01,True,384,13
E00170,C0087,P0459,F01839,2025-08-01,False,0,0
E00170,C0087,P0459,F01839,2025-09-01,True,542,34
E00170,C0087,P0459,F01839,2025-10-01,True,232,7
E00170,C0087,P0459,F01839,2025-11-01,True,141,2
E00170,C0087,P0459,F01840,2025-06-01,False,0,0
E00170,C0087,P0459,F01840,2025-07-01,False,0,0
E00170,C0087,P0459,F01840,2025-08-01,False,0,0
E00170,C0087,P0459,F01840,2025-09-01,False,0,0
E00170,C0087,P0459,F01840,2025-10-01,False,0,0
E00170,C0087,P0459,F01840,2025-11-01,False,0,0
E00170,C0087,P0459,F01841,2025-06-01,False,0,0
E00170,C0087,P0459,F01841,2025-07-01,False,0,0
E00170,C0087,P0459,F01841,2025-08-01,False,0,0
E00170,C0087,P0459,F01369,2025-09-01,True,501,35
E00170,C0087,P0459,F01841,2025-10-01,True,294,23
E00170,C0087,P0459,F01841,2025-11-01,True,298,23
E00171,C0048,P0333,F01333,2025-08-01,False,0,0
E00171,C0048,P0333,F01333,2025-09-01,True,473,11
E00171,C0048,P0333,F01333,2025-10-01,True,234,11
E00171,C0048,P0333,F01333,2025-11-01,True,672,6
E00171,C0048,P0333,F01333,2025-12-01,True,349,12
E00171,C0048,P0333,F01333,2026-01-01,True,657,11
E00171,C0048,P0333,F01333,2026-02-01,True,300,13
E00171,C0048,P0333,F01333,2026-03-01,True,800,14
E00171,C0048,P0333,F01333,2026-04-01,True,356,11
E00171,C0048,P0333,F01333,2026-05-01,True,149,17
E00171,C0048,P0333,F01333,2026-06-01,True,112,8
E00171,C0048,P0333,F01333,2026-07-01,True,324,8
E00171,C0048,P0333,F01334,2025-08-01,False,0,0
E00171,C0048,P0333,F01334,2025-09-01,False,0,0
E00171,C0048,P0333,F01334,2025-10-01,False,0,0
E00171,C0048,P0333,F01334,2025-11-01,False,0,0
E00171,C0048,P0333,F01334,2025-12-01,False,0,0
E00171,C0048,P0333,F01334,2026-01-01,False,0,0
E00171,C0048,P0333,F01334,2026-02-01,False,0,0
E00171,C0048,P0333,F01334,2026-03-01,False,0,0
E00171,C0048,P0333,F01334,2026-04-01,False,0,0
E00171,C0048,P0333,F01334,2026-05-01,False,0,0
E00171,C0048,P0333,F01334,2026-06-01,False,0,0
E00171,C0048,P0333,F01334,2026-07-01,False,0,0
E00171,C0048,P0333,F01335,2025-08-01,False,0,0
E00171,C0048,P0333,F01335,2025-09-01,False,0,0
E00171,C0048,P0333,F01335,2025-10-01,False,0,0
E00171,C0048,P0333,F01335,2025-11-01,False,0,0
E00171,C0048,P0333,F01335,2025-12-01,False,0,0
E00171,C0048,P0333,F01335,2026-01-01,False,0,0
E00171,C0048,P0333,F01335,2026-02-01,False,0,0
E00171,C0048,P0333,F01335,2026-03-01,False,0,0
E00171,C0048,P0333,F01306,2026-04-01,True,0,0
E00171,C0048,P0333,F01335,2026-05-01,False,0,0
E00171,C0048,P0333,F01335,2026-06-01,False,0,0
E00171,C0048,P0333,F01335,2026-07-01,False,0,0
E00172,C0041,P0181,F00709,2025-10-01,True,156,6
E00172,C0041,P0181,F00709,2025-11-01,True,106,28
E00172,C0041,P0181,F00709,2025-12-01,True,240,7
E00172,C0041,P0181,F00709,2026-01-01,True,1266,3
E00172,C0041,P0181,F00709,2026-02-01,True,553,11
E00172,C0041,P0181,F00709,2026-03-01,True,158,11
E00172,C0041,P0181,F00709,2026-04-01,True,1126,16
E00172,C0041,P0181,F00709,2026-05-01,True,500,4
E00172,C0041,P0181,F00709,2026-06-01,True,183,3
E00172,C0041,P0181,F00709,2026-07-01,True,391,11
E00172,C0041,P0181,F00709,2026-08-01,True,184,19
E00172,C0041,P0181,F00710,2025-10-01,False,0,0
E00172,C0041,P0181,F00710,2025-11-01,False,0,0
E00172,C0041,P0181,F00710,2025-12-01,False,0,0
E00172,C0041,P0181,F00710,2026-01-01,False,0,0
E00172,C0041,P0181,F00710,2026-02-01,False,0,0
E00172,C0041,P0181,F00710,2026-03-01,False,0,0
E00172,C0041,P0181,F00710,2026-04-01,False,0,0
E00172,C0041,P0181,F00710,2026-05-01,False,0,0
E00172,C0041,P0181,F00710,2026-06-01,False,0,0
E00172,C0041,P0181,F00710,2026-07-01,False,0,0
E00172,C0041,P0181,F00710,2026-08-01,False,0,0
E00172,C0041,P0181,F00711,2025-10-01,False,0,0
E00172,C0041,P0181,F00711,2025-11-01,False,0,0
E00172,C0041,P0181,F00711,2025-12-01,False,0,0
E00172,C0041,P0181,F00711,2026-01-01,False,0,0
E00172,C0041,P0181,F00711,2026-02-01,False,0,0
E00172,C0041,P0181,F00893,2026-03-01,True,0,0
E00172,C0041,P0181,F00711,2026-04-01,False,0,0
E00172,C0041,P0181,F00711,2026-05-01,False,0,0
E00172,C0041,P0181,F00711,2026-06-01,False,0,0
E00172,C0041,P0181,F00711,2026-07-01,False,0,0
E00172,C0041,P0181,F00711,2026-08-01,False,0,0
E00172,C0041,P0181,F00712,2025-10-01,False,0,0
E00172,C0041,P0181,F00712,2025-11-01,False,0,0
E00172,C0041,P0181,F00712,2025-12-01,False,0,0
E00172,C0041,P0181,F00712,2026-01-01,True,114,6
E00172,C0041,P0181,F00712,2026-02-01,True,401,4
E00172,C0041,P0181,F00712,2026-03-01,True,289,6
E00172,C0041,P0181,F00712,2026-04-01,True,446,3
E00172,C0041,P0181,F00712,2026-05-01,True,41,4
E00172,C0041,P0181,F00241,2026-06-01,True,682,18
E00172,C0041,P0181,F00712,2026-07-01,True,165,10
E00172,C0041,P0181,F00395,2026-08-01,True,0,0
E00172,C0041,P0181,F00713,2025-10-01,False,0,0
E00172,C0041,P0181,F00713,2025-11-01,False,0,0
E00172,C0041,P0181,F00091,2025-12-01,True,0,0
E00172,C0041,P0181,F00713,2026-01-01,False,0,0
E00172,C0041,P0181,F00713,2026-02-01,False,0,0
E00172,C0041,P0181,F00713,2026-03-01,False,0,0
E00172,C0041,P0181,F00713,2026-04-01,False,0,0
E00172,C0041,P0181,F00713,2026-05-01,False,0,0
E00172,C0041,P0181,F00713,2026-06-01,False,0,0
E00172,C0041,P0181,F00713,2026-07-01,False,0,0
E00172,C0041,P0181,F00713,2026-08-01,False,0,0
E00173,C0041,P0394,F01578,2025-06-01,False,0,0
E00173,C0041,P0394,F01578,2025-07-01,True,371,3
E00173,C0041,P0394,F01578,2025-08-01,True,215,9
E00173,C0041,P0394,F01578,2025-09-01,True,31,11
E00173,C0041,P0394,F01578,2025-10-01,True,520,12
E00173,C0041,P0394,F01578,2025-11-01,True,607,14
E00173,C0041,P0394,F01578,2025-12-01,True,671,2
E00173,C0041,P0394,F01578,2026-01-01,True,267,5
E00173,C0041,P0394,F01578,2026-02-01,True,48,9
E00173,C0041,P0394,F01578,2026-03-01,True,696,7
E00173,C0041,P0394,F01578,2026-04-01,True,467,24
E00173,C0041,P0394,F01579,2025-06-01,False,0,0
E00173,C0041,P0394,F01579,2025-07-01,True,298,21
E00173,C0041,P0394,F01579,2025-08-01,True,705,13
E00173,C0041,P0394,F01579,2025-09-01,True,119,2
E00173,C0041,P0394,F01579,2025-10-01,True,200,7
E00173,C0041,P0394,F01579,2025-11-01,True,298,16
E00173,C0041,P0394,F01579,2025-12-01,True,192,16
E00173,C0041,P0394,F01579,2026-01-01,True,1059,9
E00173,C0041,P0394,F01579,2026-02-01,True,424,28
E00173,C0041,P0394,F01579,2026-03-01,True,622,6
E00173,C0041,P0394,F01579,2026-04-01,True,1115,12
E00173,C0041,P0394,F01580,2025-06-01,False,0,0
E00173,C0041,P0394,F01580,2025-07-01,False,0,0
E00173,C0041,P0394,F01580,2025-08-01,False,0,0
E00173,C0041,P0394,F01580,2025-09-01,True,218,3
E00173,C0041,P0394,F01580,2025-10-01,True,194,12
E00173,C0041,P0394,F01580,2025-11-01,True,150,5
E00173,C0041,P0394,F01580,2025-12-01,True,873,12
E00173,C0041,P0394,F01580,2026-01-01,True,87,17
E00173,C0041,P0394,F01580,2026-02-01,True,45,12
E00173,C0041,P0394,F01580,2026-03-01,True,367,41
E00173,C0041,P0394,F01580,2026-04-01,True,732,10
E00173,C0041,P0394,F01581,2025-06-01,False,0,0
E00173,C0041,P0394,F01581,2025-07-01,False,0,0
E00173,C0041,P0394,F01581,2025-08-01,False,0,0
E00173,C0041,P0394,F01581,2025-09-01,False,0,0
E00173,C0041,P0394,F01581,2025-10-01,False,0,0
E00173,C0041,P0394,F01581,2025-11-01,True,655,2
E00173,C0041,P0394,F01581,2025-12-01,True,363,6
E00173,C0041,P0394,F01581,2026-01-01,True,396,2
E00173,C0041,P0394,F01581,2026-02-01,True,577,14
E00173,C0041,P0394,F01581,2026-03-01,True,749,7
E00173,C0041,P0394,F01581,2026-04-01,True,592,33
E00173,C0041,P0394,F01582,2025-06-01,False,0,0
E00173,C0041,P0394,F01582,2025-07-01,False,0,0
E00173,C0041,P0394,F01582,2025-08-01,False,0,0
E00173,C0041,P0394,F01582,2025-09-01,True,285,3
E00173,C0041,P0394,F01582,2025-10-01,True,567,8
E00173,C0041,P0394,F01582,2025-11-01,True,143,5
E00173,C0041,P0394,F01582,2025-12-01,True,87,4
E00173,C0041,P0394,F01582,2026-01-01,True,476,14
E00173,C0041,P0394,F01582,2026-02-01,True,186,39
E00173,C0041,P0394,F01582,2026-03-01,True,390,13
E00173,C0041,P0394,F01582,2026-04-01,True,527,6
E00174,C0049,P0114,F00439,2025-06-01,False,0,0
E00174,C0049,P0114,F00439,2025-07-01,False,0,0
E00174,C0049,P0114,F00439,2025-08-01,False,0,0
E00174,C0049,P0114,F00439,2025-09-01,False,0,0
E00174,C0049,P0114,F00439,2025-10-01,False,0,0
E00174,C0049,P0114,F00439,2025-11-01,False,0,0
E00174,C0049,P0114,F00439,2025-12-01,False,0,0
E00174,C0049,P0114,F00439,2026-01-01,False,0,0
E00174,C0049,P0114,F00475,2026-02-01,True,0,0
E00174,C0049,P0114,F00439,2026-03-01,False,0,0
E00174,C0049,P0114,F00439,2026-04-01,False,0,0
E00174,C0049,P0114,F00440,2025-06-01,False,0,0
E00174,C0049,P0114,F00440,2025-07-01,False,0,0
E00174,C0049,P0114,F00440,2025-08-01,False,0,0
E00174,C0049,P0114,F00440,2025-09-01,False,0,0
E00174,C0049,P0114,F00440,2025-10-01,False,0,0
E00174,C0049,P0114,F00440,2025-11-01,False,0,0
E00174,C0049,P0114,F00440,2025-12-01,False,0,0
E00174,C0049,P0114,F00440,2026-01-01,False,0,0
E00174,C0049,P0114,F00440,2026-02-01,False,0,0
E00174,C0049,P0114,F00440,2026-03-01,False,0,0
E00174,C0049,P0114,F00440,2026-04-01,False,0,0
E00174,C0049,P0114,F00441,2025-06-01,False,0,0
E00174,C0049,P0114,F00441,2025-07-01,False,0,0
E00174,C0049,P0114,F00441,2025-08-01,False,0,0
E00174,C0049,P0114,F00441,2025-09-01,False,0,0
E00174,C0049,P0114,F00441,2025-10-01,False,0,0
E00174,C0049,P0114,F00441,2025-11-01,False,0,0
E00174,C0049,P0114,F00441,2025-12-01,False,0,0
E00174,C0049,P0114,F00441,2026-01-01,False,0,0
E00174,C0049,P0114,F00441,2026-02-01,False,0,0
E00174,C0049,P0114,F00441,2026-03-01,False,0,0
E00174,C0049,P0114,F00441,2026-04-01,False,0,0
E00174,C0049,P0114,F00442,2025-06-01,False,0,0
E00174,C0049,P0114,F00442,2025-07-01,False,0,0
E00174,C0049,P0114,F00442,2025-08-01,False,0,0
E00174,C0049,P0114,F00442,2025-09-01,False,0,0
E00174,C0049,P0114,F00442,2025-10-01,False,0,0
E00174,C0049,P0114,F00442,2025-11-01,False,0,0
E00174,C0049,P0114,F00442,2025-12-01,False,0,0
E00174,C0049,P0114,F00442,2026-01-01,False,0,0
E00174,C0049,P0114,F00442,2026-02-01,False,0,0
E00174,C0049,P0114,F00442,2026-03-01,False,0,0
E00174,C0049,P0114,F00442,2026-04-01,False,0,0
E00175,C0070,P0418,F01671,2025-10-01,True,681,3
E00175,C0070,P0418,F01671,2025-11-01,True,129,6
E00175,C0070,P0418,F01671,2025-12-01,True,424,3
E00175,C0070,P0418,F01671,2026-01-01,True,119,26
E00175,C0070,P0418,F01671,2026-02-01,True,859,3
E00175,C0070,P0418,F01671,2026-03-01,True,181,10
E00175,C0070,P0418,F01671,2026-04-01,True,550,7
E00175,C0070,P0418,F01671,2026-05-01,True,224,22
E00175,C0070,P0418,F01671,2026-06-01,True,197,8
E00175,C0070,P0418,F01671,2026-07-01,True,512,15
E00175,C0070,P0418,F01671,2026-08-01,False,0,0
E00175,C0070,P0418,F01672,2025-10-01,False,0,0
E00175,C0070,P0418,F01672,2025-11-01,False,0,0
E00175,C0070,P0418,F01672,2025-12-01,False,0,0
E00175,C0070,P0418,F01515,2026-01-01,True,0,0
E00175,C0070,P0418,F01672,2026-02-01,False,0,0
E00175,C0070,P0418,F01672,2026-03-01,False,0,0
E00175,C0070,P0418,F01672,2026-04-01,False,0,0
E00175,C0070,P0418,F01672,2026-05-01,False,0,0
E00175,C0070,P0418,F01672,2026-06-01,False,0,0
E00175,C0070,P0418,F01672,2026-07-01,False,0,0
E00175,C0070,P0418,F01672,2026-08-01,False,0,0
E00175,C0070,P0418,F01673,2025-10-01,False,0,0
E00175,C0070,P0418,F01673,2025-11-01,False,0,0
E00175,C0070,P0418,F01673,2025-12-01,False,0,0
E00175,C0070,P0418,F01673,2026-01-01,False,0,0
E00175,C0070,P0418,F01673,2026-02-01,False,0,0
E00175,C0070,P0418,F01673,2026-03-01,False,0,0
E00175,C0070,P0418,F01673,2026-04-01,False,0,0
E00175,C0070,P0418,F01673,2026-05-01,False,0,0
E00175,C0070,P0418,F01673,2026-06-01,False,0,0
E00175,C0070,P0418,F01673,2026-07-01,False,0,0
E00175,C0070,P0418,F01673,2026-08-01,False,0,0
E00176,C0099,P0496,F01993,2025-06-01,False,0,0
E00176,C0099,P0496,F01993,2025-07-01,False,0,0
E00176,C0099,P0496,F01993,2025-08-01,False,0,0
E00176,C0099,P0496,F01993,2025-09-01,False,0,0
E00176,C0099,P0496,F01993,2025-10-01,False,0,0
E00176,C0099,P0496,F01993,2025-11-01,False,0,0
E00176,C0099,P0496,F01993,2025-12-01,False,0,0
E00176,C0099,P0496,F01993,2026-01-01,False,0,0
E00176,C0099,P0496,F01993,2026-02-01,False,0,0
E00176,C0099,P0496,F01994,2025-06-01,False,0,0
E00176,C0099,P0496,F01994,2025-07-01,False,0,0
E00176,C0099,P0496,F01994,2025-08-01,False,0,0
E00176,C0099,P0496,F01994,2025-09-01,False,0,0
E00176,C0099,P0496,F01994,2025-10-01,False,0,0
E00176,C0099,P0496,F01994,2025-11-01,False,0,0
E00176,C0099,P0496,F01994,2025-12-01,False,0,0
E00176,C0099,P0496,F01994,2026-01-01,False,0,0
E00176,C0099,P0496,F01994,2026-02-01,False,0,0
E00176,C0099,P0496,F01995,2025-06-01,False,0,0
E00176,C0099,P0496,F01995,2025-07-01,False,0,0
E00176,C0099,P0496,F01995,2025-08-01,False,0,0
E00176,C0099,P0496,F01995,2025-09-01,False,0,0
E00176,C0099,P0496,F01995,2025-10-01,False,0,0
E00176,C0099,P0496,F01995,2025-11-01,False,0,0
E00176,C0099,P0496,F01995,2025-12-01,False,0,0
E00176,C0099,P0496,F01995,2026-01-01,False,0,0
E00176,C0099,P0496,F01995,2026-02-01,False,0,0
E00176,C0099,P0496,F01996,2025-06-01,False,0,0
E00176,C0099,P0496,F01996,2025-07-01,False,0,0
E00176,C0099,P0496,F01996,2025-08-01,False,0,0
E00176,C0099,P0496,F01996,2025-09-01,False,0,0
E00176,C0099,P0496,F01996,2025-10-01,False,0,0
E00176,C0099,P0496,F01996,2025-11-01,False,0,0
E00176,C0099,P0496,F01619,2025-12-01,True,0,0
E00176,C0099,P0496,F01996,2026-01-01,False,0,0
E00176,C0099,P0496,F01996,2026-02-01,False,0,0
E00176,C0099,P0496,F01997,2025-06-01,False,0,0
E00176,C0099,P0496,F01997,2025-07-01,False,0,0
E00176,C0099,P0496,F01997,2025-08-01,False,0,0
E00176,C0099,P0496,F01997,2025-09-01,False,0,0
E00176,C0099,P0496,F01997,2025-10-01,False,0,0
E00176,C0099,P0496,F01997,2025-11-01,False,0,0
E00176,C0099,P0496,F01997,2025-12-01,False,0,0
E00176,C0099,P0496,F01997,2026-01-01,False,0,0
E00176,C0099,P0496,F01997,2026-02-01,False,0,0
E00177,C0048,P0421,F01338,2025-07-01,True,0,0
E00177,C0048,P0421,F01681,2025-08-01,False,0,0
E00177,C0048,P0421,F01681,2025-09-01,True,490,13
E00177,C0048,P0421,F01681,2025-10-01,True,426,9
E00177,C0048,P0421,F01681,2025-11-01,True,680,15
E00177,C0048,P0421,F01063,2025-12-01,True,219,8
E00177,C0048,P0421,F01681,2026-01-01,True,118,7
E00177,C0048,P0421,F01681,2026-02-01,True,133,19
E00177,C0048,P0421,F01681,2026-03-01,True,1622,4
E00177,C0048,P0421,F01681,2026-04-01,True,313,8
E00177,C0048,P0421,F01771,2026-05-01,True,37,6
E00177,C0048,P0421,F01681,2026-06-01,True,1148,12
E00177,C0048,P0421,F01682,2025-07-01,False,0,0
E00177,C0048,P0421,F01682,2025-08-01,False,0,0
E00177,C0048,P0421,F01682,2025-09-01,False,0,0
E00177,C0048,P0421,F00733,2025-10-01,True,0,0
E00177,C0048,P0421,F01682,2025-11-01,False,0,0
E00177,C0048,P0421,F01682,2025-12-01,False,0,0
E00177,C0048,P0421,F01682,2026-01-01,False,0,0
E00177,C0048,P0421,F01682,2026-02-01,False,0,0
E00177,C0048,P0421,F01682,2026-03-01,False,0,0
E00177,C0048,P0421,F01682,2026-04-01,False,0,0
E00177,C0048,P0421,F01682,2026-05-01,False,0,0
E00177,C0048,P0421,F01682,2026-06-01,False,0,0
E00177,C0048,P0421,F01683,2025-07-01,False,0,0
E00177,C0048,P0421,F01683,2025-08-01,False,0,0
E00177,C0048,P0421,F01683,2025-09-01,True,317,4
E00177,C0048,P0421,F01683,2025-10-01,True,628,7
E00177,C0048,P0421,F01683,2025-11-01,True,193,16
E00177,C0048,P0421,F01683,2025-12-01,True,315,5
E00177,C0048,P0421,F01683,2026-01-01,True,619,11
E00177,C0048,P0421,F01683,2026-02-01,False,0,0
E00177,C0048,P0421,F01683,2026-03-01,True,624,9
E00177,C0048,P0421,F01683,2026-04-01,True,1705,2
E00177,C0048,P0421,F01683,2026-05-01,True,1579,7
E00177,C0048,P0421,F01683,2026-06-01,True,77,12
E00177,C0048,P0421,F01684,2025-07-01,False,0,0
E00177,C0048,P0421,F01684,2025-08-01,False,0,0
E00177,C0048,P0421,F01684,2025-09-01,False,0,0
E00177,C0048,P0421,F01684,2025-10-01,False,0,0
E00177,C0048,P0421,F01684,2025-11-01,False,0,0
E00177,C0048,P0421,F01684,2025-12-01,False,0,0
E00177,C0048,P0421,F01684,2026-01-01,False,0,0
E00177,C0048,P0421,F01057,2026-02-01,True,0,0
E00177,C0048,P0421,F01684,2026-03-01,False,0,0
E00177,C0048,P0421,F01684,2026-04-01,False,0,0
E00177,C0048,P0421,F01684,2026-05-01,False,0,0
E00177,C0048,P0421,F01684,2026-06-01,False,0,0
E00178,C0013,P0100,F00387,2025-06-01,False,0,0
E00178,C0013,P0100,F00387,2025-07-01,True,786,14
E00178,C0013,P0100,F00387,2025-08-01,True,59,2
E00178,C0013,P0100,F00387,2025-09-01,True,84,6
E00178,C0013,P0100,F00387,2025-10-01,True,99,8
E00178,C0013,P0100,F00387,2025-11-01,True,48,9
E00178,C0013,P0100,F00387,2025-12-01,True,468,22
E00178,C0013,P0100,F00387,2026-01-01,True,415,25
E00178,C0013,P0100,F00387,2026-02-01,True,416,4
E00178,C0013,P0100,F00387,2026-03-01,True,264,6
E00178,C0013,P0100,F00388,2025-06-01,True,373,1
E00178,C0013,P0100,F00388,2025-07-01,True,846,16
E00178,C0013,P0100,F00388,2025-08-01,True,350,45
E00178,C0013,P0100,F00388,2025-09-01,False,0,0
E00178,C0013,P0100,F00388,2025-10-01,True,1140,15
E00178,C0013,P0100,F00388,2025-11-01,True,361,8
E00178,C0013,P0100,F00388,2025-12-01,True,269,6
E00178,C0013,P0100,F00388,2026-01-01,True,190,10
E00178,C0013,P0100,F00388,2026-02-01,True,745,10
E00178,C0013,P0100,F00388,2026-03-01,True,94,8
E00178,C0013,P0100,F00389,2025-06-01,False,0,0
E00178,C0013,P0100,F00389,2025-07-01,True,145,28
E00178,C0013,P0100,F00389,2025-08-01,True,37,10
E00178,C0013,P0100,F00389,2025-09-01,True,132,8
E00178,C0013,P0100,F00389,2025-10-01,True,353,18
E00178,C0013,P0100,F00389,2025-11-01,True,247,10
E00178,C0013,P0100,F00389,2025-12-01,True,850,24
E00178,C0013,P0100,F00389,2026-01-01,True,1385,5
E00178,C0013,P0100,F00389,2026-02-01,True,1400,8
E00178,C0013,P0100,F00389,2026-03-01,False,0,0
E00179,C0010,P0478,F01916,2025-06-01,False,0,0
E00179,C0010,P0478,F01916,2025-07-01,True,976,18
E00179,C0010,P0478,F01916,2025-08-01,True,236,34
E00179,C0010,P0478,F01916,2025-09-01,True,906,4
E00179,C0010,P0478,F01916,2025-10-01,True,252,16
E00179,C0010,P0478,F01916,2025-11-01,True,92,9
E00179,C0010,P0478,F01916,2025-12-01,True,745,9
E00179,C0010,P0478,F01916,2026-01-01,False,0,0
E00179,C0010,P0478,F01917,2025-06-01,False,0,0
E00179,C0010,P0478,F01917,2025-07-01,False,0,0
E00179,C0010,P0478,F01917,2025-08-01,False,0,0
E00179,C0010,P0478,F01917,2025-09-01,False,0,0
E00179,C0010,P0478,F01917,2025-10-01,False,0,0
E00179,C0010,P0478,F01917,2025-11-01,False,0,0
E00179,C0010,P0478,F01917,2025-12-01,False,0,0
E00179,C0010,P0478,F01917,2026-01-01,False,0,0
E00179,C0010,P0478,F01918,2025-06-01,False,0,0
E00179,C0010,P0478,F01918,2025-07-01,False,0,0
E00179,C0010,P0478,F01918,2025-08-01,False,0,0
E00179,C0010,P0478,F01918,2025-09-01,False,0,0
E00179,C0010,P0478,F01918,2025-10-01,False,0,0
E00179,C0010,P0478,F01918,2025-11-01,False,0,0
E00179,C0010,P0478,F01918,2025-12-01,False,0,0
E00179,C0010,P0478,F01918,2026-01-01,False,0,0
E00180,C0058,P0348,F01390,2025-11-01,False,0,0
E00180,C0058,P0348,F01390,2025-12-01,True,416,20
E00180,C0058,P0348,F01390,2026-01-01,True,488,9
E00180,C0058,P0348,F01390,2026-02-01,True,966,11
E00180,C0058,P0348,F01390,2026-03-01,True,353,27
E00180,C0058,P0348,F01390,2026-04-01,True,502,4
E00180,C0058,P0348,F01390,2026-05-01,False,0,0
E00180,C0058,P0348,F01390,2026-06-01,True,153,6
E00180,C0058,P0348,F01390,2026-07-01,True,730,19
E00180,C0058,P0348,F01390,2026-08-01,False,0,0
E00180,C0058,P0348,F01391,2025-11-01,False,0,0
E00180,C0058,P0348,F01391,2025-12-01,False,0,0
E00180,C0058,P0348,F01391,2026-01-01,False,0,0
E00180,C0058,P0348,F01391,2026-02-01,False,0,0
E00180,C0058,P0348,F01391,2026-03-01,False,0,0
E00180,C0058,P0348,F01391,2026-04-01,False,0,0
E00180,C0058,P0348,F01391,2026-05-01,False,0,0
E00180,C0058,P0348,F01391,2026-06-01,True,410,5
E00180,C0058,P0348,F01391,2026-07-01,True,266,25
E00180,C0058,P0348,F01391,2026-08-01,True,315,9
E00180,C0058,P0348,F01392,2025-11-01,False,0,0
E00180,C0058,P0348,F01392,2025-12-01,False,0,0
E00180,C0058,P0348,F01392,2026-01-01,False,0,0
E00180,C0058,P0348,F01392,2026-02-01,False,0,0
E00180,C0058,P0348,F01392,2026-03-01,False,0,0
E00180,C0058,P0348,F01392,2026-04-01,False,0,0
E00180,C0058,P0348,F01392,2026-05-01,False,0,0
E00180,C0058,P0348,F01392,2026-06-01,False,0,0
E00180,C0058,P0348,F01392,2026-07-01,False,0,0
E00180,C0058,P0348,F01392,2026-08-01,False,0,0
E00180,C0058,P0348,F01393,2025-11-01,False,0,0
E00180,C0058,P0348,F01393,2025-12-01,False,0,0
E00180,C0058,P0348,F01393,2026-01-01,False,0,0
E00180,C0058,P0348,F01393,2026-02-01,False,0,0
E00180,C0058,P0348,F01393,2026-03-01,False,0,0
E00180,C0058,P0348,F01393,2026-04-01,True,207,21
E00180,C0058,P0348,F01393,2026-05-01,True,181,17
E00180,C0058,P0348,F01393,2026-06-01,True,238,15
E00180,C0058,P0348,F01393,2026-07-01,True,440,10
E00180,C0058,P0348,F01393,2026-08-01,True,274,13
E00181,C0067,P0453,F01813,2025-11-01,False,0,0
E00181,C0067,P0453,F01813,2025-12-01,True,437,6
E00181,C0067,P0453,F01813,2026-01-01,True,805,19
E00181,C0067,P0453,F01813,2026-02-01,True,158,5
E00181,C0067,P0453,F01813,2026-03-01,True,54,18
E00181,C0067,P0453,F01813,2026-04-01,False,0,0
E00181,C0067,P0453,F01813,2026-05-01,True,284,10
E00181,C0067,P0453,F01813,2026-06-01,True,170,10
E00181,C0067,P0453,F01813,2026-07-01,True,455,3
E00181,C0067,P0453,F01813,2026-08-01,False,0,0
E00181,C0067,P0453,F01814,2025-11-01,False,0,0
E00181,C0067,P0453,F01814,2025-12-01,False,0,0
E00181,C0067,P0453,F01814,2026-01-01,True,448,12
E00181,C0067,P0453,F01814,2026-02-01,False,0,0
E00181,C0067,P0453,F01814,2026-03-01,True,923,13
E00181,C0067,P0453,F01814,2026-04-01,True,154,5
E00181,C0067,P0453,F01814,2026-05-01,False,0,0
E00181,C0067,P0453,F01814,2026-06-01,True,426,8
E00181,C0067,P0453,F01814,2026-07-01,True,606,3
E00181,C0067,P0453,F01814,2026-08-01,True,659,12
E00181,C0067,P0453,F01815,2025-11-01,False,0,0
E00181,C0067,P0453,F01815,2025-12-01,False,0,0
E00181,C0067,P0453,F01815,2026-01-01,False,0,0
E00181,C0067,P0453,F01815,2026-02-01,False,0,0
E00181,C0067,P0453,F01815,2026-03-01,False,0,0
E00181,C0067,P0453,F01815,2026-04-01,True,939,10
E00181,C0067,P0453,F01815,2026-05-01,True,160,4
E00181,C0067,P0453,F01815,2026-06-01,True,468,4
E00181,C0067,P0453,F01815,2026-07-01,True,1392,9
E00181,C0067,P0453,F01815,2026-08-01,False,0,0
E00181,C0067,P0453,F01816,2025-11-01,False,0,0
E00181,C0067,P0453,F01816,2025-12-01,True,1008,2
E00181,C0067,P0453,F01816,2026-01-01,True,21,6
E00181,C0067,P0453,F01816,2026-02-01,True,490,11
E00181,C0067,P0453,F01816,2026-03-01,True,222,14
E00181,C0067,P0453,F01816,2026-04-01,True,298,4
E00181,C0067,P0453,F01816,2026-05-01,True,1111,1
E00181,C0067,P0453,F01816,2026-06-01,True,441,11
E00181,C0067,P0453,F01816,2026-07-01,True,386,21
E00181,C0067,P0453,F01816,2026-08-01,False,0,0
E00181,C0067,P0453,F01817,2025-11-01,False,0,0
E00181,C0067,P0453,F01817,2025-12-01,False,0,0
E00181,C0067,P0453,F01817,2026-01-01,False,0,0
E00181,C0067,P0453,F01817,2026-02-01,False,0,0
E00181,C0067,P0453,F01817,2026-03-01,False,0,0
E00181,C0067,P0453,F01817,2026-04-01,False,0,0
E00181,C0067,P0453,F01817,2026-05-01,False,0,0
E00181,C0067,P0453,F01817,2026-06-01,False,0,0
E00181,C0067,P0453,F01817,2026-07-01,False,0,0
E00181,C0067,P0453,F01817,2026-08-01,False,0,0
E00182,C0010,P0166,F00650,2025-06-01,False,0,0
E00182,C0010,P0166,F00650,2025-07-01,True,141,4
E00182,C0010,P0166,F00650,2025-08-01,True,759,16
E00182,C0010,P0166,F00650,2025-09-01,True,970,9
E00182,C0010,P0166,F00650,2025-10-01,True,302,20
E00182,C0010,P0166,F00650,2025-11-01,True,878,4
E00182,C0010,P0166,F00651,2025-06-01,True,1342,7
E00182,C0010,P0166,F00651,2025-07-01,True,438,16
E00182,C0010,P0166,F00651,2025-08-01,True,773,18
E00182,C0010,P0166,F00651,2025-09-01,True,393,17
E00182,C0010,P0166,F00651,2025-10-01,True,274,7
E00182,C0010,P0166,F00651,2025-11-01,True,383,24
E00182,C0010,P0166,F00652,2025-06-01,False,0,0
E00182,C0010,P0166,F00652,2025-07-01,False,0,0
E00182,C0010,P0166,F00652,2025-08-01,False,0,0
E00182,C0010,P0166,F00652,2025-09-01,False,0,0
E00182,C0010,P0166,F00652,2025-10-01,False,0,0
E00182,C0010,P0166,F00015,2025-11-01,True,0,0
E00183,C0042,P0266,F01058,2025-06-01,True,551,7
E00183,C0042,P0266,F01058,2025-07-01,True,347,20
E00183,C0042,P0266,F01058,2025-08-01,True,454,12
E00183,C0042,P0266,F01058,2025-09-01,True,421,4
E00183,C0042,P0266,F01058,2025-10-01,True,60,22
E00183,C0042,P0266,F01058,2025-11-01,True,381,12
E00183,C0042,P0266,F01058,2025-12-01,True,263,27
E00183,C0042,P0266,F01058,2026-01-01,True,244,9
E00183,C0042,P0266,F01058,2026-02-01,True,778,7
E00183,C0042,P0266,F01058,2026-03-01,True,434,3
E00183,C0042,P0266,F01058,2026-04-01,True,172,3
E00183,C0042,P0266,F01058,2026-05-01,True,395,12
E00183,C0042,P0266,F01059,2025-06-01,False,0,0
E00183,C0042,P0266,F01059,2025-07-01,False,0,0
E00183,C0042,P0266,F01059,2025-08-01,False,0,0
E00183,C0042,P0266,F01059,2025-09-01,False,0,0
E00183,C0042,P0266,F01059,2025-10-01,False,0,0
E00183,C0042,P0266,F01059,2025-11-01,False,0,0
E00183,C0042,P0266,F01059,2025-12-01,False,0,0
E00183,C0042,P0266,F01059,2026-01-01,False,0,0
E00183,C0042,P0266,F01059,2026-02-01,False,0,0
E00183,C0042,P0266,F01059,2026-03-01,False,0,0
E00183,C0042,P0266,F01059,2026-04-01,False,0,0
E00183,C0042,P0266,F01059,2026-05-01,False,0,0
E00183,C0042,P0266,F01060,2025-06-01,False,0,0
E00183,C0042,P0266,F01060,2025-07-01,False,0,0
E00183,C0042,P0266,F01060,2025-08-01,False,0,0
E00183,C0042,P0266,F01060,2025-09-01,False,0,0
E00183,C0042,P0266,F01060,2025-10-01,False,0,0
E00183,C0042,P0266,F01060,2025-11-01,False,0,0
E00183,C0042,P0266,F01060,2025-12-01,False,0,0
E00183,C0042,P0266,F01060,2026-01-01,False,0,0
E00183,C0042,P0266,F01060,2026-02-01,False,0,0
E00183,C0042,P0266,F01060,2026-03-01,False,0,0
E00183,C0042,P0266,F01060,2026-04-01,False,0,0
E00183,C0042,P0266,F01060,2026-05-01,False,0,0
E00183,C0042,P0266,F01061,2025-06-01,True,434,9
E00183,C0042,P0266,F01061,2025-07-01,True,317,6
E00183,C0042,P0266,F01061,2025-08-01,True,273,4
E00183,C0042,P0266,F01061,2025-09-01,True,484,18
E00183,C0042,P0266,F01061,2025-10-01,True,326,9
E00183,C0042,P0266,F01061,2025-11-01,True,396,27
E00183,C0042,P0266,F01061,2025-12-01,True,348,11
E00183,C0042,P0266,F01061,2026-01-01,True,1684,9
E00183,C0042,P0266,F01061,2026-02-01,True,475,13
E00183,C0042,P0266,F01061,2026-03-01,True,278,14
E00183,C0042,P0266,F01061,2026-04-01,True,96,9
E00183,C0042,P0266,F01061,2026-05-01,True,168,14
E00183,C0042,P0266,F01062,2025-06-01,False,0,0
E00183,C0042,P0266,F01062,2025-07-01,False,0,0
E00183,C0042,P0266,F01062,2025-08-01,False,0,0
E00183,C0042,P0266,F01062,2025-09-01,False,0,0
E00183,C0042,P0266,F01062,2025-10-01,False,0,0
E00183,C0042,P0266,F01062,2025-11-01,False,0,0
E00183,C0042,P0266,F01062,2025-12-01,False,0,0
E00183,C0042,P0266,F01062,2026-01-01,False,0,0
E00183,C0042,P0266,F01062,2026-02-01,False,0,0
E00183,C0042,P0266,F01062,2026-03-01,False,0,0
E00183,C0042,P0266,F01062,2026-04-01,False,0,0
E00183,C0042,P0266,F01062,2026-05-01,False,0,0
E00184,C0034,P0115,F00443,2025-08-01,True,81,17
E00184,C0034,P0115,F00443,2025-09-01,True,16,14
E00184,C0034,P0115,F00443,2025-10-01,True,144,7
E00184,C0034,P0115,F00443,2025-11-01,True,305,28
E00184,C0034,P0115,F00443,2025-12-01,True,143,10
E00184,C0034,P0115,F00443,2026-01-01,True,827,11
E00184,C0034,P0115,F00443,2026-02-01,True,538,21
E00184,C0034,P0115,F01486,2026-03-01,True,218,7
E00184,C0034,P0115,F00443,2026-04-01,True,140,23
E00184,C0034,P0115,F00443,2026-05-01,True,1115,3
E00184,C0034,P0115,F00443,2026-06-01,True,447,7
E00184,C0034,P0115,F00443,2026-07-01,True,231,16
E00184,C0034,P0115,F00444,2025-08-01,False,0,0
E00184,C0034,P0115,F00444,2025-09-01,True,381,15
E00184,C0034,P0115,F00444,2025-10-01,True,1094,13
E00184,C0034,P0115,F00444,2025-11-01,True,574,20
E00184,C0034,P0115,F00444,2025-12-01,True,202,17
E00184,C0034,P0115,F00444,2026-01-01,True,226,4
E00184,C0034,P0115,F00444,2026-02-01,True,493,4
E00184,C0034,P0115,F00444,2026-03-01,True,383,9
E00184,C0034,P0115,F00444,2026-04-01,True,912,4
E00184,C0034,P0115,F00444,2026-05-01,True,465,6
E00184,C0034,P0115,F00444,2026-06-01,True,81,2
E00184,C0034,P0115,F00444,2026-07-01,True,133,4
E00184,C0034,P0115,F00445,2025-08-01,False,0,0
E00184,C0034,P0115,F00445,2025-09-01,False,0,0
E00184,C0034,P0115,F00445,2025-10-01,False,0,0
E00184,C0034,P0115,F00445,2025-11-01,False,0,0
E00184,C0034,P0115,F00445,2025-12-01,False,0,0
E00184,C0034,P0115,F00445,2026-01-01,True,47,19
E00184,C0034,P0115,F00445,2026-02-01,True,795,6
E00184,C0034,P0115,F00445,2026-03-01,False,0,0
E00184,C0034,P0115,F00445,2026-04-01,True,257,9
E00184,C0034,P0115,F00445,2026-05-01,True,730,21
E00184,C0034,P0115,F00445,2026-06-01,True,459,13
E00184,C0034,P0115,F00445,2026-07-01,True,238,2
E00184,C0034,P0115,F00446,2025-08-01,False,0,0
E00184,C0034,P0115,F00446,2025-09-01,False,0,0
E00184,C0034,P0115,F00446,2025-10-01,False,0,0
E00184,C0034,P0115,F00446,2025-11-01,False,0,0
E00184,C0034,P0115,F00446,2025-12-01,False,0,0
E00184,C0034,P0115,F00446,2026-01-01,False,0,0
E00184,C0034,P0115,F00446,2026-02-01,False,0,0
E00184,C0034,P0115,F00446,2026-03-01,False,0,0
E00184,C0034,P0115,F00446,2026-04-01,False,0,0
E00184,C0034,P0115,F00446,2026-05-01,False,0,0
E00184,C0034,P0115,F00446,2026-06-01,False,0,0
E00184,C0034,P0115,F00446,2026-07-01,False,0,0
E00185,C0062,P0201,F00790,2025-06-01,False,0,0
E00185,C0062,P0201,F00790,2025-07-01,False,0,0
E00185,C0062,P0201,F00790,2025-08-01,False,0,0
E00185,C0062,P0201,F00790,2025-09-01,False,0,0
E00185,C0062,P0201,F00790,2025-10-01,False,0,0
E00185,C0062,P0201,F00790,2025-11-01,False,0,0
E00185,C0062,P0201,F00790,2025-12-01,False,0,0
E00185,C0062,P0201,F00790,2026-01-01,False,0,0
E00185,C0062,P0201,F00790,2026-02-01,False,0,0
E00185,C0062,P0201,F00012,2026-03-01,True,0,0
E00185,C0062,P0201,F00790,2026-04-01,False,0,0
E00185,C0062,P0201,F00790,2026-05-01,False,0,0
E00185,C0062,P0201,F00791,2025-06-01,False,0,0
E00185,C0062,P0201,F00791,2025-07-01,False,0,0
E00185,C0062,P0201,F00791,2025-08-01,False,0,0
E00185,C0062,P0201,F00791,2025-09-01,False,0,0
E00185,C0062,P0201,F00791,2025-10-01,False,0,0
E00185,C0062,P0201,F00791,2025-11-01,False,0,0
E00185,C0062,P0201,F00791,2025-12-01,False,0,0
E00185,C0062,P0201,F00791,2026-01-01,False,0,0
E00185,C0062,P0201,F00791,2026-02-01,False,0,0
E00185,C0062,P0201,F00791,2026-03-01,False,0,0
E00185,C0062,P0201,F00791,2026-04-01,False,0,0
E00185,C0062,P0201,F00791,2026-05-01,False,0,0
E00185,C0062,P0201,F00792,2025-06-01,False,0,0
E00185,C0062,P0201,F00792,2025-07-01,False,0,0
E00185,C0062,P0201,F01374,2025-08-01,True,0,0
E00185,C0062,P0201,F00792,2025-09-01,False,0,0
E00185,C0062,P0201,F00792,2025-10-01,False,0,0
E00185,C0062,P0201,F00792,2025-11-01,False,0,0
E00185,C0062,P0201,F00792,2025-12-01,False,0,0
E00185,C0062,P0201,F00792,2026-01-01,False,0,0
E00185,C0062,P0201,F00792,2026-02-01,False,0,0
E00185,C0062,P0201,F00792,2026-03-01,False,0,0
E00185,C0062,P0201,F00792,2026-04-01,False,0,0
E00185,C0062,P0201,F00792,2026-05-01,False,0,0
E00185,C0062,P0201,F00793,2025-06-01,False,0,0
E00185,C0062,P0201,F00793,2025-07-01,False,0,0
E00185,C0062,P0201,F00793,2025-08-01,False,0,0
E00185,C0062,P0201,F00793,2025-09-01,False,0,0
E00185,C0062,P0201,F00793,2025-10-01,False,0,0
E00185,C0062,P0201,F00793,2025-11-01,False,0,0
E00185,C0062,P0201,F00793,2025-12-01,False,0,0
E00185,C0062,P0201,F00793,2026-01-01,False,0,0
E00185,C0062,P0201,F00793,2026-02-01,False,0,0
E00185,C0062,P0201,F00793,2026-03-01,False,0,0
E00185,C0062,P0201,F00793,2026-04-01,False,0,0
E00185,C0062,P0201,F00793,2026-05-01,False,0,0
E00185,C0062,P0201,F00794,2025-06-01,False,0,0
E00185,C0062,P0201,F00794,2025-07-01,False,0,0
E00185,C0062,P0201,F00794,2025-08-01,False,0,0
E00185,C0062,P0201,F00794,2025-09-01,False,0,0
E00185,C0062,P0201,F00794,2025-10-01,False,0,0
E00185,C0062,P0201,F00794,2025-11-01,False,0,0
E00185,C0062,P0201,F00794,2025-12-01,False,0,0
E00185,C0062,P0201,F00794,2026-01-01,False,0,0
E00185,C0062,P0201,F00794,2026-02-01,False,0,0
E00185,C0062,P0201,F00794,2026-03-01,False,0,0
E00185,C0062,P0201,F00794,2026-04-01,False,0,0
E00185,C0062,P0201,F00794,2026-05-01,False,0,0
E00186,C0007,P0116,F00447,2025-09-01,True,292,23
E00186,C0007,P0116,F00447,2025-10-01,True,210,8
E00186,C0007,P0116,F00447,2025-11-01,True,630,8
E00186,C0007,P0116,F00447,2025-12-01,False,0,0
E00186,C0007,P0116,F00447,2026-01-01,False,0,0
E00186,C0007,P0116,F00447,2026-02-01,False,0,0
E00186,C0007,P0116,F00447,2026-03-01,False,0,0
E00186,C0007,P0116,F00447,2026-04-01,False,0,0
E00186,C0007,P0116,F00447,2026-05-01,False,0,0
E00186,C0007,P0116,F00447,2026-06-01,False,0,0
E00186,C0007,P0116,F00447,2026-07-01,False,0,0
E00186,C0007,P0116,F00447,2026-08-01,False,0,0
E00186,C0007,P0116,F00448,2025-09-01,False,0,0
E00186,C0007,P0116,F00448,2025-10-01,False,0,0
E00186,C0007,P0116,F00448,2025-11-01,False,0,0
E00186,C0007,P0116,F00448,2025-12-01,False,0,0
E00186,C0007,P0116,F00448,2026-01-01,False,0,0
E00186,C0007,P0116,F00448,2026-02-01,False,0,0
E00186,C0007,P0116,F00448,2026-03-01,False,0,0
E00186,C0007,P0116,F00448,2026-04-01,False,0,0
E00186,C0007,P0116,F00448,2026-05-01,False,0,0
E00186,C0007,P0116,F00448,2026-06-01,False,0,0
E00186,C0007,P0116,F00448,2026-07-01,False,0,0
E00186,C0007,P0116,F00448,2026-08-01,False,0,0
E00186,C0007,P0116,F00449,2025-09-01,False,0,0
E00186,C0007,P0116,F00449,2025-10-01,False,0,0
E00186,C0007,P0116,F00449,2025-11-01,False,0,0
E00186,C0007,P0116,F00449,2025-12-01,False,0,0
E00186,C0007,P0116,F00449,2026-01-01,False,0,0
E00186,C0007,P0116,F00449,2026-02-01,False,0,0
E00186,C0007,P0116,F00449,2026-03-01,False,0,0
E00186,C0007,P0116,F00449,2026-04-01,False,0,0
E00186,C0007,P0116,F00449,2026-05-01,False,0,0
E00186,C0007,P0116,F00674,2026-06-01,True,0,0
E00186,C0007,P0116,F00449,2026-07-01,False,0,0
E00186,C0007,P0116,F00449,2026-08-01,False,0,0
E00187,C0087,P0160,F00625,2025-06-01,False,0,0
E00187,C0087,P0160,F00625,2025-07-01,True,301,18
E00187,C0087,P0160,F00625,2025-08-01,False,0,0
E00187,C0087,P0160,F01422,2025-09-01,True,44,4
E00187,C0087,P0160,F00625,2025-10-01,True,1187,18
E00187,C0087,P0160,F00625,2025-11-01,True,696,13
E00187,C0087,P0160,F00625,2025-12-01,True,493,6
E00187,C0087,P0160,F00625,2026-01-01,True,291,20
E00187,C0087,P0160,F00625,2026-02-01,True,247,6
E00187,C0087,P0160,F00626,2025-06-01,False,0,0
E00187,C0087,P0160,F00626,2025-07-01,False,0,0
E00187,C0087,P0160,F00626,2025-08-01,False,0,0
E00187,C0087,P0160,F00626,2025-09-01,False,0,0
E00187,C0087,P0160,F00626,2025-10-01,False,0,0
E00187,C0087,P0160,F00626,2025-11-01,False,0,0
E00187,C0087,P0160,F00626,2025-12-01,False,0,0
E00187,C0087,P0160,F00626,2026-01-01,False,0,0
E00187,C0087,P0160,F00626,2026-02-01,False,0,0
E00187,C0087,P0160,F00627,2025-06-01,False,0,0
E00187,C0087,P0160,F00627,2025-07-01,False,0,0
E00187,C0087,P0160,F00627,2025-08-01,False,0,0
E00187,C0087,P0160,F00627,2025-09-01,False,0,0
E00187,C0087,P0160,F00627,2025-10-01,False,0,0
E00187,C0087,P0160,F00627,2025-11-01,True,357,13
E00187,C0087,P0160,F00627,2025-12-01,True,865,53
E00187,C0087,P0160,F00627,2026-01-01,True,158,16
E00187,C0087,P0160,F00627,2026-02-01,True,388,2
E00187,C0087,P0160,F00628,2025-06-01,False,0,0
E00187,C0087,P0160,F00628,2025-07-01,True,997,8
E00187,C0087,P0160,F00628,2025-08-01,True,252,28
E00187,C0087,P0160,F00628,2025-09-01,True,348,22
E00187,C0087,P0160,F00628,2025-10-01,True,301,15
E00187,C0087,P0160,F00628,2025-11-01,True,330,5
E00187,C0087,P0160,F00628,2025-12-01,True,540,18
E00187,C0087,P0160,F00628,2026-01-01,True,367,2
E00187,C0087,P0160,F00628,2026-02-01,True,129,7
E00188,C0089,P0414,F01656,2025-06-01,False,0,0
E00188,C0089,P0414,F01656,2025-07-01,False,0,0
E00188,C0089,P0414,F01656,2025-08-01,False,0,0
E00188,C0089,P0414,F01656,2025-09-01,False,0,0
E00188,C0089,P0414,F01656,2025-10-01,False,0,0
E00188,C0089,P0414,F01656,2025-11-01,False,0,0
E00188,C0089,P0414,F01656,2025-12-01,False,0,0
E00188,C0089,P0414,F01657,2025-06-01,False,0,0
E00188,C0089,P0414,F01657,2025-07-01,False,0,0
E00188,C0089,P0414,F01657,2025-08-01,False,0,0
E00188,C0089,P0414,F01657,2025-09-01,False,0,0
E00188,C0089,P0414,F01657,2025-10-01,False,0,0
E00188,C0089,P0414,F01657,2025-11-01,False,0,0
E00188,C0089,P0414,F01657,2025-12-01,False,0,0
E00188,C0089,P0414,F01658,2025-06-01,False,0,0
E00188,C0089,P0414,F01658,2025-07-01,False,0,0
E00188,C0089,P0414,F01658,2025-08-01,False,0,0
E00188,C0089,P0414,F01658,2025-09-01,False,0,0
E00188,C0089,P0414,F01658,2025-10-01,False,0,0
E00188,C0089,P0414,F01658,2025-11-01,False,0,0
E00188,C0089,P0414,F01658,2025-12-01,False,0,0
E00189,C0072,P0127,F00491,2025-10-01,True,945,10
E00189,C0072,P0127,F00491,2025-11-01,True,933,21
E00189,C0072,P0127,F00491,2025-12-01,True,252,12
E00189,C0072,P0127,F00491,2026-01-01,False,0,0
E00189,C0072,P0127,F00491,2026-02-01,True,642,6
E00189,C0072,P0127,F00491,2026-03-01,True,608,16
E00189,C0072,P0127,F00491,2026-04-01,True,181,15
E00189,C0072,P0127,F00491,2026-05-01,True,338,3
E00189,C0072,P0127,F00491,2026-06-01,True,237,7
E00189,C0072,P0127,F00491,2026-07-01,True,1059,4
E00189,C0072,P0127,F00491,2026-08-01,False,0,0
E00189,C0072,P0127,F00492,2025-10-01,False,0,0
E00189,C0072,P0127,F00775,2025-11-01,True,0,0
E00189,C0072,P0127,F00492,2025-12-01,False,0,0
E00189,C0072,P0127,F00492,2026-01-01,False,0,0
E00189,C0072,P0127,F00492,2026-02-01,False,0,0
E00189,C0072,P0127,F00492,2026-03-01,False,0,0
E00189,C0072,P0127,F00492,2026-04-01,False,0,0
E00189,C0072,P0127,F00492,2026-05-01,False,0,0
E00189,C0072,P0127,F00492,2026-06-01,False,0,0
E00189,C0072,P0127,F00492,2026-07-01,False,0,0
E00189,C0072,P0127,F00492,2026-08-01,False,0,0
E00189,C0072,P0127,F00493,2025-10-01,False,0,0
E00189,C0072,P0127,F00493,2025-11-01,False,0,0
E00189,C0072,P0127,F00493,2025-12-01,False,0,0
E00189,C0072,P0127,F00493,2026-01-01,False,0,0
E00189,C0072,P0127,F00493,2026-02-01,False,0,0
E00189,C0072,P0127,F01615,2026-03-01,True,0,0
E00189,C0072,P0127,F00493,2026-04-01,False,0,0
E00189,C0072,P0127,F00493,2026-05-01,False,0,0
E00189,C0072,P0127,F00493,2026-06-01,False,0,0
E00189,C0072,P0127,F00493,2026-07-01,False,0,0
E00189,C0072,P0127,F00493,2026-08-01,False,0,0
E00190,C0084,P0267,F00869,2025-06-01,True,0,0
E00190,C0084,P0267,F01063,2025-07-01,True,210,14
E00190,C0084,P0267,F01063,2025-08-01,True,381,9
E00190,C0084,P0267,F01063,2025-09-01,True,308,20
E00190,C0084,P0267,F01063,2025-10-01,True,185,4
E00190,C0084,P0267,F01063,2025-11-01,True,44,7
E00190,C0084,P0267,F01063,2025-12-01,False,0,0
E00190,C0084,P0267,F01063,2026-01-01,True,109,8
E00190,C0084,P0267,F01063,2026-02-01,True,63,8
E00190,C0084,P0267,F01063,2026-03-01,True,458,10
E00190,C0084,P0267,F01063,2026-04-01,True,572,22
E00190,C0084,P0267,F01064,2025-06-01,False,0,0
E00190,C0084,P0267,F01064,2025-07-01,False,0,0
E00190,C0084,P0267,F01064,2025-08-01,False,0,0
E00190,C0084,P0267,F01064,2025-09-01,False,0,0
E00190,C0084,P0267,F01064,2025-10-01,False,0,0
E00190,C0084,P0267,F01064,2025-11-01,False,0,0
E00190,C0084,P0267,F01064,2025-12-01,False,0,0
E00190,C0084,P0267,F01064,2026-01-01,False,0,0
E00190,C0084,P0267,F01064,2026-02-01,False,0,0
E00190,C0084,P0267,F01064,2026-03-01,False,0,0
E00190,C0084,P0267,F01064,2026-04-01,False,0,0
E00190,C0084,P0267,F01065,2025-06-01,False,0,0
E00190,C0084,P0267,F01065,2025-07-01,False,0,0
E00190,C0084,P0267,F01065,2025-08-01,False,0,0
E00190,C0084,P0267,F01065,2025-09-01,False,0,0
E00190,C0084,P0267,F01065,2025-10-01,False,0,0
E00190,C0084,P0267,F01065,2025-11-01,True,450,10
E00190,C0084,P0267,F01065,2025-12-01,True,497,13
E00190,C0084,P0267,F01065,2026-01-01,True,646,11
E00190,C0084,P0267,F01065,2026-02-01,True,119,21
E00190,C0084,P0267,F01065,2026-03-01,True,67,17
E00190,C0084,P0267,F01065,2026-04-01,True,489,14
E00190,C0084,P0267,F01066,2025-06-01,False,0,0
E00190,C0084,P0267,F01066,2025-07-01,False,0,0
E00190,C0084,P0267,F01066,2025-08-01,False,0,0
E00190,C0084,P0267,F01066,2025-09-01,False,0,0
E00190,C0084,P0267,F01066,2025-10-01,False,0,0
E00190,C0084,P0267,F01066,2025-11-01,True,387,6
E00190,C0084,P0267,F01066,2025-12-01,True,336,23
E00190,C0084,P0267,F01066,2026-01-01,True,510,15
E00190,C0084,P0267,F01066,2026-02-01,True,851,26
E00190,C0084,P0267,F01066,2026-03-01,True,628,35
E00190,C0084,P0267,F01066,2026-04-01,True,507,18
E00190,C0084,P0267,F01067,2025-06-01,False,0,0
E00190,C0084,P0267,F01067,2025-07-01,False,0,0
E00190,C0084,P0267,F01067,2025-08-01,True,724,25
E00190,C0084,P0267,F01067,2025-09-01,True,167,4
E00190,C0084,P0267,F01067,2025-10-01,True,127,7
E00190,C0084,P0267,F01067,2025-11-01,True,741,9
E00190,C0084,P0267,F01067,2025-12-01,True,338,4
E00190,C0084,P0267,F01067,2026-01-01,True,122,7
E00190,C0084,P0267,F01067,2026-02-01,True,195,18
E00190,C0084,P0267,F01067,2026-03-01,True,109,4
E00190,C0084,P0267,F01067,2026-04-01,False,0,0
E00191,C0098,P0321,F01284,2025-09-01,True,460,9
E00191,C0098,P0321,F01284,2025-10-01,True,286,21
E00191,C0098,P0321,F01284,2025-11-01,True,293,11
E00191,C0098,P0321,F01284,2025-12-01,False,0,0
E00191,C0098,P0321,F01284,2026-01-01,False,0,0
E00191,C0098,P0321,F01284,2026-02-01,False,0,0
E00191,C0098,P0321,F01284,2026-03-01,False,0,0
E00191,C0098,P0321,F01284,2026-04-01,False,0,0
E00191,C0098,P0321,F01284,2026-05-01,False,0,0
E00191,C0098,P0321,F01284,2026-06-01,False,0,0
E00191,C0098,P0321,F01284,2026-07-01,False,0,0
E00191,C0098,P0321,F01284,2026-08-01,False,0,0
E00191,C0098,P0321,F01285,2025-09-01,False,0,0
E00191,C0098,P0321,F01285,2025-10-01,False,0,0
E00191,C0098,P0321,F01285,2025-11-01,False,0,0
E00191,C0098,P0321,F01285,2025-12-01,False,0,0
E00191,C0098,P0321,F01285,2026-01-01,False,0,0
E00191,C0098,P0321,F01285,2026-02-01,False,0,0
E00191,C0098,P0321,F01285,2026-03-01,False,0,0
E00191,C0098,P0321,F01285,2026-04-01,False,0,0
E00191,C0098,P0321,F01285,2026-05-01,False,0,0
E00191,C0098,P0321,F01285,2026-06-01,False,0,0
E00191,C0098,P0321,F01285,2026-07-01,False,0,0
E00191,C0098,P0321,F01285,2026-08-01,False,0,0
E00191,C0098,P0321,F01286,2025-09-01,False,0,0
E00191,C0098,P0321,F01286,2025-10-01,False,0,0
E00191,C0098,P0321,F01286,2025-11-01,False,0,0
E00191,C0098,P0321,F01286,2025-12-01,False,0,0
E00191,C0098,P0321,F01286,2026-01-01,False,0,0
E00191,C0098,P0321,F01286,2026-02-01,False,0,0
E00191,C0098,P0321,F01286,2026-03-01,False,0,0
E00191,C0098,P0321,F01286,2026-04-01,False,0,0
E00191,C0098,P0321,F01286,2026-05-01,False,0,0
E00191,C0098,P0321,F01286,2026-06-01,False,0,0
E00191,C0098,P0321,F01286,2026-07-01,False,0,0
E00191,C0098,P0321,F01286,2026-08-01,False,0,0
E00191,C0098,P0321,F01287,2025-09-01,False,0,0
E00191,C0098,P0321,F01287,2025-10-01,False,0,0
E00191,C0098,P0321,F01287,2025-11-01,False,0,0
E00191,C0098,P0321,F01287,2025-12-01,False,0,0
E00191,C0098,P0321,F01287,2026-01-01,False,0,0
E00191,C0098,P0321,F01287,2026-02-01,False,0,0
E00191,C0098,P0321,F01287,2026-03-01,False,0,0
E00191,C0098,P0321,F01287,2026-04-01,False,0,0
E00191,C0098,P0321,F01287,2026-05-01,False,0,0
E00191,C0098,P0321,F01258,2026-06-01,True,0,0
E00191,C0098,P0321,F01287,2026-07-01,False,0,0
E00191,C0098,P0321,F01287,2026-08-01,False,0,0
E00191,C0098,P0321,F01288,2025-09-01,False,0,0
E00191,C0098,P0321,F01288,2025-10-01,False,0,0
E00191,C0098,P0321,F01288,2025-11-01,False,0,0
E00191,C0098,P0321,F01288,2025-12-01,False,0,0
E00191,C0098,P0321,F01288,2026-01-01,False,0,0
E00191,C0098,P0321,F01288,2026-02-01,False,0,0
E00191,C0098,P0321,F01288,2026-03-01,False,0,0
E00191,C0098,P0321,F01288,2026-04-01,False,0,0
E00191,C0098,P0321,F01288,2026-05-01,False,0,0
E00191,C0098,P0321,F01288,2026-06-01,False,0,0
E00191,C0098,P0321,F01288,2026-07-01,False,0,0
E00191,C0098,P0321,F01288,2026-08-01,False,0,0
E00192,C0099,P0194,F00764,2025-06-01,False,0,0
E00192,C0099,P0194,F00764,2025-07-01,False,0,0
E00192,C0099,P0194,F00764,2025-08-01,False,0,0
E00192,C0099,P0194,F00764,2025-09-01,False,0,0
E00192,C0099,P0194,F00764,2025-10-01,False,0,0
E00192,C0099,P0194,F00764,2025-11-01,False,0,0
E00192,C0099,P0194,F00764,2025-12-01,False,0,0
E00192,C0099,P0194,F00765,2025-06-01,False,0,0
E00192,C0099,P0194,F00765,2025-07-01,False,0,0
E00192,C0099,P0194,F00765,2025-08-01,False,0,0
E00192,C0099,P0194,F00765,2025-09-01,False,0,0
E00192,C0099,P0194,F00765,2025-10-01,False,0,0
E00192,C0099,P0194,F00765,2025-11-01,False,0,0
E00192,C0099,P0194,F00765,2025-12-01,False,0,0
E00192,C0099,P0194,F00766,2025-06-01,False,0,0
E00192,C0099,P0194,F00766,2025-07-01,False,0,0
E00192,C0099,P0194,F00766,2025-08-01,False,0,0
E00192,C0099,P0194,F00766,2025-09-01,False,0,0
E00192,C0099,P0194,F00766,2025-10-01,False,0,0
E00192,C0099,P0194,F00766,2025-11-01,False,0,0
E00192,C0099,P0194,F00766,2025-12-01,False,0,0
E00193,C0057,P0032,F00121,2025-11-01,False,0,0
E00193,C0057,P0032,F00121,2025-12-01,False,0,0
E00193,C0057,P0032,F00121,2026-01-01,True,244,10
E00193,C0057,P0032,F00121,2026-02-01,True,651,8
E00193,C0057,P0032,F00121,2026-03-01,True,421,8
E00193,C0057,P0032,F00121,2026-04-01,True,41,6
E00193,C0057,P0032,F00121,2026-05-01,True,238,11
E00193,C0057,P0032,F00121,2026-06-01,True,561,9
E00193,C0057,P0032,F00121,2026-07-01,True,264,13
E00193,C0057,P0032,F00121,2026-08-01,True,361,3
E00193,C0057,P0032,F00122,2025-11-01,False,0,0
E00193,C0057,P0032,F00122,2025-12-01,False,0,0
E00193,C0057,P0032,F00122,2026-01-01,False,0,0
E00193,C0057,P0032,F00122,2026-02-01,False,0,0
E00193,C0057,P0032,F00122,2026-03-01,False,0,0
E00193,C0057,P0032,F00122,2026-04-01,False,0,0
E00193,C0057,P0032,F00122,2026-05-01,False,0,0
E00193,C0057,P0032,F00122,2026-06-01,False,0,0
E00193,C0057,P0032,F00122,2026-07-01,False,0,0
E00193,C0057,P0032,F00122,2026-08-01,False,0,0
E00193,C0057,P0032,F00123,2025-11-01,False,0,0
E00193,C0057,P0032,F00123,2025-12-01,False,0,0
E00193,C0057,P0032,F00123,2026-01-01,False,0,0
E00193,C0057,P0032,F00123,2026-02-01,False,0,0
E00193,C0057,P0032,F00123,2026-03-01,False,0,0
E00193,C0057,P0032,F00123,2026-04-01,True,937,8
E00193,C0057,P0032,F00123,2026-05-01,True,361,3
E00193,C0057,P0032,F00123,2026-06-01,True,765,7
E00193,C0057,P0032,F00123,2026-07-01,True,1005,10
E00193,C0057,P0032,F00123,2026-08-01,False,0,0
E00194,C0087,P0347,F01385,2025-09-01,True,537,8
E00194,C0087,P0347,F01385,2025-10-01,False,0,0
E00194,C0087,P0347,F01385,2025-11-01,True,117,14
E00194,C0087,P0347,F01385,2025-12-01,True,481,1
E00194,C0087,P0347,F01385,2026-01-01,True,105,21
E00194,C0087,P0347,F01385,2026-02-01,True,252,16
E00194,C0087,P0347,F01385,2026-03-01,True,1326,14
E00194,C0087,P0347,F01385,2026-04-01,True,352,6
E00194,C0087,P0347,F01385,2026-05-01,True,446,14
E00194,C0087,P0347,F01385,2026-06-01,True,381,17
E00194,C0087,P0347,F01385,2026-07-01,True,128,11
E00194,C0087,P0347,F01385,2026-08-01,False,0,0
E00194,C0087,P0347,F01386,2025-09-01,False,0,0
E00194,C0087,P0347,F01386,2025-10-01,True,353,7
E00194,C0087,P0347,F01386,2025-11-01,True,475,4
E00194,C0087,P0347,F01386,2025-12-01,True,187,8
E00194,C0087,P0347,F01386,2026-01-01,True,309,14
E00194,C0087,P0347,F01386,2026-02-01,True,531,5
E00194,C0087,P0347,F01386,2026-03-01,True,999,13
E00194,C0087,P0347,F01386,2026-04-01,True,1200,24
E00194,C0087,P0347,F01386,2026-05-01,False,0,0
E00194,C0087,P0347,F01386,2026-06-01,True,229,4
E00194,C0087,P0347,F01386,2026-07-01,True,89,1
E00194,C0087,P0347,F01386,2026-08-01,False,0,0
E00194,C0087,P0347,F01387,2025-09-01,False,0,0
E00194,C0087,P0347,F01387,2025-10-01,False,0,0
E00194,C0087,P0347,F01387,2025-11-01,False,0,0
E00194,C0087,P0347,F01387,2025-12-01,False,0,0
E00194,C0087,P0347,F01387,2026-01-01,False,0,0
E00194,C0087,P0347,F01387,2026-02-01,True,426,6
E00194,C0087,P0347,F01387,2026-03-01,True,554,7
E00194,C0087,P0347,F01387,2026-04-01,True,180,15
E00194,C0087,P0347,F01387,2026-05-01,True,1401,24
E00194,C0087,P0347,F01387,2026-06-01,True,536,22
E00194,C0087,P0347,F01387,2026-07-01,True,497,1
E00194,C0087,P0347,F01387,2026-08-01,True,609,15
E00194,C0087,P0347,F01388,2025-09-01,False,0,0
E00194,C0087,P0347,F01388,2025-10-01,False,0,0
E00194,C0087,P0347,F01388,2025-11-01,False,0,0
E00194,C0087,P0347,F01388,2025-12-01,False,0,0
E00194,C0087,P0347,F01388,2026-01-01,False,0,0
E00194,C0087,P0347,F01388,2026-02-01,True,696,6
E00194,C0087,P0347,F01388,2026-03-01,True,771,4
E00194,C0087,P0347,F01388,2026-04-01,True,403,10
E00194,C0087,P0347,F01388,2026-05-01,True,17,7
E00194,C0087,P0347,F01388,2026-06-01,True,518,7
E00194,C0087,P0347,F01388,2026-07-01,True,939,12
E00194,C0087,P0347,F01388,2026-08-01,False,0,0
E00194,C0087,P0347,F01389,2025-09-01,False,0,0
E00194,C0087,P0347,F01389,2025-10-01,False,0,0
E00194,C0087,P0347,F01389,2025-11-01,False,0,0
E00194,C0087,P0347,F01389,2025-12-01,False,0,0
E00194,C0087,P0347,F01389,2026-01-01,True,293,22
E00194,C0087,P0347,F01389,2026-02-01,True,258,4
E00194,C0087,P0347,F01389,2026-03-01,True,548,4
E00194,C0087,P0347,F01389,2026-04-01,True,243,11
E00194,C0087,P0347,F01389,2026-05-01,True,290,59
E00194,C0087,P0347,F01389,2026-06-01,True,500,10
E00194,C0087,P0347,F01389,2026-07-01,True,218,13
E00194,C0087,P0347,F01389,2026-08-01,False,0,0
E00195,C0044,P0317,F01266,2025-06-01,False,0,0
E00195,C0044,P0317,F01266,2025-07-01,True,797,3
E00195,C0044,P0317,F01266,2025-08-01,True,460,9
E00195,C0044,P0317,F01266,2025-09-01,True,631,11
E00195,C0044,P0317,F01266,2025-10-01,True,513,35
E00195,C0044,P0317,F01266,2025-11-01,True,645,8
E00195,C0044,P0317,F01266,2025-12-01,True,155,9
E00195,C0044,P0317,F01266,2026-01-01,True,157,11
E00195,C0044,P0317,F01266,2026-02-01,True,403,3
E00195,C0044,P0317,F01266,2026-03-01,True,394,28
E00195,C0044,P0317,F01267,2025-06-01,False,0,0
E00195,C0044,P0317,F01267,2025-07-01,True,383,8
E00195,C0044,P0317,F01267,2025-08-01,True,610,9
E00195,C0044,P0317,F01267,2025-09-01,True,343,22
E00195,C0044,P0317,F01267,2025-10-01,True,167,19
E00195,C0044,P0317,F01267,2025-11-01,True,89,37
E00195,C0044,P0317,F01267,2025-12-01,True,172,11
E00195,C0044,P0317,F01267,2026-01-01,True,904,3
E00195,C0044,P0317,F01267,2026-02-01,True,240,18
E00195,C0044,P0317,F01267,2026-03-01,True,59,15
E00195,C0044,P0317,F01268,2025-06-01,False,0,0
E00195,C0044,P0317,F01268,2025-07-01,False,0,0
E00195,C0044,P0317,F01268,2025-08-01,True,467,2
E00195,C0044,P0317,F01268,2025-09-01,True,42,1
E00195,C0044,P0317,F01268,2025-10-01,True,451,6
E00195,C0044,P0317,F01268,2025-11-01,True,82,20
E00195,C0044,P0317,F01268,2025-12-01,True,952,25
E00195,C0044,P0317,F01268,2026-01-01,True,391,2
E00195,C0044,P0317,F01268,2026-02-01,True,78,4
E00195,C0044,P0317,F01268,2026-03-01,True,206,25
E00196,C0094,P0238,F00938,2025-09-01,True,477,11
E00196,C0094,P0238,F00938,2025-10-01,True,405,19
E00196,C0094,P0238,F00938,2025-11-01,True,662,11
E00196,C0094,P0238,F00938,2025-12-01,True,793,7
E00196,C0094,P0238,F00938,2026-01-01,True,635,22
E00196,C0094,P0238,F00938,2026-02-01,True,689,5
E00196,C0094,P0238,F00938,2026-03-01,True,306,2
E00196,C0094,P0238,F00938,2026-04-01,True,105,8
E00196,C0094,P0238,F00938,2026-05-01,True,385,13
E00196,C0094,P0238,F00938,2026-06-01,True,102,9
E00196,C0094,P0238,F00938,2026-07-01,True,712,12
E00196,C0094,P0238,F00938,2026-08-01,False,0,0
E00196,C0094,P0238,F00939,2025-09-01,False,0,0
E00196,C0094,P0238,F00939,2025-10-01,False,0,0
E00196,C0094,P0238,F00939,2025-11-01,True,540,11
E00196,C0094,P0238,F00939,2025-12-01,True,191,4
E00196,C0094,P0238,F00939,2026-01-01,True,305,17
E00196,C0094,P0238,F00939,2026-02-01,True,165,7
E00196,C0094,P0238,F00939,2026-03-01,True,368,30
E00196,C0094,P0238,F00939,2026-04-01,True,460,13
E00196,C0094,P0238,F00939,2026-05-01,True,270,31
E00196,C0094,P0238,F00939,2026-06-01,True,393,20
E00196,C0094,P0238,F00939,2026-07-01,True,139,10
E00196,C0094,P0238,F00939,2026-08-01,True,1956,11
E00196,C0094,P0238,F01910,2025-09-01,True,261,21
E00196,C0094,P0238,F00940,2025-10-01,True,284,9
E00196,C0094,P0238,F00940,2025-11-01,True,61,1
E00196,C0094,P0238,F00940,2025-12-01,True,494,7
E00196,C0094,P0238,F00940,2026-01-01,True,564,13
E00196,C0094,P0238,F00940,2026-02-01,True,386,9
E00196,C0094,P0238,F00940,2026-03-01,True,175,5
E00196,C0094,P0238,F00940,2026-04-01,True,87,10
E00196,C0094,P0238,F00940,2026-05-01,True,1075,39
E00196,C0094,P0238,F00940,2026-06-01,True,170,19
E00196,C0094,P0238,F00940,2026-07-01,True,889,6
E00196,C0094,P0238,F00940,2026-08-01,False,0,0
E00196,C0094,P0238,F00941,2025-09-01,False,0,0
E00196,C0094,P0238,F00941,2025-10-01,False,0,0
E00196,C0094,P0238,F00941,2025-11-01,False,0,0
E00196,C0094,P0238,F00941,2025-12-01,False,0,0
E00196,C0094,P0238,F00941,2026-01-01,False,0,0
E00196,C0094,P0238,F00941,2026-02-01,False,0,0
E00196,C0094,P0238,F00941,2026-03-01,False,0,0
E00196,C0094,P0238,F00941,2026-04-01,False,0,0
E00196,C0094,P0238,F00941,2026-05-01,False,0,0
E00196,C0094,P0238,F00941,2026-06-01,False,0,0
E00196,C0094,P0238,F00941,2026-07-01,False,0,0
E00196,C0094,P0238,F00941,2026-08-01,False,0,0
E00196,C0094,P0238,F00942,2025-09-01,False,0,0
E00196,C0094,P0238,F00942,2025-10-01,False,0,0
E00196,C0094,P0238,F00942,2025-11-01,False,0,0
E00196,C0094,P0238,F00942,2025-12-01,False,0,0
E00196,C0094,P0238,F00942,2026-01-01,False,0,0
E00196,C0094,P0238,F00942,2026-02-01,False,0,0
E00196,C0094,P0238,F00942,2026-03-01,False,0,0
E00196,C0094,P0238,F00942,2026-04-01,False,0,0
E00196,C0094,P0238,F00942,2026-05-01,False,0,0
E00196,C0094,P0238,F00942,2026-06-01,False,0,0
E00196,C0094,P0238,F00942,2026-07-01,False,0,0
E00196,C0094,P0238,F00942,2026-08-01,False,0,0
E00197,C0027,P0481,F01927,2025-09-01,False,0,0
E00197,C0027,P0481,F01927,2025-10-01,True,609,22
E00197,C0027,P0481,F01927,2025-11-01,True,86,14
E00197,C0027,P0481,F01927,2025-12-01,True,140,15
E00197,C0027,P0481,F01927,2026-01-01,True,366,2
E00197,C0027,P0481,F01927,2026-02-01,True,198,5
E00197,C0027,P0481,F01927,2026-03-01,True,776,10
E00197,C0027,P0481,F01927,2026-04-01,True,164,16
E00197,C0027,P0481,F01927,2026-05-01,True,289,12
E00197,C0027,P0481,F01927,2026-06-01,True,319,38
E00197,C0027,P0481,F01927,2026-07-01,True,423,17
E00197,C0027,P0481,F01927,2026-08-01,False,0,0
E00197,C0027,P0481,F01928,2025-09-01,False,0,0
E00197,C0027,P0481,F01928,2025-10-01,True,773,10
E00197,C0027,P0481,F01928,2025-11-01,True,903,19
E00197,C0027,P0481,F01928,2025-12-01,True,39,6
E00197,C0027,P0481,F01928,2026-01-01,True,347,11
E00197,C0027,P0481,F01928,2026-02-01,True,217,14
E00197,C0027,P0481,F01928,2026-03-01,True,282,10
E00197,C0027,P0481,F01928,2026-04-01,True,273,9
E00197,C0027,P0481,F01928,2026-05-01,True,148,13
E00197,C0027,P0481,F01928,2026-06-01,True,547,3
E00197,C0027,P0481,F01928,2026-07-01,True,222,11
E00197,C0027,P0481,F01928,2026-08-01,True,1043,5
E00197,C0027,P0481,F01929,2025-09-01,False,0,0
E00197,C0027,P0481,F01929,2025-10-01,False,0,0
E00197,C0027,P0481,F01929,2025-11-01,False,0,0
E00197,C0027,P0481,F01929,2025-12-01,False,0,0
E00197,C0027,P0481,F01929,2026-01-01,False,0,0
E00197,C0027,P0481,F01929,2026-02-01,False,0,0
E00197,C0027,P0481,F01929,2026-03-01,False,0,0
E00197,C0027,P0481,F01929,2026-04-01,False,0,0
E00197,C0027,P0481,F01929,2026-05-01,False,0,0
E00197,C0027,P0481,F01929,2026-06-01,False,0,0
E00197,C0027,P0481,F01929,2026-07-01,False,0,0
E00197,C0027,P0481,F01929,2026-08-01,False,0,0
E00198,C0040,P0007,F00024,2025-06-01,False,0,0
E00198,C0040,P0007,F00024,2025-07-01,False,0,0
E00198,C0040,P0007,F00024,2025-08-01,False,0,0
E00198,C0040,P0007,F00024,2025-09-01,False,0,0
E00198,C0040,P0007,F00024,2025-10-01,False,0,0
E00198,C0040,P0007,F00024,2025-11-01,False,0,0
E00198,C0040,P0007,F00024,2025-12-01,False,0,0
E00198,C0040,P0007,F00024,2026-01-01,False,0,0
E00198,C0040,P0007,F00024,2026-02-01,False,0,0
E00198,C0040,P0007,F00024,2026-03-01,False,0,0
E00198,C0040,P0007,F00024,2026-04-01,False,0,0
E00198,C0040,P0007,F00025,2025-06-01,False,0,0
E00198,C0040,P0007,F00025,2025-07-01,False,0,0
E00198,C0040,P0007,F00025,2025-08-01,False,0,0
E00198,C0040,P0007,F00025,2025-09-01,False,0,0
E00198,C0040,P0007,F00025,2025-10-01,False,0,0
E00198,C0040,P0007,F00025,2025-11-01,False,0,0
E00198,C0040,P0007,F00025,2025-12-01,False,0,0
E00198,C0040,P0007,F00025,2026-01-01,False,0,0
E00198,C0040,P0007,F00025,2026-02-01,False,0,0
E00198,C0040,P0007,F00025,2026-03-01,False,0,0
E00198,C0040,P0007,F00025,2026-04-01,False,0,0
E00198,C0040,P0007,F00026,2025-06-01,False,0,0
E00198,C0040,P0007,F00026,2025-07-01,False,0,0
E00198,C0040,P0007,F00026,2025-08-01,False,0,0
E00198,C0040,P0007,F00026,2025-09-01,False,0,0
E00198,C0040,P0007,F00026,2025-10-01,False,0,0
E00198,C0040,P0007,F00026,2025-11-01,False,0,0
E00198,C0040,P0007,F00026,2025-12-01,False,0,0
E00198,C0040,P0007,F00026,2026-01-01,False,0,0
E00198,C0040,P0007,F00026,2026-02-01,False,0,0
E00198,C0040,P0007,F00026,2026-03-01,False,0,0
E00198,C0040,P0007,F00026,2026-04-01,False,0,0
E00199,C0089,P0132,F00512,2025-06-01,False,0,0
E00199,C0089,P0132,F00512,2025-07-01,False,0,0
E00199,C0089,P0132,F00512,2025-08-01,False,0,0
E00199,C0089,P0132,F00512,2025-09-01,False,0,0
E00199,C0089,P0132,F00512,2025-10-01,False,0,0
E00199,C0089,P0132,F00512,2025-11-01,False,0,0
E00199,C0089,P0132,F00512,2025-12-01,False,0,0
E00199,C0089,P0132,F00512,2026-01-01,False,0,0
E00199,C0089,P0132,F00512,2026-02-01,False,0,0
E00199,C0089,P0132,F00513,2025-06-01,False,0,0
E00199,C0089,P0132,F00513,2025-07-01,False,0,0
E00199,C0089,P0132,F00513,2025-08-01,False,0,0
E00199,C0089,P0132,F01531,2025-09-01,True,0,0
E00199,C0089,P0132,F00513,2025-10-01,False,0,0
E00199,C0089,P0132,F00513,2025-11-01,False,0,0
E00199,C0089,P0132,F00513,2025-12-01,False,0,0
E00199,C0089,P0132,F00513,2026-01-01,False,0,0
E00199,C0089,P0132,F00513,2026-02-01,False,0,0
E00199,C0089,P0132,F00514,2025-06-01,False,0,0
E00199,C0089,P0132,F00514,2025-07-01,False,0,0
E00199,C0089,P0132,F00514,2025-08-01,False,0,0
E00199,C0089,P0132,F00514,2025-09-01,False,0,0
E00199,C0089,P0132,F00514,2025-10-01,False,0,0
E00199,C0089,P0132,F00514,2025-11-01,False,0,0
E00199,C0089,P0132,F00514,2025-12-01,False,0,0
E00199,C0089,P0132,F00514,2026-01-01,False,0,0
E00199,C0089,P0132,F00514,2026-02-01,False,0,0
E00199,C0089,P0132,F00670,2025-06-01,True,0,0
E00199,C0089,P0132,F00515,2025-07-01,False,0,0
E00199,C0089,P0132,F00515,2025-08-01,False,0,0
E00199,C0089,P0132,F00515,2025-09-01,False,0,0
E00199,C0089,P0132,F00515,2025-10-01,False,0,0
E00199,C0089,P0132,F00515,2025-11-01,False,0,0
E00199,C0089,P0132,F00515,2025-12-01,False,0,0
E00199,C0089,P0132,F00515,2026-01-01,False,0,0
E00199,C0089,P0132,F00515,2026-02-01,False,0,0
E00199,C0089,P0132,F00516,2025-06-01,False,0,0
E00199,C0089,P0132,F00516,2025-07-01,False,0,0
E00199,C0089,P0132,F00516,2025-08-01,False,0,0
E00199,C0089,P0132,F00516,2025-09-01,False,0,0
E00199,C0089,P0132,F00516,2025-10-01,False,0,0
E00199,C0089,P0132,F00516,2025-11-01,False,0,0
E00199,C0089,P0132,F00516,2025-12-01,False,0,0
E00199,C0089,P0132,F00516,2026-01-01,False,0,0
E00199,C0089,P0132,F00516,2026-02-01,False,0,0
E00200,C0099,P0071,F00276,2025-11-01,False,0,0
E00200,C0099,P0071,F00276,2025-12-01,False,0,0
E00200,C0099,P0071,F00276,2026-01-01,False,0,0
E00200,C0099,P0071,F00276,2026-02-01,False,0,0
E00200,C0099,P0071,F00276,2026-03-01,False,0,0
E00200,C0099,P0071,F00276,2026-04-01,False,0,0
E00200,C0099,P0071,F00276,2026-05-01,False,0,0
E00200,C0099,P0071,F00276,2026-06-01,False,0,0
E00200,C0099,P0071,F00276,2026-07-01,False,0,0
E00200,C0099,P0071,F00276,2026-08-01,False,0,0
E00200,C0099,P0071,F00277,2025-11-01,False,0,0
E00200,C0099,P0071,F00277,2025-12-01,False,0,0
E00200,C0099,P0071,F00277,2026-01-01,False,0,0
E00200,C0099,P0071,F00277,2026-02-01,False,0,0
E00200,C0099,P0071,F00277,2026-03-01,False,0,0
E00200,C0099,P0071,F00277,2026-04-01,False,0,0
E00200,C0099,P0071,F00277,2026-05-01,False,0,0
E00200,C0099,P0071,F00563,2026-06-01,True,0,0
E00200,C0099,P0071,F00277,2026-07-01,False,0,0
E00200,C0099,P0071,F00277,2026-08-01,False,0,0
E00200,C0099,P0071,F00278,2025-11-01,False,0,0
E00200,C0099,P0071,F00278,2025-12-01,False,0,0
E00200,C0099,P0071,F00278,2026-01-01,False,0,0
E00200,C0099,P0071,F00278,2026-02-01,False,0,0
E00200,C0099,P0071,F00278,2026-03-01,False,0,0
E00200,C0099,P0071,F00278,2026-04-01,False,0,0
E00200,C0099,P0071,F00278,2026-05-01,False,0,0
E00200,C0099,P0071,F00278,2026-06-01,False,0,0
E00200,C0099,P0071,F00278,2026-07-01,False,0,0
E00200,C0099,P0071,F00278,2026-08-01,False,0,0
E00200,C0099,P0071,F00279,2025-11-01,False,0,0
E00200,C0099,P0071,F00279,2025-12-01,False,0,0
E00200,C0099,P0071,F00279,2026-01-01,False,0,0
E00200,C0099,P0071,F00279,2026-02-01,False,0,0
E00200,C0099,P0071,F00279,2026-03-01,False,0,0
E00200,C0099,P0071,F00279,2026-04-01,False,0,0
E00200,C0099,P0071,F00279,2026-05-01,False,0,0
E00200,C0099,P0071,F00279,2026-06-01,False,0,0
E00200,C0099,P0071,F00279,2026-07-01,False,0,0
E00200,C0099,P0071,F00279,2026-08-01,False,0,0
E00201,C0027,P0334,F01336,2025-06-01,False,0,0
E00201,C0027,P0334,F01336,2025-07-01,True,281,7
E00201,C0027,P0334,F01336,2025-08-01,True,448,4
E00201,C0027,P0334,F01336,2025-09-01,True,210,38
E00201,C0027,P0334,F01336,2025-10-01,True,46,10
E00201,C0027,P0334,F01336,2025-11-01,True,357,7
E00201,C0027,P0334,F01336,2025-12-01,True,765,12
E00201,C0027,P0334,F01336,2026-01-01,True,1111,2
E00201,C0027,P0334,F01336,2026-02-01,True,497,13
E00201,C0027,P0334,F01336,2026-03-01,True,531,20
E00201,C0027,P0334,F01337,2025-06-01,False,0,0
E00201,C0027,P0334,F01337,2025-07-01,False,0,0
E00201,C0027,P0334,F01337,2025-08-01,False,0,0
E00201,C0027,P0334,F01337,2025-09-01,True,919,35
E00201,C0027,P0334,F01337,2025-10-01,False,0,0
E00201,C0027,P0334,F01337,2025-11-01,True,117,14
E00201,C0027,P0334,F01337,2025-12-01,True,797,10
E00201,C0027,P0334,F01337,2026-01-01,True,158,5
E00201,C0027,P0334,F01337,2026-02-01,True,201,13
E00201,C0027,P0334,F01337,2026-03-01,True,211,11
E00201,C0027,P0334,F01338,2025-06-01,False,0,0
E00201,C0027,P0334,F01338,2025-07-01,False,0,0
E00201,C0027,P0334,F01338,2025-08-01,False,0,0
E00201,C0027,P0334,F01338,2025-09-01,True,86,3
E00201,C0027,P0334,F01338,2025-10-01,True,570,1
E00201,C0027,P0334,F01338,2025-11-01,True,959,13
E00201,C0027,P0334,F01338,2025-12-01,True,105,13
E00201,C0027,P0334,F01338,2026-01-01,True,250,5
E00201,C0027,P0334,F01338,2026-02-01,True,824,15
E00201,C0027,P0334,F01338,2026-03-01,True,218,6
E00202,C0100,P0159,F00622,2025-08-01,True,1154,14
E00202,C0100,P0159,F00647,2025-09-01,True,378,5
E00202,C0100,P0159,F00622,2025-10-01,True,179,38
E00202,C0100,P0159,F00622,2025-11-01,True,591,10
E00202,C0100,P0159,F00622,2025-12-01,True,96,7
E00202,C0100,P0159,F00622,2026-01-01,True,483,22
E00202,C0100,P0159,F01291,2026-02-01,True,399,22
E00202,C0100,P0159,F00622,2026-03-01,True,402,21
E00202,C0100,P0159,F00622,2026-04-01,True,297,21
E00202,C0100,P0159,F00622,2026-05-01,True,248,17
E00202,C0100,P0159,F00622,2026-06-01,True,428,1
E00202,C0100,P0159,F00622,2026-07-01,False,0,0
E00202,C0100,P0159,F00623,2025-08-01,False,0,0
E00202,C0100,P0159,F00623,2025-09-01,False,0,0
E00202,C0100,P0159,F00623,2025-10-01,False,0,0
E00202,C0100,P0159,F00623,2025-11-01,False,0,0
E00202,C0100,P0159,F00623,2025-12-01,False,0,0
E00202,C0100,P0159,F00623,2026-01-01,True,193,47
E00202,C0100,P0159,F00623,2026-02-01,True,532,7
E00202,C0100,P0159,F00623,2026-03-01,True,94,11
E00202,C0100,P0159,F00623,2026-04-01,False,0,0
E00202,C0100,P0159,F00623,2026-05-01,True,526,7
E00202,C0100,P0159,F00623,2026-06-01,True,448,23
E00202,C0100,P0159,F00623,2026-07-01,True,165,7
E00202,C0100,P0159,F00624,2025-08-01,False,0,0
E00202,C0100,P0159,F00624,2025-09-01,False,0,0
E00202,C0100,P0159,F00624,2025-10-01,False,0,0
E00202,C0100,P0159,F00624,2025-11-01,False,0,0
E00202,C0100,P0159,F00624,2025-12-01,False,0,0
E00202,C0100,P0159,F00624,2026-01-01,False,0,0
E00202,C0100,P0159,F00624,2026-02-01,False,0,0
E00202,C0100,P0159,F00624,2026-03-01,False,0,0
E00202,C0100,P0159,F00624,2026-04-01,False,0,0
E00202,C0100,P0159,F00624,2026-05-01,False,0,0
E00202,C0100,P0159,F00624,2026-06-01,False,0,0
E00202,C0100,P0159,F00624,2026-07-01,False,0,0
E00203,C0038,P0260,F01036,2025-06-01,True,73,24
E00203,C0038,P0260,F01036,2025-07-01,True,267,30
E00203,C0038,P0260,F01036,2025-08-01,True,22,13
E00203,C0038,P0260,F01036,2025-09-01,True,560,15
E00203,C0038,P0260,F01036,2025-10-01,True,673,12
E00203,C0038,P0260,F01036,2025-11-01,True,410,3
E00203,C0038,P0260,F01037,2025-06-01,False,0,0
E00203,C0038,P0260,F01037,2025-07-01,False,0,0
E00203,C0038,P0260,F01037,2025-08-01,False,0,0
E00203,C0038,P0260,F01037,2025-09-01,False,0,0
E00203,C0038,P0260,F01037,2025-10-01,False,0,0
E00203,C0038,P0260,F01037,2025-11-01,False,0,0
E00203,C0038,P0260,F01038,2025-06-01,False,0,0
E00203,C0038,P0260,F01038,2025-07-01,False,0,0
E00203,C0038,P0260,F01038,2025-08-01,False,0,0
E00203,C0038,P0260,F01038,2025-09-01,False,0,0
E00203,C0038,P0260,F01038,2025-10-01,False,0,0
E00203,C0038,P0260,F01038,2025-11-01,True,333,12
E00204,C0044,P0104,F00401,2025-06-01,True,198,5
E00204,C0044,P0104,F00401,2025-07-01,True,528,18
E00204,C0044,P0104,F00401,2025-08-01,True,185,9
E00204,C0044,P0104,F00402,2025-06-01,False,0,0
E00204,C0044,P0104,F00402,2025-07-01,False,0,0
E00204,C0044,P0104,F00402,2025-08-01,False,0,0
E00204,C0044,P0104,F00403,2025-06-01,False,0,0
E00204,C0044,P0104,F00403,2025-07-01,False,0,0
E00204,C0044,P0104,F00403,2025-08-01,False,0,0
E00204,C0044,P0104,F00404,2025-06-01,False,0,0
E00204,C0044,P0104,F00404,2025-07-01,False,0,0
E00204,C0044,P0104,F00404,2025-08-01,False,0,0
E00205,C0037,P0240,F00947,2025-10-01,True,474,6
E00205,C0037,P0240,F00947,2025-11-01,True,361,12
E00205,C0037,P0240,F00947,2025-12-01,True,1211,9
E00205,C0037,P0240,F00947,2026-01-01,True,62,3
E00205,C0037,P0240,F01703,2026-02-01,True,200,8
E00205,C0037,P0240,F00947,2026-03-01,True,795,9
E00205,C0037,P0240,F00947,2026-04-01,True,535,26
E00205,C0037,P0240,F00947,2026-05-01,True,610,8
E00205,C0037,P0240,F00947,2026-06-01,True,335,10
E00205,C0037,P0240,F00947,2026-07-01,True,976,21
E00205,C0037,P0240,F00947,2026-08-01,False,0,0
E00205,C0037,P0240,F00948,2025-10-01,False,0,0
E00205,C0037,P0240,F00188,2025-11-01,True,0,0
E00205,C0037,P0240,F00948,2025-12-01,False,0,0
E00205,C0037,P0240,F00948,2026-01-01,False,0,0
E00205,C0037,P0240,F00948,2026-02-01,False,0,0
E00205,C0037,P0240,F00948,2026-03-01,False,0,0
E00205,C0037,P0240,F00948,2026-04-01,False,0,0
E00205,C0037,P0240,F00948,2026-05-01,False,0,0
E00205,C0037,P0240,F00134,2026-06-01,True,0,0
E00205,C0037,P0240,F00948,2026-07-01,False,0,0
E00205,C0037,P0240,F00948,2026-08-01,False,0,0
E00205,C0037,P0240,F00949,2025-10-01,False,0,0
E00205,C0037,P0240,F00949,2025-11-01,False,0,0
E00205,C0037,P0240,F00949,2025-12-01,False,0,0
E00205,C0037,P0240,F00949,2026-01-01,False,0,0
E00205,C0037,P0240,F00949,2026-02-01,False,0,0
E00205,C0037,P0240,F00949,2026-03-01,False,0,0
E00205,C0037,P0240,F00949,2026-04-01,False,0,0
E00205,C0037,P0240,F00949,2026-05-01,False,0,0
E00205,C0037,P0240,F00949,2026-06-01,False,0,0
E00205,C0037,P0240,F00949,2026-07-01,False,0,0
E00205,C0037,P0240,F00949,2026-08-01,False,0,0
E00205,C0037,P0240,F00950,2025-10-01,False,0,0
E00205,C0037,P0240,F00950,2025-11-01,False,0,0
E00205,C0037,P0240,F00950,2025-12-01,False,0,0
E00205,C0037,P0240,F00950,2026-01-01,False,0,0
E00205,C0037,P0240,F00950,2026-02-01,True,717,14
E00205,C0037,P0240,F00950,2026-03-01,True,431,9
E00205,C0037,P0240,F00950,2026-04-01,True,121,17
E00205,C0037,P0240,F00950,2026-05-01,True,232,19
E00205,C0037,P0240,F00950,2026-06-01,True,47,4
E00205,C0037,P0240,F00950,2026-07-01,True,730,27
E00205,C0037,P0240,F00950,2026-08-01,False,0,0
E00205,C0037,P0240,F00951,2025-10-01,False,0,0
E00205,C0037,P0240,F00951,2025-11-01,False,0,0
E00205,C0037,P0240,F00951,2025-12-01,False,0,0
E00205,C0037,P0240,F00951,2026-01-01,False,0,0
E00205,C0037,P0240,F00951,2026-02-01,True,662,5
E00205,C0037,P0240,F00951,2026-03-01,False,0,0
E00205,C0037,P0240,F00951,2026-04-01,False,0,0
E00205,C0037,P0240,F00951,2026-05-01,True,771,5
E00205,C0037,P0240,F00951,2026-06-01,True,777,4
E00205,C0037,P0240,F00951,2026-07-01,True,257,1
E00205,C0037,P0240,F00951,2026-08-01,True,143,17
E00206,C0013,P0215,F00848,2025-09-01,True,1284,23
E00206,C0013,P0215,F00848,2025-10-01,True,644,3
E00206,C0013,P0215,F00848,2025-11-01,True,260,30
E00206,C0013,P0215,F00848,2025-12-01,True,381,4
E00206,C0013,P0215,F00848,2026-01-01,True,259,1
E00206,C0013,P0215,F00848,2026-02-01,True,693,3
E00206,C0013,P0215,F00848,2026-03-01,True,367,4
E00206,C0013,P0215,F00848,2026-04-01,True,421,19
E00206,C0013,P0215,F00848,2026-05-01,True,234,25
E00206,C0013,P0215,F00848,2026-06-01,True,618,15
E00206,C0013,P0215,F00848,2026-07-01,True,887,12
E00206,C0013,P0215,F00848,2026-08-01,False,0,0
E00206,C0013,P0215,F00849,2025-09-01,False,0,0
E00206,C0013,P0215,F00849,2025-10-01,False,0,0
E00206,C0013,P0215,F00849,2025-11-01,False,0,0
E00206,C0013,P0215,F00849,2025-12-01,False,0,0
E00206,C0013,P0215,F00849,2026-01-01,False,0,0
E00206,C0013,P0215,F00849,2026-02-01,False,0,0
E00206,C0013,P0215,F00849,2026-03-01,False,0,0
E00206,C0013,P0215,F00849,2026-04-01,False,0,0
E00206,C0013,P0215,F00849,2026-05-01,False,0,0
E00206,C0013,P0215,F00849,2026-06-01,False,0,0
E00206,C0013,P0215,F00849,2026-07-01,False,0,0
E00206,C0013,P0215,F00849,2026-08-01,False,0,0
E00206,C0013,P0215,F00850,2025-09-01,False,0,0
E00206,C0013,P0215,F00850,2025-10-01,False,0,0
E00206,C0013,P0215,F00850,2025-11-01,False,0,0
E00206,C0013,P0215,F00850,2025-12-01,False,0,0
E00206,C0013,P0215,F00850,2026-01-01,False,0,0
E00206,C0013,P0215,F00850,2026-02-01,False,0,0
E00206,C0013,P0215,F00850,2026-03-01,False,0,0
E00206,C0013,P0215,F00850,2026-04-01,False,0,0
E00206,C0013,P0215,F00850,2026-05-01,False,0,0
E00206,C0013,P0215,F00850,2026-06-01,False,0,0
E00206,C0013,P0215,F00850,2026-07-01,False,0,0
E00206,C0013,P0215,F00850,2026-08-01,False,0,0
E00207,C0066,P0472,F01893,2025-07-01,True,274,14
E00207,C0066,P0472,F01893,2025-08-01,True,119,20
E00207,C0066,P0472,F01893,2025-09-01,True,713,9
E00207,C0066,P0472,F01893,2025-10-01,True,220,12
E00207,C0066,P0472,F01893,2025-11-01,True,101,8
E00207,C0066,P0472,F01893,2025-12-01,True,856,4
E00207,C0066,P0472,F01893,2026-01-01,True,936,14
E00207,C0066,P0472,F01893,2026-02-01,True,561,7
E00207,C0066,P0472,F01893,2026-03-01,True,167,9
E00207,C0066,P0472,F01893,2026-04-01,True,1125,6
E00207,C0066,P0472,F01893,2026-05-01,True,28,11
E00207,C0066,P0472,F01893,2026-06-01,True,818,12
E00207,C0066,P0472,F01894,2025-07-01,False,0,0
E00207,C0066,P0472,F01894,2025-08-01,False,0,0
E00207,C0066,P0472,F01894,2025-09-01,False,0,0
E00207,C0066,P0472,F01894,2025-10-01,False,0,0
E00207,C0066,P0472,F01894,2025-11-01,False,0,0
E00207,C0066,P0472,F01894,2025-12-01,False,0,0
E00207,C0066,P0472,F01894,2026-01-01,False,0,0
E00207,C0066,P0472,F01894,2026-02-01,False,0,0
E00207,C0066,P0472,F01894,2026-03-01,False,0,0
E00207,C0066,P0472,F01894,2026-04-01,False,0,0
E00207,C0066,P0472,F01894,2026-05-01,False,0,0
E00207,C0066,P0472,F01894,2026-06-01,False,0,0
E00207,C0066,P0472,F01895,2025-07-01,False,0,0
E00207,C0066,P0472,F01895,2025-08-01,False,0,0
E00207,C0066,P0472,F01895,2025-09-01,False,0,0
E00207,C0066,P0472,F01895,2025-10-01,False,0,0
E00207,C0066,P0472,F01895,2025-11-01,False,0,0
E00207,C0066,P0472,F01895,2025-12-01,False,0,0
E00207,C0066,P0472,F01895,2026-01-01,False,0,0
E00207,C0066,P0472,F01895,2026-02-01,False,0,0
E00207,C0066,P0472,F01895,2026-03-01,False,0,0
E00207,C0066,P0472,F01895,2026-04-01,False,0,0
E00207,C0066,P0472,F01895,2026-05-01,False,0,0
E00207,C0066,P0472,F01895,2026-06-01,False,0,0
E00207,C0066,P0472,F01896,2025-07-01,False,0,0
E00207,C0066,P0472,F01896,2025-08-01,False,0,0
E00207,C0066,P0472,F01896,2025-09-01,False,0,0
E00207,C0066,P0472,F01896,2025-10-01,False,0,0
E00207,C0066,P0472,F01896,2025-11-01,False,0,0
E00207,C0066,P0472,F01896,2025-12-01,False,0,0
E00207,C0066,P0472,F01896,2026-01-01,False,0,0
E00207,C0066,P0472,F01896,2026-02-01,False,0,0
E00207,C0066,P0472,F01896,2026-03-01,False,0,0
E00207,C0066,P0472,F01896,2026-04-01,False,0,0
E00207,C0066,P0472,F01896,2026-05-01,False,0,0
E00207,C0066,P0472,F01896,2026-06-01,False,0,0
E00208,C0002,P0110,F00424,2025-11-01,False,0,0
E00208,C0002,P0110,F00424,2025-12-01,True,1176,17
E00208,C0002,P0110,F00424,2026-01-01,True,443,8
E00208,C0002,P0110,F00424,2026-02-01,True,539,3
E00208,C0002,P0110,F00424,2026-03-01,True,1126,19
E00208,C0002,P0110,F00424,2026-04-01,True,665,10
E00208,C0002,P0110,F00424,2026-05-01,True,918,9
E00208,C0002,P0110,F00424,2026-06-01,True,236,11
E00208,C0002,P0110,F00424,2026-07-01,True,684,6
E00208,C0002,P0110,F00424,2026-08-01,True,173,5
E00208,C0002,P0110,F00425,2025-11-01,False,0,0
E00208,C0002,P0110,F00425,2025-12-01,False,0,0
E00208,C0002,P0110,F00425,2026-01-01,True,251,20
E00208,C0002,P0110,F00425,2026-02-01,True,422,4
E00208,C0002,P0110,F00425,2026-03-01,True,1560,3
E00208,C0002,P0110,F00425,2026-04-01,True,252,5
E00208,C0002,P0110,F00425,2026-05-01,True,207,11
E00208,C0002,P0110,F00425,2026-06-01,True,309,6
E00208,C0002,P0110,F00425,2026-07-01,True,467,15
E00208,C0002,P0110,F00425,2026-08-01,False,0,0
E00208,C0002,P0110,F00426,2025-11-01,False,0,0
E00208,C0002,P0110,F00426,2025-12-01,False,0,0
E00208,C0002,P0110,F00426,2026-01-01,False,0,0
E00208,C0002,P0110,F00426,2026-02-01,False,0,0
E00208,C0002,P0110,F00426,2026-03-01,False,0,0
E00208,C0002,P0110,F00426,2026-04-01,False,0,0
E00208,C0002,P0110,F00426,2026-05-01,True,590,11
E00208,C0002,P0110,F00426,2026-06-01,True,504,16
E00208,C0002,P0110,F00426,2026-07-01,True,210,37
E00208,C0002,P0110,F00426,2026-08-01,False,0,0
E00208,C0002,P0110,F00427,2025-11-01,False,0,0
E00208,C0002,P0110,F00427,2025-12-01,False,0,0
E00208,C0002,P0110,F00427,2026-01-01,False,0,0
E00208,C0002,P0110,F00427,2026-02-01,False,0,0
E00208,C0002,P0110,F01261,2026-03-01,True,0,0
E00208,C0002,P0110,F00427,2026-04-01,False,0,0
E00208,C0002,P0110,F00427,2026-05-01,True,1099,19
E00208,C0002,P0110,F00427,2026-06-01,True,276,2
E00208,C0002,P0110,F00427,2026-07-01,True,63,9
E00208,C0002,P0110,F00427,2026-08-01,False,0,0
E00208,C0002,P0110,F00428,2025-11-01,False,0,0
E00208,C0002,P0110,F00428,2025-12-01,True,1104,9
E00208,C0002,P0110,F00428,2026-01-01,True,159,5
E00208,C0002,P0110,F00428,2026-02-01,True,1089,9
E00208,C0002,P0110,F00428,2026-03-01,False,0,0
E00208,C0002,P0110,F00428,2026-04-01,True,1045,5
E00208,C0002,P0110,F00428,2026-05-01,True,176,7
E00208,C0002,P0110,F00428,2026-06-01,True,530,18
E00208,C0002,P0110,F00428,2026-07-01,True,196,6
E00208,C0002,P0110,F00428,2026-08-01,True,89,3
E00209,C0057,P0095,F00368,2025-06-01,False,0,0
E00209,C0057,P0095,F00368,2025-07-01,True,162,27
E00209,C0057,P0095,F00368,2025-08-01,True,160,11
E00209,C0057,P0095,F00368,2025-09-01,True,272,5
E00209,C0057,P0095,F00368,2025-10-01,True,569,7
E00209,C0057,P0095,F00368,2025-11-01,True,702,20
E00209,C0057,P0095,F00368,2025-12-01,True,232,18
E00209,C0057,P0095,F00368,2026-01-01,True,635,8
E00209,C0057,P0095,F00368,2026-02-01,True,257,13
E00209,C0057,P0095,F00368,2026-03-01,True,1257,23
E00209,C0057,P0095,F00368,2026-04-01,True,386,2
E00209,C0057,P0095,F00369,2025-06-01,False,0,0
E00209,C0057,P0095,F00369,2025-07-01,False,0,0
E00209,C0057,P0095,F00010,2025-08-01,True,0,0
E00209,C0057,P0095,F00369,2025-09-01,False,0,0
E00209,C0057,P0095,F00369,2025-10-01,False,0,0
E00209,C0057,P0095,F00055,2025-11-01,True,0,0
E00209,C0057,P0095,F00369,2025-12-01,False,0,0
E00209,C0057,P0095,F00369,2026-01-01,False,0,0
E00209,C0057,P0095,F00369,2026-02-01,False,0,0
E00209,C0057,P0095,F00369,2026-03-01,False,0,0
E00209,C0057,P0095,F00369,2026-04-01,False,0,0
E00209,C0057,P0095,F00370,2025-06-01,False,0,0
E00209,C0057,P0095,F00370,2025-07-01,False,0,0
E00209,C0057,P0095,F00370,2025-08-01,False,0,0
E00209,C0057,P0095,F00370,2025-09-01,False,0,0
E00209,C0057,P0095,F00370,2025-10-01,False,0,0
E00209,C0057,P0095,F00370,2025-11-01,False,0,0
E00209,C0057,P0095,F00370,2025-12-01,False,0,0
E00209,C0057,P0095,F00370,2026-01-01,True,356,2
E00209,C0057,P0095,F01365,2026-02-01,True,74,5
E00209,C0057,P0095,F00370,2026-03-01,True,394,6
E00209,C0057,P0095,F00370,2026-04-01,True,868,10
E00210,C0058,P0059,F00228,2025-06-01,False,0,0
E00210,C0058,P0059,F00228,2025-07-01,True,210,17
E00210,C0058,P0059,F00228,2025-08-01,False,0,0
E00210,C0058,P0059,F00228,2025-09-01,True,190,11
E00210,C0058,P0059,F00228,2025-10-01,True,21,6
E00210,C0058,P0059,F00228,2025-11-01,True,830,14
E00210,C0058,P0059,F00228,2025-12-01,True,436,16
E00210,C0058,P0059,F00229,2025-06-01,True,835,10
E00210,C0058,P0059,F00229,2025-07-01,True,232,18
E00210,C0058,P0059,F00229,2025-08-01,True,308,7
E00210,C0058,P0059,F00229,2025-09-01,True,277,14
E00210,C0058,P0059,F00229,2025-10-01,True,57,15
E00210,C0058,P0059,F00229,2025-11-01,True,130,6
E00210,C0058,P0059,F00229,2025-12-01,True,101,17
E00210,C0058,P0059,F00230,2025-06-01,False,0,0
E00210,C0058,P0059,F00230,2025-07-01,False,0,0
E00210,C0058,P0059,F00230,2025-08-01,False,0,0
E00210,C0058,P0059,F00230,2025-09-01,False,0,0
E00210,C0058,P0059,F00230,2025-10-01,False,0,0
E00210,C0058,P0059,F00230,2025-11-01,True,437,4
E00210,C0058,P0059,F00230,2025-12-01,True,656,3
E00210,C0058,P0059,F00231,2025-06-01,False,0,0
E00210,C0058,P0059,F00231,2025-07-01,False,0,0
E00210,C0058,P0059,F00231,2025-08-01,False,0,0
E00210,C0058,P0059,F00231,2025-09-01,False,0,0
E00210,C0058,P0059,F00231,2025-10-01,False,0,0
E00210,C0058,P0059,F00231,2025-11-01,False,0,0
E00210,C0058,P0059,F00231,2025-12-01,False,0,0
E00211,C0088,P0016,F00056,2025-06-01,False,0,0
E00211,C0088,P0016,F00056,2025-07-01,True,263,3
E00211,C0088,P0016,F00056,2025-08-01,True,314,7
E00211,C0088,P0016,F00056,2025-09-01,True,118,10
E00211,C0088,P0016,F00056,2025-10-01,True,140,1
E00211,C0088,P0016,F00056,2025-11-01,True,73,8
E00211,C0088,P0016,F00056,2025-12-01,True,291,5
E00211,C0088,P0016,F00056,2026-01-01,True,942,13
E00211,C0088,P0016,F00056,2026-02-01,True,488,5
E00211,C0088,P0016,F00057,2025-06-01,False,0,0
E00211,C0088,P0016,F00057,2025-07-01,False,0,0
E00211,C0088,P0016,F00057,2025-08-01,True,141,12
E00211,C0088,P0016,F00057,2025-09-01,True,287,13
E00211,C0088,P0016,F00057,2025-10-01,True,284,17
E00211,C0088,P0016,F00057,2025-11-01,True,364,9
E00211,C0088,P0016,F00057,2025-12-01,True,517,29
E00211,C0088,P0016,F00057,2026-01-01,True,580,4
E00211,C0088,P0016,F00057,2026-02-01,True,307,9
E00211,C0088,P0016,F00058,2025-06-01,False,0,0
E00211,C0088,P0016,F00058,2025-07-01,False,0,0
E00211,C0088,P0016,F00058,2025-08-01,False,0,0
E00211,C0088,P0016,F00058,2025-09-01,False,0,0
E00211,C0088,P0016,F00058,2025-10-01,False,0,0
E00211,C0088,P0016,F00058,2025-11-01,False,0,0
E00211,C0088,P0016,F00058,2025-12-01,False,0,0
E00211,C0088,P0016,F00058,2026-01-01,False,0,0
E00211,C0088,P0016,F00058,2026-02-01,False,0,0
E00211,C0088,P0016,F00059,2025-06-01,False,0,0
E00211,C0088,P0016,F00059,2025-07-01,False,0,0
E00211,C0088,P0016,F00059,2025-08-01,False,0,0
E00211,C0088,P0016,F00059,2025-09-01,False,0,0
E00211,C0088,P0016,F00059,2025-10-01,False,0,0
E00211,C0088,P0016,F00059,2025-11-01,True,453,8
E00211,C0088,P0016,F00059,2025-12-01,True,356,11
E00211,C0088,P0016,F00059,2026-01-01,True,435,3
E00211,C0088,P0016,F00059,2026-02-01,True,125,34
E00211,C0088,P0016,F00060,2025-06-01,False,0,0
E00211,C0088,P0016,F00060,2025-07-01,False,0,0
E00211,C0088,P0016,F00060,2025-08-01,False,0,0
E00211,C0088,P0016,F00060,2025-09-01,False,0,0
E00211,C0088,P0016,F00060,2025-10-01,False,0,0
E00211,C0088,P0016,F00060,2025-11-01,False,0,0
E00211,C0088,P0016,F00060,2025-12-01,True,42,11
E00211,C0088,P0016,F00060,2026-01-01,True,580,5
E00211,C0088,P0016,F00060,2026-02-01,True,811,11
E00212,C0028,P0369,F01475,2025-06-01,True,1053,5
E00212,C0028,P0369,F01475,2025-07-01,True,310,7
E00212,C0028,P0369,F01475,2025-08-01,True,212,7
E00212,C0028,P0369,F01475,2025-09-01,True,274,8
E00212,C0028,P0369,F01475,2025-10-01,True,628,17
E00212,C0028,P0369,F01475,2025-11-01,True,80,7
E00212,C0028,P0369,F01475,2025-12-01,True,470,12
E00212,C0028,P0369,F01475,2026-01-01,True,297,10
E00212,C0028,P0369,F01476,2025-06-01,False,0,0
E00212,C0028,P0369,F01476,2025-07-01,False,0,0
E00212,C0028,P0369,F01476,2025-08-01,False,0,0
E00212,C0028,P0369,F01476,2025-09-01,False,0,0
E00212,C0028,P0369,F01476,2025-10-01,False,0,0
E00212,C0028,P0369,F01476,2025-11-01,False,0,0
E00212,C0028,P0369,F01476,2025-12-01,False,0,0
E00212,C0028,P0369,F01476,2026-01-01,False,0,0
E00212,C0028,P0369,F01477,2025-06-01,False,0,0
E00212,C0028,P0369,F01477,2025-07-01,False,0,0
E00212,C0028,P0369,F01477,2025-08-01,False,0,0
E00212,C0028,P0369,F01477,2025-09-01,False,0,0
E00212,C0028,P0369,F01477,2025-10-01,False,0,0
E00212,C0028,P0369,F01477,2025-11-01,False,0,0
E00212,C0028,P0369,F01477,2025-12-01,False,0,0
E00212,C0028,P0369,F01477,2026-01-01,False,0,0
E00212,C0028,P0369,F01478,2025-06-01,False,0,0
E00212,C0028,P0369,F01478,2025-07-01,False,0,0
E00212,C0028,P0369,F01478,2025-08-01,False,0,0
E00212,C0028,P0369,F01478,2025-09-01,False,0,0
E00212,C0028,P0369,F01478,2025-10-01,False,0,0
E00212,C0028,P0369,F00322,2025-11-01,True,0,0
E00212,C0028,P0369,F01478,2025-12-01,False,0,0
E00212,C0028,P0369,F00965,2026-01-01,True,0,0
E00212,C0028,P0369,F01479,2025-06-01,False,0,0
E00212,C0028,P0369,F01479,2025-07-01,False,0,0
E00212,C0028,P0369,F01479,2025-08-01,False,0,0
E00212,C0028,P0369,F01479,2025-09-01,False,0,0
E00212,C0028,P0369,F01479,2025-10-01,False,0,0
E00212,C0028,P0369,F01479,2025-11-01,False,0,0
E00212,C0028,P0369,F01479,2025-12-01,False,0,0
E00212,C0028,P0369,F01479,2026-01-01,False,0,0
E00213,C0053,P0012,F00041,2025-08-01,True,263,19
E00213,C0053,P0012,F00041,2025-09-01,True,617,8
E00213,C0053,P0012,F00041,2025-10-01,True,341,8
E00213,C0053,P0012,F00041,2025-11-01,False,0,0
E00213,C0053,P0012,F00041,2025-12-01,False,0,0
E00213,C0053,P0012,F00041,2026-01-01,False,0,0
E00213,C0053,P0012,F00041,2026-02-01,False,0,0
E00213,C0053,P0012,F00041,2026-03-01,False,0,0
E00213,C0053,P0012,F00041,2026-04-01,False,0,0
E00213,C0053,P0012,F00041,2026-05-01,False,0,0
E00213,C0053,P0012,F00041,2026-06-01,False,0,0
E00213,C0053,P0012,F00041,2026-07-01,False,0,0
E00213,C0053,P0012,F00042,2025-08-01,False,0,0
E00213,C0053,P0012,F00042,2025-09-01,False,0,0
E00213,C0053,P0012,F00042,2025-10-01,False,0,0
E00213,C0053,P0012,F00042,2025-11-01,False,0,0
E00213,C0053,P0012,F00042,2025-12-01,False,0,0
E00213,C0053,P0012,F00042,2026-01-01,False,0,0
E00213,C0053,P0012,F00042,2026-02-01,False,0,0
E00213,C0053,P0012,F00042,2026-03-01,False,0,0
E00213,C0053,P0012,F00042,2026-04-01,False,0,0
E00213,C0053,P0012,F00042,2026-05-01,False,0,0
E00213,C0053,P0012,F00042,2026-06-01,False,0,0
E00213,C0053,P0012,F00042,2026-07-01,False,0,0
E00213,C0053,P0012,F00043,2025-08-01,False,0,0
E00213,C0053,P0012,F00043,2025-09-01,False,0,0
E00213,C0053,P0012,F00043,2025-10-01,False,0,0
E00213,C0053,P0012,F00043,2025-11-01,False,0,0
E00213,C0053,P0012,F00043,2025-12-01,False,0,0
E00213,C0053,P0012,F00043,2026-01-01,False,0,0
E00213,C0053,P0012,F00043,2026-02-01,False,0,0
E00213,C0053,P0012,F00043,2026-03-01,False,0,0
E00213,C0053,P0012,F00043,2026-04-01,False,0,0
E00213,C0053,P0012,F00043,2026-05-01,False,0,0
E00213,C0053,P0012,F00043,2026-06-01,False,0,0
E00213,C0053,P0012,F00043,2026-07-01,False,0,0
E00213,C0053,P0012,F00044,2025-08-01,False,0,0
E00213,C0053,P0012,F00044,2025-09-01,False,0,0
E00213,C0053,P0012,F00044,2025-10-01,False,0,0
E00213,C0053,P0012,F00044,2025-11-01,False,0,0
E00213,C0053,P0012,F00044,2025-12-01,False,0,0
E00213,C0053,P0012,F00044,2026-01-01,False,0,0
E00213,C0053,P0012,F00044,2026-02-01,False,0,0
E00213,C0053,P0012,F00044,2026-03-01,False,0,0
E00213,C0053,P0012,F00044,2026-04-01,False,0,0
E00213,C0053,P0012,F00044,2026-05-01,False,0,0
E00213,C0053,P0012,F00044,2026-06-01,False,0,0
E00213,C0053,P0012,F00044,2026-07-01,False,0,0
E00214,C0009,P0071,F00276,2025-06-01,True,319,21
E00214,C0009,P0071,F00276,2025-07-01,True,257,6
E00214,C0009,P0071,F00276,2025-08-01,True,340,8
E00214,C0009,P0071,F00276,2025-09-01,True,187,16
E00214,C0009,P0071,F00276,2025-10-01,True,605,11
E00214,C0009,P0071,F00276,2025-11-01,True,204,19
E00214,C0009,P0071,F00276,2025-12-01,True,119,9
E00214,C0009,P0071,F00277,2025-06-01,False,0,0
E00214,C0009,P0071,F00277,2025-07-01,False,0,0
E00214,C0009,P0071,F00277,2025-08-01,False,0,0
E00214,C0009,P0071,F00277,2025-09-01,False,0,0
E00214,C0009,P0071,F00277,2025-10-01,False,0,0
E00214,C0009,P0071,F00277,2025-11-01,False,0,0
E00214,C0009,P0071,F00277,2025-12-01,False,0,0
E00214,C0009,P0071,F00278,2025-06-01,True,1217,11
E00214,C0009,P0071,F00278,2025-07-01,True,270,14
E00214,C0009,P0071,F00278,2025-08-01,True,488,22
E00214,C0009,P0071,F00278,2025-09-01,True,176,14
E00214,C0009,P0071,F00278,2025-10-01,True,339,11
E00214,C0009,P0071,F00278,2025-11-01,True,330,9
E00214,C0009,P0071,F00278,2025-12-01,True,82,7
E00214,C0009,P0071,F00279,2025-06-01,False,0,0
E00214,C0009,P0071,F00279,2025-07-01,False,0,0
E00214,C0009,P0071,F00279,2025-08-01,False,0,0
E00214,C0009,P0071,F00279,2025-09-01,False,0,0
E00214,C0009,P0071,F00279,2025-10-01,False,0,0
E00214,C0009,P0071,F00279,2025-11-01,False,0,0
E00214,C0009,P0071,F00279,2025-12-01,False,0,0
E00215,C0027,P0157,F00613,2025-06-01,False,0,0
E00215,C0027,P0157,F00613,2025-07-01,True,332,13
E00215,C0027,P0157,F00613,2025-08-01,True,374,10
E00215,C0027,P0157,F00613,2025-09-01,True,531,25
E00215,C0027,P0157,F00613,2025-10-01,True,298,5
E00215,C0027,P0157,F00613,2025-11-01,True,664,14
E00215,C0027,P0157,F00613,2025-12-01,True,281,19
E00215,C0027,P0157,F00614,2025-06-01,False,0,0
E00215,C0027,P0157,F00614,2025-07-01,False,0,0
E00215,C0027,P0157,F00614,2025-08-01,False,0,0
E00215,C0027,P0157,F00614,2025-09-01,False,0,0
E00215,C0027,P0157,F00614,2025-10-01,False,0,0
E00215,C0027,P0157,F00614,2025-11-01,True,168,9
E00215,C0027,P0157,F00955,2025-12-01,True,273,20
E00215,C0027,P0157,F00615,2025-06-01,False,0,0
E00215,C0027,P0157,F00615,2025-07-01,False,0,0
E00215,C0027,P0157,F00615,2025-08-01,False,0,0
E00215,C0027,P0157,F00615,2025-09-01,False,0,0
E00215,C0027,P0157,F01109,2025-10-01,True,0,0
E00215,C0027,P0157,F00615,2025-11-01,False,0,0
E00215,C0027,P0157,F00615,2025-12-01,False,0,0
E00215,C0027,P0157,F00616,2025-06-01,True,433,4
E00215,C0027,P0157,F00616,2025-07-01,True,1478,15
E00215,C0027,P0157,F00616,2025-08-01,True,202,24
E00215,C0027,P0157,F00616,2025-09-01,True,351,9
E00215,C0027,P0157,F00616,2025-10-01,True,329,10
E00215,C0027,P0157,F00616,2025-11-01,True,339,9
E00215,C0027,P0157,F00616,2025-12-01,True,230,6
E00215,C0027,P0157,F00617,2025-06-01,False,0,0
E00215,C0027,P0157,F00617,2025-07-01,False,0,0
E00215,C0027,P0157,F00617,2025-08-01,False,0,0
E00215,C0027,P0157,F00617,2025-09-01,False,0,0
E00215,C0027,P0157,F00617,2025-10-01,False,0,0
E00215,C0027,P0157,F00617,2025-11-01,False,0,0
E00215,C0027,P0157,F00617,2025-12-01,False,0,0
E00216,C0027,P0410,F01639,2025-06-01,False,0,0
E00216,C0027,P0410,F01639,2025-07-01,True,395,6
E00216,C0027,P0410,F01639,2025-08-01,False,0,0
E00216,C0027,P0410,F01639,2025-09-01,True,443,23
E00216,C0027,P0410,F01639,2025-10-01,True,347,12
E00216,C0027,P0410,F01639,2025-11-01,True,702,9
E00216,C0027,P0410,F01639,2025-12-01,True,219,1
E00216,C0027,P0410,F01639,2026-01-01,True,382,7
E00216,C0027,P0410,F01639,2026-02-01,True,280,2
E00216,C0027,P0410,F01639,2026-03-01,True,279,4
E00216,C0027,P0410,F01639,2026-04-01,True,109,5
E00216,C0027,P0410,F01640,2025-06-01,False,0,0
E00216,C0027,P0410,F01640,2025-07-01,False,0,0
E00216,C0027,P0410,F01640,2025-08-01,False,0,0
E00216,C0027,P0410,F01640,2025-09-01,False,0,0
E00216,C0027,P0410,F01640,2025-10-01,False,0,0
E00216,C0027,P0410,F01640,2025-11-01,False,0,0
E00216,C0027,P0410,F01071,2025-12-01,True,0,0
E00216,C0027,P0410,F01640,2026-01-01,False,0,0
E00216,C0027,P0410,F01640,2026-02-01,False,0,0
E00216,C0027,P0410,F01640,2026-03-01,False,0,0
E00216,C0027,P0410,F01640,2026-04-01,False,0,0
E00216,C0027,P0410,F01641,2025-06-01,False,0,0
E00216,C0027,P0410,F01641,2025-07-01,False,0,0
E00216,C0027,P0410,F01641,2025-08-01,False,0,0
E00216,C0027,P0410,F01641,2025-09-01,False,0,0
E00216,C0027,P0410,F01641,2025-10-01,False,0,0
E00216,C0027,P0410,F01641,2025-11-01,False,0,0
E00216,C0027,P0410,F01641,2025-12-01,False,0,0
E00216,C0027,P0410,F01641,2026-01-01,False,0,0
E00216,C0027,P0410,F01641,2026-02-01,False,0,0
E00216,C0027,P0410,F01641,2026-03-01,False,0,0
E00216,C0027,P0410,F01641,2026-04-01,False,0,0
E00216,C0027,P0410,F01642,2025-06-01,False,0,0
E00216,C0027,P0410,F01642,2025-07-01,False,0,0
E00216,C0027,P0410,F01642,2025-08-01,False,0,0
E00216,C0027,P0410,F01642,2025-09-01,False,0,0
E00216,C0027,P0410,F01642,2025-10-01,True,133,18
E00216,C0027,P0410,F01642,2025-11-01,True,728,11
E00216,C0027,P0410,F01642,2025-12-01,True,1037,8
E00216,C0027,P0410,F01642,2026-01-01,True,167,10
E00216,C0027,P0410,F01642,2026-02-01,True,151,10
E00216,C0027,P0410,F01642,2026-03-01,True,541,5
E00216,C0027,P0410,F01642,2026-04-01,True,904,35
E00216,C0027,P0410,F01643,2025-06-01,False,0,0
E00216,C0027,P0410,F01643,2025-07-01,False,0,0
E00216,C0027,P0410,F01643,2025-08-01,False,0,0
E00216,C0027,P0410,F01643,2025-09-01,False,0,0
E00216,C0027,P0410,F01643,2025-10-01,False,0,0
E00216,C0027,P0410,F01643,2025-11-01,True,1118,2
E00216,C0027,P0410,F01643,2025-12-01,True,231,12
E00216,C0027,P0410,F01643,2026-01-01,True,96,3
E00216,C0027,P0410,F01643,2026-02-01,True,51,10
E00216,C0027,P0410,F01643,2026-03-01,True,445,20
E00216,C0027,P0410,F01643,2026-04-01,True,496,16
E00217,C0084,P0474,F01900,2025-06-01,False,0,0
E00217,C0084,P0474,F01900,2025-07-01,True,68,12
E00217,C0084,P0474,F01900,2025-08-01,True,325,6
E00217,C0084,P0474,F01900,2025-09-01,True,256,13
E00217,C0084,P0474,F01900,2025-10-01,True,579,32
E00217,C0084,P0474,F01900,2025-11-01,True,466,17
E00217,C0084,P0474,F01900,2025-12-01,True,606,21
E00217,C0084,P0474,F01901,2025-06-01,False,0,0
E00217,C0084,P0474,F01901,2025-07-01,False,0,0
E00217,C0084,P0474,F01901,2025-08-01,False,0,0
E00217,C0084,P0474,F01901,2025-09-01,False,0,0
E00217,C0084,P0474,F01901,2025-10-01,False,0,0
E00217,C0084,P0474,F01901,2025-11-01,False,0,0
E00217,C0084,P0474,F01901,2025-12-01,True,131,10
E00217,C0084,P0474,F01902,2025-06-01,True,157,5
E00217,C0084,P0474,F01902,2025-07-01,True,476,14
E00217,C0084,P0474,F01902,2025-08-01,True,462,6
E00217,C0084,P0474,F01902,2025-09-01,True,373,8
E00217,C0084,P0474,F01902,2025-10-01,True,462,20
E00217,C0084,P0474,F01902,2025-11-01,True,149,10
E00217,C0084,P0474,F01902,2025-12-01,True,620,3
E00218,C0009,P0163,F00638,2025-06-01,True,660,2
E00218,C0009,P0163,F00638,2025-07-01,True,130,10
E00218,C0009,P0163,F00638,2025-08-01,True,273,7
E00218,C0009,P0163,F00638,2025-09-01,True,1098,4
E00218,C0009,P0163,F00638,2025-10-01,True,489,31
E00218,C0009,P0163,F00638,2025-11-01,True,633,13
E00218,C0009,P0163,F00638,2025-12-01,True,411,7
E00218,C0009,P0163,F00638,2026-01-01,True,231,3
E00218,C0009,P0163,F00638,2026-02-01,True,690,3
E00218,C0009,P0163,F00639,2025-06-01,False,0,0
E00218,C0009,P0163,F00639,2025-07-01,False,0,0
E00218,C0009,P0163,F00639,2025-08-01,False,0,0
E00218,C0009,P0163,F00639,2025-09-01,False,0,0
E00218,C0009,P0163,F00639,2025-10-01,False,0,0
E00218,C0009,P0163,F00639,2025-11-01,False,0,0
E00218,C0009,P0163,F00639,2025-12-01,False,0,0
E00218,C0009,P0163,F00639,2026-01-01,False,0,0
E00218,C0009,P0163,F00639,2026-02-01,False,0,0
E00218,C0009,P0163,F00640,2025-06-01,False,0,0
E00218,C0009,P0163,F00640,2025-07-01,False,0,0
E00218,C0009,P0163,F00640,2025-08-01,False,0,0
E00218,C0009,P0163,F00640,2025-09-01,False,0,0
E00218,C0009,P0163,F00640,2025-10-01,False,0,0
E00218,C0009,P0163,F00640,2025-11-01,False,0,0
E00218,C0009,P0163,F00640,2025-12-01,False,0,0
E00218,C0009,P0163,F00640,2026-01-01,False,0,0
E00218,C0009,P0163,F00640,2026-02-01,False,0,0
E00218,C0009,P0163,F00997,2025-06-01,True,0,0
E00218,C0009,P0163,F00641,2025-07-01,False,0,0
E00218,C0009,P0163,F00641,2025-08-01,False,0,0
E00218,C0009,P0163,F00641,2025-09-01,False,0,0
E00218,C0009,P0163,F00641,2025-10-01,False,0,0
E00218,C0009,P0163,F00641,2025-11-01,False,0,0
E00218,C0009,P0163,F00641,2025-12-01,False,0,0
E00218,C0009,P0163,F00641,2026-01-01,False,0,0
E00218,C0009,P0163,F00641,2026-02-01,False,0,0
E00218,C0009,P0163,F00642,2025-06-01,False,0,0
E00218,C0009,P0163,F00642,2025-07-01,False,0,0
E00218,C0009,P0163,F00642,2025-08-01,False,0,0
E00218,C0009,P0163,F00642,2025-09-01,False,0,0
E00218,C0009,P0163,F00642,2025-10-01,False,0,0
E00218,C0009,P0163,F00642,2025-11-01,False,0,0
E00218,C0009,P0163,F00642,2025-12-01,False,0,0
E00218,C0009,P0163,F00642,2026-01-01,False,0,0
E00218,C0009,P0163,F00642,2026-02-01,False,0,0
E00219,C0031,P0301,F01201,2025-06-01,False,0,0
E00219,C0031,P0301,F01201,2025-07-01,False,0,0
E00219,C0031,P0301,F01201,2025-08-01,False,0,0
E00219,C0031,P0301,F01201,2025-09-01,False,0,0
E00219,C0031,P0301,F01201,2025-10-01,False,0,0
E00219,C0031,P0301,F01201,2025-11-01,False,0,0
E00219,C0031,P0301,F01201,2025-12-01,False,0,0
E00219,C0031,P0301,F01201,2026-01-01,False,0,0
E00219,C0031,P0301,F01201,2026-02-01,False,0,0
E00219,C0031,P0301,F01202,2025-06-01,False,0,0
E00219,C0031,P0301,F01202,2025-07-01,False,0,0
E00219,C0031,P0301,F01202,2025-08-01,False,0,0
E00219,C0031,P0301,F01202,2025-09-01,False,0,0
E00219,C0031,P0301,F01202,2025-10-01,False,0,0
E00219,C0031,P0301,F01202,2025-11-01,False,0,0
E00219,C0031,P0301,F01202,2025-12-01,False,0,0
E00219,C0031,P0301,F01202,2026-01-01,False,0,0
E00219,C0031,P0301,F01202,2026-02-01,False,0,0
E00219,C0031,P0301,F01203,2025-06-01,False,0,0
E00219,C0031,P0301,F01203,2025-07-01,False,0,0
E00219,C0031,P0301,F01203,2025-08-01,False,0,0
E00219,C0031,P0301,F01203,2025-09-01,False,0,0
E00219,C0031,P0301,F01203,2025-10-01,False,0,0
E00219,C0031,P0301,F01203,2025-11-01,False,0,0
E00219,C0031,P0301,F01203,2025-12-01,False,0,0
E00219,C0031,P0301,F01203,2026-01-01,False,0,0
E00219,C0031,P0301,F01203,2026-02-01,False,0,0
E00219,C0031,P0301,F01204,2025-06-01,False,0,0
E00219,C0031,P0301,F01204,2025-07-01,False,0,0
E00219,C0031,P0301,F01204,2025-08-01,False,0,0
E00219,C0031,P0301,F01204,2025-09-01,False,0,0
E00219,C0031,P0301,F01204,2025-10-01,False,0,0
E00219,C0031,P0301,F01204,2025-11-01,False,0,0
E00219,C0031,P0301,F01204,2025-12-01,False,0,0
E00219,C0031,P0301,F01204,2026-01-01,False,0,0
E00219,C0031,P0301,F01204,2026-02-01,False,0,0
E00219,C0031,P0301,F01205,2025-06-01,False,0,0
E00219,C0031,P0301,F01205,2025-07-01,False,0,0
E00219,C0031,P0301,F01205,2025-08-01,False,0,0
E00219,C0031,P0301,F01205,2025-09-01,False,0,0
E00219,C0031,P0301,F01205,2025-10-01,False,0,0
E00219,C0031,P0301,F01205,2025-11-01,False,0,0
E00219,C0031,P0301,F01205,2025-12-01,False,0,0
E00219,C0031,P0301,F01205,2026-01-01,False,0,0
E00219,C0031,P0301,F01205,2026-02-01,False,0,0
E00220,C0018,P0028,F00105,2025-06-01,True,325,8
E00220,C0018,P0028,F00105,2025-07-01,True,396,15
E00220,C0018,P0028,F00105,2025-08-01,True,239,4
E00220,C0018,P0028,F00105,2025-09-01,True,192,5
E00220,C0018,P0028,F00105,2025-10-01,True,1146,23
E00220,C0018,P0028,F00105,2025-11-01,True,92,8
E00220,C0018,P0028,F00105,2025-12-01,True,148,6
E00220,C0018,P0028,F00105,2026-01-01,True,219,5
E00220,C0018,P0028,F00105,2026-02-01,True,648,13
E00220,C0018,P0028,F00105,2026-03-01,False,0,0
E00220,C0018,P0028,F00106,2025-06-01,False,0,0
E00220,C0018,P0028,F00106,2025-07-01,False,0,0
E00220,C0018,P0028,F00106,2025-08-01,False,0,0
E00220,C0018,P0028,F00106,2025-09-01,False,0,0
E00220,C0018,P0028,F00106,2025-10-01,False,0,0
E00220,C0018,P0028,F00106,2025-11-01,False,0,0
E00220,C0018,P0028,F00106,2025-12-01,False,0,0
E00220,C0018,P0028,F00106,2026-01-01,False,0,0
E00220,C0018,P0028,F00106,2026-02-01,False,0,0
E00220,C0018,P0028,F00106,2026-03-01,False,0,0
E00220,C0018,P0028,F00107,2025-06-01,True,415,25
E00220,C0018,P0028,F00107,2025-07-01,True,617,10
E00220,C0018,P0028,F00107,2025-08-01,True,421,19
E00220,C0018,P0028,F00107,2025-09-01,False,0,0
E00220,C0018,P0028,F00107,2025-10-01,True,658,1
E00220,C0018,P0028,F00107,2025-11-01,True,476,11
E00220,C0018,P0028,F00378,2025-12-01,True,558,2
E00220,C0018,P0028,F00107,2026-01-01,True,730,16
E00220,C0018,P0028,F00107,2026-02-01,False,0,0
E00220,C0018,P0028,F00107,2026-03-01,True,257,29
E00221,C0047,P0042,F00158,2025-08-01,False,0,0
E00221,C0047,P0042,F00158,2025-09-01,True,128,11
E00221,C0047,P0042,F00158,2025-10-01,True,216,5
E00221,C0047,P0042,F00158,2025-11-01,False,0,0
E00221,C0047,P0042,F01843,2025-12-01,True,323,2
E00221,C0047,P0042,F00158,2026-01-01,True,581,44
E00221,C0047,P0042,F00158,2026-02-01,True,124,24
E00221,C0047,P0042,F00158,2026-03-01,True,702,3
E00221,C0047,P0042,F00158,2026-04-01,True,116,11
E00221,C0047,P0042,F00158,2026-05-01,True,557,21
E00221,C0047,P0042,F00158,2026-06-01,True,332,10
E00221,C0047,P0042,F00158,2026-07-01,True,92,25
E00221,C0047,P0042,F00159,2025-08-01,False,0,0
E00221,C0047,P0042,F00159,2025-09-01,False,0,0
E00221,C0047,P0042,F00159,2025-10-01,False,0,0
E00221,C0047,P0042,F00159,2025-11-01,False,0,0
E00221,C0047,P0042,F00159,2025-12-01,True,712,14
E00221,C0047,P0042,F00159,2026-01-01,True,342,24
E00221,C0047,P0042,F00159,2026-02-01,True,122,12
E00221,C0047,P0042,F00159,2026-03-01,True,1167,4
E00221,C0047,P0042,F00159,2026-04-01,True,1356,19
E00221,C0047,P0042,F00159,2026-05-01,True,572,24
E00221,C0047,P0042,F00159,2026-06-01,True,752,3
E00221,C0047,P0042,F00159,2026-07-01,True,77,7
E00221,C0047,P0042,F00160,2025-08-01,False,0,0
E00221,C0047,P0042,F00160,2025-09-01,False,0,0
E00221,C0047,P0042,F00160,2025-10-01,False,0,0
E00221,C0047,P0042,F00160,2025-11-01,False,0,0
E00221,C0047,P0042,F00160,2025-12-01,False,0,0
E00221,C0047,P0042,F00160,2026-01-01,True,451,22
E00221,C0047,P0042,F00160,2026-02-01,True,289,5
E00221,C0047,P0042,F00160,2026-03-01,True,649,8
E00221,C0047,P0042,F00160,2026-04-01,True,471,10
E00221,C0047,P0042,F00160,2026-05-01,True,189,6
E00221,C0047,P0042,F00160,2026-06-01,True,120,23
E00221,C0047,P0042,F00160,2026-07-01,True,253,6
E00221,C0047,P0042,F00161,2025-08-01,False,0,0
E00221,C0047,P0042,F00161,2025-09-01,False,0,0
E00221,C0047,P0042,F01719,2025-10-01,True,0,0
E00221,C0047,P0042,F00161,2025-11-01,False,0,0
E00221,C0047,P0042,F00161,2025-12-01,False,0,0
E00221,C0047,P0042,F00161,2026-01-01,False,0,0
E00221,C0047,P0042,F00161,2026-02-01,False,0,0
E00221,C0047,P0042,F00122,2026-03-01,True,0,0
E00221,C0047,P0042,F00161,2026-04-01,False,0,0
E00221,C0047,P0042,F00161,2026-05-01,False,0,0
E00221,C0047,P0042,F00161,2026-06-01,False,0,0
E00221,C0047,P0042,F00161,2026-07-01,False,0,0
E00221,C0047,P0042,F00162,2025-08-01,True,55,2
E00221,C0047,P0042,F00162,2025-09-01,False,0,0
E00221,C0047,P0042,F00162,2025-10-01,True,128,13
E00221,C0047,P0042,F00162,2025-11-01,True,368,8
E00221,C0047,P0042,F00162,2025-12-01,True,129,2
E00221,C0047,P0042,F00162,2026-01-01,True,185,8
E00221,C0047,P0042,F00162,2026-02-01,True,591,3
E00221,C0047,P0042,F00162,2026-03-01,True,259,4
E00221,C0047,P0042,F00162,2026-04-01,True,218,36
E00221,C0047,P0042,F00162,2026-05-01,True,153,4
E00221,C0047,P0042,F00162,2026-06-01,True,1875,15
E00221,C0047,P0042,F00162,2026-07-01,True,512,5
E00222,C0094,P0199,F00782,2025-09-01,True,1290,3
E00222,C0094,P0199,F00782,2025-10-01,True,746,23
E00222,C0094,P0199,F00782,2025-11-01,True,944,28
E00222,C0094,P0199,F00782,2025-12-01,True,287,13
E00222,C0094,P0199,F00782,2026-01-01,True,369,4
E00222,C0094,P0199,F00782,2026-02-01,True,273,23
E00222,C0094,P0199,F00782,2026-03-01,True,95,18
E00222,C0094,P0199,F00782,2026-04-01,True,657,11
E00222,C0094,P0199,F00782,2026-05-01,True,683,4
E00222,C0094,P0199,F00782,2026-06-01,True,121,7
E00222,C0094,P0199,F00782,2026-07-01,True,454,34
E00222,C0094,P0199,F00782,2026-08-01,False,0,0
E00222,C0094,P0199,F00783,2025-09-01,False,0,0
E00222,C0094,P0199,F00783,2025-10-01,False,0,0
E00222,C0094,P0199,F00783,2025-11-01,False,0,0
E00222,C0094,P0199,F00783,2025-12-01,False,0,0
E00222,C0094,P0199,F00783,2026-01-01,False,0,0
E00222,C0094,P0199,F00783,2026-02-01,False,0,0
E00222,C0094,P0199,F00783,2026-03-01,False,0,0
E00222,C0094,P0199,F01335,2026-04-01,True,0,0
E00222,C0094,P0199,F00783,2026-05-01,False,0,0
E00222,C0094,P0199,F00783,2026-06-01,False,0,0
E00222,C0094,P0199,F00783,2026-07-01,False,0,0
E00222,C0094,P0199,F00783,2026-08-01,False,0,0
E00222,C0094,P0199,F00784,2025-09-01,False,0,0
E00222,C0094,P0199,F00784,2025-10-01,False,0,0
E00222,C0094,P0199,F00784,2025-11-01,False,0,0
E00222,C0094,P0199,F00784,2025-12-01,False,0,0
E00222,C0094,P0199,F00784,2026-01-01,False,0,0
E00222,C0094,P0199,F00784,2026-02-01,False,0,0
E00222,C0094,P0199,F00784,2026-03-01,False,0,0
E00222,C0094,P0199,F00784,2026-04-01,False,0,0
E00222,C0094,P0199,F00784,2026-05-01,False,0,0
E00222,C0094,P0199,F00784,2026-06-01,False,0,0
E00222,C0094,P0199,F00784,2026-07-01,False,0,0
E00222,C0094,P0199,F00784,2026-08-01,False,0,0
E00223,C0043,P0192,F00756,2025-07-01,True,380,7
E00223,C0043,P0192,F00756,2025-08-01,True,798,3
E00223,C0043,P0192,F00756,2025-09-01,True,83,34
E00223,C0043,P0192,F00756,2025-10-01,True,181,27
E00223,C0043,P0192,F00756,2025-11-01,True,881,20
E00223,C0043,P0192,F00756,2025-12-01,True,796,22
E00223,C0043,P0192,F00756,2026-01-01,True,33,13
E00223,C0043,P0192,F00756,2026-02-01,True,393,7
E00223,C0043,P0192,F00756,2026-03-01,True,279,10
E00223,C0043,P0192,F00756,2026-04-01,True,284,24
E00223,C0043,P0192,F00756,2026-05-01,True,286,50
E00223,C0043,P0192,F00756,2026-06-01,True,202,7
E00223,C0043,P0192,F00757,2025-07-01,False,0,0
E00223,C0043,P0192,F00757,2025-08-01,False,0,0
E00223,C0043,P0192,F00757,2025-09-01,False,0,0
E00223,C0043,P0192,F00757,2025-10-01,False,0,0
E00223,C0043,P0192,F00757,2025-11-01,True,309,5
E00223,C0043,P0192,F00757,2025-12-01,True,308,6
E00223,C0043,P0192,F00757,2026-01-01,False,0,0
E00223,C0043,P0192,F00757,2026-02-01,True,639,7
E00223,C0043,P0192,F00757,2026-03-01,True,158,8
E00223,C0043,P0192,F00757,2026-04-01,True,350,9
E00223,C0043,P0192,F00757,2026-05-01,True,1876,15
E00223,C0043,P0192,F00757,2026-06-01,True,115,16
E00223,C0043,P0192,F00758,2025-07-01,False,0,0
E00223,C0043,P0192,F00758,2025-08-01,False,0,0
E00223,C0043,P0192,F00758,2025-09-01,False,0,0
E00223,C0043,P0192,F00758,2025-10-01,False,0,0
E00223,C0043,P0192,F00758,2025-11-01,True,454,15
E00223,C0043,P0192,F00758,2025-12-01,True,583,26
E00223,C0043,P0192,F00758,2026-01-01,True,326,10
E00223,C0043,P0192,F00758,2026-02-01,True,198,12
E00223,C0043,P0192,F00758,2026-03-01,True,181,4
E00223,C0043,P0192,F00758,2026-04-01,True,1165,10
E00223,C0043,P0192,F00758,2026-05-01,True,530,7
E00223,C0043,P0192,F00758,2026-06-01,True,1328,9
E00223,C0043,P0192,F00759,2025-07-01,False,0,0
E00223,C0043,P0192,F00759,2025-08-01,False,0,0
E00223,C0043,P0192,F00759,2025-09-01,False,0,0
E00223,C0043,P0192,F00759,2025-10-01,False,0,0
E00223,C0043,P0192,F00759,2025-11-01,True,1022,15
E00223,C0043,P0192,F00759,2025-12-01,True,388,13
E00223,C0043,P0192,F00759,2026-01-01,True,344,9
E00223,C0043,P0192,F00759,2026-02-01,True,446,2
E00223,C0043,P0192,F00759,2026-03-01,True,224,18
E00223,C0043,P0192,F00759,2026-04-01,True,677,44
E00223,C0043,P0192,F00759,2026-05-01,True,747,20
E00223,C0043,P0192,F00759,2026-06-01,True,481,24
E00223,C0043,P0192,F00760,2025-07-01,False,0,0
E00223,C0043,P0192,F00760,2025-08-01,False,0,0
E00223,C0043,P0192,F00760,2025-09-01,True,417,11
E00223,C0043,P0192,F00760,2025-10-01,True,395,23
E00223,C0043,P0192,F00760,2025-11-01,True,391,15
E00223,C0043,P0192,F00760,2025-12-01,True,241,35
E00223,C0043,P0192,F00760,2026-01-01,True,290,11
E00223,C0043,P0192,F00760,2026-02-01,True,705,26
E00223,C0043,P0192,F00760,2026-03-01,True,405,18
E00223,C0043,P0192,F00760,2026-04-01,True,185,13
E00223,C0043,P0192,F00760,2026-05-01,True,632,28
E00223,C0043,P0192,F00760,2026-06-01,True,118,5
E00224,C0066,P0206,F00809,2025-07-01,True,77,4
E00224,C0066,P0206,F00809,2025-08-01,True,870,7
E00224,C0066,P0206,F00809,2025-09-01,True,394,5
E00224,C0066,P0206,F00809,2025-10-01,True,259,33
E00224,C0066,P0206,F00809,2025-11-01,True,484,16
E00224,C0066,P0206,F00809,2025-12-01,True,343,22
E00224,C0066,P0206,F00809,2026-01-01,True,788,9
E00224,C0066,P0206,F00809,2026-02-01,True,376,25
E00224,C0066,P0206,F00809,2026-03-01,True,393,8
E00224,C0066,P0206,F00809,2026-04-01,True,302,8
E00224,C0066,P0206,F00809,2026-05-01,True,389,8
E00224,C0066,P0206,F00809,2026-06-01,True,389,6
E00224,C0066,P0206,F00810,2025-07-01,False,0,0
E00224,C0066,P0206,F00810,2025-08-01,False,0,0
E00224,C0066,P0206,F00810,2025-09-01,False,0,0
E00224,C0066,P0206,F00810,2025-10-01,False,0,0
E00224,C0066,P0206,F00810,2025-11-01,False,0,0
E00224,C0066,P0206,F00810,2025-12-01,False,0,0
E00224,C0066,P0206,F00810,2026-01-01,False,0,0
E00224,C0066,P0206,F00810,2026-02-01,False,0,0
E00224,C0066,P0206,F00810,2026-03-01,False,0,0
E00224,C0066,P0206,F00810,2026-04-01,False,0,0
E00224,C0066,P0206,F00810,2026-05-01,False,0,0
E00224,C0066,P0206,F00810,2026-06-01,False,0,0
E00224,C0066,P0206,F00811,2025-07-01,False,0,0
E00224,C0066,P0206,F00811,2025-08-01,False,0,0
E00224,C0066,P0206,F00811,2025-09-01,False,0,0
E00224,C0066,P0206,F00811,2025-10-01,False,0,0
E00224,C0066,P0206,F00811,2025-11-01,False,0,0
E00224,C0066,P0206,F00811,2025-12-01,False,0,0
E00224,C0066,P0206,F00811,2026-01-01,False,0,0
E00224,C0066,P0206,F00811,2026-02-01,False,0,0
E00224,C0066,P0206,F00811,2026-03-01,False,0,0
E00224,C0066,P0206,F00811,2026-04-01,False,0,0
E00224,C0066,P0206,F00811,2026-05-01,False,0,0
E00224,C0066,P0206,F00811,2026-06-01,False,0,0
E00224,C0066,P0206,F00812,2025-07-01,True,492,15
E00224,C0066,P0206,F00812,2025-08-01,True,613,16
E00224,C0066,P0206,F00812,2025-09-01,True,761,12
E00224,C0066,P0206,F00812,2025-10-01,True,386,7
E00224,C0066,P0206,F00812,2025-11-01,True,654,7
E00224,C0066,P0206,F00812,2025-12-01,True,70,7
E00224,C0066,P0206,F00812,2026-01-01,True,689,17
E00224,C0066,P0206,F00812,2026-02-01,True,455,42
E00224,C0066,P0206,F00812,2026-03-01,True,493,6
E00224,C0066,P0206,F00812,2026-04-01,True,178,16
E00224,C0066,P0206,F00812,2026-05-01,True,986,11
E00224,C0066,P0206,F00812,2026-06-01,True,504,15
E00225,C0045,P0203,F00798,2025-06-01,True,1546,20
E00225,C0045,P0203,F00500,2025-07-01,True,856,6
E00225,C0045,P0203,F00798,2025-08-01,True,244,7
E00225,C0045,P0203,F00798,2025-09-01,True,319,12
E00225,C0045,P0203,F00798,2025-10-01,True,479,10
E00225,C0045,P0203,F00798,2025-11-01,True,225,5
E00225,C0045,P0203,F00798,2025-12-01,True,515,18
E00225,C0045,P0203,F00798,2026-01-01,True,330,3
E00225,C0045,P0203,F00798,2026-02-01,True,726,9
E00225,C0045,P0203,F00799,2025-06-01,False,0,0
E00225,C0045,P0203,F00799,2025-07-01,False,0,0
E00225,C0045,P0203,F00799,2025-08-01,True,114,11
E00225,C0045,P0203,F00799,2025-09-01,True,761,8
E00225,C0045,P0203,F00799,2025-10-01,True,26,9
E00225,C0045,P0203,F00799,2025-11-01,True,215,12
E00225,C0045,P0203,F00799,2025-12-01,True,385,8
E00225,C0045,P0203,F00799,2026-01-01,True,245,25
E00225,C0045,P0203,F00799,2026-02-01,True,549,15
E00225,C0045,P0203,F00800,2025-06-01,False,0,0
E00225,C0045,P0203,F00800,2025-07-01,False,0,0
E00225,C0045,P0203,F00800,2025-08-01,False,0,0
E00225,C0045,P0203,F00800,2025-09-01,False,0,0
E00225,C0045,P0203,F00800,2025-10-01,False,0,0
E00225,C0045,P0203,F00800,2025-11-01,False,0,0
E00225,C0045,P0203,F00800,2025-12-01,False,0,0
E00225,C0045,P0203,F00800,2026-01-01,False,0,0
E00225,C0045,P0203,F00800,2026-02-01,False,0,0
E00225,C0045,P0203,F00801,2025-06-01,False,0,0
E00225,C0045,P0203,F00801,2025-07-01,False,0,0
E00225,C0045,P0203,F00801,2025-08-01,True,698,9
E00225,C0045,P0203,F00801,2025-09-01,True,1079,14
E00225,C0045,P0203,F00801,2025-10-01,True,416,14
E00225,C0045,P0203,F00801,2025-11-01,True,305,7
E00225,C0045,P0203,F00801,2025-12-01,True,811,4
E00225,C0045,P0203,F00801,2026-01-01,True,153,10
E00225,C0045,P0203,F00801,2026-02-01,True,188,3
E00226,C0065,P0192,F00756,2025-06-01,True,148,6
E00226,C0065,P0192,F00756,2025-07-01,True,498,10
E00226,C0065,P0192,F00756,2025-08-01,True,719,4
E00226,C0065,P0192,F01271,2025-09-01,True,163,13
E00226,C0065,P0192,F00756,2025-10-01,True,216,9
E00226,C0065,P0192,F00756,2025-11-01,True,150,4
E00226,C0065,P0192,F00756,2025-12-01,True,209,21
E00226,C0065,P0192,F00756,2026-01-01,True,111,23
E00226,C0065,P0192,F00756,2026-02-01,True,701,8
E00226,C0065,P0192,F00756,2026-03-01,True,384,13
E00226,C0065,P0192,F00756,2026-04-01,True,604,5
E00226,C0065,P0192,F00756,2026-05-01,False,0,0
E00226,C0065,P0192,F00757,2025-06-01,False,0,0
E00226,C0065,P0192,F00757,2025-07-01,False,0,0
E00226,C0065,P0192,F00757,2025-08-01,False,0,0
E00226,C0065,P0192,F00757,2025-09-01,False,0,0
E00226,C0065,P0192,F00757,2025-10-01,False,0,0
E00226,C0065,P0192,F00757,2025-11-01,True,653,12
E00226,C0065,P0192,F00757,2025-12-01,True,174,12
E00226,C0065,P0192,F00757,2026-01-01,True,172,11
E00226,C0065,P0192,F00757,2026-02-01,True,266,12
E00226,C0065,P0192,F00757,2026-03-01,True,445,25
E00226,C0065,P0192,F00757,2026-04-01,False,0,0
E00226,C0065,P0192,F00757,2026-05-01,True,580,14
E00226,C0065,P0192,F00758,2025-06-01,False,0,0
E00226,C0065,P0192,F00758,2025-07-01,False,0,0
E00226,C0065,P0192,F00758,2025-08-01,False,0,0
E00226,C0065,P0192,F00758,2025-09-01,False,0,0
E00226,C0065,P0192,F00758,2025-10-01,False,0,0
E00226,C0065,P0192,F00758,2025-11-01,False,0,0
E00226,C0065,P0192,F00758,2025-12-01,False,0,0
E00226,C0065,P0192,F00758,2026-01-01,False,0,0
E00226,C0065,P0192,F00758,2026-02-01,False,0,0
E00226,C0065,P0192,F00758,2026-03-01,False,0,0
E00226,C0065,P0192,F00758,2026-04-01,False,0,0
E00226,C0065,P0192,F00758,2026-05-01,False,0,0
E00226,C0065,P0192,F00759,2025-06-01,False,0,0
E00226,C0065,P0192,F00759,2025-07-01,False,0,0
E00226,C0065,P0192,F00759,2025-08-01,False,0,0
E00226,C0065,P0192,F00759,2025-09-01,False,0,0
E00226,C0065,P0192,F00759,2025-10-01,False,0,0
E00226,C0065,P0192,F00759,2025-11-01,False,0,0
E00226,C0065,P0192,F00759,2025-12-01,False,0,0
E00226,C0065,P0192,F00759,2026-01-01,True,78,20
E00226,C0065,P0192,F00759,2026-02-01,True,275,5
E00226,C0065,P0192,F00759,2026-03-01,True,1351,6
E00226,C0065,P0192,F00759,2026-04-01,True,946,13
E00226,C0065,P0192,F00759,2026-05-01,True,551,11
E00226,C0065,P0192,F00760,2025-06-01,True,178,18
E00226,C0065,P0192,F00760,2025-07-01,True,452,13
E00226,C0065,P0192,F00760,2025-08-01,True,402,9
E00226,C0065,P0192,F00760,2025-09-01,True,630,15
E00226,C0065,P0192,F00760,2025-10-01,True,679,9
E00226,C0065,P0192,F00760,2025-11-01,True,303,7
E00226,C0065,P0192,F00760,2025-12-01,True,410,3
E00226,C0065,P0192,F00760,2026-01-01,True,1784,7
E00226,C0065,P0192,F00760,2026-02-01,True,862,8
E00226,C0065,P0192,F00760,2026-03-01,True,574,32
E00226,C0065,P0192,F00760,2026-04-01,False,0,0
E00226,C0065,P0192,F00760,2026-05-01,True,552,30
E00227,C0057,P0266,F01058,2025-06-01,True,828,5
E00227,C0057,P0266,F01058,2025-07-01,True,634,14
E00227,C0057,P0266,F01058,2025-08-01,True,212,22
E00227,C0057,P0266,F01058,2025-09-01,True,136,21
E00227,C0057,P0266,F01058,2025-10-01,True,640,12
E00227,C0057,P0266,F01058,2025-11-01,True,236,18
E00227,C0057,P0266,F01058,2025-12-01,True,58,6
E00227,C0057,P0266,F01058,2026-01-01,True,381,12
E00227,C0057,P0266,F01059,2025-06-01,False,0,0
E00227,C0057,P0266,F01059,2025-07-01,False,0,0
E00227,C0057,P0266,F01059,2025-08-01,False,0,0
E00227,C0057,P0266,F01059,2025-09-01,False,0,0
E00227,C0057,P0266,F01059,2025-10-01,False,0,0
E00227,C0057,P0266,F01059,2025-11-01,True,205,6
E00227,C0057,P0266,F01059,2025-12-01,True,564,5
E00227,C0057,P0266,F01059,2026-01-01,True,289,4
E00227,C0057,P0266,F01060,2025-06-01,False,0,0
E00227,C0057,P0266,F01060,2025-07-01,False,0,0
E00227,C0057,P0266,F01060,2025-08-01,False,0,0
E00227,C0057,P0266,F01060,2025-09-01,False,0,0
E00227,C0057,P0266,F01060,2025-10-01,False,0,0
E00227,C0057,P0266,F01060,2025-11-01,False,0,0
E00227,C0057,P0266,F01060,2025-12-01,False,0,0
E00227,C0057,P0266,F01060,2026-01-01,False,0,0
E00227,C0057,P0266,F01061,2025-06-01,True,397,9
E00227,C0057,P0266,F01061,2025-07-01,False,0,0
E00227,C0057,P0266,F01061,2025-08-01,True,53,4
E00227,C0057,P0266,F01061,2025-09-01,True,899,6
E00227,C0057,P0266,F01061,2025-10-01,False,0,0
E00227,C0057,P0266,F01061,2025-11-01,True,502,5
E00227,C0057,P0266,F01061,2025-12-01,False,0,0
E00227,C0057,P0266,F01061,2026-01-01,True,987,3
E00227,C0057,P0266,F01062,2025-06-01,False,0,0
E00227,C0057,P0266,F01062,2025-07-01,False,0,0
E00227,C0057,P0266,F01062,2025-08-01,False,0,0
E00227,C0057,P0266,F01062,2025-09-01,False,0,0
E00227,C0057,P0266,F01062,2025-10-01,False,0,0
E00227,C0057,P0266,F01062,2025-11-01,False,0,0
E00227,C0057,P0266,F01062,2025-12-01,False,0,0
E00227,C0057,P0266,F01062,2026-01-01,False,0,0
E00228,C0007,P0173,F00675,2025-06-01,True,839,12
E00228,C0007,P0173,F00675,2025-07-01,True,616,25
E00228,C0007,P0173,F00675,2025-08-01,True,462,32
E00228,C0007,P0173,F00675,2025-09-01,False,0,0
E00228,C0007,P0173,F00675,2025-10-01,False,0,0
E00228,C0007,P0173,F00675,2025-11-01,False,0,0
E00228,C0007,P0173,F00676,2025-06-01,False,0,0
E00228,C0007,P0173,F00676,2025-07-01,False,0,0
E00228,C0007,P0173,F00676,2025-08-01,False,0,0
E00228,C0007,P0173,F00676,2025-09-01,False,0,0
E00228,C0007,P0173,F00676,2025-10-01,False,0,0
E00228,C0007,P0173,F00676,2025-11-01,False,0,0
E00228,C0007,P0173,F00677,2025-06-01,False,0,0
E00228,C0007,P0173,F00677,2025-07-01,False,0,0
E00228,C0007,P0173,F00677,2025-08-01,False,0,0
E00228,C0007,P0173,F00677,2025-09-01,False,0,0
E00228,C0007,P0173,F00677,2025-10-01,False,0,0
E00228,C0007,P0173,F00677,2025-11-01,False,0,0
E00228,C0007,P0173,F00678,2025-06-01,False,0,0
E00228,C0007,P0173,F00678,2025-07-01,False,0,0
E00228,C0007,P0173,F00678,2025-08-01,False,0,0
E00228,C0007,P0173,F00678,2025-09-01,False,0,0
E00228,C0007,P0173,F00678,2025-10-01,False,0,0
E00228,C0007,P0173,F00678,2025-11-01,False,0,0
E00228,C0007,P0173,F00679,2025-06-01,False,0,0
E00228,C0007,P0173,F00679,2025-07-01,False,0,0
E00228,C0007,P0173,F00679,2025-08-01,False,0,0
E00228,C0007,P0173,F00679,2025-09-01,False,0,0
E00228,C0007,P0173,F00679,2025-10-01,False,0,0
E00228,C0007,P0173,F00679,2025-11-01,False,0,0
E00229,C0015,P0255,F01013,2025-06-01,False,0,0
E00229,C0015,P0255,F01013,2025-07-01,True,898,17
E00229,C0015,P0255,F01013,2025-08-01,True,804,11
E00229,C0015,P0255,F01013,2025-09-01,True,180,45
E00229,C0015,P0255,F01013,2025-10-01,True,406,14
E00229,C0015,P0255,F01013,2025-11-01,True,117,26
E00229,C0015,P0255,F01013,2025-12-01,True,470,16
E00229,C0015,P0255,F01013,2026-01-01,True,618,6
E00229,C0015,P0255,F01013,2026-02-01,True,928,14
E00229,C0015,P0255,F01013,2026-03-01,True,57,22
E00229,C0015,P0255,F01013,2026-04-01,True,359,7
E00229,C0015,P0255,F01013,2026-05-01,True,86,8
E00229,C0015,P0255,F01014,2025-06-01,False,0,0
E00229,C0015,P0255,F01014,2025-07-01,False,0,0
E00229,C0015,P0255,F01014,2025-08-01,False,0,0
E00229,C0015,P0255,F01014,2025-09-01,True,264,24
E00229,C0015,P0255,F01014,2025-10-01,True,247,3
E00229,C0015,P0255,F01014,2025-11-01,True,568,25
E00229,C0015,P0255,F01014,2025-12-01,True,304,36
E00229,C0015,P0255,F01014,2026-01-01,True,799,26
E00229,C0015,P0255,F01014,2026-02-01,True,557,15
E00229,C0015,P0255,F01014,2026-03-01,True,238,31
E00229,C0015,P0255,F01014,2026-04-01,True,1004,32
E00229,C0015,P0255,F01014,2026-05-01,True,388,9
E00229,C0015,P0255,F01015,2025-06-01,False,0,0
E00229,C0015,P0255,F01015,2025-07-01,False,0,0
E00229,C0015,P0255,F01015,2025-08-01,False,0,0
E00229,C0015,P0255,F01015,2025-09-01,False,0,0
E00229,C0015,P0255,F01015,2025-10-01,False,0,0
E00229,C0015,P0255,F01015,2025-11-01,False,0,0
E00229,C0015,P0255,F01015,2025-12-01,False,0,0
E00229,C0015,P0255,F01015,2026-01-01,False,0,0
E00229,C0015,P0255,F01015,2026-02-01,False,0,0
E00229,C0015,P0255,F01015,2026-03-01,False,0,0
E00229,C0015,P0255,F01015,2026-04-01,False,0,0
E00229,C0015,P0255,F01015,2026-05-01,False,0,0
E00229,C0015,P0255,F01016,2025-06-01,False,0,0
E00229,C0015,P0255,F01016,2025-07-01,False,0,0
E00229,C0015,P0255,F01016,2025-08-01,False,0,0
E00229,C0015,P0255,F01016,2025-09-01,False,0,0
E00229,C0015,P0255,F01016,2025-10-01,False,0,0
E00229,C0015,P0255,F01016,2025-11-01,True,671,8
E00229,C0015,P0255,F01016,2025-12-01,True,391,2
E00229,C0015,P0255,F01016,2026-01-01,True,481,17
E00229,C0015,P0255,F01016,2026-02-01,True,963,19
E00229,C0015,P0255,F01016,2026-03-01,True,771,35
E00229,C0015,P0255,F01016,2026-04-01,True,203,5
E00229,C0015,P0255,F01016,2026-05-01,True,457,5
E00229,C0015,P0255,F01017,2025-06-01,False,0,0
E00229,C0015,P0255,F01017,2025-07-01,False,0,0
E00229,C0015,P0255,F01017,2025-08-01,False,0,0
E00229,C0015,P0255,F01017,2025-09-01,False,0,0
E00229,C0015,P0255,F01017,2025-10-01,False,0,0
E00229,C0015,P0255,F01017,2025-11-01,False,0,0
E00229,C0015,P0255,F01017,2025-12-01,False,0,0
E00229,C0015,P0255,F01017,2026-01-01,False,0,0
E00229,C0015,P0255,F01017,2026-02-01,False,0,0
E00229,C0015,P0255,F01017,2026-03-01,False,0,0
E00229,C0015,P0255,F01017,2026-04-01,False,0,0
E00229,C0015,P0255,F01017,2026-05-01,False,0,0
E00230,C0009,P0136,F00529,2025-06-01,True,504,5
E00230,C0009,P0136,F00529,2025-07-01,True,192,3
E00230,C0009,P0136,F00529,2025-08-01,True,475,4
E00230,C0009,P0136,F00529,2025-09-01,True,575,18
E00230,C0009,P0136,F00529,2025-10-01,True,223,20
E00230,C0009,P0136,F00529,2025-11-01,True,652,23
E00230,C0009,P0136,F00530,2025-06-01,False,0,0
E00230,C0009,P0136,F00530,2025-07-01,False,0,0
E00230,C0009,P0136,F00530,2025-08-01,False,0,0
E00230,C0009,P0136,F00530,2025-09-01,False,0,0
E00230,C0009,P0136,F00530,2025-10-01,False,0,0
E00230,C0009,P0136,F00530,2025-11-01,False,0,0
E00230,C0009,P0136,F00531,2025-06-01,False,0,0
E00230,C0009,P0136,F00531,2025-07-01,False,0,0
E00230,C0009,P0136,F00531,2025-08-01,False,0,0
E00230,C0009,P0136,F00531,2025-09-01,False,0,0
E00230,C0009,P0136,F00531,2025-10-01,False,0,0
E00230,C0009,P0136,F00531,2025-11-01,False,0,0
E00230,C0009,P0136,F00532,2025-06-01,False,0,0
E00230,C0009,P0136,F00532,2025-07-01,False,0,0
E00230,C0009,P0136,F00532,2025-08-01,False,0,0
E00230,C0009,P0136,F00532,2025-09-01,False,0,0
E00230,C0009,P0136,F00532,2025-10-01,False,0,0
E00230,C0009,P0136,F00532,2025-11-01,False,0,0
E00231,C0078,P0263,F01047,2025-06-01,False,0,0
E00231,C0078,P0263,F01047,2025-07-01,True,208,6
E00231,C0078,P0263,F01047,2025-08-01,True,620,13
E00231,C0078,P0263,F01047,2025-09-01,True,484,27
E00231,C0078,P0263,F01047,2025-10-01,True,740,18
E00231,C0078,P0263,F01047,2025-11-01,True,602,22
E00231,C0078,P0263,F01047,2025-12-01,True,346,5
E00231,C0078,P0263,F01048,2025-06-01,False,0,0
E00231,C0078,P0263,F01048,2025-07-01,False,0,0
E00231,C0078,P0263,F01048,2025-08-01,False,0,0
E00231,C0078,P0263,F01048,2025-09-01,False,0,0
E00231,C0078,P0263,F01048,2025-10-01,False,0,0
E00231,C0078,P0263,F01048,2025-11-01,False,0,0
E00231,C0078,P0263,F01048,2025-12-01,False,0,0
E00231,C0078,P0263,F01049,2025-06-01,False,0,0
E00231,C0078,P0263,F01049,2025-07-01,False,0,0
E00231,C0078,P0263,F01049,2025-08-01,False,0,0
E00231,C0078,P0263,F01049,2025-09-01,False,0,0
E00231,C0078,P0263,F01049,2025-10-01,False,0,0
E00231,C0078,P0263,F01049,2025-11-01,False,0,0
E00231,C0078,P0263,F01049,2025-12-01,False,0,0
E00231,C0078,P0263,F01050,2025-06-01,False,0,0
E00231,C0078,P0263,F01050,2025-07-01,False,0,0
E00231,C0078,P0263,F01050,2025-08-01,False,0,0
E00231,C0078,P0263,F01050,2025-09-01,False,0,0
E00231,C0078,P0263,F01050,2025-10-01,False,0,0
E00231,C0078,P0263,F01050,2025-11-01,False,0,0
E00231,C0078,P0263,F01050,2025-12-01,True,247,7
E00232,C0019,P0185,F00726,2025-06-01,False,0,0
E00232,C0019,P0185,F00726,2025-07-01,True,21,17
E00232,C0019,P0185,F00726,2025-08-01,True,311,10
E00232,C0019,P0185,F00726,2025-09-01,True,259,11
E00232,C0019,P0185,F00726,2025-10-01,True,1082,3
E00232,C0019,P0185,F00726,2025-11-01,True,1214,13
E00232,C0019,P0185,F00726,2025-12-01,True,273,9
E00232,C0019,P0185,F00726,2026-01-01,True,189,2
E00232,C0019,P0185,F00726,2026-02-01,True,162,11
E00232,C0019,P0185,F00727,2025-06-01,False,0,0
E00232,C0019,P0185,F00727,2025-07-01,False,0,0
E00232,C0019,P0185,F00727,2025-08-01,False,0,0
E00232,C0019,P0185,F00727,2025-09-01,False,0,0
E00232,C0019,P0185,F00727,2025-10-01,False,0,0
E00232,C0019,P0185,F00727,2025-11-01,False,0,0
E00232,C0019,P0185,F00727,2025-12-01,False,0,0
E00232,C0019,P0185,F00727,2026-01-01,False,0,0
E00232,C0019,P0185,F00727,2026-02-01,False,0,0
E00232,C0019,P0185,F00728,2025-06-01,False,0,0
E00232,C0019,P0185,F00728,2025-07-01,False,0,0
E00232,C0019,P0185,F00728,2025-08-01,False,0,0
E00232,C0019,P0185,F00728,2025-09-01,False,0,0
E00232,C0019,P0185,F00728,2025-10-01,False,0,0
E00232,C0019,P0185,F00728,2025-11-01,False,0,0
E00232,C0019,P0185,F00728,2025-12-01,False,0,0
E00232,C0019,P0185,F00728,2026-01-01,False,0,0
E00232,C0019,P0185,F00728,2026-02-01,False,0,0
E00233,C0026,P0129,F00498,2025-06-01,False,0,0
E00233,C0026,P0129,F00498,2025-07-01,True,329,16
E00233,C0026,P0129,F00498,2025-08-01,True,261,7
E00233,C0026,P0129,F00498,2025-09-01,True,1490,6
E00233,C0026,P0129,F00498,2025-10-01,True,204,22
E00233,C0026,P0129,F00498,2025-11-01,True,651,8
E00233,C0026,P0129,F00498,2025-12-01,True,689,12
E00233,C0026,P0129,F00498,2026-01-01,True,263,17
E00233,C0026,P0129,F00498,2026-02-01,True,399,2
E00233,C0026,P0129,F00498,2026-03-01,True,622,10
E00233,C0026,P0129,F00498,2026-04-01,True,1026,20
E00233,C0026,P0129,F00499,2025-06-01,True,454,9
E00233,C0026,P0129,F00499,2025-07-01,True,391,6
E00233,C0026,P0129,F00499,2025-08-01,True,454,30
E00233,C0026,P0129,F00499,2025-09-01,True,1312,24
E00233,C0026,P0129,F00499,2025-10-01,True,435,3
E00233,C0026,P0129,F00499,2025-11-01,True,373,21
E00233,C0026,P0129,F00499,2025-12-01,False,0,0
E00233,C0026,P0129,F00499,2026-01-01,True,687,10
E00233,C0026,P0129,F00499,2026-02-01,True,326,15
E00233,C0026,P0129,F00499,2026-03-01,True,409,11
E00233,C0026,P0129,F00499,2026-04-01,False,0,0
E00233,C0026,P0129,F00500,2025-06-01,False,0,0
E00233,C0026,P0129,F00500,2025-07-01,False,0,0
E00233,C0026,P0129,F00500,2025-08-01,False,0,0
E00233,C0026,P0129,F00500,2025-09-01,False,0,0
E00233,C0026,P0129,F00500,2025-10-01,False,0,0
E00233,C0026,P0129,F00500,2025-11-01,True,358,27
E00233,C0026,P0129,F00500,2025-12-01,True,163,9
E00233,C0026,P0129,F00421,2026-01-01,True,325,13
E00233,C0026,P0129,F00500,2026-02-01,True,399,11
E00233,C0026,P0129,F00500,2026-03-01,True,173,11
E00233,C0026,P0129,F00500,2026-04-01,True,610,13
E00233,C0026,P0129,F00501,2025-06-01,False,0,0
E00233,C0026,P0129,F00501,2025-07-01,False,0,0
E00233,C0026,P0129,F00501,2025-08-01,False,0,0
E00233,C0026,P0129,F00501,2025-09-01,False,0,0
E00233,C0026,P0129,F00501,2025-10-01,False,0,0
E00233,C0026,P0129,F00501,2025-11-01,False,0,0
E00233,C0026,P0129,F00501,2025-12-01,False,0,0
E00233,C0026,P0129,F00501,2026-01-01,False,0,0
E00233,C0026,P0129,F00501,2026-02-01,True,161,12
E00233,C0026,P0129,F00501,2026-03-01,True,404,9
E00233,C0026,P0129,F00501,2026-04-01,True,459,7
E00233,C0026,P0129,F00502,2025-06-01,False,0,0
E00233,C0026,P0129,F00502,2025-07-01,False,0,0
E00233,C0026,P0129,F00502,2025-08-01,False,0,0
E00233,C0026,P0129,F00502,2025-09-01,False,0,0
E00233,C0026,P0129,F00502,2025-10-01,False,0,0
E00233,C0026,P0129,F00502,2025-11-01,False,0,0
E00233,C0026,P0129,F00502,2025-12-01,False,0,0
E00233,C0026,P0129,F00502,2026-01-01,False,0,0
E00233,C0026,P0129,F00502,2026-02-01,False,0,0
E00233,C0026,P0129,F00502,2026-03-01,False,0,0
E00233,C0026,P0129,F00502,2026-04-01,False,0,0
E00234,C0034,P0310,F01237,2025-10-01,False,0,0
E00234,C0034,P0310,F01237,2025-11-01,True,629,35
E00234,C0034,P0310,F01237,2025-12-01,True,666,6
E00234,C0034,P0310,F01237,2026-01-01,True,605,20
E00234,C0034,P0310,F01237,2026-02-01,True,514,16
E00234,C0034,P0310,F01237,2026-03-01,True,372,4
E00234,C0034,P0310,F01237,2026-04-01,True,353,5
E00234,C0034,P0310,F01237,2026-05-01,True,330,8
E00234,C0034,P0310,F01237,2026-06-01,True,172,26
E00234,C0034,P0310,F01237,2026-07-01,True,393,8
E00234,C0034,P0310,F01237,2026-08-01,True,90,19
E00234,C0034,P0310,F01238,2025-10-01,False,0,0
E00234,C0034,P0310,F01238,2025-11-01,False,0,0
E00234,C0034,P0310,F01238,2025-12-01,False,0,0
E00234,C0034,P0310,F01238,2026-01-01,False,0,0
E00234,C0034,P0310,F01238,2026-02-01,False,0,0
E00234,C0034,P0310,F01238,2026-03-01,True,466,38
E00234,C0034,P0310,F01238,2026-04-01,True,223,25
E00234,C0034,P0310,F01238,2026-05-01,False,0,0
E00234,C0034,P0310,F00493,2026-06-01,True,353,6
E00234,C0034,P0310,F01238,2026-07-01,True,288,12
E00234,C0034,P0310,F01238,2026-08-01,True,264,4
E00234,C0034,P0310,F01239,2025-10-01,False,0,0
E00234,C0034,P0310,F01239,2025-11-01,False,0,0
E00234,C0034,P0310,F01239,2025-12-01,False,0,0
E00234,C0034,P0310,F01239,2026-01-01,True,185,16
E00234,C0034,P0310,F01239,2026-02-01,True,166,7
E00234,C0034,P0310,F01239,2026-03-01,True,171,13
E00234,C0034,P0310,F01239,2026-04-01,True,1821,16
E00234,C0034,P0310,F01239,2026-05-01,False,0,0
E00234,C0034,P0310,F01239,2026-06-01,True,215,13
E00234,C0034,P0310,F01239,2026-07-01,True,226,13
E00234,C0034,P0310,F01239,2026-08-01,True,1008,11
E00234,C0034,P0310,F01240,2025-10-01,False,0,0
E00234,C0034,P0310,F01240,2025-11-01,False,0,0
E00234,C0034,P0310,F01240,2025-12-01,False,0,0
E00234,C0034,P0310,F01240,2026-01-01,False,0,0
E00234,C0034,P0310,F01240,2026-02-01,False,0,0
E00234,C0034,P0310,F01240,2026-03-01,True,498,11
E00234,C0034,P0310,F01240,2026-04-01,True,728,17
E00234,C0034,P0310,F01240,2026-05-01,True,299,17
E00234,C0034,P0310,F01240,2026-06-01,False,0,0
E00234,C0034,P0310,F01240,2026-07-01,True,446,8
E00234,C0034,P0310,F01240,2026-08-01,False,0,0
E00235,C0056,P0154,F00602,2025-11-01,False,0,0
E00235,C0056,P0154,F00602,2025-12-01,True,284,12
E00235,C0056,P0154,F00602,2026-01-01,True,493,10
E00235,C0056,P0154,F00602,2026-02-01,True,501,6
E00235,C0056,P0154,F00602,2026-03-01,True,159,3
E00235,C0056,P0154,F00602,2026-04-01,True,563,3
E00235,C0056,P0154,F00602,2026-05-01,True,498,8
E00235,C0056,P0154,F00602,2026-06-01,True,306,9
E00235,C0056,P0154,F00602,2026-07-01,True,1618,7
E00235,C0056,P0154,F00602,2026-08-01,False,0,0
E00235,C0056,P0154,F00603,2025-11-01,True,181,34
E00235,C0056,P0154,F00603,2025-12-01,True,114,4
E00235,C0056,P0154,F00603,2026-01-01,True,696,14
E00235,C0056,P0154,F01470,2026-02-01,True,283,5
E00235,C0056,P0154,F00603,2026-03-01,True,53,29
E00235,C0056,P0154,F00603,2026-04-01,True,619,27
E00235,C0056,P0154,F00603,2026-05-01,True,784,15
E00235,C0056,P0154,F00603,2026-06-01,True,237,5
E00235,C0056,P0154,F00603,2026-07-01,True,836,8
E00235,C0056,P0154,F00603,2026-08-01,True,172,7
E00235,C0056,P0154,F00604,2025-11-01,False,0,0
E00235,C0056,P0154,F00604,2025-12-01,False,0,0
E00235,C0056,P0154,F00604,2026-01-01,False,0,0
E00235,C0056,P0154,F00604,2026-02-01,False,0,0
E00235,C0056,P0154,F00604,2026-03-01,False,0,0
E00235,C0056,P0154,F00604,2026-04-01,False,0,0
E00235,C0056,P0154,F00604,2026-05-01,False,0,0
E00235,C0056,P0154,F00604,2026-06-01,False,0,0
E00235,C0056,P0154,F00604,2026-07-01,False,0,0
E00235,C0056,P0154,F00604,2026-08-01,False,0,0
E00236,C0053,P0388,F01556,2025-06-01,True,870,6
E00236,C0053,P0388,F01556,2025-07-01,True,284,10
E00236,C0053,P0388,F01556,2025-08-01,True,454,5
E00236,C0053,P0388,F01556,2025-09-01,False,0,0
E00236,C0053,P0388,F01556,2025-10-01,False,0,0
E00236,C0053,P0388,F01556,2025-11-01,False,0,0
E00236,C0053,P0388,F01556,2025-12-01,False,0,0
E00236,C0053,P0388,F01556,2026-01-01,False,0,0
E00236,C0053,P0388,F01556,2026-02-01,False,0,0
E00236,C0053,P0388,F01556,2026-03-01,False,0,0
E00236,C0053,P0388,F01556,2026-04-01,False,0,0
E00236,C0053,P0388,F01556,2026-05-01,False,0,0
E00236,C0053,P0388,F01557,2025-06-01,False,0,0
E00236,C0053,P0388,F01557,2025-07-01,False,0,0
E00236,C0053,P0388,F01557,2025-08-01,False,0,0
E00236,C0053,P0388,F01557,2025-09-01,False,0,0
E00236,C0053,P0388,F01557,2025-10-01,False,0,0
E00236,C0053,P0388,F01557,2025-11-01,False,0,0
E00236,C0053,P0388,F01557,2025-12-01,False,0,0
E00236,C0053,P0388,F01557,2026-01-01,False,0,0
E00236,C0053,P0388,F01557,2026-02-01,False,0,0
E00236,C0053,P0388,F01557,2026-03-01,False,0,0
E00236,C0053,P0388,F01557,2026-04-01,False,0,0
E00236,C0053,P0388,F01557,2026-05-01,False,0,0
E00236,C0053,P0388,F01558,2025-06-01,True,344,20
E00236,C0053,P0388,F01558,2025-07-01,True,1379,5
E00236,C0053,P0388,F01558,2025-08-01,True,170,6
E00236,C0053,P0388,F01506,2025-09-01,True,0,0
E00236,C0053,P0388,F01558,2025-10-01,False,0,0
E00236,C0053,P0388,F01558,2025-11-01,False,0,0
E00236,C0053,P0388,F01558,2025-12-01,False,0,0
E00236,C0053,P0388,F01558,2026-01-01,False,0,0
E00236,C0053,P0388,F01558,2026-02-01,False,0,0
E00236,C0053,P0388,F01558,2026-03-01,False,0,0
E00236,C0053,P0388,F01558,2026-04-01,False,0,0
E00236,C0053,P0388,F01558,2026-05-01,False,0,0
E00236,C0053,P0388,F01559,2025-06-01,False,0,0
E00236,C0053,P0388,F01559,2025-07-01,False,0,0
E00236,C0053,P0388,F01559,2025-08-01,False,0,0
E00236,C0053,P0388,F01559,2025-09-01,False,0,0
E00236,C0053,P0388,F01559,2025-10-01,False,0,0
E00236,C0053,P0388,F01559,2025-11-01,False,0,0
E00236,C0053,P0388,F01559,2025-12-01,False,0,0
E00236,C0053,P0388,F01559,2026-01-01,False,0,0
E00236,C0053,P0388,F01559,2026-02-01,False,0,0
E00236,C0053,P0388,F01559,2026-03-01,False,0,0
E00236,C0053,P0388,F01559,2026-04-01,False,0,0
E00236,C0053,P0388,F01559,2026-05-01,False,0,0
E00237,C0058,P0117,F00450,2025-08-01,False,0,0
E00237,C0058,P0117,F00450,2025-09-01,True,591,5
E00237,C0058,P0117,F00450,2025-10-01,True,335,9
E00237,C0058,P0117,F00450,2025-11-01,True,1457,7
E00237,C0058,P0117,F00450,2025-12-01,True,229,17
E00237,C0058,P0117,F00450,2026-01-01,True,473,6
E00237,C0058,P0117,F00450,2026-02-01,True,911,4
E00237,C0058,P0117,F00450,2026-03-01,True,362,9
E00237,C0058,P0117,F00450,2026-04-01,True,339,6
E00237,C0058,P0117,F00450,2026-05-01,True,344,12
E00237,C0058,P0117,F00450,2026-06-01,True,31,8
E00237,C0058,P0117,F00450,2026-07-01,True,194,32
E00237,C0058,P0117,F00451,2025-08-01,False,0,0
E00237,C0058,P0117,F00451,2025-09-01,False,0,0
E00237,C0058,P0117,F00451,2025-10-01,False,0,0
E00237,C0058,P0117,F00451,2025-11-01,False,0,0
E00237,C0058,P0117,F00451,2025-12-01,False,0,0
E00237,C0058,P0117,F00451,2026-01-01,True,516,6
E00237,C0058,P0117,F00451,2026-02-01,True,248,9
E00237,C0058,P0117,F00451,2026-03-01,False,0,0
E00237,C0058,P0117,F00451,2026-04-01,True,244,15
E00237,C0058,P0117,F00451,2026-05-01,True,1035,1
E00237,C0058,P0117,F00451,2026-06-01,True,289,38
E00237,C0058,P0117,F00451,2026-07-01,True,298,13
E00237,C0058,P0117,F00452,2025-08-01,False,0,0
E00237,C0058,P0117,F00452,2025-09-01,False,0,0
E00237,C0058,P0117,F00452,2025-10-01,False,0,0
E00237,C0058,P0117,F00452,2025-11-01,False,0,0
E00237,C0058,P0117,F00452,2025-12-01,False,0,0
E00237,C0058,P0117,F00452,2026-01-01,False,0,0
E00237,C0058,P0117,F00452,2026-02-01,False,0,0
E00237,C0058,P0117,F00452,2026-03-01,False,0,0
E00237,C0058,P0117,F00452,2026-04-01,False,0,0
E00237,C0058,P0117,F00452,2026-05-01,False,0,0
E00237,C0058,P0117,F00452,2026-06-01,False,0,0
E00237,C0058,P0117,F00452,2026-07-01,False,0,0
E00237,C0058,P0117,F00453,2025-08-01,False,0,0
E00237,C0058,P0117,F00453,2025-09-01,False,0,0
E00237,C0058,P0117,F00453,2025-10-01,False,0,0
E00237,C0058,P0117,F00453,2025-11-01,False,0,0
E00237,C0058,P0117,F00453,2025-12-01,True,42,25
E00237,C0058,P0117,F00453,2026-01-01,True,146,14
E00237,C0058,P0117,F00453,2026-02-01,True,171,1
E00237,C0058,P0117,F00453,2026-03-01,True,474,18
E00237,C0058,P0117,F00453,2026-04-01,True,354,4
E00237,C0058,P0117,F00453,2026-05-01,True,1552,17
E00237,C0058,P0117,F00453,2026-06-01,True,422,23
E00237,C0058,P0117,F00453,2026-07-01,True,244,34
E00238,C0033,P0301,F01201,2025-06-01,True,620,21
E00238,C0033,P0301,F01201,2025-07-01,True,284,4
E00238,C0033,P0301,F01201,2025-08-01,True,427,7
E00238,C0033,P0301,F01201,2025-09-01,True,1335,3
E00238,C0033,P0301,F01201,2025-10-01,True,956,3
E00238,C0033,P0301,F01201,2025-11-01,True,171,3
E00238,C0033,P0301,F01201,2025-12-01,True,244,9
E00238,C0033,P0301,F01201,2026-01-01,True,219,14
E00238,C0033,P0301,F01201,2026-02-01,True,318,2
E00238,C0033,P0301,F01202,2025-06-01,False,0,0
E00238,C0033,P0301,F00499,2025-07-01,True,0,0
E00238,C0033,P0301,F01202,2025-08-01,False,0,0
E00238,C0033,P0301,F01202,2025-09-01,False,0,0
E00238,C0033,P0301,F01202,2025-10-01,False,0,0
E00238,C0033,P0301,F01202,2025-11-01,False,0,0
E00238,C0033,P0301,F01202,2025-12-01,False,0,0
E00238,C0033,P0301,F01202,2026-01-01,False,0,0
E00238,C0033,P0301,F01202,2026-02-01,False,0,0
E00238,C0033,P0301,F01203,2025-06-01,True,162,8
E00238,C0033,P0301,F01203,2025-07-01,True,784,12
E00238,C0033,P0301,F01203,2025-08-01,True,255,3
E00238,C0033,P0301,F01203,2025-09-01,True,420,25
E00238,C0033,P0301,F01203,2025-10-01,True,292,5
E00238,C0033,P0301,F01203,2025-11-01,True,562,22
E00238,C0033,P0301,F01203,2025-12-01,True,324,17
E00238,C0033,P0301,F01203,2026-01-01,True,265,18
E00238,C0033,P0301,F01203,2026-02-01,True,942,19
E00238,C0033,P0301,F00779,2025-06-01,True,0,0
E00238,C0033,P0301,F01204,2025-07-01,False,0,0
E00238,C0033,P0301,F01204,2025-08-01,False,0,0
E00238,C0033,P0301,F01204,2025-09-01,False,0,0
E00238,C0033,P0301,F01204,2025-10-01,False,0,0
E00238,C0033,P0301,F01204,2025-11-01,False,0,0
E00238,C0033,P0301,F01204,2025-12-01,False,0,0
E00238,C0033,P0301,F01204,2026-01-01,False,0,0
E00238,C0033,P0301,F01204,2026-02-01,False,0,0
E00238,C0033,P0301,F01205,2025-06-01,False,0,0
E00238,C0033,P0301,F01205,2025-07-01,False,0,0
E00238,C0033,P0301,F01205,2025-08-01,False,0,0
E00238,C0033,P0301,F01205,2025-09-01,True,546,32
E00238,C0033,P0301,F01205,2025-10-01,True,304,15
E00238,C0033,P0301,F01205,2025-11-01,True,312,15
E00238,C0033,P0301,F01205,2025-12-01,True,613,20
E00238,C0033,P0301,F01205,2026-01-01,True,385,2
E00238,C0033,P0301,F01205,2026-02-01,True,317,17
E00239,C0016,P0161,F00629,2025-07-01,False,0,0
E00239,C0016,P0161,F00629,2025-08-01,True,471,15
E00239,C0016,P0161,F00629,2025-09-01,True,641,4
E00239,C0016,P0161,F00629,2025-10-01,True,664,33
E00239,C0016,P0161,F00629,2025-11-01,False,0,0
E00239,C0016,P0161,F00629,2025-12-01,True,282,21
E00239,C0016,P0161,F00629,2026-01-01,True,403,14
E00239,C0016,P0161,F00629,2026-02-01,True,689,13
E00239,C0016,P0161,F00629,2026-03-01,True,269,14
E00239,C0016,P0161,F00629,2026-04-01,True,176,3
E00239,C0016,P0161,F00629,2026-05-01,True,983,15
E00239,C0016,P0161,F00629,2026-06-01,True,618,13
E00239,C0016,P0161,F00630,2025-07-01,False,0,0
E00239,C0016,P0161,F00630,2025-08-01,False,0,0
E00239,C0016,P0161,F01907,2025-09-01,True,0,0
E00239,C0016,P0161,F00630,2025-10-01,False,0,0
E00239,C0016,P0161,F00630,2025-11-01,False,0,0
E00239,C0016,P0161,F00630,2025-12-01,True,75,26
E00239,C0016,P0161,F00630,2026-01-01,True,269,9
E00239,C0016,P0161,F00630,2026-02-01,True,862,5
E00239,C0016,P0161,F00630,2026-03-01,True,293,8
E00239,C0016,P0161,F00630,2026-04-01,True,169,12
E00239,C0016,P0161,F00630,2026-05-01,True,190,27
E00239,C0016,P0161,F00630,2026-06-01,True,90,4
E00239,C0016,P0161,F00631,2025-07-01,False,0,0
E00239,C0016,P0161,F00631,2025-08-01,False,0,0
E00239,C0016,P0161,F00631,2025-09-01,False,0,0
E00239,C0016,P0161,F00631,2025-10-01,False,0,0
E00239,C0016,P0161,F00631,2025-11-01,False,0,0
E00239,C0016,P0161,F00631,2025-12-01,False,0,0
E00239,C0016,P0161,F00631,2026-01-01,False,0,0
E00239,C0016,P0161,F00631,2026-02-01,False,0,0
E00239,C0016,P0161,F00631,2026-03-01,False,0,0
E00239,C0016,P0161,F00631,2026-04-01,False,0,0
E00239,C0016,P0161,F00631,2026-05-01,False,0,0
E00239,C0016,P0161,F00631,2026-06-01,False,0,0
E00239,C0016,P0161,F00632,2025-07-01,False,0,0
E00239,C0016,P0161,F00632,2025-08-01,False,0,0
E00239,C0016,P0161,F00632,2025-09-01,False,0,0
E00239,C0016,P0161,F00632,2025-10-01,False,0,0
E00239,C0016,P0161,F00632,2025-11-01,True,292,11
E00239,C0016,P0161,F00632,2025-12-01,True,216,18
E00239,C0016,P0161,F00632,2026-01-01,True,326,16
E00239,C0016,P0161,F00632,2026-02-01,True,918,31
E00239,C0016,P0161,F00632,2026-03-01,True,298,12
E00239,C0016,P0161,F00632,2026-04-01,True,468,9
E00239,C0016,P0161,F00632,2026-05-01,True,160,21
E00239,C0016,P0161,F00632,2026-06-01,True,160,23
E00239,C0016,P0161,F00633,2025-07-01,False,0,0
E00239,C0016,P0161,F00633,2025-08-01,False,0,0
E00239,C0016,P0161,F00633,2025-09-01,False,0,0
E00239,C0016,P0161,F00633,2025-10-01,False,0,0
E00239,C0016,P0161,F00633,2025-11-01,False,0,0
E00239,C0016,P0161,F00633,2025-12-01,False,0,0
E00239,C0016,P0161,F00633,2026-01-01,False,0,0
E00239,C0016,P0161,F00633,2026-02-01,True,525,13
E00239,C0016,P0161,F00633,2026-03-01,True,204,2
E00239,C0016,P0161,F00633,2026-04-01,True,756,6
E00239,C0016,P0161,F00633,2026-05-01,True,548,16
E00239,C0016,P0161,F00633,2026-06-01,True,379,13
E00240,C0097,P0231,F00910,2025-11-01,False,0,0
E00240,C0097,P0231,F00910,2025-12-01,True,519,12
E00240,C0097,P0231,F00910,2026-01-01,True,185,3
E00240,C0097,P0231,F00910,2026-02-01,True,218,8
E00240,C0097,P0231,F00076,2026-03-01,True,952,4
E00240,C0097,P0231,F00910,2026-04-01,True,1044,35
E00240,C0097,P0231,F00910,2026-05-01,True,225,34
E00240,C0097,P0231,F00910,2026-06-01,True,337,9
E00240,C0097,P0231,F00910,2026-07-01,True,952,13
E00240,C0097,P0231,F00910,2026-08-01,False,0,0
E00240,C0097,P0231,F00911,2025-11-01,False,0,0
E00240,C0097,P0231,F00911,2025-12-01,False,0,0
E00240,C0097,P0231,F00911,2026-01-01,False,0,0
E00240,C0097,P0231,F00911,2026-02-01,True,396,6
E00240,C0097,P0231,F00911,2026-03-01,True,232,12
E00240,C0097,P0231,F00911,2026-04-01,True,952,4
E00240,C0097,P0231,F00911,2026-05-01,True,351,3
E00240,C0097,P0231,F00911,2026-06-01,True,206,17
E00240,C0097,P0231,F00911,2026-07-01,True,173,22
E00240,C0097,P0231,F00911,2026-08-01,True,172,7
E00240,C0097,P0231,F00912,2025-11-01,True,61,22
E00240,C0097,P0231,F00912,2025-12-01,True,717,4
E00240,C0097,P0231,F00912,2026-01-01,True,297,8
E00240,C0097,P0231,F00912,2026-02-01,True,258,35
E00240,C0097,P0231,F00912,2026-03-01,True,255,5
E00240,C0097,P0231,F00912,2026-04-01,True,69,6
E00240,C0097,P0231,F00912,2026-05-01,True,950,13
E00240,C0097,P0231,F00912,2026-06-01,True,441,6
E00240,C0097,P0231,F00912,2026-07-01,True,851,16
E00240,C0097,P0231,F00912,2026-08-01,True,261,5
E00241,C0017,P0378,F01514,2025-09-01,True,352,5
E00241,C0017,P0378,F01514,2025-10-01,True,320,12
E00241,C0017,P0378,F01514,2025-11-01,True,207,1
E00241,C0017,P0378,F01514,2025-12-01,True,508,6
E00241,C0017,P0378,F00633,2026-01-01,True,408,10
E00241,C0017,P0378,F01514,2026-02-01,True,1137,11
E00241,C0017,P0378,F01514,2026-03-01,True,712,8
E00241,C0017,P0378,F01514,2026-04-01,True,173,15
E00241,C0017,P0378,F01514,2026-05-01,True,200,18
E00241,C0017,P0378,F01514,2026-06-01,True,123,13
E00241,C0017,P0378,F01514,2026-07-01,True,368,28
E00241,C0017,P0378,F01514,2026-08-01,False,0,0
E00241,C0017,P0378,F01515,2025-09-01,False,0,0
E00241,C0017,P0378,F01515,2025-10-01,False,0,0
E00241,C0017,P0378,F01515,2025-11-01,False,0,0
E00241,C0017,P0378,F01515,2025-12-01,False,0,0
E00241,C0017,P0378,F01515,2026-01-01,True,511,10
E00241,C0017,P0378,F01515,2026-02-01,True,660,1
E00241,C0017,P0378,F01515,2026-03-01,True,558,17
E00241,C0017,P0378,F01515,2026-04-01,True,642,17
E00241,C0017,P0378,F01515,2026-05-01,True,542,8
E00241,C0017,P0378,F00827,2026-06-01,True,417,7
E00241,C0017,P0378,F01515,2026-07-01,True,184,8
E00241,C0017,P0378,F01515,2026-08-01,False,0,0
E00241,C0017,P0378,F01516,2025-09-01,False,0,0
E00241,C0017,P0378,F01516,2025-10-01,False,0,0
E00241,C0017,P0378,F01516,2025-11-01,False,0,0
E00241,C0017,P0378,F01516,2025-12-01,False,0,0
E00241,C0017,P0378,F01516,2026-01-01,False,0,0
E00241,C0017,P0378,F01516,2026-02-01,True,322,14
E00241,C0017,P0378,F01516,2026-03-01,True,891,20
E00241,C0017,P0378,F01516,2026-04-01,False,0,0
E00241,C0017,P0378,F01516,2026-05-01,True,464,23
E00241,C0017,P0378,F01516,2026-06-01,False,0,0
E00241,C0017,P0378,F01516,2026-07-01,True,378,15
E00241,C0017,P0378,F01516,2026-08-01,True,283,11
E00241,C0017,P0378,F01517,2025-09-01,False,0,0
E00241,C0017,P0378,F01517,2025-10-01,False,0,0
E00241,C0017,P0378,F01517,2025-11-01,False,0,0
E00241,C0017,P0378,F01517,2025-12-01,False,0,0
E00241,C0017,P0378,F01517,2026-01-01,False,0,0
E00241,C0017,P0378,F01517,2026-02-01,False,0,0
E00241,C0017,P0378,F01517,2026-03-01,False,0,0
E00241,C0017,P0378,F01517,2026-04-01,False,0,0
E00241,C0017,P0378,F01517,2026-05-01,False,0,0
E00241,C0017,P0378,F01517,2026-06-01,False,0,0
E00241,C0017,P0378,F01517,2026-07-01,False,0,0
E00241,C0017,P0378,F01517,2026-08-01,False,0,0
E00242,C0044,P0215,F00848,2025-10-01,True,304,3
E00242,C0044,P0215,F00848,2025-11-01,True,85,4
E00242,C0044,P0215,F00848,2025-12-01,False,0,0
E00242,C0044,P0215,F00848,2026-01-01,True,467,25
E00242,C0044,P0215,F00848,2026-02-01,True,815,16
E00242,C0044,P0215,F00457,2026-03-01,True,245,5
E00242,C0044,P0215,F00848,2026-04-01,True,408,7
E00242,C0044,P0215,F00045,2026-05-01,True,102,5
E00242,C0044,P0215,F00848,2026-06-01,True,281,25
E00242,C0044,P0215,F00848,2026-07-01,True,72,4
E00242,C0044,P0215,F00848,2026-08-01,True,300,6
E00242,C0044,P0215,F00849,2025-10-01,False,0,0
E00242,C0044,P0215,F00849,2025-11-01,False,0,0
E00242,C0044,P0215,F00849,2025-12-01,False,0,0
E00242,C0044,P0215,F00849,2026-01-01,False,0,0
E00242,C0044,P0215,F00849,2026-02-01,False,0,0
E00242,C0044,P0215,F00849,2026-03-01,False,0,0
E00242,C0044,P0215,F00849,2026-04-01,False,0,0
E00242,C0044,P0215,F00849,2026-05-01,False,0,0
E00242,C0044,P0215,F00849,2026-06-01,False,0,0
E00242,C0044,P0215,F00849,2026-07-01,False,0,0
E00242,C0044,P0215,F00849,2026-08-01,False,0,0
E00242,C0044,P0215,F00850,2025-10-01,False,0,0
E00242,C0044,P0215,F00850,2025-11-01,False,0,0
E00242,C0044,P0215,F00850,2025-12-01,False,0,0
E00242,C0044,P0215,F00850,2026-01-01,False,0,0
E00242,C0044,P0215,F00850,2026-02-01,False,0,0
E00242,C0044,P0215,F00850,2026-03-01,False,0,0
E00242,C0044,P0215,F00850,2026-04-01,False,0,0
E00242,C0044,P0215,F00850,2026-05-01,False,0,0
E00242,C0044,P0215,F00850,2026-06-01,False,0,0
E00242,C0044,P0215,F00850,2026-07-01,False,0,0
E00242,C0044,P0215,F00850,2026-08-01,False,0,0
E00243,C0006,P0012,F00041,2025-06-01,True,506,9
E00243,C0006,P0012,F00041,2025-07-01,True,100,7
E00243,C0006,P0012,F00041,2025-08-01,True,421,17
E00243,C0006,P0012,F00041,2025-09-01,True,126,13
E00243,C0006,P0012,F00041,2025-10-01,True,287,23
E00243,C0006,P0012,F00041,2025-11-01,True,247,3
E00243,C0006,P0012,F00041,2025-12-01,True,209,2
E00243,C0006,P0012,F00041,2026-01-01,True,72,14
E00243,C0006,P0012,F00041,2026-02-01,True,469,15
E00243,C0006,P0012,F00041,2026-03-01,True,226,5
E00243,C0006,P0012,F00041,2026-04-01,False,0,0
E00243,C0006,P0012,F00041,2026-05-01,True,1419,12
E00243,C0006,P0012,F00042,2025-06-01,False,0,0
E00243,C0006,P0012,F00042,2025-07-01,False,0,0
E00243,C0006,P0012,F00042,2025-08-01,False,0,0
E00243,C0006,P0012,F00042,2025-09-01,False,0,0
E00243,C0006,P0012,F00042,2025-10-01,True,143,27
E00243,C0006,P0012,F00042,2025-11-01,True,872,16
E00243,C0006,P0012,F00042,2025-12-01,True,319,5
E00243,C0006,P0012,F00042,2026-01-01,True,255,22
E00243,C0006,P0012,F00042,2026-02-01,True,201,4
E00243,C0006,P0012,F00547,2026-03-01,True,563,10
E00243,C0006,P0012,F00042,2026-04-01,True,208,7
E00243,C0006,P0012,F00042,2026-05-01,True,42,7
E00243,C0006,P0012,F00043,2025-06-01,False,0,0
E00243,C0006,P0012,F00043,2025-07-01,False,0,0
E00243,C0006,P0012,F00043,2025-08-01,True,743,5
E00243,C0006,P0012,F00043,2025-09-01,True,1571,10
E00243,C0006,P0012,F00043,2025-10-01,True,94,12
E00243,C0006,P0012,F00043,2025-11-01,True,161,16
E00243,C0006,P0012,F00043,2025-12-01,True,828,18
E00243,C0006,P0012,F00043,2026-01-01,True,645,7
E00243,C0006,P0012,F00043,2026-02-01,True,165,15
E00243,C0006,P0012,F00043,2026-03-01,True,177,8
E00243,C0006,P0012,F00043,2026-04-01,True,183,6
E00243,C0006,P0012,F00043,2026-05-01,True,556,6
E00243,C0006,P0012,F00044,2025-06-01,False,0,0
E00243,C0006,P0012,F00044,2025-07-01,False,0,0
E00243,C0006,P0012,F00044,2025-08-01,False,0,0
E00243,C0006,P0012,F00044,2025-09-01,False,0,0
E00243,C0006,P0012,F00044,2025-10-01,False,0,0
E00243,C0006,P0012,F00044,2025-11-01,False,0,0
E00243,C0006,P0012,F00044,2025-12-01,False,0,0
E00243,C0006,P0012,F00044,2026-01-01,False,0,0
E00243,C0006,P0012,F00044,2026-02-01,False,0,0
E00243,C0006,P0012,F00044,2026-03-01,False,0,0
E00243,C0006,P0012,F00044,2026-04-01,True,563,23
E00243,C0006,P0012,F00044,2026-05-01,True,231,4
E00244,C0071,P0410,F01639,2025-06-01,True,715,13
E00244,C0071,P0410,F01639,2025-07-01,True,188,8
E00244,C0071,P0410,F01639,2025-08-01,True,479,3
E00244,C0071,P0410,F01639,2025-09-01,False,0,0
E00244,C0071,P0410,F01639,2025-10-01,False,0,0
E00244,C0071,P0410,F01639,2025-11-01,False,0,0
E00244,C0071,P0410,F01639,2025-12-01,False,0,0
E00244,C0071,P0410,F01639,2026-01-01,False,0,0
E00244,C0071,P0410,F01640,2025-06-01,False,0,0
E00244,C0071,P0410,F01640,2025-07-01,False,0,0
E00244,C0071,P0410,F01640,2025-08-01,False,0,0
E00244,C0071,P0410,F01640,2025-09-01,False,0,0
E00244,C0071,P0410,F01640,2025-10-01,False,0,0
E00244,C0071,P0410,F01640,2025-11-01,False,0,0
E00244,C0071,P0410,F01640,2025-12-01,False,0,0
E00244,C0071,P0410,F01640,2026-01-01,False,0,0
E00244,C0071,P0410,F01641,2025-06-01,False,0,0
E00244,C0071,P0410,F01641,2025-07-01,False,0,0
E00244,C0071,P0410,F01641,2025-08-01,False,0,0
E00244,C0071,P0410,F01641,2025-09-01,False,0,0
E00244,C0071,P0410,F01641,2025-10-01,False,0,0
E00244,C0071,P0410,F01641,2025-11-01,False,0,0
E00244,C0071,P0410,F01641,2025-12-01,False,0,0
E00244,C0071,P0410,F01641,2026-01-01,False,0,0
E00244,C0071,P0410,F01642,2025-06-01,False,0,0
E00244,C0071,P0410,F01642,2025-07-01,False,0,0
E00244,C0071,P0410,F01642,2025-08-01,False,0,0
E00244,C0071,P0410,F01642,2025-09-01,False,0,0
E00244,C0071,P0410,F01642,2025-10-01,False,0,0
E00244,C0071,P0410,F01642,2025-11-01,False,0,0
E00244,C0071,P0410,F01642,2025-12-01,False,0,0
E00244,C0071,P0410,F01642,2026-01-01,False,0,0
E00244,C0071,P0410,F01643,2025-06-01,False,0,0
E00244,C0071,P0410,F01643,2025-07-01,False,0,0
E00244,C0071,P0410,F01643,2025-08-01,False,0,0
E00244,C0071,P0410,F01643,2025-09-01,False,0,0
E00244,C0071,P0410,F01643,2025-10-01,False,0,0
E00244,C0071,P0410,F01643,2025-11-01,False,0,0
E00244,C0071,P0410,F01643,2025-12-01,False,0,0
E00244,C0071,P0410,F01643,2026-01-01,False,0,0
E00245,C0005,P0198,F00778,2025-06-01,False,0,0
E00245,C0005,P0198,F00778,2025-07-01,True,1064,19
E00245,C0005,P0198,F00778,2025-08-01,True,363,29
E00245,C0005,P0198,F00778,2025-09-01,True,917,9
E00245,C0005,P0198,F00778,2025-10-01,True,290,9
E00245,C0005,P0198,F00778,2025-11-01,True,538,14
E00245,C0005,P0198,F00778,2025-12-01,True,56,14
E00245,C0005,P0198,F00778,2026-01-01,False,0,0
E00245,C0005,P0198,F00778,2026-02-01,True,481,9
E00245,C0005,P0198,F00779,2025-06-01,False,0,0
E00245,C0005,P0198,F00779,2025-07-01,False,0,0
E00245,C0005,P0198,F00779,2025-08-01,False,0,0
E00245,C0005,P0198,F00779,2025-09-01,True,380,2
E00245,C0005,P0198,F00779,2025-10-01,True,118,5
E00245,C0005,P0198,F00779,2025-11-01,True,543,24
E00245,C0005,P0198,F00779,2025-12-01,True,518,11
E00245,C0005,P0198,F00779,2026-01-01,True,602,1
E00245,C0005,P0198,F00779,2026-02-01,True,806,9
E00245,C0005,P0198,F00780,2025-06-01,False,0,0
E00245,C0005,P0198,F00780,2025-07-01,False,0,0
E00245,C0005,P0198,F00780,2025-08-01,False,0,0
E00245,C0005,P0198,F00780,2025-09-01,False,0,0
E00245,C0005,P0198,F00780,2025-10-01,False,0,0
E00245,C0005,P0198,F00780,2025-11-01,True,737,16
E00245,C0005,P0198,F00780,2025-12-01,True,187,12
E00245,C0005,P0198,F00780,2026-01-01,True,202,14
E00245,C0005,P0198,F00780,2026-02-01,True,1150,14
E00245,C0005,P0198,F00781,2025-06-01,False,0,0
E00245,C0005,P0198,F00781,2025-07-01,False,0,0
E00245,C0005,P0198,F00781,2025-08-01,False,0,0
E00245,C0005,P0198,F00781,2025-09-01,True,180,19
E00245,C0005,P0198,F00781,2025-10-01,False,0,0
E00245,C0005,P0198,F00812,2025-11-01,True,171,23
E00245,C0005,P0198,F00781,2025-12-01,True,144,21
E00245,C0005,P0198,F00781,2026-01-01,True,237,15
E00245,C0005,P0198,F00781,2026-02-01,True,680,12
E00246,C0098,P0156,F00608,2025-06-01,True,260,13
E00246,C0098,P0156,F00608,2025-07-01,True,326,11
E00246,C0098,P0156,F00608,2025-08-01,True,82,17
E00246,C0098,P0156,F00608,2025-09-01,False,0,0
E00246,C0098,P0156,F00608,2025-10-01,False,0,0
E00246,C0098,P0156,F00608,2025-11-01,False,0,0
E00246,C0098,P0156,F00608,2025-12-01,False,0,0
E00246,C0098,P0156,F00608,2026-01-01,False,0,0
E00246,C0098,P0156,F00608,2026-02-01,False,0,0
E00246,C0098,P0156,F00608,2026-03-01,False,0,0
E00246,C0098,P0156,F00608,2026-04-01,False,0,0
E00246,C0098,P0156,F00609,2025-06-01,False,0,0
E00246,C0098,P0156,F00609,2025-07-01,False,0,0
E00246,C0098,P0156,F00609,2025-08-01,False,0,0
E00246,C0098,P0156,F00609,2025-09-01,False,0,0
E00246,C0098,P0156,F00609,2025-10-01,False,0,0
E00246,C0098,P0156,F00609,2025-11-01,False,0,0
E00246,C0098,P0156,F00609,2025-12-01,False,0,0
E00246,C0098,P0156,F00609,2026-01-01,False,0,0
E00246,C0098,P0156,F00609,2026-02-01,False,0,0
E00246,C0098,P0156,F00609,2026-03-01,False,0,0
E00246,C0098,P0156,F00609,2026-04-01,False,0,0
E00246,C0098,P0156,F00610,2025-06-01,False,0,0
E00246,C0098,P0156,F00610,2025-07-01,False,0,0
E00246,C0098,P0156,F00610,2025-08-01,False,0,0
E00246,C0098,P0156,F00610,2025-09-01,False,0,0
E00246,C0098,P0156,F00610,2025-10-01,False,0,0
E00246,C0098,P0156,F00610,2025-11-01,False,0,0
E00246,C0098,P0156,F00610,2025-12-01,False,0,0
E00246,C0098,P0156,F00610,2026-01-01,False,0,0
E00246,C0098,P0156,F00610,2026-02-01,False,0,0
E00246,C0098,P0156,F00610,2026-03-01,False,0,0
E00246,C0098,P0156,F00610,2026-04-01,False,0,0
E00246,C0098,P0156,F00611,2025-06-01,False,0,0
E00246,C0098,P0156,F00611,2025-07-01,False,0,0
E00246,C0098,P0156,F00611,2025-08-01,False,0,0
E00246,C0098,P0156,F00611,2025-09-01,False,0,0
E00246,C0098,P0156,F00611,2025-10-01,False,0,0
E00246,C0098,P0156,F00611,2025-11-01,False,0,0
E00246,C0098,P0156,F00611,2025-12-01,False,0,0
E00246,C0098,P0156,F00611,2026-01-01,False,0,0
E00246,C0098,P0156,F00611,2026-02-01,False,0,0
E00246,C0098,P0156,F00466,2026-03-01,True,0,0
E00246,C0098,P0156,F00611,2026-04-01,False,0,0
E00246,C0098,P0156,F00612,2025-06-01,False,0,0
E00246,C0098,P0156,F00612,2025-07-01,False,0,0
E00246,C0098,P0156,F00612,2025-08-01,False,0,0
E00246,C0098,P0156,F00612,2025-09-01,False,0,0
E00246,C0098,P0156,F00612,2025-10-01,False,0,0
E00246,C0098,P0156,F00612,2025-11-01,False,0,0
E00246,C0098,P0156,F00512,2025-12-01,True,0,0
E00246,C0098,P0156,F00612,2026-01-01,False,0,0
E00246,C0098,P0156,F00612,2026-02-01,False,0,0
E00246,C0098,P0156,F00612,2026-03-01,False,0,0
E00246,C0098,P0156,F00612,2026-04-01,False,0,0
E00247,C0009,P0353,F01409,2025-10-01,True,420,2
E00247,C0009,P0353,F01409,2025-11-01,True,273,2
E00247,C0009,P0353,F01409,2025-12-01,True,378,15
E00247,C0009,P0353,F01409,2026-01-01,True,209,6
E00247,C0009,P0353,F01409,2026-02-01,True,262,6
E00247,C0009,P0353,F01409,2026-03-01,True,165,2
E00247,C0009,P0353,F01409,2026-04-01,True,189,3
E00247,C0009,P0353,F01409,2026-05-01,True,803,25
E00247,C0009,P0353,F01409,2026-06-01,True,510,22
E00247,C0009,P0353,F01409,2026-07-01,True,175,15
E00247,C0009,P0353,F01409,2026-08-01,False,0,0
E00247,C0009,P0353,F01410,2025-10-01,False,0,0
E00247,C0009,P0353,F01410,2025-11-01,False,0,0
E00247,C0009,P0353,F01410,2025-12-01,True,519,13
E00247,C0009,P0353,F01410,2026-01-01,True,256,10
E00247,C0009,P0353,F01410,2026-02-01,True,434,12
E00247,C0009,P0353,F01410,2026-03-01,True,156,24
E00247,C0009,P0353,F01410,2026-04-01,True,380,17
E00247,C0009,P0353,F01410,2026-05-01,True,227,14
E00247,C0009,P0353,F01410,2026-06-01,True,400,5
E00247,C0009,P0353,F01410,2026-07-01,True,362,8
E00247,C0009,P0353,F01410,2026-08-01,True,305,19
E00247,C0009,P0353,F01411,2025-10-01,False,0,0
E00247,C0009,P0353,F01411,2025-11-01,False,0,0
E00247,C0009,P0353,F01411,2025-12-01,False,0,0
E00247,C0009,P0353,F01411,2026-01-01,False,0,0
E00247,C0009,P0353,F01411,2026-02-01,False,0,0
E00247,C0009,P0353,F01411,2026-03-01,False,0,0
E00247,C0009,P0353,F01411,2026-04-01,False,0,0
E00247,C0009,P0353,F01411,2026-05-01,False,0,0
E00247,C0009,P0353,F01411,2026-06-01,False,0,0
E00247,C0009,P0353,F01411,2026-07-01,False,0,0
E00247,C0009,P0353,F01411,2026-08-01,False,0,0
E00247,C0009,P0353,F01412,2025-10-01,False,0,0
E00247,C0009,P0353,F01412,2025-11-01,False,0,0
E00247,C0009,P0353,F01412,2025-12-01,False,0,0
E00247,C0009,P0353,F00889,2026-01-01,True,0,0
E00247,C0009,P0353,F01412,2026-02-01,False,0,0
E00247,C0009,P0353,F01412,2026-03-01,False,0,0
E00247,C0009,P0353,F01412,2026-04-01,False,0,0
E00247,C0009,P0353,F01412,2026-05-01,False,0,0
E00247,C0009,P0353,F01412,2026-06-01,False,0,0
E00247,C0009,P0353,F01412,2026-07-01,False,0,0
E00247,C0009,P0353,F01412,2026-08-01,False,0,0
E00248,C0044,P0198,F00778,2025-06-01,False,0,0
E00248,C0044,P0198,F00778,2025-07-01,True,331,19
E00248,C0044,P0198,F00778,2025-08-01,True,540,11
E00248,C0044,P0198,F00778,2025-09-01,True,723,19
E00248,C0044,P0198,F00778,2025-10-01,True,393,12
E00248,C0044,P0198,F00778,2025-11-01,True,728,16
E00248,C0044,P0198,F00778,2025-12-01,True,859,9
E00248,C0044,P0198,F01559,2026-01-01,True,132,6
E00248,C0044,P0198,F00778,2026-02-01,True,56,6
E00248,C0044,P0198,F00779,2025-06-01,False,0,0
E00248,C0044,P0198,F00779,2025-07-01,False,0,0
E00248,C0044,P0198,F00779,2025-08-01,True,560,9
E00248,C0044,P0198,F00779,2025-09-01,True,170,7
E00248,C0044,P0198,F00779,2025-10-01,True,447,7
E00248,C0044,P0198,F00779,2025-11-01,True,301,3
E00248,C0044,P0198,F00779,2025-12-01,True,791,24
E00248,C0044,P0198,F00779,2026-01-01,True,178,8
E00248,C0044,P0198,F00779,2026-02-01,True,48,21
E00248,C0044,P0198,F00780,2025-06-01,False,0,0
E00248,C0044,P0198,F00780,2025-07-01,False,0,0
E00248,C0044,P0198,F01968,2025-08-01,True,0,0
E00248,C0044,P0198,F00780,2025-09-01,False,0,0
E00248,C0044,P0198,F00780,2025-10-01,True,115,10
E00248,C0044,P0198,F00780,2025-11-01,True,147,10
E00248,C0044,P0198,F00780,2025-12-01,True,652,15
E00248,C0044,P0198,F00780,2026-01-01,True,566,3
E00248,C0044,P0198,F00780,2026-02-01,True,342,34
E00248,C0044,P0198,F00781,2025-06-01,False,0,0
E00248,C0044,P0198,F00781,2025-07-01,False,0,0
E00248,C0044,P0198,F00781,2025-08-01,False,0,0
E00248,C0044,P0198,F00781,2025-09-01,False,0,0
E00248,C0044,P0198,F00781,2025-10-01,True,428,10
E00248,C0044,P0198,F00781,2025-11-01,True,292,11
E00248,C0044,P0198,F00781,2025-12-01,True,355,31
E00248,C0044,P0198,F00781,2026-01-01,True,625,9
E00248,C0044,P0198,F00781,2026-02-01,True,603,6
E00249,C0073,P0189,F00742,2025-06-01,False,0,0
E00249,C0073,P0189,F00742,2025-07-01,True,350,7
E00249,C0073,P0189,F00742,2025-08-01,True,575,10
E00249,C0073,P0189,F00742,2025-09-01,True,395,9
E00249,C0073,P0189,F00742,2025-10-01,True,462,16
E00249,C0073,P0189,F00742,2025-11-01,True,870,8
E00249,C0073,P0189,F00742,2025-12-01,True,156,14
E00249,C0073,P0189,F00742,2026-01-01,True,121,8
E00249,C0073,P0189,F00742,2026-02-01,True,91,52
E00249,C0073,P0189,F00742,2026-03-01,True,796,21
E00249,C0073,P0189,F00743,2025-06-01,False,0,0
E00249,C0073,P0189,F00743,2025-07-01,False,0,0
E00249,C0073,P0189,F00743,2025-08-01,False,0,0
E00249,C0073,P0189,F00743,2025-09-01,False,0,0
E00249,C0073,P0189,F01661,2025-10-01,True,0,0
E00249,C0073,P0189,F00743,2025-11-01,False,0,0
E00249,C0073,P0189,F00743,2025-12-01,False,0,0
E00249,C0073,P0189,F00743,2026-01-01,False,0,0
E00249,C0073,P0189,F00743,2026-02-01,False,0,0
E00249,C0073,P0189,F00743,2026-03-01,False,0,0
E00249,C0073,P0189,F00744,2025-06-01,False,0,0
E00249,C0073,P0189,F00744,2025-07-01,False,0,0
E00249,C0073,P0189,F00744,2025-08-01,True,899,19
E00249,C0073,P0189,F00744,2025-09-01,True,430,12
E00249,C0073,P0189,F00744,2025-10-01,True,842,24
E00249,C0073,P0189,F00744,2025-11-01,True,168,9
E00249,C0073,P0189,F00744,2025-12-01,True,385,20
E00249,C0073,P0189,F00744,2026-01-01,True,192,5
E00249,C0073,P0189,F00744,2026-02-01,False,0,0
E00249,C0073,P0189,F00744,2026-03-01,True,112,7
E00249,C0073,P0189,F00745,2025-06-01,False,0,0
E00249,C0073,P0189,F00509,2025-07-01,True,0,0
E00249,C0073,P0189,F00745,2025-08-01,False,0,0
E00249,C0073,P0189,F00745,2025-09-01,False,0,0
E00249,C0073,P0189,F00745,2025-10-01,True,280,28
E00249,C0073,P0189,F00745,2025-11-01,True,652,20
E00249,C0073,P0189,F00745,2025-12-01,True,151,9
E00249,C0073,P0189,F00745,2026-01-01,True,597,12
E00249,C0073,P0189,F00745,2026-02-01,True,527,4
E00249,C0073,P0189,F00745,2026-03-01,True,394,17
E00249,C0073,P0189,F00746,2025-06-01,False,0,0
E00249,C0073,P0189,F00746,2025-07-01,False,0,0
E00249,C0073,P0189,F00746,2025-08-01,False,0,0
E00249,C0073,P0189,F00746,2025-09-01,False,0,0
E00249,C0073,P0189,F00746,2025-10-01,False,0,0
E00249,C0073,P0189,F00746,2025-11-01,True,156,2
E00249,C0073,P0189,F00746,2025-12-01,True,150,23
E00249,C0073,P0189,F00746,2026-01-01,True,130,11
E00249,C0073,P0189,F01878,2026-02-01,True,65,5
E00249,C0073,P0189,F00746,2026-03-01,True,424,10
E00250,C0081,P0057,F00895,2025-06-01,True,0,0
E00250,C0081,P0057,F01920,2025-07-01,True,748,14
E00250,C0081,P0057,F00219,2025-08-01,True,156,9
E00250,C0081,P0057,F00219,2025-09-01,True,259,2
E00250,C0081,P0057,F00219,2025-10-01,True,1026,11
E00250,C0081,P0057,F00219,2025-11-01,True,428,16
E00250,C0081,P0057,F00219,2025-12-01,True,589,18
E00250,C0081,P0057,F00219,2026-01-01,True,271,7
E00250,C0081,P0057,F00219,2026-02-01,True,767,29
E00250,C0081,P0057,F00219,2026-03-01,True,65,21
E00250,C0081,P0057,F00219,2026-04-01,True,306,10
E00250,C0081,P0057,F00219,2026-05-01,True,19,11
E00250,C0081,P0057,F00220,2025-06-01,False,0,0
E00250,C0081,P0057,F00220,2025-07-01,False,0,0
E00250,C0081,P0057,F00220,2025-08-01,False,0,0
E00250,C0081,P0057,F00220,2025-09-01,False,0,0
E00250,C0081,P0057,F00220,2025-10-01,True,230,1
E00250,C0081,P0057,F00220,2025-11-01,True,819,12
E00250,C0081,P0057,F00220,2025-12-01,True,473,23
E00250,C0081,P0057,F00220,2026-01-01,True,597,3
E00250,C0081,P0057,F00220,2026-02-01,True,693,3
E00250,C0081,P0057,F00220,2026-03-01,True,565,33
E00250,C0081,P0057,F00220,2026-04-01,True,568,8
E00250,C0081,P0057,F00220,2026-05-01,True,1163,12
E00250,C0081,P0057,F00221,2025-06-01,False,0,0
E00250,C0081,P0057,F00221,2025-07-01,False,0,0
E00250,C0081,P0057,F00221,2025-08-01,False,0,0
E00250,C0081,P0057,F00221,2025-09-01,False,0,0
E00250,C0081,P0057,F00221,2025-10-01,False,0,0
E00250,C0081,P0057,F00221,2025-11-01,False,0,0
E00250,C0081,P0057,F00221,2025-12-01,False,0,0
E00250,C0081,P0057,F00221,2026-01-01,False,0,0
E00250,C0081,P0057,F00221,2026-02-01,False,0,0
E00250,C0081,P0057,F00221,2026-03-01,False,0,0
E00250,C0081,P0057,F00221,2026-04-01,False,0,0
E00250,C0081,P0057,F00221,2026-05-01,False,0,0
E00250,C0081,P0057,F00222,2025-06-01,True,160,6
E00250,C0081,P0057,F00222,2025-07-01,True,209,37
E00250,C0081,P0057,F00222,2025-08-01,True,562,16
E00250,C0081,P0057,F00222,2025-09-01,False,0,0
E00250,C0081,P0057,F00222,2025-10-01,False,0,0
E00250,C0081,P0057,F00222,2025-11-01,True,510,13
E00250,C0081,P0057,F00222,2025-12-01,True,249,4
E00250,C0081,P0057,F00222,2026-01-01,True,478,32
E00250,C0081,P0057,F00284,2026-02-01,True,460,24
E00250,C0081,P0057,F00222,2026-03-01,True,62,13
E00250,C0081,P0057,F01766,2026-04-01,True,236,5
E00250,C0081,P0057,F00222,2026-05-01,True,983,8
E00251,C0093,P0463,F01855,2025-07-01,True,561,10
E00251,C0093,P0463,F01855,2025-08-01,True,108,17
E00251,C0093,P0463,F01855,2025-09-01,True,277,19
E00251,C0093,P0463,F01855,2025-10-01,True,176,7
E00251,C0093,P0463,F01855,2025-11-01,True,546,6
E00251,C0093,P0463,F01855,2025-12-01,True,610,2
E00251,C0093,P0463,F01855,2026-01-01,True,129,11
E00251,C0093,P0463,F01855,2026-02-01,True,577,12
E00251,C0093,P0463,F01855,2026-03-01,True,530,8
E00251,C0093,P0463,F01855,2026-04-01,True,44,8
E00251,C0093,P0463,F01855,2026-05-01,True,297,23
E00251,C0093,P0463,F01855,2026-06-01,True,601,4
E00251,C0093,P0463,F01856,2025-07-01,False,0,0
E00251,C0093,P0463,F01856,2025-08-01,False,0,0
E00251,C0093,P0463,F00059,2025-09-01,True,30,10
E00251,C0093,P0463,F01856,2025-10-01,True,234,30
E00251,C0093,P0463,F01856,2025-11-01,True,840,3
E00251,C0093,P0463,F01856,2025-12-01,True,589,15
E00251,C0093,P0463,F01856,2026-01-01,True,510,49
E00251,C0093,P0463,F01856,2026-02-01,True,345,18
E00251,C0093,P0463,F01856,2026-03-01,True,703,14
E00251,C0093,P0463,F01856,2026-04-01,True,1074,12
E00251,C0093,P0463,F01856,2026-05-01,True,678,6
E00251,C0093,P0463,F01856,2026-06-01,True,128,15
E00251,C0093,P0463,F01384,2025-07-01,True,358,11
E00251,C0093,P0463,F01857,2025-08-01,True,286,19
E00251,C0093,P0463,F01857,2025-09-01,True,424,40
E00251,C0093,P0463,F01857,2025-10-01,True,414,14
E00251,C0093,P0463,F01857,2025-11-01,True,725,15
E00251,C0093,P0463,F01857,2025-12-01,True,134,9
E00251,C0093,P0463,F01857,2026-01-01,True,196,15
E00251,C0093,P0463,F01857,2026-02-01,True,454,19
E00251,C0093,P0463,F01857,2026-03-01,True,761,6
E00251,C0093,P0463,F01857,2026-04-01,True,750,23
E00251,C0093,P0463,F01857,2026-05-01,True,161,14
E00251,C0093,P0463,F01857,2026-06-01,True,936,9
E00251,C0093,P0463,F01858,2025-07-01,False,0,0
E00251,C0093,P0463,F01858,2025-08-01,False,0,0
E00251,C0093,P0463,F01858,2025-09-01,False,0,0
E00251,C0093,P0463,F01858,2025-10-01,False,0,0
E00251,C0093,P0463,F01858,2025-11-01,False,0,0
E00251,C0093,P0463,F01858,2025-12-01,False,0,0
E00251,C0093,P0463,F01858,2026-01-01,False,0,0
E00251,C0093,P0463,F01858,2026-02-01,False,0,0
E00251,C0093,P0463,F01858,2026-03-01,False,0,0
E00251,C0093,P0463,F01858,2026-04-01,False,0,0
E00251,C0093,P0463,F01858,2026-05-01,False,0,0
E00251,C0093,P0463,F01858,2026-06-01,False,0,0
E00252,C0074,P0364,F01453,2025-06-01,False,0,0
E00252,C0074,P0364,F01453,2025-07-01,True,376,14
E00252,C0074,P0364,F01453,2025-08-01,True,418,12
E00252,C0074,P0364,F01453,2025-09-01,True,593,17
E00252,C0074,P0364,F01453,2025-10-01,False,0,0
E00252,C0074,P0364,F01453,2025-11-01,False,0,0
E00252,C0074,P0364,F01453,2025-12-01,True,366,32
E00252,C0074,P0364,F01453,2026-01-01,True,195,19
E00252,C0074,P0364,F01453,2026-02-01,True,32,11
E00252,C0074,P0364,F01454,2025-06-01,False,0,0
E00252,C0074,P0364,F01454,2025-07-01,True,24,12
E00252,C0074,P0364,F01454,2025-08-01,True,535,8
E00252,C0074,P0364,F01454,2025-09-01,True,387,18
E00252,C0074,P0364,F01454,2025-10-01,True,2,7
E00252,C0074,P0364,F01454,2025-11-01,True,955,4
E00252,C0074,P0364,F01454,2025-12-01,True,217,2
E00252,C0074,P0364,F01454,2026-01-01,True,255,10
E00252,C0074,P0364,F01454,2026-02-01,True,1750,14
E00252,C0074,P0364,F01455,2025-06-01,False,0,0
E00252,C0074,P0364,F01455,2025-07-01,False,0,0
E00252,C0074,P0364,F01455,2025-08-01,True,266,3
E00252,C0074,P0364,F01455,2025-09-01,True,218,5
E00252,C0074,P0364,F01455,2025-10-01,True,37,4
E00252,C0074,P0364,F01455,2025-11-01,True,273,9
E00252,C0074,P0364,F01455,2025-12-01,True,633,27
E00252,C0074,P0364,F01455,2026-01-01,True,302,20
E00252,C0074,P0364,F01455,2026-02-01,True,266,5
E00252,C0074,P0364,F01456,2025-06-01,False,0,0
E00252,C0074,P0364,F01456,2025-07-01,False,0,0
E00252,C0074,P0364,F01456,2025-08-01,False,0,0
E00252,C0074,P0364,F01456,2025-09-01,False,0,0
E00252,C0074,P0364,F01456,2025-10-01,False,0,0
E00252,C0074,P0364,F01456,2025-11-01,False,0,0
E00252,C0074,P0364,F01456,2025-12-01,False,0,0
E00252,C0074,P0364,F01456,2026-01-01,False,0,0
E00252,C0074,P0364,F01456,2026-02-01,False,0,0
E00252,C0074,P0364,F01457,2025-06-01,False,0,0
E00252,C0074,P0364,F01457,2025-07-01,False,0,0
E00252,C0074,P0364,F01457,2025-08-01,False,0,0
E00252,C0074,P0364,F01457,2025-09-01,False,0,0
E00252,C0074,P0364,F01457,2025-10-01,False,0,0
E00252,C0074,P0364,F01457,2025-11-01,True,611,8
E00252,C0074,P0364,F01457,2025-12-01,True,188,5
E00252,C0074,P0364,F01457,2026-01-01,True,72,11
E00252,C0074,P0364,F01457,2026-02-01,True,227,20
E00253,C0043,P0258,F01027,2025-09-01,False,0,0
E00253,C0043,P0258,F01027,2025-10-01,True,1160,5
E00253,C0043,P0258,F01027,2025-11-01,True,101,28
E00253,C0043,P0258,F01027,2025-12-01,True,417,12
E00253,C0043,P0258,F01027,2026-01-01,True,478,22
E00253,C0043,P0258,F01027,2026-02-01,True,799,17
E00253,C0043,P0258,F01027,2026-03-01,True,130,2
E00253,C0043,P0258,F01027,2026-04-01,True,131,3
E00253,C0043,P0258,F01027,2026-05-01,True,641,6
E00253,C0043,P0258,F01027,2026-06-01,True,582,11
E00253,C0043,P0258,F01027,2026-07-01,False,0,0
E00253,C0043,P0258,F01027,2026-08-01,False,0,0
E00253,C0043,P0258,F01028,2025-09-01,False,0,0
E00253,C0043,P0258,F01028,2025-10-01,False,0,0
E00253,C0043,P0258,F01028,2025-11-01,False,0,0
E00253,C0043,P0258,F01028,2025-12-01,False,0,0
E00253,C0043,P0258,F01028,2026-01-01,False,0,0
E00253,C0043,P0258,F01028,2026-02-01,True,211,5
E00253,C0043,P0258,F01028,2026-03-01,True,198,3
E00253,C0043,P0258,F01028,2026-04-01,True,1181,10
E00253,C0043,P0258,F01028,2026-05-01,False,0,0
E00253,C0043,P0258,F01028,2026-06-01,True,372,10
E00253,C0043,P0258,F01028,2026-07-01,False,0,0
E00253,C0043,P0258,F01028,2026-08-01,True,630,5
E00253,C0043,P0258,F01029,2025-09-01,False,0,0
E00253,C0043,P0258,F01029,2025-10-01,False,0,0
E00253,C0043,P0258,F01029,2025-11-01,False,0,0
E00253,C0043,P0258,F01029,2025-12-01,False,0,0
E00253,C0043,P0258,F01029,2026-01-01,False,0,0
E00253,C0043,P0258,F01029,2026-02-01,False,0,0
E00253,C0043,P0258,F01029,2026-03-01,False,0,0
E00253,C0043,P0258,F01029,2026-04-01,False,0,0
E00253,C0043,P0258,F01029,2026-05-01,False,0,0
E00253,C0043,P0258,F01029,2026-06-01,False,0,0
E00253,C0043,P0258,F01029,2026-07-01,False,0,0
E00253,C0043,P0258,F01029,2026-08-01,False,0,0
E00253,C0043,P0258,F01030,2025-09-01,False,0,0
E00253,C0043,P0258,F01030,2025-10-01,False,0,0
E00253,C0043,P0258,F01030,2025-11-01,False,0,0
E00253,C0043,P0258,F01030,2025-12-01,True,832,8
E00253,C0043,P0258,F01030,2026-01-01,True,275,26
E00253,C0043,P0258,F01030,2026-02-01,True,179,14
E00253,C0043,P0258,F01030,2026-03-01,True,362,6
E00253,C0043,P0258,F01030,2026-04-01,True,559,4
E00253,C0043,P0258,F01030,2026-05-01,True,208,11
E00253,C0043,P0258,F01030,2026-06-01,True,1065,28
E00253,C0043,P0258,F01030,2026-07-01,True,505,8
E00253,C0043,P0258,F01030,2026-08-01,True,42,20
E00253,C0043,P0258,F01031,2025-09-01,False,0,0
E00253,C0043,P0258,F01031,2025-10-01,False,0,0
E00253,C0043,P0258,F01031,2025-11-01,False,0,0
E00253,C0043,P0258,F01031,2025-12-01,True,773,14
E00253,C0043,P0258,F01031,2026-01-01,True,300,18
E00253,C0043,P0258,F01031,2026-02-01,True,354,9
E00253,C0043,P0258,F01031,2026-03-01,True,79,18
E00253,C0043,P0258,F01031,2026-04-01,True,407,28
E00253,C0043,P0258,F01031,2026-05-01,True,223,5
E00253,C0043,P0258,F01031,2026-06-01,True,768,25
E00253,C0043,P0258,F01031,2026-07-01,True,371,19
E00253,C0043,P0258,F01031,2026-08-01,True,283,9
E00254,C0042,P0423,F01689,2025-06-01,True,502,8
E00254,C0042,P0423,F01689,2025-07-01,True,447,11
E00254,C0042,P0423,F01689,2025-08-01,True,134,13
E00254,C0042,P0423,F01689,2025-09-01,True,138,18
E00254,C0042,P0423,F01689,2025-10-01,True,777,9
E00254,C0042,P0423,F01689,2025-11-01,True,1070,24
E00254,C0042,P0423,F01690,2025-06-01,False,0,0
E00254,C0042,P0423,F01690,2025-07-01,False,0,0
E00254,C0042,P0423,F01690,2025-08-01,False,0,0
E00254,C0042,P0423,F01690,2025-09-01,False,0,0
E00254,C0042,P0423,F01690,2025-10-01,False,0,0
E00254,C0042,P0423,F01690,2025-11-01,False,0,0
E00254,C0042,P0423,F01691,2025-06-01,True,451,9
E00254,C0042,P0423,F01691,2025-07-01,True,731,30
E00254,C0042,P0423,F01691,2025-08-01,True,478,7
E00254,C0042,P0423,F01691,2025-09-01,True,598,11
E00254,C0042,P0423,F01691,2025-10-01,True,161,8
E00254,C0042,P0423,F01691,2025-11-01,True,775,10
E00255,C0043,P0451,F01803,2025-06-01,True,238,25
E00255,C0043,P0451,F01803,2025-07-01,True,759,8
E00255,C0043,P0451,F01803,2025-08-01,False,0,0
E00255,C0043,P0451,F01803,2025-09-01,True,1244,10
E00255,C0043,P0451,F01803,2025-10-01,True,479,11
E00255,C0043,P0451,F01803,2025-11-01,True,185,9
E00255,C0043,P0451,F01803,2025-12-01,True,364,2
E00255,C0043,P0451,F01803,2026-01-01,True,462,19
E00255,C0043,P0451,F01803,2026-02-01,True,140,17
E00255,C0043,P0451,F01804,2025-06-01,False,0,0
E00255,C0043,P0451,F01486,2025-07-01,True,0,0
E00255,C0043,P0451,F01804,2025-08-01,False,0,0
E00255,C0043,P0451,F01804,2025-09-01,False,0,0
E00255,C0043,P0451,F01804,2025-10-01,False,0,0
E00255,C0043,P0451,F01804,2025-11-01,False,0,0
E00255,C0043,P0451,F01804,2025-12-01,False,0,0
E00255,C0043,P0451,F01804,2026-01-01,False,0,0
E00255,C0043,P0451,F01804,2026-02-01,False,0,0
E00255,C0043,P0451,F01805,2025-06-01,False,0,0
E00255,C0043,P0451,F01805,2025-07-01,False,0,0
E00255,C0043,P0451,F01805,2025-08-01,False,0,0
E00255,C0043,P0451,F01805,2025-09-01,True,802,10
E00255,C0043,P0451,F01805,2025-10-01,True,1230,13
E00255,C0043,P0451,F01805,2025-11-01,True,56,4
E00255,C0043,P0451,F01805,2025-12-01,True,469,17
E00255,C0043,P0451,F01805,2026-01-01,True,389,13
E00255,C0043,P0451,F01805,2026-02-01,True,398,6
E00255,C0043,P0451,F01806,2025-06-01,False,0,0
E00255,C0043,P0451,F01806,2025-07-01,False,0,0
E00255,C0043,P0451,F01806,2025-08-01,False,0,0
E00255,C0043,P0451,F01806,2025-09-01,False,0,0
E00255,C0043,P0451,F01806,2025-10-01,False,0,0
E00255,C0043,P0451,F01806,2025-11-01,False,0,0
E00255,C0043,P0451,F01806,2025-12-01,False,0,0
E00255,C0043,P0451,F01806,2026-01-01,False,0,0
E00255,C0043,P0451,F01806,2026-02-01,False,0,0
E00255,C0043,P0451,F01807,2025-06-01,False,0,0
E00255,C0043,P0451,F01807,2025-07-01,False,0,0
E00255,C0043,P0451,F01807,2025-08-01,False,0,0
E00255,C0043,P0451,F01807,2025-09-01,False,0,0
E00255,C0043,P0451,F01807,2025-10-01,False,0,0
E00255,C0043,P0451,F01807,2025-11-01,True,398,3
E00255,C0043,P0451,F01807,2025-12-01,True,286,16
E00255,C0043,P0451,F01807,2026-01-01,True,175,9
E00255,C0043,P0451,F01807,2026-02-01,True,420,33
E00256,C0015,P0148,F00575,2025-09-01,True,755,3
E00256,C0015,P0148,F00575,2025-10-01,True,1374,26
E00256,C0015,P0148,F00575,2025-11-01,True,440,19
E00256,C0015,P0148,F00575,2025-12-01,True,198,10
E00256,C0015,P0148,F00575,2026-01-01,True,187,16
E00256,C0015,P0148,F00575,2026-02-01,True,1654,8
E00256,C0015,P0148,F00575,2026-03-01,True,335,11
E00256,C0015,P0148,F00575,2026-04-01,True,286,16
E00256,C0015,P0148,F00575,2026-05-01,True,796,7
E00256,C0015,P0148,F00575,2026-06-01,True,371,17
E00256,C0015,P0148,F00575,2026-07-01,True,173,4
E00256,C0015,P0148,F00575,2026-08-01,False,0,0
E00256,C0015,P0148,F00576,2025-09-01,False,0,0
E00256,C0015,P0148,F00576,2025-10-01,False,0,0
E00256,C0015,P0148,F00576,2025-11-01,False,0,0
E00256,C0015,P0148,F00576,2025-12-01,False,0,0
E00256,C0015,P0148,F00576,2026-01-01,False,0,0
E00256,C0015,P0148,F00576,2026-02-01,False,0,0
E00256,C0015,P0148,F00576,2026-03-01,False,0,0
E00256,C0015,P0148,F00576,2026-04-01,True,232,18
E00256,C0015,P0148,F00576,2026-05-01,True,165,7
E00256,C0015,P0148,F00576,2026-06-01,True,374,12
E00256,C0015,P0148,F00576,2026-07-01,True,336,11
E00256,C0015,P0148,F00576,2026-08-01,False,0,0
E00256,C0015,P0148,F00577,2025-09-01,False,0,0
E00256,C0015,P0148,F00577,2025-10-01,False,0,0
E00256,C0015,P0148,F00577,2025-11-01,False,0,0
E00256,C0015,P0148,F00577,2025-12-01,True,94,7
E00256,C0015,P0148,F00577,2026-01-01,True,669,6
E00256,C0015,P0148,F00577,2026-02-01,True,431,11
E00256,C0015,P0148,F00577,2026-03-01,True,622,19
E00256,C0015,P0148,F00577,2026-04-01,True,821,28
E00256,C0015,P0148,F00577,2026-05-01,True,167,2
E00256,C0015,P0148,F00577,2026-06-01,True,274,5
E00256,C0015,P0148,F00577,2026-07-01,True,188,15
E00256,C0015,P0148,F00577,2026-08-01,True,788,13
E00256,C0015,P0148,F00578,2025-09-01,True,217,13
E00256,C0015,P0148,F00578,2025-10-01,True,637,3
E00256,C0015,P0148,F00578,2025-11-01,False,0,0
E00256,C0015,P0148,F00578,2025-12-01,True,290,9
E00256,C0015,P0148,F00578,2026-01-01,True,328,5
E00256,C0015,P0148,F00578,2026-02-01,True,464,14
E00256,C0015,P0148,F00578,2026-03-01,True,164,26
E00256,C0015,P0148,F00578,2026-04-01,True,129,6
E00256,C0015,P0148,F00578,2026-05-01,True,117,3
E00256,C0015,P0148,F00578,2026-06-01,True,407,6
E00256,C0015,P0148,F00578,2026-07-01,True,689,5
E00256,C0015,P0148,F00578,2026-08-01,False,0,0
E00256,C0015,P0148,F00579,2025-09-01,False,0,0
E00256,C0015,P0148,F00579,2025-10-01,False,0,0
E00256,C0015,P0148,F00579,2025-11-01,False,0,0
E00256,C0015,P0148,F00579,2025-12-01,True,212,18
E00256,C0015,P0148,F00579,2026-01-01,True,142,7
E00256,C0015,P0148,F00579,2026-02-01,True,910,1
E00256,C0015,P0148,F01841,2026-03-01,True,95,28
E00256,C0015,P0148,F00579,2026-04-01,True,503,13
E00256,C0015,P0148,F00579,2026-05-01,True,96,11
E00256,C0015,P0148,F00579,2026-06-01,True,167,20
E00256,C0015,P0148,F00579,2026-07-01,True,725,7
E00256,C0015,P0148,F00579,2026-08-01,True,531,14
E00257,C0031,P0422,F01685,2025-11-01,False,0,0
E00257,C0031,P0422,F01685,2025-12-01,False,0,0
E00257,C0031,P0422,F01685,2026-01-01,False,0,0
E00257,C0031,P0422,F01685,2026-02-01,False,0,0
E00257,C0031,P0422,F01685,2026-03-01,False,0,0
E00257,C0031,P0422,F01685,2026-04-01,False,0,0
E00257,C0031,P0422,F01685,2026-05-01,False,0,0
E00257,C0031,P0422,F01685,2026-06-01,False,0,0
E00257,C0031,P0422,F01685,2026-07-01,False,0,0
E00257,C0031,P0422,F01685,2026-08-01,False,0,0
E00257,C0031,P0422,F01686,2025-11-01,False,0,0
E00257,C0031,P0422,F01686,2025-12-01,False,0,0
E00257,C0031,P0422,F01686,2026-01-01,False,0,0
E00257,C0031,P0422,F01686,2026-02-01,False,0,0
E00257,C0031,P0422,F01686,2026-03-01,False,0,0
E00257,C0031,P0422,F01686,2026-04-01,False,0,0
E00257,C0031,P0422,F01686,2026-05-01,False,0,0
E00257,C0031,P0422,F01686,2026-06-01,False,0,0
E00257,C0031,P0422,F01686,2026-07-01,False,0,0
E00257,C0031,P0422,F01686,2026-08-01,False,0,0
E00257,C0031,P0422,F01687,2025-11-01,False,0,0
E00257,C0031,P0422,F01687,2025-12-01,False,0,0
E00257,C0031,P0422,F01687,2026-01-01,False,0,0
E00257,C0031,P0422,F01687,2026-02-01,False,0,0
E00257,C0031,P0422,F01687,2026-03-01,False,0,0
E00257,C0031,P0422,F01687,2026-04-01,False,0,0
E00257,C0031,P0422,F01687,2026-05-01,False,0,0
E00257,C0031,P0422,F01687,2026-06-01,False,0,0
E00257,C0031,P0422,F01687,2026-07-01,False,0,0
E00257,C0031,P0422,F01687,2026-08-01,False,0,0
E00257,C0031,P0422,F01688,2025-11-01,False,0,0
E00257,C0031,P0422,F01688,2025-12-01,False,0,0
E00257,C0031,P0422,F01688,2026-01-01,False,0,0
E00257,C0031,P0422,F01688,2026-02-01,False,0,0
E00257,C0031,P0422,F01688,2026-03-01,False,0,0
E00257,C0031,P0422,F01688,2026-04-01,False,0,0
E00257,C0031,P0422,F01688,2026-05-01,False,0,0
E00257,C0031,P0422,F01688,2026-06-01,False,0,0
E00257,C0031,P0422,F01688,2026-07-01,False,0,0
E00257,C0031,P0422,F01688,2026-08-01,False,0,0
E00258,C0078,P0467,F01870,2025-06-01,False,0,0
E00258,C0078,P0467,F01870,2025-07-01,False,0,0
E00258,C0078,P0467,F01870,2025-08-01,True,333,5
E00258,C0078,P0467,F01870,2025-09-01,True,255,19
E00258,C0078,P0467,F01870,2025-10-01,True,919,8
E00258,C0078,P0467,F01870,2025-11-01,True,984,14
E00258,C0078,P0467,F01870,2025-12-01,True,342,9
E00258,C0078,P0467,F01870,2026-01-01,True,182,16
E00258,C0078,P0467,F01871,2025-06-01,False,0,0
E00258,C0078,P0467,F01871,2025-07-01,False,0,0
E00258,C0078,P0467,F01871,2025-08-01,False,0,0
E00258,C0078,P0467,F01871,2025-09-01,True,1099,10
E00258,C0078,P0467,F01871,2025-10-01,True,153,18
E00258,C0078,P0467,F01871,2025-11-01,True,263,5
E00258,C0078,P0467,F01871,2025-12-01,True,91,15
E00258,C0078,P0467,F01871,2026-01-01,True,820,4
E00258,C0078,P0467,F01872,2025-06-01,False,0,0
E00258,C0078,P0467,F01872,2025-07-01,False,0,0
E00258,C0078,P0467,F01872,2025-08-01,False,0,0
E00258,C0078,P0467,F01872,2025-09-01,False,0,0
E00258,C0078,P0467,F01872,2025-10-01,False,0,0
E00258,C0078,P0467,F01872,2025-11-01,False,0,0
E00258,C0078,P0467,F01872,2025-12-01,False,0,0
E00258,C0078,P0467,F01872,2026-01-01,False,0,0
E00258,C0078,P0467,F01873,2025-06-01,False,0,0
E00258,C0078,P0467,F01873,2025-07-01,False,0,0
E00258,C0078,P0467,F01873,2025-08-01,True,286,9
E00258,C0078,P0467,F01873,2025-09-01,True,191,27
E00258,C0078,P0467,F01873,2025-10-01,True,86,14
E00258,C0078,P0467,F01873,2025-11-01,True,580,6
E00258,C0078,P0467,F01873,2025-12-01,True,151,6
E00258,C0078,P0467,F01873,2026-01-01,False,0,0
E00258,C0078,P0467,F01874,2025-06-01,False,0,0
E00258,C0078,P0467,F01874,2025-07-01,False,0,0
E00258,C0078,P0467,F01874,2025-08-01,False,0,0
E00258,C0078,P0467,F01874,2025-09-01,False,0,0
E00258,C0078,P0467,F01874,2025-10-01,False,0,0
E00258,C0078,P0467,F01874,2025-11-01,False,0,0
E00258,C0078,P0467,F01874,2025-12-01,False,0,0
E00258,C0078,P0467,F01874,2026-01-01,False,0,0
E00259,C0026,P0023,F00085,2025-06-01,False,0,0
E00259,C0026,P0023,F00085,2025-07-01,True,56,7
E00259,C0026,P0023,F00085,2025-08-01,True,263,35
E00259,C0026,P0023,F00085,2025-09-01,True,68,9
E00259,C0026,P0023,F00085,2025-10-01,True,638,31
E00259,C0026,P0023,F00085,2025-11-01,True,78,34
E00259,C0026,P0023,F00085,2025-12-01,False,0,0
E00259,C0026,P0023,F00086,2025-06-01,False,0,0
E00259,C0026,P0023,F00086,2025-07-01,False,0,0
E00259,C0026,P0023,F00086,2025-08-01,False,0,0
E00259,C0026,P0023,F00086,2025-09-01,False,0,0
E00259,C0026,P0023,F00086,2025-10-01,True,285,8
E00259,C0026,P0023,F00086,2025-11-01,True,123,11
E00259,C0026,P0023,F00086,2025-12-01,True,1233,11
E00259,C0026,P0023,F00087,2025-06-01,False,0,0
E00259,C0026,P0023,F00087,2025-07-01,False,0,0
E00259,C0026,P0023,F00087,2025-08-01,False,0,0
E00259,C0026,P0023,F00087,2025-09-01,False,0,0
E00259,C0026,P0023,F00087,2025-10-01,False,0,0
E00259,C0026,P0023,F00087,2025-11-01,False,0,0
E00259,C0026,P0023,F00087,2025-12-01,False,0,0
E00260,C0006,P0276,F01097,2025-06-01,True,173,6
E00260,C0006,P0276,F01097,2025-07-01,True,216,28
E00260,C0006,P0276,F01098,2025-06-01,False,0,0
E00260,C0006,P0276,F01098,2025-07-01,False,0,0
E00260,C0006,P0276,F01099,2025-06-01,False,0,0
E00260,C0006,P0276,F01099,2025-07-01,False,0,0
E00260,C0006,P0276,F01100,2025-06-01,False,0,0
E00260,C0006,P0276,F01100,2025-07-01,False,0,0
E00260,C0006,P0276,F01101,2025-06-01,False,0,0
E00260,C0006,P0276,F01101,2025-07-01,False,0,0
E00261,C0048,P0211,F00829,2025-06-01,False,0,0
E00261,C0048,P0211,F00829,2025-07-01,True,1172,3
E00261,C0048,P0211,F00829,2025-08-01,True,133,5
E00261,C0048,P0211,F00829,2025-09-01,True,228,37
E00261,C0048,P0211,F00829,2025-10-01,False,0,0
E00261,C0048,P0211,F00829,2025-11-01,True,1217,10
E00261,C0048,P0211,F00829,2025-12-01,True,252,2
E00261,C0048,P0211,F00830,2025-06-01,False,0,0
E00261,C0048,P0211,F00830,2025-07-01,False,0,0
E00261,C0048,P0211,F00830,2025-08-01,False,0,0
E00261,C0048,P0211,F00830,2025-09-01,False,0,0
E00261,C0048,P0211,F00830,2025-10-01,False,0,0
E00261,C0048,P0211,F00830,2025-11-01,False,0,0
E00261,C0048,P0211,F00830,2025-12-01,False,0,0
E00261,C0048,P0211,F00831,2025-06-01,False,0,0
E00261,C0048,P0211,F00831,2025-07-01,False,0,0
E00261,C0048,P0211,F00831,2025-08-01,False,0,0
E00261,C0048,P0211,F00831,2025-09-01,False,0,0
E00261,C0048,P0211,F00831,2025-10-01,False,0,0
E00261,C0048,P0211,F00831,2025-11-01,False,0,0
E00261,C0048,P0211,F00831,2025-12-01,False,0,0
E00261,C0048,P0211,F00832,2025-06-01,False,0,0
E00261,C0048,P0211,F00832,2025-07-01,False,0,0
E00261,C0048,P0211,F00832,2025-08-01,False,0,0
E00261,C0048,P0211,F00832,2025-09-01,False,0,0
E00261,C0048,P0211,F00832,2025-10-01,False,0,0
E00261,C0048,P0211,F00832,2025-11-01,False,0,0
E00261,C0048,P0211,F00832,2025-12-01,False,0,0
E00261,C0048,P0211,F00833,2025-06-01,False,0,0
E00261,C0048,P0211,F00833,2025-07-01,False,0,0
E00261,C0048,P0211,F00833,2025-08-01,False,0,0
E00261,C0048,P0211,F00833,2025-09-01,False,0,0
E00261,C0048,P0211,F00833,2025-10-01,False,0,0
E00261,C0048,P0211,F00833,2025-11-01,False,0,0
E00261,C0048,P0211,F00833,2025-12-01,True,428,11
E00262,C0070,P0400,F01602,2025-06-01,True,118,14
E00262,C0070,P0400,F01602,2025-07-01,True,711,4
E00262,C0070,P0400,F01602,2025-08-01,True,239,19
E00262,C0070,P0400,F01602,2025-09-01,True,197,7
E00262,C0070,P0400,F01602,2025-10-01,True,243,15
E00262,C0070,P0400,F01602,2025-11-01,True,781,30
E00262,C0070,P0400,F01602,2025-12-01,True,742,10
E00262,C0070,P0400,F01603,2025-06-01,False,0,0
E00262,C0070,P0400,F01603,2025-07-01,False,0,0
E00262,C0070,P0400,F01603,2025-08-01,False,0,0
E00262,C0070,P0400,F01603,2025-09-01,False,0,0
E00262,C0070,P0400,F01603,2025-10-01,False,0,0
E00262,C0070,P0400,F01603,2025-11-01,False,0,0
E00262,C0070,P0400,F01603,2025-12-01,False,0,0
E00262,C0070,P0400,F01604,2025-06-01,False,0,0
E00262,C0070,P0400,F01604,2025-07-01,False,0,0
E00262,C0070,P0400,F01604,2025-08-01,False,0,0
E00262,C0070,P0400,F01604,2025-09-01,False,0,0
E00262,C0070,P0400,F01604,2025-10-01,False,0,0
E00262,C0070,P0400,F01604,2025-11-01,False,0,0
E00262,C0070,P0400,F01604,2025-12-01,False,0,0
E00263,C0098,P0023,F00085,2025-06-01,True,580,3
E00263,C0098,P0023,F00085,2025-07-01,True,1442,5
E00263,C0098,P0023,F00085,2025-08-01,True,549,12
E00263,C0098,P0023,F00085,2025-09-01,False,0,0
E00263,C0098,P0023,F00085,2025-10-01,False,0,0
E00263,C0098,P0023,F00085,2025-11-01,False,0,0
E00263,C0098,P0023,F00085,2025-12-01,False,0,0
E00263,C0098,P0023,F00085,2026-01-01,False,0,0
E00263,C0098,P0023,F00086,2025-06-01,False,0,0
E00263,C0098,P0023,F00086,2025-07-01,False,0,0
E00263,C0098,P0023,F00086,2025-08-01,False,0,0
E00263,C0098,P0023,F00086,2025-09-01,False,0,0
E00263,C0098,P0023,F00086,2025-10-01,False,0,0
E00263,C0098,P0023,F00086,2025-11-01,False,0,0
E00263,C0098,P0023,F00086,2025-12-01,False,0,0
E00263,C0098,P0023,F00086,2026-01-01,False,0,0
E00263,C0098,P0023,F00087,2025-06-01,False,0,0
E00263,C0098,P0023,F00087,2025-07-01,False,0,0
E00263,C0098,P0023,F00087,2025-08-01,False,0,0
E00263,C0098,P0023,F00087,2025-09-01,False,0,0
E00263,C0098,P0023,F00087,2025-10-01,False,0,0
E00263,C0098,P0023,F00087,2025-11-01,False,0,0
E00263,C0098,P0023,F00087,2025-12-01,False,0,0
E00263,C0098,P0023,F00087,2026-01-01,False,0,0
E00264,C0061,P0382,F01531,2025-10-01,True,97,5
E00264,C0061,P0382,F01531,2025-11-01,True,817,9
E00264,C0061,P0382,F01531,2025-12-01,True,154,8
E00264,C0061,P0382,F01531,2026-01-01,True,154,7
E00264,C0061,P0382,F01531,2026-02-01,True,75,10
E00264,C0061,P0382,F01531,2026-03-01,True,405,7
E00264,C0061,P0382,F01531,2026-04-01,True,815,7
E00264,C0061,P0382,F01531,2026-05-01,True,325,6
E00264,C0061,P0382,F01531,2026-06-01,True,263,17
E00264,C0061,P0382,F01531,2026-07-01,True,112,14
E00264,C0061,P0382,F01531,2026-08-01,False,0,0
E00264,C0061,P0382,F01532,2025-10-01,False,0,0
E00264,C0061,P0382,F01532,2025-11-01,False,0,0
E00264,C0061,P0382,F01532,2025-12-01,False,0,0
E00264,C0061,P0382,F01532,2026-01-01,False,0,0
E00264,C0061,P0382,F01532,2026-02-01,False,0,0
E00264,C0061,P0382,F01532,2026-03-01,False,0,0
E00264,C0061,P0382,F01532,2026-04-01,False,0,0
E00264,C0061,P0382,F01532,2026-05-01,False,0,0
E00264,C0061,P0382,F01532,2026-06-01,False,0,0
E00264,C0061,P0382,F01532,2026-07-01,False,0,0
E00264,C0061,P0382,F01532,2026-08-01,False,0,0
E00264,C0061,P0382,F01533,2025-10-01,False,0,0
E00264,C0061,P0382,F01533,2025-11-01,False,0,0
E00264,C0061,P0382,F01533,2025-12-01,False,0,0
E00264,C0061,P0382,F01533,2026-01-01,False,0,0
E00264,C0061,P0382,F00754,2026-02-01,True,0,0
E00264,C0061,P0382,F01533,2026-03-01,False,0,0
E00264,C0061,P0382,F01533,2026-04-01,False,0,0
E00264,C0061,P0382,F01533,2026-05-01,False,0,0
E00264,C0061,P0382,F01533,2026-06-01,False,0,0
E00264,C0061,P0382,F01533,2026-07-01,False,0,0
E00264,C0061,P0382,F01533,2026-08-01,False,0,0
E00264,C0061,P0382,F01534,2025-10-01,False,0,0
E00264,C0061,P0382,F01534,2025-11-01,False,0,0
E00264,C0061,P0382,F01534,2025-12-01,False,0,0
E00264,C0061,P0382,F01534,2026-01-01,False,0,0
E00264,C0061,P0382,F01534,2026-02-01,False,0,0
E00264,C0061,P0382,F01534,2026-03-01,False,0,0
E00264,C0061,P0382,F01534,2026-04-01,False,0,0
E00264,C0061,P0382,F01534,2026-05-01,False,0,0
E00264,C0061,P0382,F01534,2026-06-01,False,0,0
E00264,C0061,P0382,F01534,2026-07-01,False,0,0
E00264,C0061,P0382,F01534,2026-08-01,False,0,0
E00264,C0061,P0382,F01535,2025-10-01,False,0,0
E00264,C0061,P0382,F01535,2025-11-01,False,0,0
E00264,C0061,P0382,F01535,2025-12-01,False,0,0
E00264,C0061,P0382,F01535,2026-01-01,False,0,0
E00264,C0061,P0382,F01535,2026-02-01,False,0,0
E00264,C0061,P0382,F01535,2026-03-01,False,0,0
E00264,C0061,P0382,F01535,2026-04-01,False,0,0
E00264,C0061,P0382,F01535,2026-05-01,False,0,0
E00264,C0061,P0382,F01535,2026-06-01,False,0,0
E00264,C0061,P0382,F01535,2026-07-01,False,0,0
E00264,C0061,P0382,F01535,2026-08-01,False,0,0
E00265,C0069,P0059,F00228,2025-06-01,False,0,0
E00265,C0069,P0059,F00228,2025-07-01,True,196,4
E00265,C0069,P0059,F00228,2025-08-01,True,270,15
E00265,C0069,P0059,F00228,2025-09-01,True,265,5
E00265,C0069,P0059,F00228,2025-10-01,True,1188,13
E00265,C0069,P0059,F00228,2025-11-01,True,372,15
E00265,C0069,P0059,F00228,2025-12-01,True,575,7
E00265,C0069,P0059,F00228,2026-01-01,True,658,3
E00265,C0069,P0059,F00228,2026-02-01,True,557,7
E00265,C0069,P0059,F00228,2026-03-01,True,833,7
E00265,C0069,P0059,F00228,2026-04-01,True,730,13
E00265,C0069,P0059,F00228,2026-05-01,True,639,11
E00265,C0069,P0059,F00229,2025-06-01,False,0,0
E00265,C0069,P0059,F00229,2025-07-01,True,64,22
E00265,C0069,P0059,F00229,2025-08-01,True,827,8
E00265,C0069,P0059,F00229,2025-09-01,False,0,0
E00265,C0069,P0059,F00229,2025-10-01,True,202,19
E00265,C0069,P0059,F00229,2025-11-01,True,450,9
E00265,C0069,P0059,F00229,2025-12-01,True,515,8
E00265,C0069,P0059,F00229,2026-01-01,True,819,8
E00265,C0069,P0059,F00229,2026-02-01,True,677,11
E00265,C0069,P0059,F00229,2026-03-01,True,472,32
E00265,C0069,P0059,F00229,2026-04-01,True,245,18
E00265,C0069,P0059,F00229,2026-05-01,True,987,18
E00265,C0069,P0059,F00230,2025-06-01,False,0,0
E00265,C0069,P0059,F00230,2025-07-01,False,0,0
E00265,C0069,P0059,F00230,2025-08-01,False,0,0
E00265,C0069,P0059,F00230,2025-09-01,False,0,0
E00265,C0069,P0059,F00230,2025-10-01,False,0,0
E00265,C0069,P0059,F00230,2025-11-01,False,0,0
E00265,C0069,P0059,F00230,2025-12-01,False,0,0
E00265,C0069,P0059,F00230,2026-01-01,False,0,0
E00265,C0069,P0059,F00230,2026-02-01,False,0,0
E00265,C0069,P0059,F00230,2026-03-01,False,0,0
E00265,C0069,P0059,F00230,2026-04-01,False,0,0
E00265,C0069,P0059,F00230,2026-05-01,False,0,0
E00265,C0069,P0059,F00231,2025-06-01,False,0,0
E00265,C0069,P0059,F00231,2025-07-01,False,0,0
E00265,C0069,P0059,F00231,2025-08-01,False,0,0
E00265,C0069,P0059,F00231,2025-09-01,False,0,0
E00265,C0069,P0059,F00231,2025-10-01,False,0,0
E00265,C0069,P0059,F00231,2025-11-01,False,0,0
E00265,C0069,P0059,F00231,2025-12-01,False,0,0
E00265,C0069,P0059,F00231,2026-01-01,True,851,12
E00265,C0069,P0059,F00231,2026-02-01,True,604,20
E00265,C0069,P0059,F00231,2026-03-01,True,371,5
E00265,C0069,P0059,F00158,2026-04-01,True,0,0
E00265,C0069,P0059,F00231,2026-05-01,False,0,0
E00266,C0047,P0035,F00131,2025-11-01,False,0,0
E00266,C0047,P0035,F00131,2025-12-01,True,153,30
E00266,C0047,P0035,F00131,2026-01-01,True,960,6
E00266,C0047,P0035,F00131,2026-02-01,True,851,15
E00266,C0047,P0035,F00131,2026-03-01,True,381,6
E00266,C0047,P0035,F00131,2026-04-01,True,340,5
E00266,C0047,P0035,F00131,2026-05-01,True,296,5
E00266,C0047,P0035,F00131,2026-06-01,True,105,24
E00266,C0047,P0035,F00131,2026-07-01,True,324,14
E00266,C0047,P0035,F00131,2026-08-01,False,0,0
E00266,C0047,P0035,F00132,2025-11-01,True,235,9
E00266,C0047,P0035,F00132,2025-12-01,True,159,30
E00266,C0047,P0035,F00132,2026-01-01,True,696,7
E00266,C0047,P0035,F00132,2026-02-01,True,159,3
E00266,C0047,P0035,F00132,2026-03-01,True,407,18
E00266,C0047,P0035,F00381,2026-04-01,True,591,8
E00266,C0047,P0035,F00132,2026-05-01,True,310,5
E00266,C0047,P0035,F00132,2026-06-01,True,180,24
E00266,C0047,P0035,F00132,2026-07-01,True,64,2
E00266,C0047,P0035,F00132,2026-08-01,False,0,0
E00266,C0047,P0035,F00133,2025-11-01,False,0,0
E00266,C0047,P0035,F00133,2025-12-01,False,0,0
E00266,C0047,P0035,F00133,2026-01-01,False,0,0
E00266,C0047,P0035,F00133,2026-02-01,False,0,0
E00266,C0047,P0035,F00133,2026-03-01,False,0,0
E00266,C0047,P0035,F00133,2026-04-01,False,0,0
E00266,C0047,P0035,F00133,2026-05-01,True,207,30
E00266,C0047,P0035,F00133,2026-06-01,False,0,0
E00266,C0047,P0035,F00133,2026-07-01,True,375,45
E00266,C0047,P0035,F00133,2026-08-01,True,282,17
E00266,C0047,P0035,F00134,2025-11-01,False,0,0
E00266,C0047,P0035,F00134,2025-12-01,False,0,0
E00266,C0047,P0035,F00134,2026-01-01,False,0,0
E00266,C0047,P0035,F00134,2026-02-01,True,785,39
E00266,C0047,P0035,F00134,2026-03-01,True,223,11
E00266,C0047,P0035,F00134,2026-04-01,True,318,18
E00266,C0047,P0035,F00134,2026-05-01,True,997,28
E00266,C0047,P0035,F00134,2026-06-01,True,218,5
E00266,C0047,P0035,F00134,2026-07-01,True,594,4
E00266,C0047,P0035,F00134,2026-08-01,False,0,0
E00266,C0047,P0035,F00135,2025-11-01,False,0,0
E00266,C0047,P0035,F00135,2025-12-01,False,0,0
E00266,C0047,P0035,F00135,2026-01-01,False,0,0
E00266,C0047,P0035,F00135,2026-02-01,False,0,0
E00266,C0047,P0035,F00135,2026-03-01,False,0,0
E00266,C0047,P0035,F00135,2026-04-01,False,0,0
E00266,C0047,P0035,F00135,2026-05-01,False,0,0
E00266,C0047,P0035,F00135,2026-06-01,False,0,0
E00266,C0047,P0035,F00135,2026-07-01,False,0,0
E00266,C0047,P0035,F00135,2026-08-01,False,0,0
E00267,C0056,P0421,F01681,2025-06-01,False,0,0
E00267,C0056,P0421,F01681,2025-07-01,True,653,11
E00267,C0056,P0421,F01681,2025-08-01,True,890,22
E00267,C0056,P0421,F01681,2025-09-01,True,408,4
E00267,C0056,P0421,F01681,2025-10-01,True,136,11
E00267,C0056,P0421,F01681,2025-11-01,True,525,8
E00267,C0056,P0421,F01681,2025-12-01,True,166,9
E00267,C0056,P0421,F01681,2026-01-01,True,895,9
E00267,C0056,P0421,F01681,2026-02-01,True,225,4
E00267,C0056,P0421,F01682,2025-06-01,False,0,0
E00267,C0056,P0421,F01682,2025-07-01,False,0,0
E00267,C0056,P0421,F01682,2025-08-01,False,0,0
E00267,C0056,P0421,F01682,2025-09-01,False,0,0
E00267,C0056,P0421,F01682,2025-10-01,False,0,0
E00267,C0056,P0421,F01682,2025-11-01,False,0,0
E00267,C0056,P0421,F01682,2025-12-01,False,0,0
E00267,C0056,P0421,F01682,2026-01-01,False,0,0
E00267,C0056,P0421,F01682,2026-02-01,False,0,0
E00267,C0056,P0421,F01683,2025-06-01,False,0,0
E00267,C0056,P0421,F01683,2025-07-01,False,0,0
E00267,C0056,P0421,F01683,2025-08-01,True,351,22
E00267,C0056,P0421,F01683,2025-09-01,True,828,6
E00267,C0056,P0421,F01683,2025-10-01,True,411,6
E00267,C0056,P0421,F01683,2025-11-01,True,275,10
E00267,C0056,P0421,F00660,2025-12-01,True,246,30
E00267,C0056,P0421,F01683,2026-01-01,True,224,6
E00267,C0056,P0421,F01683,2026-02-01,True,186,3
E00267,C0056,P0421,F01684,2025-06-01,False,0,0
E00267,C0056,P0421,F01684,2025-07-01,False,0,0
E00267,C0056,P0421,F01684,2025-08-01,False,0,0
E00267,C0056,P0421,F01684,2025-09-01,False,0,0
E00267,C0056,P0421,F01684,2025-10-01,False,0,0
E00267,C0056,P0421,F01684,2025-11-01,False,0,0
E00267,C0056,P0421,F01684,2025-12-01,False,0,0
E00267,C0056,P0421,F01684,2026-01-01,False,0,0
E00267,C0056,P0421,F01684,2026-02-01,False,0,0
E00268,C0086,P0091,F00355,2025-06-01,True,1107,10
E00268,C0086,P0091,F00355,2025-07-01,True,529,14
E00268,C0086,P0091,F00355,2025-08-01,True,240,10
E00268,C0086,P0091,F00355,2025-09-01,False,0,0
E00268,C0086,P0091,F00355,2025-10-01,False,0,0
E00268,C0086,P0091,F00355,2025-11-01,False,0,0
E00268,C0086,P0091,F00355,2025-12-01,False,0,0
E00268,C0086,P0091,F00355,2026-01-01,False,0,0
E00268,C0086,P0091,F00356,2025-06-01,False,0,0
E00268,C0086,P0091,F00356,2025-07-01,False,0,0
E00268,C0086,P0091,F00356,2025-08-01,False,0,0
E00268,C0086,P0091,F00356,2025-09-01,False,0,0
E00268,C0086,P0091,F00356,2025-10-01,False,0,0
E00268,C0086,P0091,F00356,2025-11-01,False,0,0
E00268,C0086,P0091,F00356,2025-12-01,False,0,0
E00268,C0086,P0091,F00356,2026-01-01,False,0,0
E00268,C0086,P0091,F00357,2025-06-01,False,0,0
E00268,C0086,P0091,F00357,2025-07-01,False,0,0
E00268,C0086,P0091,F00357,2025-08-01,False,0,0
E00268,C0086,P0091,F00357,2025-09-01,False,0,0
E00268,C0086,P0091,F00357,2025-10-01,False,0,0
E00268,C0086,P0091,F00357,2025-11-01,False,0,0
E00268,C0086,P0091,F00357,2025-12-01,False,0,0
E00268,C0086,P0091,F00357,2026-01-01,False,0,0
E00269,C0066,P0344,F01373,2025-11-01,True,617,3
E00269,C0066,P0344,F01373,2025-12-01,True,271,9
E00269,C0066,P0344,F01373,2026-01-01,True,234,7
E00269,C0066,P0344,F01373,2026-02-01,True,419,26
E00269,C0066,P0344,F01373,2026-03-01,True,512,5
E00269,C0066,P0344,F01373,2026-04-01,True,1836,26
E00269,C0066,P0344,F01373,2026-05-01,True,248,26
E00269,C0066,P0344,F01373,2026-06-01,True,426,4
E00269,C0066,P0344,F01373,2026-07-01,True,861,5
E00269,C0066,P0344,F01373,2026-08-01,False,0,0
E00269,C0066,P0344,F01374,2025-11-01,False,0,0
E00269,C0066,P0344,F01374,2025-12-01,False,0,0
E00269,C0066,P0344,F01374,2026-01-01,False,0,0
E00269,C0066,P0344,F01374,2026-02-01,False,0,0
E00269,C0066,P0344,F01374,2026-03-01,False,0,0
E00269,C0066,P0344,F01374,2026-04-01,False,0,0
E00269,C0066,P0344,F01374,2026-05-01,False,0,0
E00269,C0066,P0344,F01374,2026-06-01,False,0,0
E00269,C0066,P0344,F01374,2026-07-01,False,0,0
E00269,C0066,P0344,F01374,2026-08-01,False,0,0
E00269,C0066,P0344,F01375,2025-11-01,False,0,0
E00269,C0066,P0344,F01375,2025-12-01,False,0,0
E00269,C0066,P0344,F01375,2026-01-01,False,0,0
E00269,C0066,P0344,F01375,2026-02-01,False,0,0
E00269,C0066,P0344,F01375,2026-03-01,False,0,0
E00269,C0066,P0344,F01375,2026-04-01,False,0,0
E00269,C0066,P0344,F01375,2026-05-01,False,0,0
E00269,C0066,P0344,F01375,2026-06-01,False,0,0
E00269,C0066,P0344,F01375,2026-07-01,False,0,0
E00269,C0066,P0344,F01375,2026-08-01,False,0,0
E00270,C0040,P0111,F00429,2025-06-01,False,0,0
E00270,C0040,P0111,F00429,2025-07-01,False,0,0
E00270,C0040,P0111,F00429,2025-08-01,False,0,0
E00270,C0040,P0111,F00429,2025-09-01,False,0,0
E00270,C0040,P0111,F00429,2025-10-01,False,0,0
E00270,C0040,P0111,F00429,2025-11-01,False,0,0
E00270,C0040,P0111,F00429,2025-12-01,False,0,0
E00270,C0040,P0111,F00429,2026-01-01,False,0,0
E00270,C0040,P0111,F00430,2025-06-01,False,0,0
E00270,C0040,P0111,F00430,2025-07-01,False,0,0
E00270,C0040,P0111,F00430,2025-08-01,False,0,0
E00270,C0040,P0111,F00430,2025-09-01,False,0,0
E00270,C0040,P0111,F00430,2025-10-01,False,0,0
E00270,C0040,P0111,F00430,2025-11-01,False,0,0
E00270,C0040,P0111,F00430,2025-12-01,False,0,0
E00270,C0040,P0111,F00430,2026-01-01,False,0,0
E00270,C0040,P0111,F00431,2025-06-01,False,0,0
E00270,C0040,P0111,F00431,2025-07-01,False,0,0
E00270,C0040,P0111,F00431,2025-08-01,False,0,0
E00270,C0040,P0111,F00431,2025-09-01,False,0,0
E00270,C0040,P0111,F00431,2025-10-01,False,0,0
E00270,C0040,P0111,F00431,2025-11-01,False,0,0
E00270,C0040,P0111,F00431,2025-12-01,False,0,0
E00270,C0040,P0111,F00431,2026-01-01,False,0,0
E00270,C0040,P0111,F00432,2025-06-01,False,0,0
E00270,C0040,P0111,F00432,2025-07-01,False,0,0
E00270,C0040,P0111,F00432,2025-08-01,False,0,0
E00270,C0040,P0111,F00432,2025-09-01,False,0,0
E00270,C0040,P0111,F00432,2025-10-01,False,0,0
E00270,C0040,P0111,F00432,2025-11-01,False,0,0
E00270,C0040,P0111,F00432,2025-12-01,False,0,0
E00270,C0040,P0111,F00432,2026-01-01,False,0,0
E00271,C0021,P0025,F00093,2025-08-01,False,0,0
E00271,C0021,P0025,F00093,2025-09-01,True,529,12
E00271,C0021,P0025,F00093,2025-10-01,True,561,32
E00271,C0021,P0025,F00093,2025-11-01,True,360,4
E00271,C0021,P0025,F00093,2025-12-01,True,205,4
E00271,C0021,P0025,F00093,2026-01-01,True,85,22
E00271,C0021,P0025,F00093,2026-02-01,True,399,9
E00271,C0021,P0025,F00093,2026-03-01,False,0,0
E00271,C0021,P0025,F00093,2026-04-01,True,253,19
E00271,C0021,P0025,F00093,2026-05-01,True,1014,5
E00271,C0021,P0025,F00093,2026-06-01,True,514,21
E00271,C0021,P0025,F00093,2026-07-01,True,441,18
E00271,C0021,P0025,F00094,2025-08-01,False,0,0
E00271,C0021,P0025,F00094,2025-09-01,False,0,0
E00271,C0021,P0025,F00094,2025-10-01,False,0,0
E00271,C0021,P0025,F00094,2025-11-01,False,0,0
E00271,C0021,P0025,F00094,2025-12-01,False,0,0
E00271,C0021,P0025,F00094,2026-01-01,False,0,0
E00271,C0021,P0025,F00094,2026-02-01,False,0,0
E00271,C0021,P0025,F00094,2026-03-01,False,0,0
E00271,C0021,P0025,F00094,2026-04-01,False,0,0
E00271,C0021,P0025,F00094,2026-05-01,False,0,0
E00271,C0021,P0025,F00094,2026-06-01,False,0,0
E00271,C0021,P0025,F00094,2026-07-01,False,0,0
E00271,C0021,P0025,F00095,2025-08-01,False,0,0
E00271,C0021,P0025,F00095,2025-09-01,False,0,0
E00271,C0021,P0025,F01008,2025-10-01,True,0,0
E00271,C0021,P0025,F00095,2025-11-01,True,126,29
E00271,C0021,P0025,F00095,2025-12-01,True,668,16
E00271,C0021,P0025,F00095,2026-01-01,True,715,8
E00271,C0021,P0025,F00095,2026-02-01,True,150,4
E00271,C0021,P0025,F00095,2026-03-01,True,102,14
E00271,C0021,P0025,F00095,2026-04-01,True,262,28
E00271,C0021,P0025,F00095,2026-05-01,True,854,19
E00271,C0021,P0025,F00095,2026-06-01,True,565,6
E00271,C0021,P0025,F00095,2026-07-01,True,238,6
E00271,C0021,P0025,F00096,2025-08-01,True,145,10
E00271,C0021,P0025,F00096,2025-09-01,True,744,9
E00271,C0021,P0025,F00096,2025-10-01,True,195,9
E00271,C0021,P0025,F00096,2025-11-01,True,417,7
E00271,C0021,P0025,F00096,2025-12-01,True,338,50
E00271,C0021,P0025,F00096,2026-01-01,True,99,2
E00271,C0021,P0025,F00096,2026-02-01,True,395,14
E00271,C0021,P0025,F00096,2026-03-01,True,325,5
E00271,C0021,P0025,F00096,2026-04-01,True,978,11
E00271,C0021,P0025,F00096,2026-05-01,True,409,18
E00271,C0021,P0025,F00096,2026-06-01,True,315,8
E00271,C0021,P0025,F00096,2026-07-01,False,0,0
E00271,C0021,P0025,F00097,2025-08-01,False,0,0
E00271,C0021,P0025,F00097,2025-09-01,False,0,0
E00271,C0021,P0025,F00097,2025-10-01,False,0,0
E00271,C0021,P0025,F00097,2025-11-01,False,0,0
E00271,C0021,P0025,F00097,2025-12-01,False,0,0
E00271,C0021,P0025,F00097,2026-01-01,False,0,0
E00271,C0021,P0025,F00097,2026-02-01,False,0,0
E00271,C0021,P0025,F00097,2026-03-01,False,0,0
E00271,C0021,P0025,F00097,2026-04-01,False,0,0
E00271,C0021,P0025,F00097,2026-05-01,False,0,0
E00271,C0021,P0025,F00097,2026-06-01,False,0,0
E00271,C0021,P0025,F00097,2026-07-01,False,0,0
E00272,C0069,P0003,F00009,2025-06-01,True,978,2
E00272,C0069,P0003,F00009,2025-07-01,False,0,0
E00272,C0069,P0003,F00009,2025-08-01,True,473,13
E00272,C0069,P0003,F00009,2025-09-01,True,260,9
E00272,C0069,P0003,F00009,2025-10-01,True,921,5
E00272,C0069,P0003,F00009,2025-11-01,True,627,11
E00272,C0069,P0003,F00009,2025-12-01,True,580,14
E00272,C0069,P0003,F00009,2026-01-01,True,38,5
E00272,C0069,P0003,F00009,2026-02-01,True,203,5
E00272,C0069,P0003,F00009,2026-03-01,True,226,12
E00272,C0069,P0003,F00010,2025-06-01,True,701,4
E00272,C0069,P0003,F00010,2025-07-01,True,372,13
E00272,C0069,P0003,F00010,2025-08-01,True,795,29
E00272,C0069,P0003,F00010,2025-09-01,True,313,5
E00272,C0069,P0003,F00010,2025-10-01,True,477,5
E00272,C0069,P0003,F00010,2025-11-01,True,449,6
E00272,C0069,P0003,F00010,2025-12-01,True,534,6
E00272,C0069,P0003,F00010,2026-01-01,True,989,11
E00272,C0069,P0003,F00010,2026-02-01,True,79,20
E00272,C0069,P0003,F00010,2026-03-01,True,317,16
E00272,C0069,P0003,F00011,2025-06-01,False,0,0
E00272,C0069,P0003,F00011,2025-07-01,False,0,0
E00272,C0069,P0003,F00011,2025-08-01,True,725,11
E00272,C0069,P0003,F00011,2025-09-01,True,106,12
E00272,C0069,P0003,F00011,2025-10-01,True,901,10
E00272,C0069,P0003,F00011,2025-11-01,True,499,6
E00272,C0069,P0003,F00011,2025-12-01,True,88,9
E00272,C0069,P0003,F00011,2026-01-01,True,376,22
E00272,C0069,P0003,F00011,2026-02-01,True,395,21
E00272,C0069,P0003,F00011,2026-03-01,True,257,3
E00272,C0069,P0003,F00012,2025-06-01,False,0,0
E00272,C0069,P0003,F00012,2025-07-01,False,0,0
E00272,C0069,P0003,F00012,2025-08-01,False,0,0
E00272,C0069,P0003,F00012,2025-09-01,False,0,0
E00272,C0069,P0003,F00012,2025-10-01,True,519,27
E00272,C0069,P0003,F00012,2025-11-01,True,228,16
E00272,C0069,P0003,F00012,2025-12-01,True,591,9
E00272,C0069,P0003,F00012,2026-01-01,True,609,13
E00272,C0069,P0003,F00012,2026-02-01,True,610,15
E00272,C0069,P0003,F00012,2026-03-01,True,343,11
E00273,C0055,P0123,F00474,2025-06-01,True,770,12
E00273,C0055,P0123,F00474,2025-07-01,True,203,9
E00273,C0055,P0123,F00474,2025-08-01,True,497,21
E00273,C0055,P0123,F00474,2025-09-01,True,87,9
E00273,C0055,P0123,F00474,2025-10-01,True,699,5
E00273,C0055,P0123,F00474,2025-11-01,True,182,11
E00273,C0055,P0123,F00474,2025-12-01,True,80,32
E00273,C0055,P0123,F00474,2026-01-01,True,493,16
E00273,C0055,P0123,F00474,2026-02-01,True,806,44
E00273,C0055,P0123,F00475,2025-06-01,False,0,0
E00273,C0055,P0123,F00475,2025-07-01,False,0,0
E00273,C0055,P0123,F00475,2025-08-01,True,344,3
E00273,C0055,P0123,F00475,2025-09-01,True,462,6
E00273,C0055,P0123,F00475,2025-10-01,True,132,7
E00273,C0055,P0123,F00475,2025-11-01,True,339,23
E00273,C0055,P0123,F00475,2025-12-01,True,1162,5
E00273,C0055,P0123,F00475,2026-01-01,True,262,16
E00273,C0055,P0123,F00475,2026-02-01,True,611,5
E00273,C0055,P0123,F00476,2025-06-01,False,0,0
E00273,C0055,P0123,F00476,2025-07-01,False,0,0
E00273,C0055,P0123,F00476,2025-08-01,False,0,0
E00273,C0055,P0123,F00476,2025-09-01,False,0,0
E00273,C0055,P0123,F00476,2025-10-01,False,0,0
E00273,C0055,P0123,F00476,2025-11-01,False,0,0
E00273,C0055,P0123,F00476,2025-12-01,False,0,0
E00273,C0055,P0123,F00476,2026-01-01,False,0,0
E00273,C0055,P0123,F00476,2026-02-01,False,0,0
E00273,C0055,P0123,F00477,2025-06-01,False,0,0
E00273,C0055,P0123,F00477,2025-07-01,False,0,0
E00273,C0055,P0123,F00477,2025-08-01,False,0,0
E00273,C0055,P0123,F00477,2025-09-01,False,0,0
E00273,C0055,P0123,F00477,2025-10-01,False,0,0
E00273,C0055,P0123,F00477,2025-11-01,False,0,0
E00273,C0055,P0123,F00477,2025-12-01,False,0,0
E00273,C0055,P0123,F00477,2026-01-01,False,0,0
E00273,C0055,P0123,F00477,2026-02-01,False,0,0
E00273,C0055,P0123,F00478,2025-06-01,False,0,0
E00273,C0055,P0123,F00478,2025-07-01,False,0,0
E00273,C0055,P0123,F00478,2025-08-01,False,0,0
E00273,C0055,P0123,F00478,2025-09-01,False,0,0
E00273,C0055,P0123,F00478,2025-10-01,False,0,0
E00273,C0055,P0123,F00478,2025-11-01,False,0,0
E00273,C0055,P0123,F00478,2025-12-01,False,0,0
E00273,C0055,P0123,F00478,2026-01-01,False,0,0
E00273,C0055,P0123,F00478,2026-02-01,False,0,0
E00274,C0058,P0173,F00675,2025-06-01,True,700,6
E00274,C0058,P0173,F00675,2025-07-01,True,159,15
E00274,C0058,P0173,F00675,2025-08-01,True,831,13
E00274,C0058,P0173,F00675,2025-09-01,True,406,10
E00274,C0058,P0173,F00675,2025-10-01,True,389,9
E00274,C0058,P0173,F00675,2025-11-01,True,550,11
E00274,C0058,P0173,F00675,2025-12-01,True,1514,13
E00274,C0058,P0173,F00675,2026-01-01,True,309,5
E00274,C0058,P0173,F00675,2026-02-01,True,169,14
E00274,C0058,P0173,F00675,2026-03-01,True,236,12
E00274,C0058,P0173,F00675,2026-04-01,True,864,4
E00274,C0058,P0173,F00675,2026-05-01,False,0,0
E00274,C0058,P0173,F00676,2025-06-01,False,0,0
E00274,C0058,P0173,F00676,2025-07-01,False,0,0
E00274,C0058,P0173,F00676,2025-08-01,True,325,3
E00274,C0058,P0173,F00676,2025-09-01,True,434,3
E00274,C0058,P0173,F00676,2025-10-01,True,120,30
E00274,C0058,P0173,F00676,2025-11-01,True,217,5
E00274,C0058,P0173,F00676,2025-12-01,True,860,5
E00274,C0058,P0173,F00676,2026-01-01,True,470,14
E00274,C0058,P0173,F00676,2026-02-01,True,669,4
E00274,C0058,P0173,F00676,2026-03-01,True,180,6
E00274,C0058,P0173,F00676,2026-04-01,True,188,18
E00274,C0058,P0173,F00676,2026-05-01,True,480,15
E00274,C0058,P0173,F00677,2025-06-01,False,0,0
E00274,C0058,P0173,F00677,2025-07-01,False,0,0
E00274,C0058,P0173,F00677,2025-08-01,True,85,12
E00274,C0058,P0173,F00677,2025-09-01,True,954,38
E00274,C0058,P0173,F00677,2025-10-01,True,251,19
E00274,C0058,P0173,F00677,2025-11-01,True,184,3
E00274,C0058,P0173,F00677,2025-12-01,True,95,24
E00274,C0058,P0173,F00677,2026-01-01,True,266,7
E00274,C0058,P0173,F00677,2026-02-01,True,622,4
E00274,C0058,P0173,F00677,2026-03-01,True,518,9
E00274,C0058,P0173,F00677,2026-04-01,True,1302,8
E00274,C0058,P0173,F00677,2026-05-01,True,327,3
E00274,C0058,P0173,F00678,2025-06-01,False,0,0
E00274,C0058,P0173,F00678,2025-07-01,False,0,0
E00274,C0058,P0173,F00678,2025-08-01,False,0,0
E00274,C0058,P0173,F00678,2025-09-01,False,0,0
E00274,C0058,P0173,F00678,2025-10-01,True,1435,8
E00274,C0058,P0173,F00678,2025-11-01,True,1110,2
E00274,C0058,P0173,F00678,2025-12-01,True,450,37
E00274,C0058,P0173,F00678,2026-01-01,True,217,12
E00274,C0058,P0173,F00678,2026-02-01,True,889,8
E00274,C0058,P0173,F00678,2026-03-01,True,90,7
E00274,C0058,P0173,F00678,2026-04-01,True,455,13
E00274,C0058,P0173,F00678,2026-05-01,True,598,5
E00274,C0058,P0173,F00679,2025-06-01,False,0,0
E00274,C0058,P0173,F00679,2025-07-01,False,0,0
E00274,C0058,P0173,F00679,2025-08-01,False,0,0
E00274,C0058,P0173,F00679,2025-09-01,False,0,0
E00274,C0058,P0173,F00679,2025-10-01,False,0,0
E00274,C0058,P0173,F00679,2025-11-01,False,0,0
E00274,C0058,P0173,F00679,2025-12-01,True,1267,5
E00274,C0058,P0173,F00679,2026-01-01,False,0,0
E00274,C0058,P0173,F00679,2026-02-01,True,389,13
E00274,C0058,P0173,F00679,2026-03-01,False,0,0
E00274,C0058,P0173,F00679,2026-04-01,True,435,4
E00274,C0058,P0173,F00679,2026-05-01,True,903,7
E00275,C0034,P0050,F00190,2025-06-01,True,498,12
E00275,C0034,P0050,F00190,2025-07-01,True,424,3
E00275,C0034,P0050,F00190,2025-08-01,True,219,14
E00275,C0034,P0050,F00190,2025-09-01,True,87,9
E00275,C0034,P0050,F00190,2025-10-01,True,397,16
E00275,C0034,P0050,F00190,2025-11-01,True,391,9
E00275,C0034,P0050,F00190,2025-12-01,True,440,9
E00275,C0034,P0050,F00191,2025-06-01,False,0,0
E00275,C0034,P0050,F00191,2025-07-01,False,0,0
E00275,C0034,P0050,F00191,2025-08-01,False,0,0
E00275,C0034,P0050,F00191,2025-09-01,False,0,0
E00275,C0034,P0050,F00191,2025-10-01,False,0,0
E00275,C0034,P0050,F00191,2025-11-01,False,0,0
E00275,C0034,P0050,F00191,2025-12-01,False,0,0
E00275,C0034,P0050,F00192,2025-06-01,False,0,0
E00275,C0034,P0050,F00192,2025-07-01,False,0,0
E00275,C0034,P0050,F00192,2025-08-01,False,0,0
E00275,C0034,P0050,F00192,2025-09-01,False,0,0
E00275,C0034,P0050,F00192,2025-10-01,False,0,0
E00275,C0034,P0050,F00192,2025-11-01,False,0,0
E00275,C0034,P0050,F00192,2025-12-01,False,0,0
E00275,C0034,P0050,F00193,2025-06-01,False,0,0
E00275,C0034,P0050,F00999,2025-07-01,True,172,7
E00275,C0034,P0050,F00193,2025-08-01,True,490,9
E00275,C0034,P0050,F00193,2025-09-01,True,1709,4
E00275,C0034,P0050,F00193,2025-10-01,True,479,15
E00275,C0034,P0050,F00193,2025-11-01,True,384,8
E00275,C0034,P0050,F00193,2025-12-01,True,360,10
E00275,C0034,P0050,F00194,2025-06-01,False,0,0
E00275,C0034,P0050,F00194,2025-07-01,False,0,0
E00275,C0034,P0050,F00194,2025-08-01,False,0,0
E00275,C0034,P0050,F00194,2025-09-01,False,0,0
E00275,C0034,P0050,F00194,2025-10-01,False,0,0
E00275,C0034,P0050,F00194,2025-11-01,True,1025,2
E00275,C0034,P0050,F00194,2025-12-01,True,168,13
E00276,C0063,P0418,F01671,2025-06-01,False,0,0
E00276,C0063,P0418,F01671,2025-07-01,False,0,0
E00276,C0063,P0418,F01671,2025-08-01,False,0,0
E00276,C0063,P0418,F01671,2025-09-01,False,0,0
E00276,C0063,P0418,F01671,2025-10-01,False,0,0
E00276,C0063,P0418,F01671,2025-11-01,False,0,0
E00276,C0063,P0418,F01672,2025-06-01,False,0,0
E00276,C0063,P0418,F01672,2025-07-01,False,0,0
E00276,C0063,P0418,F01672,2025-08-01,False,0,0
E00276,C0063,P0418,F01672,2025-09-01,False,0,0
E00276,C0063,P0418,F01672,2025-10-01,False,0,0
E00276,C0063,P0418,F01672,2025-11-01,False,0,0
E00276,C0063,P0418,F01673,2025-06-01,False,0,0
E00276,C0063,P0418,F01673,2025-07-01,False,0,0
E00276,C0063,P0418,F01673,2025-08-01,False,0,0
E00276,C0063,P0418,F01673,2025-09-01,False,0,0
E00276,C0063,P0418,F01673,2025-10-01,False,0,0
E00276,C0063,P0418,F01673,2025-11-01,False,0,0
E00277,C0021,P0479,F01919,2025-10-01,False,0,0
E00277,C0021,P0479,F01919,2025-11-01,True,753,5
E00277,C0021,P0479,F01919,2025-12-01,True,138,9
E00277,C0021,P0479,F01919,2026-01-01,True,169,9
E00277,C0021,P0479,F01919,2026-02-01,True,172,16
E00277,C0021,P0479,F01919,2026-03-01,True,176,2
E00277,C0021,P0479,F01919,2026-04-01,True,586,10
E00277,C0021,P0479,F01919,2026-05-01,True,260,8
E00277,C0021,P0479,F01919,2026-06-01,True,398,4
E00277,C0021,P0479,F01919,2026-07-01,True,101,5
E00277,C0021,P0479,F01919,2026-08-01,True,285,5
E00277,C0021,P0479,F01920,2025-10-01,False,0,0
E00277,C0021,P0479,F01920,2025-11-01,False,0,0
E00277,C0021,P0479,F00554,2025-12-01,True,0,0
E00277,C0021,P0479,F01920,2026-01-01,False,0,0
E00277,C0021,P0479,F01920,2026-02-01,False,0,0
E00277,C0021,P0479,F01920,2026-03-01,False,0,0
E00277,C0021,P0479,F01920,2026-04-01,False,0,0
E00277,C0021,P0479,F01920,2026-05-01,False,0,0
E00277,C0021,P0479,F01920,2026-06-01,True,1021,5
E00277,C0021,P0479,F01920,2026-07-01,True,377,14
E00277,C0021,P0479,F01920,2026-08-01,False,0,0
E00277,C0021,P0479,F01921,2025-10-01,True,819,31
E00277,C0021,P0479,F01921,2025-11-01,True,1421,22
E00277,C0021,P0479,F01921,2025-12-01,True,710,5
E00277,C0021,P0479,F01921,2026-01-01,True,534,9
E00277,C0021,P0479,F01921,2026-02-01,True,300,8
E00277,C0021,P0479,F01921,2026-03-01,False,0,0
E00277,C0021,P0479,F01921,2026-04-01,True,144,7
E00277,C0021,P0479,F01921,2026-05-01,True,168,2
E00277,C0021,P0479,F01921,2026-06-01,True,905,11
E00277,C0021,P0479,F01921,2026-07-01,True,382,10
E00277,C0021,P0479,F01921,2026-08-01,False,0,0
E00277,C0021,P0479,F01922,2025-10-01,False,0,0
E00277,C0021,P0479,F01922,2025-11-01,False,0,0
E00277,C0021,P0479,F01922,2025-12-01,False,0,0
E00277,C0021,P0479,F01922,2026-01-01,False,0,0
E00277,C0021,P0479,F01922,2026-02-01,False,0,0
E00277,C0021,P0479,F01922,2026-03-01,True,750,12
E00277,C0021,P0479,F01922,2026-04-01,True,924,16
E00277,C0021,P0479,F01922,2026-05-01,True,196,23
E00277,C0021,P0479,F01922,2026-06-01,True,465,10
E00277,C0021,P0479,F01922,2026-07-01,True,691,11
E00277,C0021,P0479,F01922,2026-08-01,True,607,4
E00278,C0029,P0183,F00719,2025-06-01,False,0,0
E00278,C0029,P0183,F00719,2025-07-01,True,380,6
E00278,C0029,P0183,F00719,2025-08-01,True,1389,25
E00278,C0029,P0183,F00719,2025-09-01,True,428,23
E00278,C0029,P0183,F00719,2025-10-01,True,211,7
E00278,C0029,P0183,F00719,2025-11-01,True,46,16
E00278,C0029,P0183,F01871,2025-12-01,True,40,7
E00278,C0029,P0183,F00720,2025-06-01,False,0,0
E00278,C0029,P0183,F00720,2025-07-01,False,0,0
E00278,C0029,P0183,F00720,2025-08-01,False,0,0
E00278,C0029,P0183,F00720,2025-09-01,False,0,0
E00278,C0029,P0183,F00720,2025-10-01,False,0,0
E00278,C0029,P0183,F00720,2025-11-01,False,0,0
E00278,C0029,P0183,F00720,2025-12-01,False,0,0
E00278,C0029,P0183,F00721,2025-06-01,False,0,0
E00278,C0029,P0183,F00721,2025-07-01,False,0,0
E00278,C0029,P0183,F00721,2025-08-01,True,120,21
E00278,C0029,P0183,F00721,2025-09-01,True,1301,18
E00278,C0029,P0183,F00721,2025-10-01,True,575,12
E00278,C0029,P0183,F00721,2025-11-01,True,404,5
E00278,C0029,P0183,F00721,2025-12-01,True,84,11
E00278,C0029,P0183,F00722,2025-06-01,True,469,13
E00278,C0029,P0183,F00722,2025-07-01,True,517,17
E00278,C0029,P0183,F00722,2025-08-01,True,385,5
E00278,C0029,P0183,F00722,2025-09-01,True,504,17
E00278,C0029,P0183,F00722,2025-10-01,True,289,17
E00278,C0029,P0183,F00722,2025-11-01,True,401,4
E00278,C0029,P0183,F00722,2025-12-01,True,1594,8
E00279,C0058,P0109,F00421,2025-06-01,False,0,0
E00279,C0058,P0109,F00421,2025-07-01,True,153,6
E00279,C0058,P0109,F00421,2025-08-01,True,27,9
E00279,C0058,P0109,F00421,2025-09-01,True,913,12
E00279,C0058,P0109,F00421,2025-10-01,True,189,10
E00279,C0058,P0109,F00421,2025-11-01,True,356,8
E00279,C0058,P0109,F00421,2025-12-01,True,706,13
E00279,C0058,P0109,F00421,2026-01-01,True,160,19
E00279,C0058,P0109,F00421,2026-02-01,True,855,14
E00279,C0058,P0109,F00421,2026-03-01,True,307,7
E00279,C0058,P0109,F00421,2026-04-01,True,1052,13
E00279,C0058,P0109,F00421,2026-05-01,True,394,4
E00279,C0058,P0109,F00422,2025-06-01,False,0,0
E00279,C0058,P0109,F00422,2025-07-01,True,175,3
E00279,C0058,P0109,F00422,2025-08-01,True,304,7
E00279,C0058,P0109,F00422,2025-09-01,True,408,22
E00279,C0058,P0109,F00422,2025-10-01,True,594,19
E00279,C0058,P0109,F00422,2025-11-01,False,0,0
E00279,C0058,P0109,F00422,2025-12-01,True,769,6
E00279,C0058,P0109,F00422,2026-01-01,True,266,7
E00279,C0058,P0109,F00422,2026-02-01,True,616,4
E00279,C0058,P0109,F00422,2026-03-01,True,942,8
E00279,C0058,P0109,F00422,2026-04-01,True,134,8
E00279,C0058,P0109,F00422,2026-05-01,True,281,9
E00279,C0058,P0109,F00423,2025-06-01,True,326,21
E00279,C0058,P0109,F00423,2025-07-01,True,463,4
E00279,C0058,P0109,F00423,2025-08-01,True,277,7
E00279,C0058,P0109,F00423,2025-09-01,True,381,10
E00279,C0058,P0109,F00423,2025-10-01,True,1138,19
E00279,C0058,P0109,F00423,2025-11-01,True,555,2
E00279,C0058,P0109,F00423,2025-12-01,True,657,2
E00279,C0058,P0109,F00423,2026-01-01,True,249,8
E00279,C0058,P0109,F00423,2026-02-01,True,745,5
E00279,C0058,P0109,F00423,2026-03-01,True,315,3
E00279,C0058,P0109,F00423,2026-04-01,True,524,7
E00279,C0058,P0109,F00423,2026-05-01,True,412,1
E00280,C0069,P0189,F00742,2025-10-01,False,0,0
E00280,C0069,P0189,F00742,2025-11-01,True,139,12
E00280,C0069,P0189,F00742,2025-12-01,True,578,26
E00280,C0069,P0189,F00742,2026-01-01,False,0,0
E00280,C0069,P0189,F00742,2026-02-01,True,859,7
E00280,C0069,P0189,F00742,2026-03-01,True,407,18
E00280,C0069,P0189,F00742,2026-04-01,True,456,8
E00280,C0069,P0189,F00742,2026-05-01,True,420,25
E00280,C0069,P0189,F00742,2026-06-01,True,354,15
E00280,C0069,P0189,F00742,2026-07-01,True,441,6
E00280,C0069,P0189,F00742,2026-08-01,True,742,10
E00280,C0069,P0189,F00743,2025-10-01,False,0,0
E00280,C0069,P0189,F00743,2025-11-01,False,0,0
E00280,C0069,P0189,F00743,2025-12-01,False,0,0
E00280,C0069,P0189,F00743,2026-01-01,False,0,0
E00280,C0069,P0189,F00743,2026-02-01,False,0,0
E00280,C0069,P0189,F00743,2026-03-01,False,0,0
E00280,C0069,P0189,F00743,2026-04-01,False,0,0
E00280,C0069,P0189,F00743,2026-05-01,False,0,0
E00280,C0069,P0189,F00743,2026-06-01,False,0,0
E00280,C0069,P0189,F00743,2026-07-01,False,0,0
E00280,C0069,P0189,F00743,2026-08-01,False,0,0
E00280,C0069,P0189,F00744,2025-10-01,False,0,0
E00280,C0069,P0189,F00744,2025-11-01,False,0,0
E00280,C0069,P0189,F00744,2025-12-01,False,0,0
E00280,C0069,P0189,F00744,2026-01-01,False,0,0
E00280,C0069,P0189,F00744,2026-02-01,False,0,0
E00280,C0069,P0189,F00744,2026-03-01,False,0,0
E00280,C0069,P0189,F00744,2026-04-01,False,0,0
E00280,C0069,P0189,F00744,2026-05-01,False,0,0
E00280,C0069,P0189,F00744,2026-06-01,False,0,0
E00280,C0069,P0189,F00744,2026-07-01,False,0,0
E00280,C0069,P0189,F00744,2026-08-01,False,0,0
E00280,C0069,P0189,F00745,2025-10-01,False,0,0
E00280,C0069,P0189,F00745,2025-11-01,False,0,0
E00280,C0069,P0189,F00745,2025-12-01,False,0,0
E00280,C0069,P0189,F00745,2026-01-01,False,0,0
E00280,C0069,P0189,F00745,2026-02-01,False,0,0
E00280,C0069,P0189,F00745,2026-03-01,False,0,0
E00280,C0069,P0189,F00745,2026-04-01,False,0,0
E00280,C0069,P0189,F00745,2026-05-01,False,0,0
E00280,C0069,P0189,F00745,2026-06-01,False,0,0
E00280,C0069,P0189,F00745,2026-07-01,False,0,0
E00280,C0069,P0189,F00745,2026-08-01,False,0,0
E00280,C0069,P0189,F00746,2025-10-01,False,0,0
E00280,C0069,P0189,F00746,2025-11-01,False,0,0
E00280,C0069,P0189,F00746,2025-12-01,False,0,0
E00280,C0069,P0189,F00746,2026-01-01,True,275,12
E00280,C0069,P0189,F00746,2026-02-01,False,0,0
E00280,C0069,P0189,F00746,2026-03-01,True,800,12
E00280,C0069,P0189,F00746,2026-04-01,True,412,15
E00280,C0069,P0189,F00746,2026-05-01,True,609,9
E00280,C0069,P0189,F00746,2026-06-01,True,330,8
E00280,C0069,P0189,F00746,2026-07-01,True,517,10
E00280,C0069,P0189,F00746,2026-08-01,True,375,11
E00281,C0049,P0307,F01226,2025-06-01,False,0,0
E00281,C0049,P0307,F01226,2025-07-01,False,0,0
E00281,C0049,P0307,F01226,2025-08-01,False,0,0
E00281,C0049,P0307,F01226,2025-09-01,False,0,0
E00281,C0049,P0307,F01226,2025-10-01,False,0,0
E00281,C0049,P0307,F01226,2025-11-01,False,0,0
E00281,C0049,P0307,F01226,2025-12-01,False,0,0
E00281,C0049,P0307,F01226,2026-01-01,False,0,0
E00281,C0049,P0307,F01226,2026-02-01,False,0,0
E00281,C0049,P0307,F01227,2025-06-01,False,0,0
E00281,C0049,P0307,F01522,2025-07-01,True,0,0
E00281,C0049,P0307,F01227,2025-08-01,False,0,0
E00281,C0049,P0307,F01227,2025-09-01,False,0,0
E00281,C0049,P0307,F01227,2025-10-01,False,0,0
E00281,C0049,P0307,F01227,2025-11-01,False,0,0
E00281,C0049,P0307,F01227,2025-12-01,False,0,0
E00281,C0049,P0307,F01227,2026-01-01,False,0,0
E00281,C0049,P0307,F01227,2026-02-01,False,0,0
E00281,C0049,P0307,F01680,2025-06-01,True,0,0
E00281,C0049,P0307,F01228,2025-07-01,False,0,0
E00281,C0049,P0307,F01228,2025-08-01,False,0,0
E00281,C0049,P0307,F01228,2025-09-01,False,0,0
E00281,C0049,P0307,F01228,2025-10-01,False,0,0
E00281,C0049,P0307,F01228,2025-11-01,False,0,0
E00281,C0049,P0307,F01228,2025-12-01,False,0,0
E00281,C0049,P0307,F01228,2026-01-01,False,0,0
E00281,C0049,P0307,F01228,2026-02-01,False,0,0
E00281,C0049,P0307,F01229,2025-06-01,False,0,0
E00281,C0049,P0307,F01229,2025-07-01,False,0,0
E00281,C0049,P0307,F00862,2025-08-01,True,0,0
E00281,C0049,P0307,F01229,2025-09-01,False,0,0
E00281,C0049,P0307,F01229,2025-10-01,False,0,0
E00281,C0049,P0307,F01229,2025-11-01,False,0,0
E00281,C0049,P0307,F01229,2025-12-01,False,0,0
E00281,C0049,P0307,F01229,2026-01-01,False,0,0
E00281,C0049,P0307,F01229,2026-02-01,False,0,0
E00281,C0049,P0307,F01230,2025-06-01,False,0,0
E00281,C0049,P0307,F01230,2025-07-01,False,0,0
E00281,C0049,P0307,F01230,2025-08-01,False,0,0
E00281,C0049,P0307,F01230,2025-09-01,False,0,0
E00281,C0049,P0307,F01230,2025-10-01,False,0,0
E00281,C0049,P0307,F01230,2025-11-01,False,0,0
E00281,C0049,P0307,F01230,2025-12-01,False,0,0
E00281,C0049,P0307,F01230,2026-01-01,False,0,0
E00281,C0049,P0307,F01230,2026-02-01,False,0,0
E00282,C0007,P0049,F00186,2025-06-01,True,121,16
E00282,C0007,P0049,F00186,2025-07-01,True,292,10
E00282,C0007,P0049,F00186,2025-08-01,True,253,5
E00282,C0007,P0049,F00186,2025-09-01,False,0,0
E00282,C0007,P0049,F00186,2025-10-01,False,0,0
E00282,C0007,P0049,F00186,2025-11-01,False,0,0
E00282,C0007,P0049,F00186,2025-12-01,False,0,0
E00282,C0007,P0049,F00187,2025-06-01,False,0,0
E00282,C0007,P0049,F00187,2025-07-01,False,0,0
E00282,C0007,P0049,F00187,2025-08-01,False,0,0
E00282,C0007,P0049,F00187,2025-09-01,False,0,0
E00282,C0007,P0049,F00187,2025-10-01,False,0,0
E00282,C0007,P0049,F00187,2025-11-01,False,0,0
E00282,C0007,P0049,F00187,2025-12-01,False,0,0
E00282,C0007,P0049,F00188,2025-06-01,False,0,0
E00282,C0007,P0049,F00188,2025-07-01,False,0,0
E00282,C0007,P0049,F00188,2025-08-01,False,0,0
E00282,C0007,P0049,F00188,2025-09-01,False,0,0
E00282,C0007,P0049,F00188,2025-10-01,False,0,0
E00282,C0007,P0049,F00188,2025-11-01,False,0,0
E00282,C0007,P0049,F00188,2025-12-01,False,0,0
E00282,C0007,P0049,F00189,2025-06-01,False,0,0
E00282,C0007,P0049,F00189,2025-07-01,False,0,0
E00282,C0007,P0049,F00189,2025-08-01,False,0,0
E00282,C0007,P0049,F00189,2025-09-01,False,0,0
E00282,C0007,P0049,F00189,2025-10-01,False,0,0
E00282,C0007,P0049,F00189,2025-11-01,False,0,0
E00282,C0007,P0049,F00189,2025-12-01,False,0,0
E00283,C0021,P0498,F02001,2025-11-01,False,0,0
E00283,C0021,P0498,F02001,2025-12-01,True,415,14
E00283,C0021,P0498,F02001,2026-01-01,True,1577,7
E00283,C0021,P0498,F02001,2026-02-01,True,639,8
E00283,C0021,P0498,F02001,2026-03-01,True,678,16
E00283,C0021,P0498,F02001,2026-04-01,True,239,4
E00283,C0021,P0498,F02001,2026-05-01,True,104,20
E00283,C0021,P0498,F02001,2026-06-01,True,179,20
E00283,C0021,P0498,F02001,2026-07-01,True,378,9
E00283,C0021,P0498,F02001,2026-08-01,False,0,0
E00283,C0021,P0498,F02002,2025-11-01,False,0,0
E00283,C0021,P0498,F02002,2025-12-01,True,608,8
E00283,C0021,P0498,F02002,2026-01-01,True,570,7
E00283,C0021,P0498,F02002,2026-02-01,True,895,6
E00283,C0021,P0498,F02002,2026-03-01,True,576,22
E00283,C0021,P0498,F02002,2026-04-01,True,8,15
E00283,C0021,P0498,F02002,2026-05-01,True,213,17
E00283,C0021,P0498,F02002,2026-06-01,True,442,15
E00283,C0021,P0498,F02002,2026-07-01,True,358,23
E00283,C0021,P0498,F02002,2026-08-01,False,0,0
E00283,C0021,P0498,F02003,2025-11-01,False,0,0
E00283,C0021,P0498,F02003,2025-12-01,True,109,21
E00283,C0021,P0498,F02003,2026-01-01,True,242,2
E00283,C0021,P0498,F02003,2026-02-01,True,389,7
E00283,C0021,P0498,F02003,2026-03-01,True,511,15
E00283,C0021,P0498,F02003,2026-04-01,True,333,15
E00283,C0021,P0498,F02003,2026-05-01,True,461,11
E00283,C0021,P0498,F02003,2026-06-01,True,325,7
E00283,C0021,P0498,F02003,2026-07-01,True,1145,11
E00283,C0021,P0498,F02003,2026-08-01,False,0,0
E00283,C0021,P0498,F02004,2025-11-01,False,0,0
E00283,C0021,P0498,F02004,2025-12-01,False,0,0
E00283,C0021,P0498,F02004,2026-01-01,False,0,0
E00283,C0021,P0498,F02004,2026-02-01,True,476,17
E00283,C0021,P0498,F02004,2026-03-01,True,305,14
E00283,C0021,P0498,F02004,2026-04-01,True,1078,6
E00283,C0021,P0498,F02004,2026-05-01,True,1078,17
E00283,C0021,P0498,F02004,2026-06-01,True,239,6
E00283,C0021,P0498,F02004,2026-07-01,True,1074,20
E00283,C0021,P0498,F02004,2026-08-01,False,0,0
E00284,C0015,P0342,F01366,2025-10-01,False,0,0
E00284,C0015,P0342,F01366,2025-11-01,True,341,8
E00284,C0015,P0342,F01366,2025-12-01,True,240,9
E00284,C0015,P0342,F01366,2026-01-01,True,353,12
E00284,C0015,P0342,F01366,2026-02-01,True,175,7
E00284,C0015,P0342,F01366,2026-03-01,True,317,37
E00284,C0015,P0342,F01366,2026-04-01,True,459,4
E00284,C0015,P0342,F01366,2026-05-01,True,182,30
E00284,C0015,P0342,F01366,2026-06-01,True,828,8
E00284,C0015,P0342,F01366,2026-07-01,True,535,14
E00284,C0015,P0342,F01366,2026-08-01,True,380,6
E00284,C0015,P0342,F01367,2025-10-01,False,0,0
E00284,C0015,P0342,F01367,2025-11-01,False,0,0
E00284,C0015,P0342,F01367,2025-12-01,True,79,19
E00284,C0015,P0342,F01367,2026-01-01,False,0,0
E00284,C0015,P0342,F01367,2026-02-01,True,501,6
E00284,C0015,P0342,F01367,2026-03-01,True,805,29
E00284,C0015,P0342,F01367,2026-04-01,True,448,11
E00284,C0015,P0342,F01367,2026-05-01,True,103,10
E00284,C0015,P0342,F01367,2026-06-01,True,162,10
E00284,C0015,P0342,F01367,2026-07-01,True,748,16
E00284,C0015,P0342,F01367,2026-08-01,False,0,0
E00284,C0015,P0342,F01368,2025-10-01,False,0,0
E00284,C0015,P0342,F01368,2025-11-01,False,0,0
E00284,C0015,P0342,F01368,2025-12-01,False,0,0
E00284,C0015,P0342,F01368,2026-01-01,False,0,0
E00284,C0015,P0342,F01368,2026-02-01,False,0,0
E00284,C0015,P0342,F01368,2026-03-01,False,0,0
E00284,C0015,P0342,F01368,2026-04-01,False,0,0
E00284,C0015,P0342,F01368,2026-05-01,False,0,0
E00284,C0015,P0342,F01368,2026-06-01,False,0,0
E00284,C0015,P0342,F01368,2026-07-01,False,0,0
E00284,C0015,P0342,F01368,2026-08-01,False,0,0
E00284,C0015,P0342,F01369,2025-10-01,False,0,0
E00284,C0015,P0342,F01369,2025-11-01,False,0,0
E00284,C0015,P0342,F01369,2025-12-01,False,0,0
E00284,C0015,P0342,F01369,2026-01-01,False,0,0
E00284,C0015,P0342,F01369,2026-02-01,True,820,9
E00284,C0015,P0342,F01369,2026-03-01,False,0,0
E00284,C0015,P0342,F01369,2026-04-01,True,130,9
E00284,C0015,P0342,F01369,2026-05-01,True,450,24
E00284,C0015,P0342,F01369,2026-06-01,True,663,3
E00284,C0015,P0342,F01369,2026-07-01,True,440,21
E00284,C0015,P0342,F01369,2026-08-01,False,0,0
E00285,C0096,P0328,F01311,2025-06-01,False,0,0
E00285,C0096,P0328,F01311,2025-07-01,True,883,22
E00285,C0096,P0328,F01311,2025-08-01,True,222,7
E00285,C0096,P0328,F01311,2025-09-01,True,1146,8
E00285,C0096,P0328,F01311,2025-10-01,True,1029,6
E00285,C0096,P0328,F01311,2025-11-01,True,346,2
E00285,C0096,P0328,F01312,2025-06-01,False,0,0
E00285,C0096,P0328,F01312,2025-07-01,False,0,0
E00285,C0096,P0328,F01312,2025-08-01,False,0,0
E00285,C0096,P0328,F01312,2025-09-01,False,0,0
E00285,C0096,P0328,F01312,2025-10-01,False,0,0
E00285,C0096,P0328,F01312,2025-11-01,False,0,0
E00285,C0096,P0328,F01313,2025-06-01,False,0,0
E00285,C0096,P0328,F01313,2025-07-01,False,0,0
E00285,C0096,P0328,F01313,2025-08-01,False,0,0
E00285,C0096,P0328,F01313,2025-09-01,False,0,0
E00285,C0096,P0328,F01313,2025-10-01,False,0,0
E00285,C0096,P0328,F01313,2025-11-01,False,0,0
E00285,C0096,P0328,F01314,2025-06-01,False,0,0
E00285,C0096,P0328,F01314,2025-07-01,True,328,6
E00285,C0096,P0328,F01314,2025-08-01,True,587,16
E00285,C0096,P0328,F01314,2025-09-01,True,514,6
E00285,C0096,P0328,F01314,2025-10-01,True,822,11
E00285,C0096,P0328,F01314,2025-11-01,True,620,22
E00285,C0096,P0328,F01315,2025-06-01,False,0,0
E00285,C0096,P0328,F01315,2025-07-01,False,0,0
E00285,C0096,P0328,F01315,2025-08-01,False,0,0
E00285,C0096,P0328,F01315,2025-09-01,False,0,0
E00285,C0096,P0328,F00944,2025-10-01,True,0,0
E00285,C0096,P0328,F01315,2025-11-01,False,0,0
E00286,C0075,P0316,F01263,2025-11-01,True,424,4
E00286,C0075,P0316,F01263,2025-12-01,True,459,10
E00286,C0075,P0316,F01263,2026-01-01,False,0,0
E00286,C0075,P0316,F01263,2026-02-01,True,190,27
E00286,C0075,P0316,F01263,2026-03-01,True,304,16
E00286,C0075,P0316,F01263,2026-04-01,True,654,13
E00286,C0075,P0316,F01263,2026-05-01,True,279,3
E00286,C0075,P0316,F01263,2026-06-01,True,510,9
E00286,C0075,P0316,F01263,2026-07-01,True,1126,7
E00286,C0075,P0316,F01263,2026-08-01,False,0,0
E00286,C0075,P0316,F01264,2025-11-01,False,0,0
E00286,C0075,P0316,F01264,2025-12-01,False,0,0
E00286,C0075,P0316,F01264,2026-01-01,False,0,0
E00286,C0075,P0316,F01264,2026-02-01,False,0,0
E00286,C0075,P0316,F01264,2026-03-01,True,57,5
E00286,C0075,P0316,F01264,2026-04-01,False,0,0
E00286,C0075,P0316,F01264,2026-05-01,True,781,19
E00286,C0075,P0316,F01264,2026-06-01,True,951,10
E00286,C0075,P0316,F01264,2026-07-01,True,611,13
E00286,C0075,P0316,F01264,2026-08-01,True,240,11
E00286,C0075,P0316,F01265,2025-11-01,False,0,0
E00286,C0075,P0316,F01265,2025-12-01,False,0,0
E00286,C0075,P0316,F01265,2026-01-01,False,0,0
E00286,C0075,P0316,F01265,2026-02-01,False,0,0
E00286,C0075,P0316,F01265,2026-03-01,False,0,0
E00286,C0075,P0316,F01265,2026-04-01,False,0,0
E00286,C0075,P0316,F01265,2026-05-01,False,0,0
E00286,C0075,P0316,F01265,2026-06-01,False,0,0
E00286,C0075,P0316,F01265,2026-07-01,False,0,0
E00286,C0075,P0316,F01265,2026-08-01,False,0,0
E00287,C0068,P0318,F01269,2025-11-01,False,0,0
E00287,C0068,P0318,F01269,2025-12-01,True,290,25
E00287,C0068,P0318,F01269,2026-01-01,False,0,0
E00287,C0068,P0318,F01269,2026-02-01,True,239,28
E00287,C0068,P0318,F01269,2026-03-01,True,227,8
E00287,C0068,P0318,F01269,2026-04-01,True,403,6
E00287,C0068,P0318,F01269,2026-05-01,True,400,13
E00287,C0068,P0318,F01269,2026-06-01,True,885,2
E00287,C0068,P0318,F01269,2026-07-01,True,229,30
E00287,C0068,P0318,F01269,2026-08-01,True,286,8
E00287,C0068,P0318,F01270,2025-11-01,False,0,0
E00287,C0068,P0318,F01270,2025-12-01,False,0,0
E00287,C0068,P0318,F01270,2026-01-01,False,0,0
E00287,C0068,P0318,F01270,2026-02-01,False,0,0
E00287,C0068,P0318,F01270,2026-03-01,False,0,0
E00287,C0068,P0318,F01270,2026-04-01,True,217,17
E00287,C0068,P0318,F01270,2026-05-01,True,100,14
E00287,C0068,P0318,F01270,2026-06-01,True,1193,3
E00287,C0068,P0318,F01270,2026-07-01,True,607,4
E00287,C0068,P0318,F01270,2026-08-01,False,0,0
E00287,C0068,P0318,F01271,2025-11-01,False,0,0
E00287,C0068,P0318,F01271,2025-12-01,False,0,0
E00287,C0068,P0318,F01271,2026-01-01,False,0,0
E00287,C0068,P0318,F01271,2026-02-01,False,0,0
E00287,C0068,P0318,F01271,2026-03-01,False,0,0
E00287,C0068,P0318,F01271,2026-04-01,False,0,0
E00287,C0068,P0318,F01271,2026-05-01,False,0,0
E00287,C0068,P0318,F01271,2026-06-01,False,0,0
E00287,C0068,P0318,F01271,2026-07-01,False,0,0
E00287,C0068,P0318,F01271,2026-08-01,False,0,0
E00287,C0068,P0318,F01272,2025-11-01,False,0,0
E00287,C0068,P0318,F01272,2025-12-01,False,0,0
E00287,C0068,P0318,F01272,2026-01-01,False,0,0
E00287,C0068,P0318,F01272,2026-02-01,False,0,0
E00287,C0068,P0318,F01272,2026-03-01,False,0,0
E00287,C0068,P0318,F01272,2026-04-01,True,514,14
E00287,C0068,P0318,F01272,2026-05-01,True,636,8
E00287,C0068,P0318,F01272,2026-06-01,True,269,18
E00287,C0068,P0318,F01272,2026-07-01,True,256,20
E00287,C0068,P0318,F01272,2026-08-01,False,0,0
E00287,C0068,P0318,F01273,2025-11-01,False,0,0
E00287,C0068,P0318,F01273,2025-12-01,False,0,0
E00287,C0068,P0318,F01273,2026-01-01,False,0,0
E00287,C0068,P0318,F01273,2026-02-01,False,0,0
E00287,C0068,P0318,F01273,2026-03-01,False,0,0
E00287,C0068,P0318,F01273,2026-04-01,True,40,13
E00287,C0068,P0318,F01273,2026-05-01,True,670,10
E00287,C0068,P0318,F01273,2026-06-01,True,909,8
E00287,C0068,P0318,F01273,2026-07-01,True,451,21
E00287,C0068,P0318,F01273,2026-08-01,False,0,0
E00288,C0018,P0078,F00302,2025-06-01,False,0,0
E00288,C0018,P0078,F00302,2025-07-01,True,155,22
E00288,C0018,P0078,F00302,2025-08-01,True,489,6
E00288,C0018,P0078,F00302,2025-09-01,True,377,6
E00288,C0018,P0078,F00302,2025-10-01,True,575,9
E00288,C0018,P0078,F00302,2025-11-01,True,287,17
E00288,C0018,P0078,F00302,2025-12-01,True,330,11
E00288,C0018,P0078,F00302,2026-01-01,True,371,2
E00288,C0018,P0078,F00302,2026-02-01,True,117,7
E00288,C0018,P0078,F00302,2026-03-01,False,0,0
E00288,C0018,P0078,F00302,2026-04-01,True,245,2
E00288,C0018,P0078,F00303,2025-06-01,False,0,0
E00288,C0018,P0078,F00303,2025-07-01,False,0,0
E00288,C0018,P0078,F00303,2025-08-01,True,390,10
E00288,C0018,P0078,F00303,2025-09-01,True,423,9
E00288,C0018,P0078,F00303,2025-10-01,True,983,15
E00288,C0018,P0078,F00303,2025-11-01,True,1065,5
E00288,C0018,P0078,F00303,2025-12-01,False,0,0
E00288,C0018,P0078,F00303,2026-01-01,True,295,7
E00288,C0018,P0078,F00303,2026-02-01,True,93,10
E00288,C0018,P0078,F00303,2026-03-01,True,44,16
E00288,C0018,P0078,F00303,2026-04-01,True,834,9
E00288,C0018,P0078,F00304,2025-06-01,False,0,0
E00288,C0018,P0078,F00304,2025-07-01,False,0,0
E00288,C0018,P0078,F00304,2025-08-01,False,0,0
E00288,C0018,P0078,F00304,2025-09-01,False,0,0
E00288,C0018,P0078,F00304,2025-10-01,False,0,0
E00288,C0018,P0078,F00304,2025-11-01,False,0,0
E00288,C0018,P0078,F00304,2025-12-01,False,0,0
E00288,C0018,P0078,F00304,2026-01-01,False,0,0
E00288,C0018,P0078,F00304,2026-02-01,False,0,0
E00288,C0018,P0078,F00304,2026-03-01,False,0,0
E00288,C0018,P0078,F00304,2026-04-01,False,0,0
E00288,C0018,P0078,F00305,2025-06-01,False,0,0
E00288,C0018,P0078,F00305,2025-07-01,False,0,0
E00288,C0018,P0078,F00305,2025-08-01,False,0,0
E00288,C0018,P0078,F00305,2025-09-01,True,420,23
E00288,C0018,P0078,F00305,2025-10-01,True,180,3
E00288,C0018,P0078,F00305,2025-11-01,True,43,6
E00288,C0018,P0078,F00305,2025-12-01,True,225,17
E00288,C0018,P0078,F00305,2026-01-01,True,123,3
E00288,C0018,P0078,F00305,2026-02-01,True,673,7
E00288,C0018,P0078,F00305,2026-03-01,True,422,18
E00288,C0018,P0078,F00305,2026-04-01,True,1701,14
E00289,C0084,P0307,F01226,2025-06-01,True,218,19
E00289,C0084,P0307,F01226,2025-07-01,True,171,23
E00289,C0084,P0307,F01226,2025-08-01,True,206,4
E00289,C0084,P0307,F01226,2025-09-01,True,386,14
E00289,C0084,P0307,F01226,2025-10-01,False,0,0
E00289,C0084,P0307,F01226,2025-11-01,True,151,7
E00289,C0084,P0307,F01227,2025-06-01,False,0,0
E00289,C0084,P0307,F01227,2025-07-01,False,0,0
E00289,C0084,P0307,F01227,2025-08-01,False,0,0
E00289,C0084,P0307,F01227,2025-09-01,False,0,0
E00289,C0084,P0307,F01227,2025-10-01,False,0,0
E00289,C0084,P0307,F01227,2025-11-01,True,525,12
E00289,C0084,P0307,F01228,2025-06-01,False,0,0
E00289,C0084,P0307,F01228,2025-07-01,False,0,0
E00289,C0084,P0307,F01228,2025-08-01,False,0,0
E00289,C0084,P0307,F01228,2025-09-01,True,504,24
E00289,C0084,P0307,F01228,2025-10-01,True,465,28
E00289,C0084,P0307,F01228,2025-11-01,True,691,7
E00289,C0084,P0307,F01229,2025-06-01,False,0,0
E00289,C0084,P0307,F01229,2025-07-01,False,0,0
E00289,C0084,P0307,F01229,2025-08-01,False,0,0
E00289,C0084,P0307,F01229,2025-09-01,False,0,0
E00289,C0084,P0307,F01229,2025-10-01,False,0,0
E00289,C0084,P0307,F01229,2025-11-01,False,0,0
E00289,C0084,P0307,F01230,2025-06-01,False,0,0
E00289,C0084,P0307,F01230,2025-07-01,False,0,0
E00289,C0084,P0307,F01230,2025-08-01,True,870,13
E00289,C0084,P0307,F01230,2025-09-01,True,782,14
E00289,C0084,P0307,F01230,2025-10-01,True,1166,4
E00289,C0084,P0307,F01230,2025-11-01,True,317,16
E00290,C0016,P0330,F01320,2025-06-01,True,416,5
E00290,C0016,P0330,F01320,2025-07-01,True,1089,10
E00290,C0016,P0330,F01320,2025-08-01,True,731,15
E00290,C0016,P0330,F01320,2025-09-01,True,647,4
E00290,C0016,P0330,F01320,2025-10-01,True,365,18
E00290,C0016,P0330,F01320,2025-11-01,True,728,19
E00290,C0016,P0330,F01320,2025-12-01,True,207,3
E00290,C0016,P0330,F01320,2026-01-01,True,121,11
E00290,C0016,P0330,F01320,2026-02-01,True,407,11
E00290,C0016,P0330,F01320,2026-03-01,True,140,7
E00290,C0016,P0330,F01320,2026-04-01,True,1083,14
E00290,C0016,P0330,F01321,2025-06-01,False,0,0
E00290,C0016,P0330,F01321,2025-07-01,False,0,0
E00290,C0016,P0330,F01321,2025-08-01,False,0,0
E00290,C0016,P0330,F01321,2025-09-01,False,0,0
E00290,C0016,P0330,F01321,2025-10-01,False,0,0
E00290,C0016,P0330,F01321,2025-11-01,False,0,0
E00290,C0016,P0330,F01321,2025-12-01,False,0,0
E00290,C0016,P0330,F01321,2026-01-01,False,0,0
E00290,C0016,P0330,F01321,2026-02-01,False,0,0
E00290,C0016,P0330,F01321,2026-03-01,False,0,0
E00290,C0016,P0330,F01321,2026-04-01,False,0,0
E00290,C0016,P0330,F01322,2025-06-01,False,0,0
E00290,C0016,P0330,F01322,2025-07-01,False,0,0
E00290,C0016,P0330,F01322,2025-08-01,False,0,0
E00290,C0016,P0330,F01322,2025-09-01,False,0,0
E00290,C0016,P0330,F01322,2025-10-01,False,0,0
E00290,C0016,P0330,F01322,2025-11-01,False,0,0
E00290,C0016,P0330,F01322,2025-12-01,False,0,0
E00290,C0016,P0330,F01322,2026-01-01,False,0,0
E00290,C0016,P0330,F01322,2026-02-01,False,0,0
E00290,C0016,P0330,F01322,2026-03-01,False,0,0
E00290,C0016,P0330,F01322,2026-04-01,False,0,0
E00290,C0016,P0330,F01323,2025-06-01,False,0,0
E00290,C0016,P0330,F01323,2025-07-01,False,0,0
E00290,C0016,P0330,F01323,2025-08-01,False,0,0
E00290,C0016,P0330,F01323,2025-09-01,True,359,30
E00290,C0016,P0330,F01323,2025-10-01,True,1230,8
E00290,C0016,P0330,F01323,2025-11-01,True,492,3
E00290,C0016,P0330,F01323,2025-12-01,True,72,9
E00290,C0016,P0330,F01323,2026-01-01,True,132,7
E00290,C0016,P0330,F01323,2026-02-01,True,458,26
E00290,C0016,P0330,F01323,2026-03-01,False,0,0
E00290,C0016,P0330,F01323,2026-04-01,True,502,8
E00290,C0016,P0330,F01324,2025-06-01,True,1276,11
E00290,C0016,P0330,F01324,2025-07-01,True,734,22
E00290,C0016,P0330,F01324,2025-08-01,True,357,1
E00290,C0016,P0330,F01324,2025-09-01,True,220,7
E00290,C0016,P0330,F01324,2025-10-01,True,367,9
E00290,C0016,P0330,F01324,2025-11-01,True,322,11
E00290,C0016,P0330,F01324,2025-12-01,True,439,3
E00290,C0016,P0330,F01324,2026-01-01,True,434,17
E00290,C0016,P0330,F01324,2026-02-01,True,1287,12
E00290,C0016,P0330,F01324,2026-03-01,True,703,16
E00290,C0016,P0330,F01324,2026-04-01,True,198,13
E00291,C0031,P0118,F00454,2025-06-01,False,0,0
E00291,C0031,P0118,F00454,2025-07-01,False,0,0
E00291,C0031,P0118,F00454,2025-08-01,False,0,0
E00291,C0031,P0118,F00454,2025-09-01,False,0,0
E00291,C0031,P0118,F00454,2025-10-01,False,0,0
E00291,C0031,P0118,F00454,2025-11-01,False,0,0
E00291,C0031,P0118,F00454,2025-12-01,False,0,0
E00291,C0031,P0118,F00454,2026-01-01,False,0,0
E00291,C0031,P0118,F00454,2026-02-01,False,0,0
E00291,C0031,P0118,F00454,2026-03-01,False,0,0
E00291,C0031,P0118,F00454,2026-04-01,False,0,0
E00291,C0031,P0118,F00454,2026-05-01,False,0,0
E00291,C0031,P0118,F00455,2025-06-01,False,0,0
E00291,C0031,P0118,F00455,2025-07-01,False,0,0
E00291,C0031,P0118,F00455,2025-08-01,False,0,0
E00291,C0031,P0118,F00455,2025-09-01,False,0,0
E00291,C0031,P0118,F00455,2025-10-01,False,0,0
E00291,C0031,P0118,F00455,2025-11-01,False,0,0
E00291,C0031,P0118,F00455,2025-12-01,False,0,0
E00291,C0031,P0118,F00455,2026-01-01,False,0,0
E00291,C0031,P0118,F00455,2026-02-01,False,0,0
E00291,C0031,P0118,F00455,2026-03-01,False,0,0
E00291,C0031,P0118,F00455,2026-04-01,False,0,0
E00291,C0031,P0118,F00455,2026-05-01,False,0,0
E00291,C0031,P0118,F00456,2025-06-01,False,0,0
E00291,C0031,P0118,F00456,2025-07-01,False,0,0
E00291,C0031,P0118,F00456,2025-08-01,False,0,0
E00291,C0031,P0118,F00456,2025-09-01,False,0,0
E00291,C0031,P0118,F00456,2025-10-01,False,0,0
E00291,C0031,P0118,F00456,2025-11-01,False,0,0
E00291,C0031,P0118,F00456,2025-12-01,False,0,0
E00291,C0031,P0118,F00456,2026-01-01,False,0,0
E00291,C0031,P0118,F00456,2026-02-01,False,0,0
E00291,C0031,P0118,F00456,2026-03-01,False,0,0
E00291,C0031,P0118,F00456,2026-04-01,False,0,0
E00291,C0031,P0118,F00456,2026-05-01,False,0,0
E00291,C0031,P0118,F00457,2025-06-01,False,0,0
E00291,C0031,P0118,F00457,2025-07-01,False,0,0
E00291,C0031,P0118,F00457,2025-08-01,False,0,0
E00291,C0031,P0118,F00457,2025-09-01,False,0,0
E00291,C0031,P0118,F00457,2025-10-01,False,0,0
E00291,C0031,P0118,F00457,2025-11-01,False,0,0
E00291,C0031,P0118,F00457,2025-12-01,False,0,0
E00291,C0031,P0118,F00457,2026-01-01,False,0,0
E00291,C0031,P0118,F00457,2026-02-01,False,0,0
E00291,C0031,P0118,F00457,2026-03-01,False,0,0
E00291,C0031,P0118,F00457,2026-04-01,False,0,0
E00291,C0031,P0118,F00457,2026-05-01,False,0,0
E00291,C0031,P0118,F00458,2025-06-01,False,0,0
E00291,C0031,P0118,F00458,2025-07-01,False,0,0
E00291,C0031,P0118,F00458,2025-08-01,False,0,0
E00291,C0031,P0118,F00458,2025-09-01,False,0,0
E00291,C0031,P0118,F00458,2025-10-01,False,0,0
E00291,C0031,P0118,F00458,2025-11-01,False,0,0
E00291,C0031,P0118,F00458,2025-12-01,False,0,0
E00291,C0031,P0118,F00458,2026-01-01,False,0,0
E00291,C0031,P0118,F00458,2026-02-01,False,0,0
E00291,C0031,P0118,F00458,2026-03-01,False,0,0
E00291,C0031,P0118,F00458,2026-04-01,False,0,0
E00291,C0031,P0118,F00458,2026-05-01,False,0,0
E00292,C0063,P0341,F01361,2025-06-01,False,0,0
E00292,C0063,P0341,F01361,2025-07-01,False,0,0
E00292,C0063,P0341,F01361,2025-08-01,False,0,0
E00292,C0063,P0341,F01361,2025-09-01,False,0,0
E00292,C0063,P0341,F01361,2025-10-01,False,0,0
E00292,C0063,P0341,F01149,2025-11-01,True,0,0
E00292,C0063,P0341,F01361,2025-12-01,False,0,0
E00292,C0063,P0341,F01361,2026-01-01,False,0,0
E00292,C0063,P0341,F01361,2026-02-01,False,0,0
E00292,C0063,P0341,F01362,2025-06-01,False,0,0
E00292,C0063,P0341,F01362,2025-07-01,False,0,0
E00292,C0063,P0341,F01362,2025-08-01,False,0,0
E00292,C0063,P0341,F01362,2025-09-01,False,0,0
E00292,C0063,P0341,F01362,2025-10-01,False,0,0
E00292,C0063,P0341,F01362,2025-11-01,False,0,0
E00292,C0063,P0341,F01362,2025-12-01,False,0,0
E00292,C0063,P0341,F01362,2026-01-01,False,0,0
E00292,C0063,P0341,F01362,2026-02-01,False,0,0
E00292,C0063,P0341,F01363,2025-06-01,False,0,0
E00292,C0063,P0341,F01363,2025-07-01,False,0,0
E00292,C0063,P0341,F01363,2025-08-01,False,0,0
E00292,C0063,P0341,F01363,2025-09-01,False,0,0
E00292,C0063,P0341,F01363,2025-10-01,False,0,0
E00292,C0063,P0341,F01363,2025-11-01,False,0,0
E00292,C0063,P0341,F01363,2025-12-01,False,0,0
E00292,C0063,P0341,F01363,2026-01-01,False,0,0
E00292,C0063,P0341,F01363,2026-02-01,False,0,0
E00292,C0063,P0341,F01364,2025-06-01,False,0,0
E00292,C0063,P0341,F01364,2025-07-01,False,0,0
E00292,C0063,P0341,F01364,2025-08-01,False,0,0
E00292,C0063,P0341,F01364,2025-09-01,False,0,0
E00292,C0063,P0341,F01364,2025-10-01,False,0,0
E00292,C0063,P0341,F01364,2025-11-01,False,0,0
E00292,C0063,P0341,F01364,2025-12-01,False,0,0
E00292,C0063,P0341,F01364,2026-01-01,False,0,0
E00292,C0063,P0341,F01364,2026-02-01,False,0,0
E00292,C0063,P0341,F01365,2025-06-01,False,0,0
E00292,C0063,P0341,F01365,2025-07-01,False,0,0
E00292,C0063,P0341,F01365,2025-08-01,False,0,0
E00292,C0063,P0341,F01365,2025-09-01,False,0,0
E00292,C0063,P0341,F01365,2025-10-01,False,0,0
E00292,C0063,P0341,F01365,2025-11-01,False,0,0
E00292,C0063,P0341,F01365,2025-12-01,False,0,0
E00292,C0063,P0341,F01365,2026-01-01,False,0,0
E00292,C0063,P0341,F01365,2026-02-01,False,0,0
E00293,C0004,P0196,F00771,2025-11-01,False,0,0
E00293,C0004,P0196,F00771,2025-12-01,False,0,0
E00293,C0004,P0196,F00771,2026-01-01,False,0,0
E00293,C0004,P0196,F00771,2026-02-01,False,0,0
E00293,C0004,P0196,F00771,2026-03-01,False,0,0
E00293,C0004,P0196,F00771,2026-04-01,False,0,0
E00293,C0004,P0196,F00771,2026-05-01,False,0,0
E00293,C0004,P0196,F00771,2026-06-01,False,0,0
E00293,C0004,P0196,F00771,2026-07-01,False,0,0
E00293,C0004,P0196,F00771,2026-08-01,False,0,0
E00293,C0004,P0196,F00772,2025-11-01,False,0,0
E00293,C0004,P0196,F00772,2025-12-01,False,0,0
E00293,C0004,P0196,F00772,2026-01-01,False,0,0
E00293,C0004,P0196,F00772,2026-02-01,False,0,0
E00293,C0004,P0196,F00772,2026-03-01,False,0,0
E00293,C0004,P0196,F00772,2026-04-01,False,0,0
E00293,C0004,P0196,F00772,2026-05-01,False,0,0
E00293,C0004,P0196,F00772,2026-06-01,False,0,0
E00293,C0004,P0196,F00772,2026-07-01,False,0,0
E00293,C0004,P0196,F00772,2026-08-01,False,0,0
E00293,C0004,P0196,F00773,2025-11-01,False,0,0
E00293,C0004,P0196,F00773,2025-12-01,False,0,0
E00293,C0004,P0196,F00773,2026-01-01,False,0,0
E00293,C0004,P0196,F00773,2026-02-01,False,0,0
E00293,C0004,P0196,F00773,2026-03-01,False,0,0
E00293,C0004,P0196,F00773,2026-04-01,False,0,0
E00293,C0004,P0196,F00773,2026-05-01,False,0,0
E00293,C0004,P0196,F00773,2026-06-01,False,0,0
E00293,C0004,P0196,F00773,2026-07-01,False,0,0
E00293,C0004,P0196,F00773,2026-08-01,False,0,0
E00293,C0004,P0196,F00774,2025-11-01,False,0,0
E00293,C0004,P0196,F00774,2025-12-01,False,0,0
E00293,C0004,P0196,F00774,2026-01-01,False,0,0
E00293,C0004,P0196,F00774,2026-02-01,False,0,0
E00293,C0004,P0196,F00774,2026-03-01,False,0,0
E00293,C0004,P0196,F00774,2026-04-01,False,0,0
E00293,C0004,P0196,F00774,2026-05-01,False,0,0
E00293,C0004,P0196,F00774,2026-06-01,False,0,0
E00293,C0004,P0196,F00774,2026-07-01,False,0,0
E00293,C0004,P0196,F00774,2026-08-01,False,0,0
E00294,C0012,P0252,F01001,2025-10-01,False,0,0
E00294,C0012,P0252,F01001,2025-11-01,False,0,0
E00294,C0012,P0252,F01001,2025-12-01,False,0,0
E00294,C0012,P0252,F01001,2026-01-01,False,0,0
E00294,C0012,P0252,F01001,2026-02-01,False,0,0
E00294,C0012,P0252,F01001,2026-03-01,False,0,0
E00294,C0012,P0252,F01001,2026-04-01,False,0,0
E00294,C0012,P0252,F01001,2026-05-01,False,0,0
E00294,C0012,P0252,F01001,2026-06-01,False,0,0
E00294,C0012,P0252,F01001,2026-07-01,False,0,0
E00294,C0012,P0252,F01001,2026-08-01,False,0,0
E00294,C0012,P0252,F01002,2025-10-01,False,0,0
E00294,C0012,P0252,F01002,2025-11-01,False,0,0
E00294,C0012,P0252,F01002,2025-12-01,False,0,0
E00294,C0012,P0252,F01002,2026-01-01,False,0,0
E00294,C0012,P0252,F01002,2026-02-01,False,0,0
E00294,C0012,P0252,F01002,2026-03-01,False,0,0
E00294,C0012,P0252,F01002,2026-04-01,False,0,0
E00294,C0012,P0252,F01002,2026-05-01,False,0,0
E00294,C0012,P0252,F01002,2026-06-01,False,0,0
E00294,C0012,P0252,F01002,2026-07-01,False,0,0
E00294,C0012,P0252,F01002,2026-08-01,False,0,0
E00294,C0012,P0252,F01003,2025-10-01,False,0,0
E00294,C0012,P0252,F01003,2025-11-01,False,0,0
E00294,C0012,P0252,F01003,2025-12-01,False,0,0
E00294,C0012,P0252,F01003,2026-01-01,False,0,0
E00294,C0012,P0252,F01003,2026-02-01,False,0,0
E00294,C0012,P0252,F01003,2026-03-01,False,0,0
E00294,C0012,P0252,F01003,2026-04-01,False,0,0
E00294,C0012,P0252,F01003,2026-05-01,False,0,0
E00294,C0012,P0252,F01003,2026-06-01,False,0,0
E00294,C0012,P0252,F01003,2026-07-01,False,0,0
E00294,C0012,P0252,F01003,2026-08-01,False,0,0
E00294,C0012,P0252,F01004,2025-10-01,False,0,0
E00294,C0012,P0252,F01004,2025-11-01,False,0,0
E00294,C0012,P0252,F01004,2025-12-01,False,0,0
E00294,C0012,P0252,F01004,2026-01-01,False,0,0
E00294,C0012,P0252,F01004,2026-02-01,False,0,0
E00294,C0012,P0252,F01004,2026-03-01,False,0,0
E00294,C0012,P0252,F01004,2026-04-01,False,0,0
E00294,C0012,P0252,F01004,2026-05-01,False,0,0
E00294,C0012,P0252,F01004,2026-06-01,False,0,0
E00294,C0012,P0252,F01004,2026-07-01,False,0,0
E00294,C0012,P0252,F01004,2026-08-01,False,0,0
E00294,C0012,P0252,F01005,2025-10-01,False,0,0
E00294,C0012,P0252,F01005,2025-11-01,False,0,0
E00294,C0012,P0252,F01005,2025-12-01,False,0,0
E00294,C0012,P0252,F01005,2026-01-01,False,0,0
E00294,C0012,P0252,F01005,2026-02-01,False,0,0
E00294,C0012,P0252,F01005,2026-03-01,False,0,0
E00294,C0012,P0252,F01005,2026-04-01,False,0,0
E00294,C0012,P0252,F01005,2026-05-01,False,0,0
E00294,C0012,P0252,F01005,2026-06-01,False,0,0
E00294,C0012,P0252,F01005,2026-07-01,False,0,0
E00294,C0012,P0252,F01005,2026-08-01,False,0,0
E00296,C0074,P0041,F00155,2025-08-01,False,0,0
E00296,C0074,P0041,F00155,2025-09-01,True,1005,27
E00296,C0074,P0041,F00155,2025-10-01,True,970,54
E00296,C0074,P0041,F00155,2025-11-01,True,605,8
E00296,C0074,P0041,F00155,2025-12-01,True,615,5
E00296,C0074,P0041,F00155,2026-01-01,True,543,5
E00296,C0074,P0041,F00155,2026-02-01,True,218,2
E00296,C0074,P0041,F00155,2026-03-01,True,515,26
E00296,C0074,P0041,F00155,2026-04-01,False,0,0
E00296,C0074,P0041,F00155,2026-05-01,True,424,11
E00296,C0074,P0041,F00155,2026-06-01,True,232,21
E00296,C0074,P0041,F00155,2026-07-01,True,838,3
E00296,C0074,P0041,F00156,2025-08-01,False,0,0
E00296,C0074,P0041,F00156,2025-09-01,False,0,0
E00296,C0074,P0041,F00156,2025-10-01,False,0,0
E00296,C0074,P0041,F00156,2025-11-01,False,0,0
E00296,C0074,P0041,F00156,2025-12-01,True,453,20
E00296,C0074,P0041,F00156,2026-01-01,True,269,3
E00296,C0074,P0041,F00156,2026-02-01,True,158,29
E00296,C0074,P0041,F00156,2026-03-01,True,818,25
E00296,C0074,P0041,F00156,2026-04-01,True,121,20
E00296,C0074,P0041,F00156,2026-05-01,True,1085,7
E00296,C0074,P0041,F00156,2026-06-01,True,331,13
E00296,C0074,P0041,F00156,2026-07-01,True,525,8
E00296,C0074,P0041,F00157,2025-08-01,False,0,0
E00296,C0074,P0041,F00157,2025-09-01,False,0,0
E00296,C0074,P0041,F00157,2025-10-01,False,0,0
E00296,C0074,P0041,F00157,2025-11-01,False,0,0
E00296,C0074,P0041,F00157,2025-12-01,False,0,0
E00296,C0074,P0041,F00157,2026-01-01,False,0,0
E00296,C0074,P0041,F00157,2026-02-01,False,0,0
E00296,C0074,P0041,F00157,2026-03-01,False,0,0
E00296,C0074,P0041,F00157,2026-04-01,False,0,0
E00296,C0074,P0041,F00157,2026-05-01,False,0,0
E00296,C0074,P0041,F00157,2026-06-01,False,0,0
E00296,C0074,P0041,F00157,2026-07-01,False,0,0
E00297,C0050,P0126,F00486,2025-06-01,False,0,0
E00297,C0050,P0126,F00486,2025-07-01,True,786,17
E00297,C0050,P0126,F00486,2025-08-01,True,184,21
E00297,C0050,P0126,F00486,2025-09-01,True,350,17
E00297,C0050,P0126,F00486,2025-10-01,True,198,6
E00297,C0050,P0126,F00486,2025-11-01,True,79,24
E00297,C0050,P0126,F00486,2025-12-01,True,702,13
E00297,C0050,P0126,F00486,2026-01-01,True,116,27
E00297,C0050,P0126,F00486,2026-02-01,True,598,8
E00297,C0050,P0126,F00486,2026-03-01,True,502,10
E00297,C0050,P0126,F00487,2025-06-01,False,0,0
E00297,C0050,P0126,F00487,2025-07-01,False,0,0
E00297,C0050,P0126,F00487,2025-08-01,False,0,0
E00297,C0050,P0126,F00487,2025-09-01,False,0,0
E00297,C0050,P0126,F00487,2025-10-01,False,0,0
E00297,C0050,P0126,F00487,2025-11-01,False,0,0
E00297,C0050,P0126,F00487,2025-12-01,False,0,0
E00297,C0050,P0126,F00487,2026-01-01,False,0,0
E00297,C0050,P0126,F00487,2026-02-01,False,0,0
E00297,C0050,P0126,F00487,2026-03-01,False,0,0
E00297,C0050,P0126,F00488,2025-06-01,False,0,0
E00297,C0050,P0126,F00488,2025-07-01,False,0,0
E00297,C0050,P0126,F00488,2025-08-01,False,0,0
E00297,C0050,P0126,F00488,2025-09-01,False,0,0
E00297,C0050,P0126,F00488,2025-10-01,False,0,0
E00297,C0050,P0126,F00488,2025-11-01,False,0,0
E00297,C0050,P0126,F00488,2025-12-01,False,0,0
E00297,C0050,P0126,F00488,2026-01-01,False,0,0
E00297,C0050,P0126,F00488,2026-02-01,False,0,0
E00297,C0050,P0126,F00488,2026-03-01,False,0,0
E00297,C0050,P0126,F00489,2025-06-01,False,0,0
E00297,C0050,P0126,F00489,2025-07-01,False,0,0
E00297,C0050,P0126,F01747,2025-08-01,True,0,0
E00297,C0050,P0126,F00489,2025-09-01,False,0,0
E00297,C0050,P0126,F00489,2025-10-01,True,598,5
E00297,C0050,P0126,F00489,2025-11-01,True,47,16
E00297,C0050,P0126,F00489,2025-12-01,True,624,3
E00297,C0050,P0126,F00489,2026-01-01,False,0,0
E00297,C0050,P0126,F00489,2026-02-01,True,26,13
E00297,C0050,P0126,F00489,2026-03-01,True,573,10
E00297,C0050,P0126,F00490,2025-06-01,False,0,0
E00297,C0050,P0126,F00490,2025-07-01,False,0,0
E00297,C0050,P0126,F00490,2025-08-01,False,0,0
E00297,C0050,P0126,F00490,2025-09-01,False,0,0
E00297,C0050,P0126,F00490,2025-10-01,False,0,0
E00297,C0050,P0126,F00490,2025-11-01,True,179,36
E00297,C0050,P0126,F00490,2025-12-01,True,537,24
E00297,C0050,P0126,F00490,2026-01-01,True,143,26
E00297,C0050,P0126,F00490,2026-02-01,True,523,33
E00297,C0050,P0126,F00490,2026-03-01,True,606,12
E00298,C0027,P0230,F00906,2025-06-01,False,0,0
E00298,C0027,P0230,F00906,2025-07-01,True,366,7
E00298,C0027,P0230,F00906,2025-08-01,True,369,17
E00298,C0027,P0230,F00906,2025-09-01,True,690,6
E00298,C0027,P0230,F00906,2025-10-01,True,103,14
E00298,C0027,P0230,F00906,2025-11-01,True,74,11
E00298,C0027,P0230,F00906,2025-12-01,True,118,19
E00298,C0027,P0230,F00906,2026-01-01,True,280,9
E00298,C0027,P0230,F00906,2026-02-01,False,0,0
E00298,C0027,P0230,F00907,2025-06-01,False,0,0
E00298,C0027,P0230,F00907,2025-07-01,False,0,0
E00298,C0027,P0230,F00907,2025-08-01,False,0,0
E00298,C0027,P0230,F00907,2025-09-01,False,0,0
E00298,C0027,P0230,F00907,2025-10-01,False,0,0
E00298,C0027,P0230,F00907,2025-11-01,False,0,0
E00298,C0027,P0230,F00907,2025-12-01,False,0,0
E00298,C0027,P0230,F00907,2026-01-01,False,0,0
E00298,C0027,P0230,F00907,2026-02-01,False,0,0
E00298,C0027,P0230,F00908,2025-06-01,False,0,0
E00298,C0027,P0230,F00908,2025-07-01,False,0,0
E00298,C0027,P0230,F00908,2025-08-01,False,0,0
E00298,C0027,P0230,F00908,2025-09-01,True,96,22
E00298,C0027,P0230,F00908,2025-10-01,True,453,13
E00298,C0027,P0230,F00908,2025-11-01,True,124,2
E00298,C0027,P0230,F00908,2025-12-01,True,196,8
E00298,C0027,P0230,F00908,2026-01-01,True,191,34
E00298,C0027,P0230,F00908,2026-02-01,True,808,11
E00298,C0027,P0230,F00909,2025-06-01,False,0,0
E00298,C0027,P0230,F00909,2025-07-01,False,0,0
E00298,C0027,P0230,F00909,2025-08-01,False,0,0
E00298,C0027,P0230,F00909,2025-09-01,False,0,0
E00298,C0027,P0230,F00909,2025-10-01,False,0,0
E00298,C0027,P0230,F00909,2025-11-01,True,209,5
E00298,C0027,P0230,F00909,2025-12-01,True,369,14
E00298,C0027,P0230,F00909,2026-01-01,True,263,15
E00298,C0027,P0230,F00909,2026-02-01,True,246,4
E00299,C0095,P0185,F00726,2025-07-01,True,528,2
E00299,C0095,P0185,F00726,2025-08-01,True,103,5
E00299,C0095,P0185,F00726,2025-09-01,True,230,17
E00299,C0095,P0185,F00726,2025-10-01,True,97,9
E00299,C0095,P0185,F00726,2025-11-01,True,481,13
E00299,C0095,P0185,F00726,2025-12-01,True,615,9
E00299,C0095,P0185,F00726,2026-01-01,True,224,25
E00299,C0095,P0185,F00726,2026-02-01,True,217,6
E00299,C0095,P0185,F00726,2026-03-01,True,180,5
E00299,C0095,P0185,F00726,2026-04-01,True,1035,32
E00299,C0095,P0185,F00726,2026-05-01,True,668,15
E00299,C0095,P0185,F00726,2026-06-01,True,192,8
E00299,C0095,P0185,F00727,2025-07-01,False,0,0
E00299,C0095,P0185,F00727,2025-08-01,False,0,0
E00299,C0095,P0185,F00727,2025-09-01,False,0,0
E00299,C0095,P0185,F00727,2025-10-01,False,0,0
E00299,C0095,P0185,F00727,2025-11-01,False,0,0
E00299,C0095,P0185,F00727,2025-12-01,False,0,0
E00299,C0095,P0185,F00727,2026-01-01,False,0,0
E00299,C0095,P0185,F00727,2026-02-01,False,0,0
E00299,C0095,P0185,F00727,2026-03-01,False,0,0
E00299,C0095,P0185,F00727,2026-04-01,False,0,0
E00299,C0095,P0185,F00727,2026-05-01,False,0,0
E00299,C0095,P0185,F00727,2026-06-01,False,0,0
E00299,C0095,P0185,F00728,2025-07-01,False,0,0
E00299,C0095,P0185,F00728,2025-08-01,False,0,0
E00299,C0095,P0185,F00728,2025-09-01,False,0,0
E00299,C0095,P0185,F00728,2025-10-01,False,0,0
E00299,C0095,P0185,F00728,2025-11-01,False,0,0
E00299,C0095,P0185,F00728,2025-12-01,False,0,0
E00299,C0095,P0185,F00728,2026-01-01,False,0,0
E00299,C0095,P0185,F00728,2026-02-01,False,0,0
E00299,C0095,P0185,F00728,2026-03-01,False,0,0
E00299,C0095,P0185,F00728,2026-04-01,False,0,0
E00299,C0095,P0185,F00728,2026-05-01,False,0,0
E00299,C0095,P0185,F00728,2026-06-01,False,0,0
E00300,C0039,P0313,F01249,2025-07-01,True,84,9
E00300,C0039,P0313,F01249,2025-08-01,True,114,12
E00300,C0039,P0313,F01249,2025-09-01,True,205,13
E00300,C0039,P0313,F01249,2025-10-01,True,177,2
E00300,C0039,P0313,F01249,2025-11-01,True,152,14
E00300,C0039,P0313,F01249,2025-12-01,True,507,13
E00300,C0039,P0313,F01249,2026-01-01,True,424,11
E00300,C0039,P0313,F01249,2026-02-01,True,589,1
E00300,C0039,P0313,F01249,2026-03-01,True,1003,9
E00300,C0039,P0313,F01249,2026-04-01,True,592,10
E00300,C0039,P0313,F01249,2026-05-01,True,202,8
E00300,C0039,P0313,F01249,2026-06-01,True,144,5
E00300,C0039,P0313,F01250,2025-07-01,False,0,0
E00300,C0039,P0313,F01250,2025-08-01,False,0,0
E00300,C0039,P0313,F01250,2025-09-01,False,0,0
E00300,C0039,P0313,F01250,2025-10-01,True,524,12
E00300,C0039,P0313,F01250,2025-11-01,True,61,5
E00300,C0039,P0313,F01250,2025-12-01,True,304,10
E00300,C0039,P0313,F01250,2026-01-01,True,1265,12
E00300,C0039,P0313,F01250,2026-02-01,True,51,11
E00300,C0039,P0313,F01250,2026-03-01,True,116,9
E00300,C0039,P0313,F01250,2026-04-01,True,1342,7
E00300,C0039,P0313,F01250,2026-05-01,True,689,11
E00300,C0039,P0313,F01250,2026-06-01,True,972,16
E00300,C0039,P0313,F01251,2025-07-01,True,751,14
E00300,C0039,P0313,F01251,2025-08-01,True,244,25
E00300,C0039,P0313,F01251,2025-09-01,True,442,8
E00300,C0039,P0313,F01251,2025-10-01,True,202,13
E00300,C0039,P0313,F01251,2025-11-01,True,795,14
E00300,C0039,P0313,F01251,2025-12-01,True,273,14
E00300,C0039,P0313,F01251,2026-01-01,True,642,3
E00300,C0039,P0313,F01251,2026-02-01,True,118,17
E00300,C0039,P0313,F01251,2026-03-01,True,113,9
E00300,C0039,P0313,F01251,2026-04-01,True,400,5
E00300,C0039,P0313,F01251,2026-05-01,True,326,12
E00300,C0039,P0313,F01251,2026-06-01,True,819,21
E00300,C0039,P0313,F01252,2025-07-01,False,0,0
E00300,C0039,P0313,F01252,2025-08-01,False,0,0
E00300,C0039,P0313,F01252,2025-09-01,False,0,0
E00300,C0039,P0313,F01252,2025-10-01,False,0,0
E00300,C0039,P0313,F01252,2025-11-01,False,0,0
E00300,C0039,P0313,F01252,2025-12-01,False,0,0
E00300,C0039,P0313,F01252,2026-01-01,False,0,0
E00300,C0039,P0313,F01252,2026-02-01,True,452,7
E00300,C0039,P0313,F01252,2026-03-01,True,773,22
E00300,C0039,P0313,F01252,2026-04-01,False,0,0
E00300,C0039,P0313,F01252,2026-05-01,True,198,12
E00300,C0039,P0313,F01252,2026-06-01,True,257,13
E00301,C0076,P0219,F00864,2025-07-01,False,0,0
E00301,C0076,P0219,F00864,2025-08-01,True,186,18
E00301,C0076,P0219,F00864,2025-09-01,True,465,6
E00301,C0076,P0219,F00864,2025-10-01,True,600,7
E00301,C0076,P0219,F00864,2025-11-01,True,62,5
E00301,C0076,P0219,F00864,2025-12-01,True,686,29
E00301,C0076,P0219,F00864,2026-01-01,True,1065,7
E00301,C0076,P0219,F00864,2026-02-01,True,315,8
E00301,C0076,P0219,F00864,2026-03-01,True,362,3
E00301,C0076,P0219,F00864,2026-04-01,True,240,12
E00301,C0076,P0219,F00864,2026-05-01,True,689,13
E00301,C0076,P0219,F00864,2026-06-01,True,304,5
E00301,C0076,P0219,F00865,2025-07-01,False,0,0
E00301,C0076,P0219,F00865,2025-08-01,False,0,0
E00301,C0076,P0219,F00865,2025-09-01,False,0,0
E00301,C0076,P0219,F00865,2025-10-01,False,0,0
E00301,C0076,P0219,F00865,2025-11-01,False,0,0
E00301,C0076,P0219,F00865,2025-12-01,False,0,0
E00301,C0076,P0219,F00865,2026-01-01,False,0,0
E00301,C0076,P0219,F00865,2026-02-01,False,0,0
E00301,C0076,P0219,F00865,2026-03-01,False,0,0
E00301,C0076,P0219,F00865,2026-04-01,False,0,0
E00301,C0076,P0219,F00865,2026-05-01,False,0,0
E00301,C0076,P0219,F00865,2026-06-01,False,0,0
E00301,C0076,P0219,F00866,2025-07-01,True,717,3
E00301,C0076,P0219,F00866,2025-08-01,True,116,16
E00301,C0076,P0219,F00866,2025-09-01,True,611,1
E00301,C0076,P0219,F00866,2025-10-01,True,306,2
E00301,C0076,P0219,F00866,2025-11-01,True,321,8
E00301,C0076,P0219,F00866,2025-12-01,True,904,14
E00301,C0076,P0219,F00866,2026-01-01,True,512,23
E00301,C0076,P0219,F00866,2026-02-01,True,827,12
E00301,C0076,P0219,F00866,2026-03-01,True,217,19
E00301,C0076,P0219,F00866,2026-04-01,True,641,16
E00301,C0076,P0219,F00866,2026-05-01,True,405,9
E00301,C0076,P0219,F00866,2026-06-01,True,829,8
E00301,C0076,P0219,F00867,2025-07-01,False,0,0
E00301,C0076,P0219,F00867,2025-08-01,False,0,0
E00301,C0076,P0219,F00867,2025-09-01,False,0,0
E00301,C0076,P0219,F00867,2025-10-01,False,0,0
E00301,C0076,P0219,F00867,2025-11-01,True,209,9
E00301,C0076,P0219,F00867,2025-12-01,True,182,18
E00301,C0076,P0219,F00867,2026-01-01,True,405,2
E00301,C0076,P0219,F00867,2026-02-01,True,502,9
E00301,C0076,P0219,F00867,2026-03-01,True,370,13
E00301,C0076,P0219,F00867,2026-04-01,False,0,0
E00301,C0076,P0219,F00867,2026-05-01,True,245,6
E00301,C0076,P0219,F00867,2026-06-01,True,554,4
E00301,C0076,P0219,F00868,2025-07-01,False,0,0
E00301,C0076,P0219,F00868,2025-08-01,False,0,0
E00301,C0076,P0219,F00868,2025-09-01,False,0,0
E00301,C0076,P0219,F00868,2025-10-01,False,0,0
E00301,C0076,P0219,F00868,2025-11-01,False,0,0
E00301,C0076,P0219,F00868,2025-12-01,False,0,0
E00301,C0076,P0219,F00868,2026-01-01,True,164,6
E00301,C0076,P0219,F00868,2026-02-01,True,710,24
E00301,C0076,P0219,F00868,2026-03-01,True,195,5
E00301,C0076,P0219,F00868,2026-04-01,True,402,9
E00301,C0076,P0219,F00868,2026-05-01,True,651,15
E00301,C0076,P0219,F00868,2026-06-01,True,1105,5
E00302,C0031,P0090,F00350,2025-06-01,False,0,0
E00302,C0031,P0090,F00350,2025-07-01,False,0,0
E00302,C0031,P0090,F00350,2025-08-01,False,0,0
E00302,C0031,P0090,F00350,2025-09-01,False,0,0
E00302,C0031,P0090,F00350,2025-10-01,False,0,0
E00302,C0031,P0090,F00350,2025-11-01,False,0,0
E00302,C0031,P0090,F00350,2025-12-01,False,0,0
E00302,C0031,P0090,F00350,2026-01-01,False,0,0
E00302,C0031,P0090,F00350,2026-02-01,False,0,0
E00302,C0031,P0090,F00350,2026-03-01,False,0,0
E00302,C0031,P0090,F00351,2025-06-01,False,0,0
E00302,C0031,P0090,F00351,2025-07-01,False,0,0
E00302,C0031,P0090,F00351,2025-08-01,False,0,0
E00302,C0031,P0090,F00351,2025-09-01,False,0,0
E00302,C0031,P0090,F00351,2025-10-01,False,0,0
E00302,C0031,P0090,F00351,2025-11-01,False,0,0
E00302,C0031,P0090,F00351,2025-12-01,False,0,0
E00302,C0031,P0090,F00351,2026-01-01,False,0,0
E00302,C0031,P0090,F00351,2026-02-01,False,0,0
E00302,C0031,P0090,F00351,2026-03-01,False,0,0
E00302,C0031,P0090,F00352,2025-06-01,False,0,0
E00302,C0031,P0090,F00352,2025-07-01,False,0,0
E00302,C0031,P0090,F00352,2025-08-01,False,0,0
E00302,C0031,P0090,F00352,2025-09-01,False,0,0
E00302,C0031,P0090,F00352,2025-10-01,False,0,0
E00302,C0031,P0090,F00352,2025-11-01,False,0,0
E00302,C0031,P0090,F00352,2025-12-01,False,0,0
E00302,C0031,P0090,F00352,2026-01-01,False,0,0
E00302,C0031,P0090,F00352,2026-02-01,False,0,0
E00302,C0031,P0090,F00352,2026-03-01,False,0,0
E00302,C0031,P0090,F00353,2025-06-01,False,0,0
E00302,C0031,P0090,F00353,2025-07-01,False,0,0
E00302,C0031,P0090,F00353,2025-08-01,False,0,0
E00302,C0031,P0090,F00353,2025-09-01,False,0,0
E00302,C0031,P0090,F00353,2025-10-01,False,0,0
E00302,C0031,P0090,F00353,2025-11-01,False,0,0
E00302,C0031,P0090,F00353,2025-12-01,False,0,0
E00302,C0031,P0090,F00353,2026-01-01,False,0,0
E00302,C0031,P0090,F00353,2026-02-01,False,0,0
E00302,C0031,P0090,F00353,2026-03-01,False,0,0
E00302,C0031,P0090,F00354,2025-06-01,False,0,0
E00302,C0031,P0090,F00354,2025-07-01,False,0,0
E00302,C0031,P0090,F00354,2025-08-01,False,0,0
E00302,C0031,P0090,F00354,2025-09-01,False,0,0
E00302,C0031,P0090,F00930,2025-10-01,True,0,0
E00302,C0031,P0090,F00354,2025-11-01,False,0,0
E00302,C0031,P0090,F00354,2025-12-01,False,0,0
E00302,C0031,P0090,F00354,2026-01-01,False,0,0
E00302,C0031,P0090,F00354,2026-02-01,False,0,0
E00302,C0031,P0090,F00354,2026-03-01,False,0,0
E00303,C0078,P0288,F01149,2025-06-01,False,0,0
E00303,C0078,P0288,F00894,2025-07-01,True,644,8
E00303,C0078,P0288,F01149,2025-08-01,True,158,8
E00303,C0078,P0288,F01149,2025-09-01,True,290,22
E00303,C0078,P0288,F01149,2025-10-01,True,88,6
E00303,C0078,P0288,F00747,2025-11-01,True,388,5
E00303,C0078,P0288,F01149,2025-12-01,True,1034,32
E00303,C0078,P0288,F01149,2026-01-01,True,365,16
E00303,C0078,P0288,F01149,2026-02-01,True,925,9
E00303,C0078,P0288,F01149,2026-03-01,True,532,4
E00303,C0078,P0288,F01150,2025-06-01,False,0,0
E00303,C0078,P0288,F01150,2025-07-01,True,57,20
E00303,C0078,P0288,F01150,2025-08-01,True,343,31
E00303,C0078,P0288,F01150,2025-09-01,True,227,4
E00303,C0078,P0288,F01150,2025-10-01,True,650,29
E00303,C0078,P0288,F01150,2025-11-01,True,134,5
E00303,C0078,P0288,F01150,2025-12-01,True,901,37
E00303,C0078,P0288,F01150,2026-01-01,True,536,6
E00303,C0078,P0288,F01150,2026-02-01,True,848,9
E00303,C0078,P0288,F01150,2026-03-01,True,216,7
E00303,C0078,P0288,F01151,2025-06-01,False,0,0
E00303,C0078,P0288,F01151,2025-07-01,False,0,0
E00303,C0078,P0288,F01151,2025-08-01,False,0,0
E00303,C0078,P0288,F01151,2025-09-01,False,0,0
E00303,C0078,P0288,F00587,2025-10-01,True,0,0
E00303,C0078,P0288,F01151,2025-11-01,False,0,0
E00303,C0078,P0288,F01151,2025-12-01,False,0,0
E00303,C0078,P0288,F01151,2026-01-01,False,0,0
E00303,C0078,P0288,F01151,2026-02-01,False,0,0
E00303,C0078,P0288,F01151,2026-03-01,False,0,0
E00303,C0078,P0288,F01152,2025-06-01,False,0,0
E00303,C0078,P0288,F01152,2025-07-01,False,0,0
E00303,C0078,P0288,F01152,2025-08-01,False,0,0
E00303,C0078,P0288,F01152,2025-09-01,False,0,0
E00303,C0078,P0288,F01152,2025-10-01,False,0,0
E00303,C0078,P0288,F01152,2025-11-01,False,0,0
E00303,C0078,P0288,F01152,2025-12-01,False,0,0
E00303,C0078,P0288,F01152,2026-01-01,False,0,0
E00303,C0078,P0288,F01152,2026-02-01,False,0,0
E00303,C0078,P0288,F01152,2026-03-01,False,0,0
E00303,C0078,P0288,F01153,2025-06-01,False,0,0
E00303,C0078,P0288,F01153,2025-07-01,False,0,0
E00303,C0078,P0288,F01153,2025-08-01,False,0,0
E00303,C0078,P0288,F01153,2025-09-01,False,0,0
E00303,C0078,P0288,F01153,2025-10-01,False,0,0
E00303,C0078,P0288,F01153,2025-11-01,True,593,11
E00303,C0078,P0288,F01153,2025-12-01,True,514,19
E00303,C0078,P0288,F01153,2026-01-01,True,307,20
E00303,C0078,P0288,F01153,2026-02-01,True,370,7
E00303,C0078,P0288,F01153,2026-03-01,True,98,9
E00304,C0049,P0470,F01883,2025-06-01,False,0,0
E00304,C0049,P0470,F01883,2025-07-01,False,0,0
E00304,C0049,P0470,F01883,2025-08-01,False,0,0
E00304,C0049,P0470,F01883,2025-09-01,False,0,0
E00304,C0049,P0470,F00255,2025-10-01,True,0,0
E00304,C0049,P0470,F01883,2025-11-01,False,0,0
E00304,C0049,P0470,F01883,2025-12-01,False,0,0
E00304,C0049,P0470,F01883,2026-01-01,False,0,0
E00304,C0049,P0470,F01884,2025-06-01,False,0,0
E00304,C0049,P0470,F01884,2025-07-01,False,0,0
E00304,C0049,P0470,F01884,2025-08-01,False,0,0
E00304,C0049,P0470,F01884,2025-09-01,False,0,0
E00304,C0049,P0470,F01884,2025-10-01,False,0,0
E00304,C0049,P0470,F01884,2025-11-01,False,0,0
E00304,C0049,P0470,F01884,2025-12-01,False,0,0
E00304,C0049,P0470,F01884,2026-01-01,False,0,0
E00304,C0049,P0470,F01885,2025-06-01,False,0,0
E00304,C0049,P0470,F01885,2025-07-01,False,0,0
E00304,C0049,P0470,F01885,2025-08-01,False,0,0
E00304,C0049,P0470,F01885,2025-09-01,False,0,0
E00304,C0049,P0470,F01885,2025-10-01,False,0,0
E00304,C0049,P0470,F01885,2025-11-01,False,0,0
E00304,C0049,P0470,F01885,2025-12-01,False,0,0
E00304,C0049,P0470,F01885,2026-01-01,False,0,0
E00304,C0049,P0470,F01886,2025-06-01,False,0,0
E00304,C0049,P0470,F01886,2025-07-01,False,0,0
E00304,C0049,P0470,F01886,2025-08-01,False,0,0
E00304,C0049,P0470,F01886,2025-09-01,False,0,0
E00304,C0049,P0470,F01886,2025-10-01,False,0,0
E00304,C0049,P0470,F01886,2025-11-01,False,0,0
E00304,C0049,P0470,F01886,2025-12-01,False,0,0
E00304,C0049,P0470,F01886,2026-01-01,False,0,0
E00304,C0049,P0470,F01887,2025-06-01,False,0,0
E00304,C0049,P0470,F01887,2025-07-01,False,0,0
E00304,C0049,P0470,F01887,2025-08-01,False,0,0
E00304,C0049,P0470,F01887,2025-09-01,False,0,0
E00304,C0049,P0470,F01887,2025-10-01,False,0,0
E00304,C0049,P0470,F01887,2025-11-01,False,0,0
E00304,C0049,P0470,F01887,2025-12-01,False,0,0
E00304,C0049,P0470,F01887,2026-01-01,False,0,0
E00305,C0066,P0474,F01900,2025-08-01,True,964,18
E00305,C0066,P0474,F01900,2025-09-01,True,512,4
E00305,C0066,P0474,F01900,2025-10-01,True,240,16
E00305,C0066,P0474,F01900,2025-11-01,True,683,18
E00305,C0066,P0474,F01900,2025-12-01,True,443,6
E00305,C0066,P0474,F01900,2026-01-01,True,684,7
E00305,C0066,P0474,F01900,2026-02-01,True,690,9
E00305,C0066,P0474,F01900,2026-03-01,True,1083,8
E00305,C0066,P0474,F01900,2026-04-01,True,269,10
E00305,C0066,P0474,F01900,2026-05-01,True,194,5
E00305,C0066,P0474,F01900,2026-06-01,True,188,24
E00305,C0066,P0474,F01900,2026-07-01,True,175,8
E00305,C0066,P0474,F01901,2025-08-01,False,0,0
E00305,C0066,P0474,F01901,2025-09-01,False,0,0
E00305,C0066,P0474,F01901,2025-10-01,False,0,0
E00305,C0066,P0474,F01901,2025-11-01,False,0,0
E00305,C0066,P0474,F01908,2025-12-01,True,0,0
E00305,C0066,P0474,F01901,2026-01-01,False,0,0
E00305,C0066,P0474,F01901,2026-02-01,False,0,0
E00305,C0066,P0474,F01901,2026-03-01,False,0,0
E00305,C0066,P0474,F01901,2026-04-01,False,0,0
E00305,C0066,P0474,F01901,2026-05-01,False,0,0
E00305,C0066,P0474,F01901,2026-06-01,False,0,0
E00305,C0066,P0474,F01901,2026-07-01,False,0,0
E00305,C0066,P0474,F01902,2025-08-01,True,1433,20
E00305,C0066,P0474,F01902,2025-09-01,True,696,36
E00305,C0066,P0474,F01902,2025-10-01,True,339,2
E00305,C0066,P0474,F01902,2025-11-01,True,653,9
E00305,C0066,P0474,F01902,2025-12-01,True,1441,2
E00305,C0066,P0474,F01902,2026-01-01,True,165,7
E00305,C0066,P0474,F01902,2026-02-01,True,344,4
E00305,C0066,P0474,F01902,2026-03-01,True,477,7
E00305,C0066,P0474,F01902,2026-04-01,True,737,26
E00305,C0066,P0474,F01902,2026-05-01,True,284,15
E00305,C0066,P0474,F01902,2026-06-01,True,367,10
E00305,C0066,P0474,F01902,2026-07-01,True,104,10
E00306,C0055,P0158,F00618,2025-11-01,True,687,14
E00306,C0055,P0158,F00618,2025-12-01,True,169,3
E00306,C0055,P0158,F00618,2026-01-01,True,323,6
E00306,C0055,P0158,F00618,2026-02-01,True,218,6
E00306,C0055,P0158,F00618,2026-03-01,True,371,16
E00306,C0055,P0158,F00618,2026-04-01,True,191,6
E00306,C0055,P0158,F00618,2026-05-01,True,123,12
E00306,C0055,P0158,F00618,2026-06-01,True,675,10
E00306,C0055,P0158,F00618,2026-07-01,True,564,23
E00306,C0055,P0158,F00618,2026-08-01,False,0,0
E00306,C0055,P0158,F00619,2025-11-01,False,0,0
E00306,C0055,P0158,F00619,2025-12-01,False,0,0
E00306,C0055,P0158,F00619,2026-01-01,False,0,0
E00306,C0055,P0158,F00619,2026-02-01,False,0,0
E00306,C0055,P0158,F00619,2026-03-01,False,0,0
E00306,C0055,P0158,F00619,2026-04-01,False,0,0
E00306,C0055,P0158,F00619,2026-05-01,False,0,0
E00306,C0055,P0158,F00619,2026-06-01,False,0,0
E00306,C0055,P0158,F00619,2026-07-01,False,0,0
E00306,C0055,P0158,F00619,2026-08-01,False,0,0
E00306,C0055,P0158,F00620,2025-11-01,False,0,0
E00306,C0055,P0158,F00620,2025-12-01,False,0,0
E00306,C0055,P0158,F00620,2026-01-01,False,0,0
E00306,C0055,P0158,F00620,2026-02-01,False,0,0
E00306,C0055,P0158,F00620,2026-03-01,False,0,0
E00306,C0055,P0158,F00620,2026-04-01,False,0,0
E00306,C0055,P0158,F00620,2026-05-01,False,0,0
E00306,C0055,P0158,F00620,2026-06-01,False,0,0
E00306,C0055,P0158,F00620,2026-07-01,False,0,0
E00306,C0055,P0158,F00620,2026-08-01,False,0,0
E00306,C0055,P0158,F00621,2025-11-01,False,0,0
E00306,C0055,P0158,F00621,2025-12-01,False,0,0
E00306,C0055,P0158,F00621,2026-01-01,False,0,0
E00306,C0055,P0158,F00621,2026-02-01,False,0,0
E00306,C0055,P0158,F00621,2026-03-01,False,0,0
E00306,C0055,P0158,F00621,2026-04-01,False,0,0
E00306,C0055,P0158,F00621,2026-05-01,False,0,0
E00306,C0055,P0158,F00621,2026-06-01,False,0,0
E00306,C0055,P0158,F00621,2026-07-01,False,0,0
E00306,C0055,P0158,F00621,2026-08-01,False,0,0
E00307,C0085,P0290,F01157,2025-06-01,True,439,5
E00307,C0085,P0290,F01157,2025-07-01,True,156,5
E00307,C0085,P0290,F01157,2025-08-01,True,1170,39
E00307,C0085,P0290,F01157,2025-09-01,True,275,22
E00307,C0085,P0290,F01157,2025-10-01,True,876,3
E00307,C0085,P0290,F01157,2025-11-01,True,1127,9
E00307,C0085,P0290,F01158,2025-06-01,False,0,0
E00307,C0085,P0290,F01158,2025-07-01,False,0,0
E00307,C0085,P0290,F01158,2025-08-01,False,0,0
E00307,C0085,P0290,F01158,2025-09-01,True,290,4
E00307,C0085,P0290,F01158,2025-10-01,True,1176,11
E00307,C0085,P0290,F01158,2025-11-01,False,0,0
E00307,C0085,P0290,F01159,2025-06-01,False,0,0
E00307,C0085,P0290,F01159,2025-07-01,False,0,0
E00307,C0085,P0290,F01159,2025-08-01,False,0,0
E00307,C0085,P0290,F01159,2025-09-01,False,0,0
E00307,C0085,P0290,F00958,2025-10-01,True,0,0
E00307,C0085,P0290,F01159,2025-11-01,False,0,0
E00308,C0056,P0385,F01543,2025-06-01,True,1098,23
E00308,C0056,P0385,F01543,2025-07-01,True,279,11
E00308,C0056,P0385,F01543,2025-08-01,True,214,7
E00308,C0056,P0385,F01543,2025-09-01,False,0,0
E00308,C0056,P0385,F01543,2025-10-01,True,506,18
E00308,C0056,P0385,F01543,2025-11-01,True,59,2
E00308,C0056,P0385,F01543,2025-12-01,True,242,13
E00308,C0056,P0385,F01543,2026-01-01,True,886,11
E00308,C0056,P0385,F01543,2026-02-01,True,301,16
E00308,C0056,P0385,F01543,2026-03-01,True,170,11
E00308,C0056,P0385,F01543,2026-04-01,True,331,12
E00308,C0056,P0385,F01543,2026-05-01,True,812,3
E00308,C0056,P0385,F01544,2025-06-01,False,0,0
E00308,C0056,P0385,F01544,2025-07-01,False,0,0
E00308,C0056,P0385,F01544,2025-08-01,False,0,0
E00308,C0056,P0385,F01544,2025-09-01,False,0,0
E00308,C0056,P0385,F01544,2025-10-01,False,0,0
E00308,C0056,P0385,F01544,2025-11-01,False,0,0
E00308,C0056,P0385,F01544,2025-12-01,False,0,0
E00308,C0056,P0385,F01544,2026-01-01,False,0,0
E00308,C0056,P0385,F01544,2026-02-01,False,0,0
E00308,C0056,P0385,F01544,2026-03-01,False,0,0
E00308,C0056,P0385,F01544,2026-04-01,False,0,0
E00308,C0056,P0385,F01490,2026-05-01,True,0,0
E00308,C0056,P0385,F01545,2025-06-01,False,0,0
E00308,C0056,P0385,F01545,2025-07-01,False,0,0
E00308,C0056,P0385,F01545,2025-08-01,False,0,0
E00308,C0056,P0385,F01545,2025-09-01,False,0,0
E00308,C0056,P0385,F01545,2025-10-01,False,0,0
E00308,C0056,P0385,F01545,2025-11-01,True,345,18
E00308,C0056,P0385,F01545,2025-12-01,True,530,3
E00308,C0056,P0385,F01545,2026-01-01,True,61,17
E00308,C0056,P0385,F01545,2026-02-01,True,77,11
E00308,C0056,P0385,F01545,2026-03-01,True,775,3
E00308,C0056,P0385,F01545,2026-04-01,True,1102,16
E00308,C0056,P0385,F01545,2026-05-01,True,1915,7
E00308,C0056,P0385,F01546,2025-06-01,False,0,0
E00308,C0056,P0385,F01546,2025-07-01,False,0,0
E00308,C0056,P0385,F01546,2025-08-01,False,0,0
E00308,C0056,P0385,F01546,2025-09-01,False,0,0
E00308,C0056,P0385,F01546,2025-10-01,False,0,0
E00308,C0056,P0385,F01546,2025-11-01,False,0,0
E00308,C0056,P0385,F01546,2025-12-01,False,0,0
E00308,C0056,P0385,F01546,2026-01-01,False,0,0
E00308,C0056,P0385,F01546,2026-02-01,False,0,0
E00308,C0056,P0385,F01546,2026-03-01,False,0,0
E00308,C0056,P0385,F01546,2026-04-01,False,0,0
E00308,C0056,P0385,F01546,2026-05-01,False,0,0
E00309,C0015,P0334,F01336,2025-07-01,True,913,8
E00309,C0015,P0334,F01336,2025-08-01,True,377,6
E00309,C0015,P0334,F01336,2025-09-01,True,364,20
E00309,C0015,P0334,F01336,2025-10-01,True,1128,5
E00309,C0015,P0334,F01336,2025-11-01,True,422,7
E00309,C0015,P0334,F01336,2025-12-01,True,439,22
E00309,C0015,P0334,F01336,2026-01-01,True,250,15
E00309,C0015,P0334,F01336,2026-02-01,True,166,23
E00309,C0015,P0334,F01336,2026-03-01,True,641,6
E00309,C0015,P0334,F01336,2026-04-01,True,188,26
E00309,C0015,P0334,F01336,2026-05-01,True,1344,6
E00309,C0015,P0334,F01336,2026-06-01,True,708,8
E00309,C0015,P0334,F01337,2025-07-01,False,0,0
E00309,C0015,P0334,F01337,2025-08-01,False,0,0
E00309,C0015,P0334,F01337,2025-09-01,False,0,0
E00309,C0015,P0334,F01337,2025-10-01,False,0,0
E00309,C0015,P0334,F01337,2025-11-01,False,0,0
E00309,C0015,P0334,F01337,2025-12-01,True,950,8
E00309,C0015,P0334,F01337,2026-01-01,True,605,12
E00309,C0015,P0334,F01337,2026-02-01,True,41,5
E00309,C0015,P0334,F01337,2026-03-01,True,597,15
E00309,C0015,P0334,F01337,2026-04-01,True,454,32
E00309,C0015,P0334,F01337,2026-05-01,True,675,17
E00309,C0015,P0334,F01337,2026-06-01,True,40,20
E00309,C0015,P0334,F01338,2025-07-01,False,0,0
E00309,C0015,P0334,F00767,2025-08-01,True,0,0
E00309,C0015,P0334,F01338,2025-09-01,False,0,0
E00309,C0015,P0334,F01338,2025-10-01,False,0,0
E00309,C0015,P0334,F01338,2025-11-01,False,0,0
E00309,C0015,P0334,F01338,2025-12-01,True,86,10
E00309,C0015,P0334,F01338,2026-01-01,True,87,15
E00309,C0015,P0334,F01338,2026-02-01,True,800,10
E00309,C0015,P0334,F01338,2026-03-01,True,351,5
E00309,C0015,P0334,F01338,2026-04-01,True,790,3
E00309,C0015,P0334,F01338,2026-05-01,True,412,10
E00309,C0015,P0334,F01338,2026-06-01,True,485,18
E00310,C0007,P0018,F01690,2025-11-01,True,323,20
E00310,C0007,P0018,F00065,2025-12-01,True,356,13
E00310,C0007,P0018,F00065,2026-01-01,True,138,8
E00310,C0007,P0018,F00065,2026-02-01,False,0,0
E00310,C0007,P0018,F00065,2026-03-01,False,0,0
E00310,C0007,P0018,F00065,2026-04-01,False,0,0
E00310,C0007,P0018,F00065,2026-05-01,False,0,0
E00310,C0007,P0018,F00065,2026-06-01,False,0,0
E00310,C0007,P0018,F00065,2026-07-01,False,0,0
E00310,C0007,P0018,F00065,2026-08-01,False,0,0
E00310,C0007,P0018,F00066,2025-11-01,False,0,0
E00310,C0007,P0018,F00066,2025-12-01,False,0,0
E00310,C0007,P0018,F00066,2026-01-01,False,0,0
E00310,C0007,P0018,F00066,2026-02-01,False,0,0
E00310,C0007,P0018,F00066,2026-03-01,False,0,0
E00310,C0007,P0018,F00066,2026-04-01,False,0,0
E00310,C0007,P0018,F00066,2026-05-01,False,0,0
E00310,C0007,P0018,F00066,2026-06-01,False,0,0
E00310,C0007,P0018,F00066,2026-07-01,False,0,0
E00310,C0007,P0018,F00066,2026-08-01,False,0,0
E00310,C0007,P0018,F00067,2025-11-01,False,0,0
E00310,C0007,P0018,F00067,2025-12-01,False,0,0
E00310,C0007,P0018,F00067,2026-01-01,False,0,0
E00310,C0007,P0018,F00067,2026-02-01,False,0,0
E00310,C0007,P0018,F00067,2026-03-01,False,0,0
E00310,C0007,P0018,F00067,2026-04-01,False,0,0
E00310,C0007,P0018,F00067,2026-05-01,False,0,0
E00310,C0007,P0018,F00067,2026-06-01,False,0,0
E00310,C0007,P0018,F00067,2026-07-01,False,0,0
E00310,C0007,P0018,F00067,2026-08-01,False,0,0
E00310,C0007,P0018,F00068,2025-11-01,False,0,0
E00310,C0007,P0018,F00068,2025-12-01,False,0,0
E00310,C0007,P0018,F00068,2026-01-01,False,0,0
E00310,C0007,P0018,F00068,2026-02-01,False,0,0
E00310,C0007,P0018,F00068,2026-03-01,False,0,0
E00310,C0007,P0018,F00068,2026-04-01,False,0,0
E00310,C0007,P0018,F00068,2026-05-01,False,0,0
E00310,C0007,P0018,F00068,2026-06-01,False,0,0
E00310,C0007,P0018,F00068,2026-07-01,False,0,0
E00310,C0007,P0018,F00068,2026-08-01,False,0,0
E00310,C0007,P0018,F00069,2025-11-01,False,0,0
E00310,C0007,P0018,F00069,2025-12-01,False,0,0
E00310,C0007,P0018,F00069,2026-01-01,False,0,0
E00310,C0007,P0018,F00069,2026-02-01,False,0,0
E00310,C0007,P0018,F00069,2026-03-01,False,0,0
E00310,C0007,P0018,F00069,2026-04-01,False,0,0
E00310,C0007,P0018,F00069,2026-05-01,False,0,0
E00310,C0007,P0018,F00069,2026-06-01,False,0,0
E00310,C0007,P0018,F00069,2026-07-01,False,0,0
E00310,C0007,P0018,F00069,2026-08-01,False,0,0
E00311,C0096,P0331,F01325,2025-10-01,True,76,11
E00311,C0096,P0331,F01325,2025-11-01,True,626,9
E00311,C0096,P0331,F01325,2025-12-01,True,340,14
E00311,C0096,P0331,F01325,2026-01-01,True,531,2
E00311,C0096,P0331,F01325,2026-02-01,True,223,3
E00311,C0096,P0331,F01325,2026-03-01,True,267,28
E00311,C0096,P0331,F01325,2026-04-01,True,632,10
E00311,C0096,P0331,F01325,2026-05-01,True,1208,13
E00311,C0096,P0331,F01325,2026-06-01,True,1648,12
E00311,C0096,P0331,F01325,2026-07-01,True,222,4
E00311,C0096,P0331,F01325,2026-08-01,False,0,0
E00311,C0096,P0331,F00986,2025-10-01,True,0,0
E00311,C0096,P0331,F01326,2025-11-01,False,0,0
E00311,C0096,P0331,F01326,2025-12-01,False,0,0
E00311,C0096,P0331,F01326,2026-01-01,False,0,0
E00311,C0096,P0331,F01326,2026-02-01,True,585,8
E00311,C0096,P0331,F01326,2026-03-01,True,405,15
E00311,C0096,P0331,F01326,2026-04-01,True,176,13
E00311,C0096,P0331,F01326,2026-05-01,True,315,3
E00311,C0096,P0331,F01326,2026-06-01,True,541,17
E00311,C0096,P0331,F01326,2026-07-01,True,891,4
E00311,C0096,P0331,F01326,2026-08-01,True,1363,6
E00311,C0096,P0331,F00495,2025-10-01,True,47,11
E00311,C0096,P0331,F01327,2025-11-01,True,486,9
E00311,C0096,P0331,F01327,2025-12-01,True,130,7
E00311,C0096,P0331,F01327,2026-01-01,True,465,41
E00311,C0096,P0331,F01327,2026-02-01,True,136,7
E00311,C0096,P0331,F01327,2026-03-01,True,104,8
E00311,C0096,P0331,F00727,2026-04-01,True,344,21
E00311,C0096,P0331,F01327,2026-05-01,True,472,27
E00311,C0096,P0331,F01327,2026-06-01,True,356,1
E00311,C0096,P0331,F01327,2026-07-01,True,488,2
E00311,C0096,P0331,F01327,2026-08-01,False,0,0
E00311,C0096,P0331,F01525,2025-10-01,True,0,0
E00311,C0096,P0331,F01328,2025-11-01,False,0,0
E00311,C0096,P0331,F01328,2025-12-01,False,0,0
E00311,C0096,P0331,F01328,2026-01-01,False,0,0
E00311,C0096,P0331,F01328,2026-02-01,False,0,0
E00311,C0096,P0331,F01328,2026-03-01,False,0,0
E00311,C0096,P0331,F01328,2026-04-01,False,0,0
E00311,C0096,P0331,F01328,2026-05-01,False,0,0
E00311,C0096,P0331,F01328,2026-06-01,False,0,0
E00311,C0096,P0331,F01328,2026-07-01,False,0,0
E00311,C0096,P0331,F01328,2026-08-01,False,0,0
E00311,C0096,P0331,F01329,2025-10-01,False,0,0
E00311,C0096,P0331,F01324,2025-11-01,True,0,0
E00311,C0096,P0331,F01329,2025-12-01,False,0,0
E00311,C0096,P0331,F01329,2026-01-01,False,0,0
E00311,C0096,P0331,F01329,2026-02-01,True,719,10
E00311,C0096,P0331,F01329,2026-03-01,True,212,4
E00311,C0096,P0331,F01329,2026-04-01,True,239,10
E00311,C0096,P0331,F01329,2026-05-01,True,1238,9
E00311,C0096,P0331,F01329,2026-06-01,True,432,10
E00311,C0096,P0331,F01329,2026-07-01,True,433,12
E00311,C0096,P0331,F01329,2026-08-01,True,361,6
E00312,C0050,P0309,F01234,2025-07-01,True,601,4
E00312,C0050,P0309,F01234,2025-08-01,False,0,0
E00312,C0050,P0309,F01234,2025-09-01,True,524,17
E00312,C0050,P0309,F01234,2025-10-01,True,51,4
E00312,C0050,P0309,F01234,2025-11-01,False,0,0
E00312,C0050,P0309,F01234,2025-12-01,True,60,24
E00312,C0050,P0309,F01234,2026-01-01,True,232,23
E00312,C0050,P0309,F01234,2026-02-01,True,275,5
E00312,C0050,P0309,F01234,2026-03-01,True,197,12
E00312,C0050,P0309,F01234,2026-04-01,True,604,11
E00312,C0050,P0309,F01234,2026-05-01,True,701,9
E00312,C0050,P0309,F01234,2026-06-01,True,344,6
E00312,C0050,P0309,F01235,2025-07-01,False,0,0
E00312,C0050,P0309,F01235,2025-08-01,False,0,0
E00312,C0050,P0309,F01235,2025-09-01,False,0,0
E00312,C0050,P0309,F01235,2025-10-01,False,0,0
E00312,C0050,P0309,F01235,2025-11-01,False,0,0
E00312,C0050,P0309,F01235,2025-12-01,False,0,0
E00312,C0050,P0309,F01235,2026-01-01,False,0,0
E00312,C0050,P0309,F01235,2026-02-01,True,168,18
E00312,C0050,P0309,F01235,2026-03-01,True,137,8
E00312,C0050,P0309,F01235,2026-04-01,True,656,3
E00312,C0050,P0309,F01235,2026-05-01,True,880,5
E00312,C0050,P0309,F01235,2026-06-01,True,882,4
E00312,C0050,P0309,F01236,2025-07-01,False,0,0
E00312,C0050,P0309,F01236,2025-08-01,False,0,0
E00312,C0050,P0309,F01236,2025-09-01,False,0,0
E00312,C0050,P0309,F01236,2025-10-01,True,633,7
E00312,C0050,P0309,F01236,2025-11-01,True,1270,9
E00312,C0050,P0309,F01236,2025-12-01,True,120,15
E00312,C0050,P0309,F01236,2026-01-01,True,248,16
E00312,C0050,P0309,F01236,2026-02-01,True,873,18
E00312,C0050,P0309,F01236,2026-03-01,True,69,4
E00312,C0050,P0309,F01236,2026-04-01,True,441,14
E00312,C0050,P0309,F01236,2026-05-01,True,108,5
E00312,C0050,P0309,F01236,2026-06-01,True,918,6
E00313,C0062,P0301,F01201,2025-06-01,False,0,0
E00313,C0062,P0301,F01201,2025-07-01,False,0,0
E00313,C0062,P0301,F01201,2025-08-01,False,0,0
E00313,C0062,P0301,F01201,2025-09-01,False,0,0
E00313,C0062,P0301,F01201,2025-10-01,False,0,0
E00313,C0062,P0301,F01201,2025-11-01,False,0,0
E00313,C0062,P0301,F01201,2025-12-01,False,0,0
E00313,C0062,P0301,F01202,2025-06-01,False,0,0
E00313,C0062,P0301,F01202,2025-07-01,False,0,0
E00313,C0062,P0301,F01202,2025-08-01,False,0,0
E00313,C0062,P0301,F01202,2025-09-01,False,0,0
E00313,C0062,P0301,F01202,2025-10-01,False,0,0
E00313,C0062,P0301,F01202,2025-11-01,False,0,0
E00313,C0062,P0301,F01202,2025-12-01,False,0,0
E00313,C0062,P0301,F01203,2025-06-01,False,0,0
E00313,C0062,P0301,F01203,2025-07-01,False,0,0
E00313,C0062,P0301,F01203,2025-08-01,False,0,0
E00313,C0062,P0301,F01203,2025-09-01,False,0,0
E00313,C0062,P0301,F01203,2025-10-01,False,0,0
E00313,C0062,P0301,F01203,2025-11-01,False,0,0
E00313,C0062,P0301,F01203,2025-12-01,False,0,0
E00313,C0062,P0301,F01204,2025-06-01,False,0,0
E00313,C0062,P0301,F01204,2025-07-01,False,0,0
E00313,C0062,P0301,F01204,2025-08-01,False,0,0
E00313,C0062,P0301,F01204,2025-09-01,False,0,0
E00313,C0062,P0301,F01204,2025-10-01,False,0,0
E00313,C0062,P0301,F01204,2025-11-01,False,0,0
E00313,C0062,P0301,F01204,2025-12-01,False,0,0
E00313,C0062,P0301,F01205,2025-06-01,False,0,0
E00313,C0062,P0301,F01205,2025-07-01,False,0,0
E00313,C0062,P0301,F01205,2025-08-01,False,0,0
E00313,C0062,P0301,F01205,2025-09-01,False,0,0
E00313,C0062,P0301,F01205,2025-10-01,False,0,0
E00313,C0062,P0301,F01205,2025-11-01,False,0,0
E00313,C0062,P0301,F01205,2025-12-01,False,0,0
E00314,C0085,P0219,F00864,2025-06-01,True,601,22
E00314,C0085,P0219,F00864,2025-07-01,True,198,10
E00314,C0085,P0219,F00864,2025-08-01,True,602,2
E00314,C0085,P0219,F00864,2025-09-01,True,286,24
E00314,C0085,P0219,F00864,2025-10-01,False,0,0
E00314,C0085,P0219,F00864,2025-11-01,True,467,13
E00314,C0085,P0219,F00864,2025-12-01,True,704,7
E00314,C0085,P0219,F00864,2026-01-01,True,142,13
E00314,C0085,P0219,F00864,2026-02-01,True,238,7
E00314,C0085,P0219,F00865,2025-06-01,False,0,0
E00314,C0085,P0219,F00865,2025-07-01,False,0,0
E00314,C0085,P0219,F00865,2025-08-01,False,0,0
E00314,C0085,P0219,F00865,2025-09-01,False,0,0
E00314,C0085,P0219,F00865,2025-10-01,True,137,15
E00314,C0085,P0219,F00865,2025-11-01,True,306,4
E00314,C0085,P0219,F00865,2025-12-01,True,734,8
E00314,C0085,P0219,F00865,2026-01-01,True,530,30
E00314,C0085,P0219,F00865,2026-02-01,True,725,28
E00314,C0085,P0219,F00866,2025-06-01,True,715,8
E00314,C0085,P0219,F00866,2025-07-01,True,176,8
E00314,C0085,P0219,F00866,2025-08-01,True,291,24
E00314,C0085,P0219,F00866,2025-09-01,True,243,3
E00314,C0085,P0219,F00866,2025-10-01,True,430,11
E00314,C0085,P0219,F00866,2025-11-01,True,184,8
E00314,C0085,P0219,F00866,2025-12-01,True,1013,15
E00314,C0085,P0219,F00866,2026-01-01,True,278,6
E00314,C0085,P0219,F00866,2026-02-01,True,1379,32
E00314,C0085,P0219,F00867,2025-06-01,False,0,0
E00314,C0085,P0219,F00867,2025-07-01,False,0,0
E00314,C0085,P0219,F00867,2025-08-01,True,683,9
E00314,C0085,P0219,F00867,2025-09-01,True,175,5
E00314,C0085,P0219,F00867,2025-10-01,True,300,7
E00314,C0085,P0219,F00867,2025-11-01,True,357,10
E00314,C0085,P0219,F00867,2025-12-01,True,152,5
E00314,C0085,P0219,F00867,2026-01-01,True,281,10
E00314,C0085,P0219,F00867,2026-02-01,True,956,13
E00314,C0085,P0219,F00868,2025-06-01,False,0,0
E00314,C0085,P0219,F00868,2025-07-01,False,0,0
E00314,C0085,P0219,F00868,2025-08-01,False,0,0
E00314,C0085,P0219,F00868,2025-09-01,False,0,0
E00314,C0085,P0219,F00868,2025-10-01,False,0,0
E00314,C0085,P0219,F00868,2025-11-01,True,436,13
E00314,C0085,P0219,F00868,2025-12-01,True,805,83
E00314,C0085,P0219,F00868,2026-01-01,True,227,36
E00314,C0085,P0219,F00868,2026-02-01,True,94,8
E00315,C0024,P0376,F01505,2025-08-01,False,0,0
E00315,C0024,P0376,F01505,2025-09-01,True,137,17
E00315,C0024,P0376,F01505,2025-10-01,True,711,3
E00315,C0024,P0376,F01505,2025-11-01,True,774,13
E00315,C0024,P0376,F01505,2025-12-01,True,653,24
E00315,C0024,P0376,F01505,2026-01-01,True,601,3
E00315,C0024,P0376,F01505,2026-02-01,True,260,3
E00315,C0024,P0376,F00693,2026-03-01,True,45,4
E00315,C0024,P0376,F01505,2026-04-01,False,0,0
E00315,C0024,P0376,F01505,2026-05-01,True,278,34
E00315,C0024,P0376,F01505,2026-06-01,True,352,13
E00315,C0024,P0376,F01505,2026-07-01,True,233,9
E00315,C0024,P0376,F01506,2025-08-01,False,0,0
E00315,C0024,P0376,F01506,2025-09-01,False,0,0
E00315,C0024,P0376,F01506,2025-10-01,False,0,0
E00315,C0024,P0376,F01506,2025-11-01,True,380,8
E00315,C0024,P0376,F01506,2025-12-01,True,547,6
E00315,C0024,P0376,F01506,2026-01-01,True,95,3
E00315,C0024,P0376,F01506,2026-02-01,False,0,0
E00315,C0024,P0376,F01506,2026-03-01,True,673,1
E00315,C0024,P0376,F01506,2026-04-01,True,301,4
E00315,C0024,P0376,F01506,2026-05-01,True,561,10
E00315,C0024,P0376,F01506,2026-06-01,True,368,11
E00315,C0024,P0376,F01506,2026-07-01,False,0,0
E00315,C0024,P0376,F01507,2025-08-01,False,0,0
E00315,C0024,P0376,F01507,2025-09-01,True,382,3
E00315,C0024,P0376,F01507,2025-10-01,True,244,5
E00315,C0024,P0376,F01507,2025-11-01,True,197,11
E00315,C0024,P0376,F01507,2025-12-01,True,676,19
E00315,C0024,P0376,F01507,2026-01-01,True,438,8
E00315,C0024,P0376,F01507,2026-02-01,False,0,0
E00315,C0024,P0376,F01507,2026-03-01,True,367,17
E00315,C0024,P0376,F01507,2026-04-01,True,196,10
E00315,C0024,P0376,F01507,2026-05-01,True,231,6
E00315,C0024,P0376,F01507,2026-06-01,True,339,8
E00315,C0024,P0376,F01507,2026-07-01,True,446,8
E00315,C0024,P0376,F01508,2025-08-01,False,0,0
E00315,C0024,P0376,F01508,2025-09-01,True,316,3
E00315,C0024,P0376,F02008,2025-10-01,True,622,18
E00315,C0024,P0376,F01508,2025-11-01,True,169,5
E00315,C0024,P0376,F01508,2025-12-01,True,402,7
E00315,C0024,P0376,F01508,2026-01-01,True,435,25
E00315,C0024,P0376,F01508,2026-02-01,True,176,18
E00315,C0024,P0376,F01508,2026-03-01,True,150,6
E00315,C0024,P0376,F01508,2026-04-01,True,405,15
E00315,C0024,P0376,F01508,2026-05-01,True,881,30
E00315,C0024,P0376,F01508,2026-06-01,True,281,10
E00315,C0024,P0376,F01508,2026-07-01,True,452,10
E00316,C0089,P0294,F01172,2025-11-01,False,0,0
E00316,C0089,P0294,F01172,2025-12-01,False,0,0
E00316,C0089,P0294,F01172,2026-01-01,False,0,0
E00316,C0089,P0294,F01172,2026-02-01,False,0,0
E00316,C0089,P0294,F01172,2026-03-01,False,0,0
E00316,C0089,P0294,F01172,2026-04-01,False,0,0
E00316,C0089,P0294,F01172,2026-05-01,False,0,0
E00316,C0089,P0294,F01172,2026-06-01,False,0,0
E00316,C0089,P0294,F01172,2026-07-01,False,0,0
E00316,C0089,P0294,F01172,2026-08-01,False,0,0
E00316,C0089,P0294,F01173,2025-11-01,False,0,0
E00316,C0089,P0294,F01173,2025-12-01,False,0,0
E00316,C0089,P0294,F01173,2026-01-01,False,0,0
E00316,C0089,P0294,F01173,2026-02-01,False,0,0
E00316,C0089,P0294,F01173,2026-03-01,False,0,0
E00316,C0089,P0294,F01173,2026-04-01,False,0,0
E00316,C0089,P0294,F01173,2026-05-01,False,0,0
E00316,C0089,P0294,F01173,2026-06-01,False,0,0
E00316,C0089,P0294,F01173,2026-07-01,False,0,0
E00316,C0089,P0294,F01173,2026-08-01,False,0,0
E00316,C0089,P0294,F01174,2025-11-01,False,0,0
E00316,C0089,P0294,F01174,2025-12-01,False,0,0
E00316,C0089,P0294,F01174,2026-01-01,False,0,0
E00316,C0089,P0294,F01174,2026-02-01,False,0,0
E00316,C0089,P0294,F01174,2026-03-01,False,0,0
E00316,C0089,P0294,F01174,2026-04-01,False,0,0
E00316,C0089,P0294,F01174,2026-05-01,False,0,0
E00316,C0089,P0294,F01174,2026-06-01,False,0,0
E00316,C0089,P0294,F01611,2026-07-01,True,0,0
E00316,C0089,P0294,F01174,2026-08-01,False,0,0
E00317,C0019,P0204,F00802,2025-06-01,False,0,0
E00317,C0019,P0204,F00802,2025-07-01,True,278,7
E00317,C0019,P0204,F00802,2025-08-01,True,548,25
E00317,C0019,P0204,F00802,2025-09-01,True,83,9
E00317,C0019,P0204,F00802,2025-10-01,True,85,15
E00317,C0019,P0204,F00802,2025-11-01,True,193,22
E00317,C0019,P0204,F00802,2025-12-01,True,315,15
E00317,C0019,P0204,F00802,2026-01-01,True,173,11
E00317,C0019,P0204,F00802,2026-02-01,True,389,13
E00317,C0019,P0204,F00802,2026-03-01,True,213,21
E00317,C0019,P0204,F00803,2025-06-01,False,0,0
E00317,C0019,P0204,F00803,2025-07-01,False,0,0
E00317,C0019,P0204,F00803,2025-08-01,False,0,0
E00317,C0019,P0204,F00803,2025-09-01,False,0,0
E00317,C0019,P0204,F00803,2025-10-01,False,0,0
E00317,C0019,P0204,F00803,2025-11-01,False,0,0
E00317,C0019,P0204,F00803,2025-12-01,False,0,0
E00317,C0019,P0204,F00803,2026-01-01,False,0,0
E00317,C0019,P0204,F00803,2026-02-01,False,0,0
E00317,C0019,P0204,F00803,2026-03-01,False,0,0
E00317,C0019,P0204,F00804,2025-06-01,False,0,0
E00317,C0019,P0204,F00804,2025-07-01,False,0,0
E00317,C0019,P0204,F00804,2025-08-01,False,0,0
E00317,C0019,P0204,F00804,2025-09-01,False,0,0
E00317,C0019,P0204,F00804,2025-10-01,False,0,0
E00317,C0019,P0204,F00804,2025-11-01,False,0,0
E00317,C0019,P0204,F00804,2025-12-01,False,0,0
E00317,C0019,P0204,F00804,2026-01-01,True,453,24
E00317,C0019,P0204,F00804,2026-02-01,True,97,11
E00317,C0019,P0204,F00804,2026-03-01,True,306,31
E00318,C0080,P0036,F00136,2025-06-01,True,556,10
E00318,C0080,P0036,F00136,2025-07-01,True,533,7
E00318,C0080,P0036,F00136,2025-08-01,True,487,42
E00318,C0080,P0036,F00136,2025-09-01,True,224,11
E00318,C0080,P0036,F00136,2025-10-01,True,186,5
E00318,C0080,P0036,F00136,2025-11-01,True,660,4
E00318,C0080,P0036,F00136,2025-12-01,True,481,18
E00318,C0080,P0036,F00136,2026-01-01,True,259,23
E00318,C0080,P0036,F00137,2025-06-01,False,0,0
E00318,C0080,P0036,F00137,2025-07-01,False,0,0
E00318,C0080,P0036,F00137,2025-08-01,False,0,0
E00318,C0080,P0036,F00137,2025-09-01,False,0,0
E00318,C0080,P0036,F00137,2025-10-01,False,0,0
E00318,C0080,P0036,F00137,2025-11-01,False,0,0
E00318,C0080,P0036,F00137,2025-12-01,False,0,0
E00318,C0080,P0036,F00137,2026-01-01,False,0,0
E00318,C0080,P0036,F00138,2025-06-01,True,788,8
E00318,C0080,P0036,F00138,2025-07-01,True,109,14
E00318,C0080,P0036,F00138,2025-08-01,True,337,12
E00318,C0080,P0036,F00138,2025-09-01,True,504,3
E00318,C0080,P0036,F00138,2025-10-01,True,246,29
E00318,C0080,P0036,F00138,2025-11-01,True,417,15
E00318,C0080,P0036,F00138,2025-12-01,True,391,15
E00318,C0080,P0036,F00138,2026-01-01,True,777,2
E00319,C0044,P0088,F00340,2025-10-01,False,0,0
E00319,C0044,P0088,F00340,2025-11-01,True,604,10
E00319,C0044,P0088,F00340,2025-12-01,False,0,0
E00319,C0044,P0088,F00340,2026-01-01,True,677,8
E00319,C0044,P0088,F00340,2026-02-01,True,258,4
E00319,C0044,P0088,F00340,2026-03-01,True,348,4
E00319,C0044,P0088,F00340,2026-04-01,True,325,12
E00319,C0044,P0088,F00340,2026-05-01,True,199,3
E00319,C0044,P0088,F00340,2026-06-01,True,61,5
E00319,C0044,P0088,F00340,2026-07-01,True,56,11
E00319,C0044,P0088,F00340,2026-08-01,True,1551,4
E00319,C0044,P0088,F00341,2025-10-01,False,0,0
E00319,C0044,P0088,F00341,2025-11-01,False,0,0
E00319,C0044,P0088,F00341,2025-12-01,False,0,0
E00319,C0044,P0088,F00341,2026-01-01,False,0,0
E00319,C0044,P0088,F00341,2026-02-01,False,0,0
E00319,C0044,P0088,F00341,2026-03-01,False,0,0
E00319,C0044,P0088,F00341,2026-04-01,False,0,0
E00319,C0044,P0088,F00341,2026-05-01,False,0,0
E00319,C0044,P0088,F00007,2026-06-01,True,1797,11
E00319,C0044,P0088,F00341,2026-07-01,True,449,3
E00319,C0044,P0088,F00341,2026-08-01,False,0,0
E00319,C0044,P0088,F00342,2025-10-01,False,0,0
E00319,C0044,P0088,F00342,2025-11-01,False,0,0
E00319,C0044,P0088,F00342,2025-12-01,False,0,0
E00319,C0044,P0088,F00342,2026-01-01,False,0,0
E00319,C0044,P0088,F00342,2026-02-01,False,0,0
E00319,C0044,P0088,F00342,2026-03-01,True,413,7
E00319,C0044,P0088,F00342,2026-04-01,True,987,2
E00319,C0044,P0088,F00342,2026-05-01,False,0,0
E00319,C0044,P0088,F00342,2026-06-01,True,237,5
E00319,C0044,P0088,F00342,2026-07-01,True,463,1
E00319,C0044,P0088,F00342,2026-08-01,False,0,0
E00319,C0044,P0088,F00343,2025-10-01,False,0,0
E00319,C0044,P0088,F00343,2025-11-01,False,0,0
E00319,C0044,P0088,F00343,2025-12-01,False,0,0
E00319,C0044,P0088,F00343,2026-01-01,False,0,0
E00319,C0044,P0088,F00343,2026-02-01,False,0,0
E00319,C0044,P0088,F00343,2026-03-01,False,0,0
E00319,C0044,P0088,F00343,2026-04-01,False,0,0
E00319,C0044,P0088,F00343,2026-05-01,False,0,0
E00319,C0044,P0088,F00343,2026-06-01,False,0,0
E00319,C0044,P0088,F00343,2026-07-01,False,0,0
E00319,C0044,P0088,F00343,2026-08-01,False,0,0
E00319,C0044,P0088,F00344,2025-10-01,False,0,0
E00319,C0044,P0088,F00344,2025-11-01,False,0,0
E00319,C0044,P0088,F00344,2025-12-01,False,0,0
E00319,C0044,P0088,F00344,2026-01-01,False,0,0
E00319,C0044,P0088,F00344,2026-02-01,False,0,0
E00319,C0044,P0088,F00344,2026-03-01,False,0,0
E00319,C0044,P0088,F00344,2026-04-01,False,0,0
E00319,C0044,P0088,F00344,2026-05-01,False,0,0
E00319,C0044,P0088,F00344,2026-06-01,True,966,13
E00319,C0044,P0088,F00344,2026-07-01,True,427,4
E00319,C0044,P0088,F00344,2026-08-01,False,0,0
E00320,C0054,P0094,F00364,2025-11-01,False,0,0
E00320,C0054,P0094,F00364,2025-12-01,True,627,16
E00320,C0054,P0094,F00364,2026-01-01,True,825,8
E00320,C0054,P0094,F00364,2026-02-01,True,80,6
E00320,C0054,P0094,F00364,2026-03-01,True,695,7
E00320,C0054,P0094,F00364,2026-04-01,True,1264,18
E00320,C0054,P0094,F00364,2026-05-01,True,1150,7
E00320,C0054,P0094,F00364,2026-06-01,True,494,5
E00320,C0054,P0094,F00364,2026-07-01,True,662,15
E00320,C0054,P0094,F00364,2026-08-01,True,613,8
E00320,C0054,P0094,F00365,2025-11-01,False,0,0
E00320,C0054,P0094,F00365,2025-12-01,False,0,0
E00320,C0054,P0094,F00407,2026-01-01,True,0,0
E00320,C0054,P0094,F00365,2026-02-01,False,0,0
E00320,C0054,P0094,F00365,2026-03-01,False,0,0
E00320,C0054,P0094,F00365,2026-04-01,False,0,0
E00320,C0054,P0094,F00365,2026-05-01,False,0,0
E00320,C0054,P0094,F00365,2026-06-01,False,0,0
E00320,C0054,P0094,F00365,2026-07-01,False,0,0
E00320,C0054,P0094,F00365,2026-08-01,False,0,0
E00320,C0054,P0094,F00366,2025-11-01,False,0,0
E00320,C0054,P0094,F00366,2025-12-01,False,0,0
E00320,C0054,P0094,F00366,2026-01-01,False,0,0
E00320,C0054,P0094,F00366,2026-02-01,False,0,0
E00320,C0054,P0094,F00366,2026-03-01,False,0,0
E00320,C0054,P0094,F00366,2026-04-01,False,0,0
E00320,C0054,P0094,F00366,2026-05-01,False,0,0
E00320,C0054,P0094,F00366,2026-06-01,False,0,0
E00320,C0054,P0094,F00366,2026-07-01,False,0,0
E00320,C0054,P0094,F00366,2026-08-01,False,0,0
E00320,C0054,P0094,F00367,2025-11-01,False,0,0
E00320,C0054,P0094,F00367,2025-12-01,False,0,0
E00320,C0054,P0094,F00367,2026-01-01,True,400,11
E00320,C0054,P0094,F00367,2026-02-01,True,270,12
E00320,C0054,P0094,F00367,2026-03-01,True,474,15
E00320,C0054,P0094,F00367,2026-04-01,True,264,18
E00320,C0054,P0094,F00367,2026-05-01,True,608,15
E00320,C0054,P0094,F00367,2026-06-01,True,672,9
E00320,C0054,P0094,F00367,2026-07-01,True,135,17
E00320,C0054,P0094,F00367,2026-08-01,True,228,3
E00321,C0035,P0384,F01539,2025-06-01,False,0,0
E00321,C0035,P0384,F01539,2025-07-01,True,233,12
E00321,C0035,P0384,F01539,2025-08-01,True,916,14
E00321,C0035,P0384,F01539,2025-09-01,True,669,17
E00321,C0035,P0384,F01539,2025-10-01,True,460,9
E00321,C0035,P0384,F01539,2025-11-01,True,154,38
E00321,C0035,P0384,F01539,2025-12-01,True,239,8
E00321,C0035,P0384,F01539,2026-01-01,True,334,7
E00321,C0035,P0384,F01539,2026-02-01,False,0,0
E00321,C0035,P0384,F01540,2025-06-01,False,0,0
E00321,C0035,P0384,F01540,2025-07-01,False,0,0
E00321,C0035,P0384,F01540,2025-08-01,False,0,0
E00321,C0035,P0384,F01540,2025-09-01,True,527,7
E00321,C0035,P0384,F01540,2025-10-01,True,288,7
E00321,C0035,P0384,F01540,2025-11-01,False,0,0
E00321,C0035,P0384,F01540,2025-12-01,True,283,4
E00321,C0035,P0384,F01540,2026-01-01,True,103,29
E00321,C0035,P0384,F01974,2026-02-01,True,672,26
E00321,C0035,P0384,F01541,2025-06-01,False,0,0
E00321,C0035,P0384,F01541,2025-07-01,False,0,0
E00321,C0035,P0384,F01541,2025-08-01,False,0,0
E00321,C0035,P0384,F01541,2025-09-01,False,0,0
E00321,C0035,P0384,F01541,2025-10-01,True,998,5
E00321,C0035,P0384,F01541,2025-11-01,True,913,21
E00321,C0035,P0384,F01541,2025-12-01,True,281,13
E00321,C0035,P0384,F01541,2026-01-01,True,656,16
E00321,C0035,P0384,F01541,2026-02-01,True,336,12
E00321,C0035,P0384,F01542,2025-06-01,False,0,0
E00321,C0035,P0384,F01542,2025-07-01,False,0,0
E00321,C0035,P0384,F01542,2025-08-01,False,0,0
E00321,C0035,P0384,F01542,2025-09-01,False,0,0
E00321,C0035,P0384,F01542,2025-10-01,False,0,0
E00321,C0035,P0384,F01542,2025-11-01,False,0,0
E00321,C0035,P0384,F01542,2025-12-01,False,0,0
E00321,C0035,P0384,F01542,2026-01-01,False,0,0
E00321,C0035,P0384,F01542,2026-02-01,False,0,0
E00322,C0070,P0447,F01789,2025-06-01,True,514,8
E00322,C0070,P0447,F01789,2025-07-01,True,555,6
E00322,C0070,P0447,F01789,2025-08-01,True,933,20
E00322,C0070,P0447,F01789,2025-09-01,True,665,14
E00322,C0070,P0447,F01789,2025-10-01,True,438,21
E00322,C0070,P0447,F01789,2025-11-01,True,141,6
E00322,C0070,P0447,F01789,2025-12-01,True,564,10
E00322,C0070,P0447,F01789,2026-01-01,True,234,22
E00322,C0070,P0447,F01789,2026-02-01,True,408,13
E00322,C0070,P0447,F01790,2025-06-01,False,0,0
E00322,C0070,P0447,F01256,2025-07-01,True,0,0
E00322,C0070,P0447,F01790,2025-08-01,False,0,0
E00322,C0070,P0447,F01790,2025-09-01,False,0,0
E00322,C0070,P0447,F01790,2025-10-01,False,0,0
E00322,C0070,P0447,F01790,2025-11-01,False,0,0
E00322,C0070,P0447,F01790,2025-12-01,False,0,0
E00322,C0070,P0447,F01790,2026-01-01,False,0,0
E00322,C0070,P0447,F01790,2026-02-01,False,0,0
E00322,C0070,P0447,F01791,2025-06-01,False,0,0
E00322,C0070,P0447,F01791,2025-07-01,False,0,0
E00322,C0070,P0447,F01791,2025-08-01,False,0,0
E00322,C0070,P0447,F01791,2025-09-01,False,0,0
E00322,C0070,P0447,F01791,2025-10-01,False,0,0
E00322,C0070,P0447,F01791,2025-11-01,False,0,0
E00322,C0070,P0447,F01791,2025-12-01,False,0,0
E00322,C0070,P0447,F01791,2026-01-01,False,0,0
E00322,C0070,P0447,F01791,2026-02-01,False,0,0
E00322,C0070,P0447,F01792,2025-06-01,False,0,0
E00322,C0070,P0447,F01792,2025-07-01,False,0,0
E00322,C0070,P0447,F01792,2025-08-01,False,0,0
E00322,C0070,P0447,F01792,2025-09-01,False,0,0
E00322,C0070,P0447,F01792,2025-10-01,False,0,0
E00322,C0070,P0447,F01792,2025-11-01,False,0,0
E00322,C0070,P0447,F01792,2025-12-01,False,0,0
E00322,C0070,P0447,F01792,2026-01-01,False,0,0
E00322,C0070,P0447,F01792,2026-02-01,False,0,0
E00323,C0080,P0086,F00333,2025-09-01,True,801,10
E00323,C0080,P0086,F01649,2025-10-01,True,1277,5
E00323,C0080,P0086,F00333,2025-11-01,True,785,7
E00323,C0080,P0086,F00333,2025-12-01,True,702,6
E00323,C0080,P0086,F00333,2026-01-01,True,101,20
E00323,C0080,P0086,F00333,2026-02-01,True,282,3
E00323,C0080,P0086,F00333,2026-03-01,False,0,0
E00323,C0080,P0086,F00333,2026-04-01,True,731,12
E00323,C0080,P0086,F00333,2026-05-01,True,281,14
E00323,C0080,P0086,F00333,2026-06-01,True,330,9
E00323,C0080,P0086,F00333,2026-07-01,True,651,13
E00323,C0080,P0086,F00333,2026-08-01,False,0,0
E00323,C0080,P0086,F00334,2025-09-01,False,0,0
E00323,C0080,P0086,F00334,2025-10-01,False,0,0
E00323,C0080,P0086,F00334,2025-11-01,False,0,0
E00323,C0080,P0086,F00334,2025-12-01,False,0,0
E00323,C0080,P0086,F00334,2026-01-01,False,0,0
E00323,C0080,P0086,F00334,2026-02-01,True,199,11
E00323,C0080,P0086,F00334,2026-03-01,True,644,5
E00323,C0080,P0086,F00334,2026-04-01,True,836,12
E00323,C0080,P0086,F00334,2026-05-01,True,404,12
E00323,C0080,P0086,F00334,2026-06-01,True,1083,11
E00323,C0080,P0086,F00794,2026-07-01,True,284,10
E00323,C0080,P0086,F00334,2026-08-01,False,0,0
E00323,C0080,P0086,F00335,2025-09-01,False,0,0
E00323,C0080,P0086,F00335,2025-10-01,False,0,0
E00323,C0080,P0086,F00335,2025-11-01,False,0,0
E00323,C0080,P0086,F00335,2025-12-01,False,0,0
E00323,C0080,P0086,F00335,2026-01-01,False,0,0
E00323,C0080,P0086,F00335,2026-02-01,False,0,0
E00323,C0080,P0086,F00335,2026-03-01,False,0,0
E00323,C0080,P0086,F00335,2026-04-01,False,0,0
E00323,C0080,P0086,F00335,2026-05-01,False,0,0
E00323,C0080,P0086,F00335,2026-06-01,False,0,0
E00323,C0080,P0086,F00335,2026-07-01,False,0,0
E00323,C0080,P0086,F00335,2026-08-01,False,0,0
E00324,C0088,P0176,F00688,2025-06-01,False,0,0
E00324,C0088,P0176,F00688,2025-07-01,False,0,0
E00324,C0088,P0176,F00688,2025-08-01,True,708,16
E00324,C0088,P0176,F00688,2025-09-01,True,374,40
E00324,C0088,P0176,F00688,2025-10-01,True,548,5
E00324,C0088,P0176,F00688,2025-11-01,True,51,16
E00324,C0088,P0176,F00688,2025-12-01,True,300,3
E00324,C0088,P0176,F00688,2026-01-01,True,344,17
E00324,C0088,P0176,F00688,2026-02-01,True,325,10
E00324,C0088,P0176,F00688,2026-03-01,True,46,17
E00324,C0088,P0176,F00688,2026-04-01,True,77,7
E00324,C0088,P0176,F00688,2026-05-01,True,456,6
E00324,C0088,P0176,F00689,2025-06-01,False,0,0
E00324,C0088,P0176,F00689,2025-07-01,False,0,0
E00324,C0088,P0176,F01711,2025-08-01,True,0,0
E00324,C0088,P0176,F00689,2025-09-01,False,0,0
E00324,C0088,P0176,F00689,2025-10-01,False,0,0
E00324,C0088,P0176,F00689,2025-11-01,False,0,0
E00324,C0088,P0176,F00689,2025-12-01,False,0,0
E00324,C0088,P0176,F00689,2026-01-01,False,0,0
E00324,C0088,P0176,F00689,2026-02-01,False,0,0
E00324,C0088,P0176,F00689,2026-03-01,False,0,0
E00324,C0088,P0176,F00689,2026-04-01,False,0,0
E00324,C0088,P0176,F00689,2026-05-01,False,0,0
E00324,C0088,P0176,F00690,2025-06-01,False,0,0
E00324,C0088,P0176,F00690,2025-07-01,False,0,0
E00324,C0088,P0176,F00690,2025-08-01,False,0,0
E00324,C0088,P0176,F01294,2025-09-01,True,0,0
E00324,C0088,P0176,F00690,2025-10-01,False,0,0
E00324,C0088,P0176,F00690,2025-11-01,False,0,0
E00324,C0088,P0176,F00690,2025-12-01,False,0,0
E00324,C0088,P0176,F00690,2026-01-01,False,0,0
E00324,C0088,P0176,F00690,2026-02-01,False,0,0
E00324,C0088,P0176,F00690,2026-03-01,False,0,0
E00324,C0088,P0176,F00690,2026-04-01,False,0,0
E00324,C0088,P0176,F00690,2026-05-01,False,0,0
E00324,C0088,P0176,F00691,2025-06-01,False,0,0
E00324,C0088,P0176,F00691,2025-07-01,False,0,0
E00324,C0088,P0176,F00691,2025-08-01,False,0,0
E00324,C0088,P0176,F00691,2025-09-01,False,0,0
E00324,C0088,P0176,F00691,2025-10-01,False,0,0
E00324,C0088,P0176,F00691,2025-11-01,False,0,0
E00324,C0088,P0176,F00691,2025-12-01,False,0,0
E00324,C0088,P0176,F00691,2026-01-01,False,0,0
E00324,C0088,P0176,F00691,2026-02-01,False,0,0
E00324,C0088,P0176,F00691,2026-03-01,False,0,0
E00324,C0088,P0176,F00691,2026-04-01,False,0,0
E00324,C0088,P0176,F00691,2026-05-01,False,0,0
E00324,C0088,P0176,F00692,2025-06-01,False,0,0
E00324,C0088,P0176,F00692,2025-07-01,False,0,0
E00324,C0088,P0176,F00692,2025-08-01,True,230,13
E00324,C0088,P0176,F00692,2025-09-01,True,467,11
E00324,C0088,P0176,F01253,2025-10-01,True,40,2
E00324,C0088,P0176,F00692,2025-11-01,True,708,8
E00324,C0088,P0176,F00692,2025-12-01,True,1607,13
E00324,C0088,P0176,F00692,2026-01-01,True,1261,9
E00324,C0088,P0176,F00692,2026-02-01,True,250,17
E00324,C0088,P0176,F00692,2026-03-01,True,806,9
E00324,C0088,P0176,F00692,2026-04-01,True,579,3
E00324,C0088,P0176,F00692,2026-05-01,True,177,14
E00325,C0033,P0052,F00200,2025-07-01,False,0,0
E00325,C0033,P0052,F00200,2025-08-01,True,278,13
E00325,C0033,P0052,F00200,2025-09-01,True,508,16
E00325,C0033,P0052,F00200,2025-10-01,True,697,20
E00325,C0033,P0052,F00200,2025-11-01,True,145,9
E00325,C0033,P0052,F00200,2025-12-01,True,320,10
E00325,C0033,P0052,F00200,2026-01-01,True,299,11
E00325,C0033,P0052,F00200,2026-02-01,True,224,19
E00325,C0033,P0052,F00200,2026-03-01,True,508,7
E00325,C0033,P0052,F00200,2026-04-01,True,378,33
E00325,C0033,P0052,F00200,2026-05-01,True,152,5
E00325,C0033,P0052,F00200,2026-06-01,True,688,28
E00325,C0033,P0052,F00201,2025-07-01,False,0,0
E00325,C0033,P0052,F00201,2025-08-01,False,0,0
E00325,C0033,P0052,F00201,2025-09-01,False,0,0
E00325,C0033,P0052,F00201,2025-10-01,False,0,0
E00325,C0033,P0052,F00201,2025-11-01,False,0,0
E00325,C0033,P0052,F00201,2025-12-01,False,0,0
E00325,C0033,P0052,F00201,2026-01-01,False,0,0
E00325,C0033,P0052,F00201,2026-02-01,False,0,0
E00325,C0033,P0052,F00201,2026-03-01,False,0,0
E00325,C0033,P0052,F00201,2026-04-01,False,0,0
E00325,C0033,P0052,F00201,2026-05-01,False,0,0
E00325,C0033,P0052,F00201,2026-06-01,False,0,0
E00325,C0033,P0052,F00202,2025-07-01,False,0,0
E00325,C0033,P0052,F00202,2025-08-01,False,0,0
E00325,C0033,P0052,F00202,2025-09-01,False,0,0
E00325,C0033,P0052,F00202,2025-10-01,False,0,0
E00325,C0033,P0052,F00202,2025-11-01,False,0,0
E00325,C0033,P0052,F00202,2025-12-01,False,0,0
E00325,C0033,P0052,F00202,2026-01-01,False,0,0
E00325,C0033,P0052,F00202,2026-02-01,False,0,0
E00325,C0033,P0052,F00202,2026-03-01,False,0,0
E00325,C0033,P0052,F00202,2026-04-01,False,0,0
E00325,C0033,P0052,F00202,2026-05-01,False,0,0
E00325,C0033,P0052,F00202,2026-06-01,False,0,0
E00326,C0098,P0268,F01068,2025-06-01,True,469,11
E00326,C0098,P0268,F01068,2025-07-01,True,128,8
E00326,C0098,P0268,F01068,2025-08-01,True,249,8
E00326,C0098,P0268,F01068,2025-09-01,False,0,0
E00326,C0098,P0268,F01068,2025-10-01,False,0,0
E00326,C0098,P0268,F01068,2025-11-01,False,0,0
E00326,C0098,P0268,F01069,2025-06-01,False,0,0
E00326,C0098,P0268,F01069,2025-07-01,False,0,0
E00326,C0098,P0268,F01069,2025-08-01,False,0,0
E00326,C0098,P0268,F01069,2025-09-01,False,0,0
E00326,C0098,P0268,F01069,2025-10-01,False,0,0
E00326,C0098,P0268,F01069,2025-11-01,False,0,0
E00326,C0098,P0268,F01070,2025-06-01,False,0,0
E00326,C0098,P0268,F01070,2025-07-01,False,0,0
E00326,C0098,P0268,F01070,2025-08-01,False,0,0
E00326,C0098,P0268,F01070,2025-09-01,False,0,0
E00326,C0098,P0268,F01070,2025-10-01,False,0,0
E00326,C0098,P0268,F01070,2025-11-01,False,0,0
E00326,C0098,P0268,F01071,2025-06-01,False,0,0
E00326,C0098,P0268,F01071,2025-07-01,False,0,0
E00326,C0098,P0268,F01071,2025-08-01,False,0,0
E00326,C0098,P0268,F01071,2025-09-01,False,0,0
E00326,C0098,P0268,F01071,2025-10-01,False,0,0
E00326,C0098,P0268,F01071,2025-11-01,False,0,0
E00327,C0065,P0243,F00960,2025-08-01,True,201,4
E00327,C0065,P0243,F00960,2025-09-01,True,596,14
E00327,C0065,P0243,F00960,2025-10-01,True,121,11
E00327,C0065,P0243,F00960,2025-11-01,True,290,30
E00327,C0065,P0243,F00960,2025-12-01,True,858,30
E00327,C0065,P0243,F00960,2026-01-01,True,257,2
E00327,C0065,P0243,F00960,2026-02-01,True,141,8
E00327,C0065,P0243,F00960,2026-03-01,True,307,31
E00327,C0065,P0243,F00960,2026-04-01,True,664,14
E00327,C0065,P0243,F00960,2026-05-01,True,866,16
E00327,C0065,P0243,F00960,2026-06-01,True,637,8
E00327,C0065,P0243,F00960,2026-07-01,True,98,3
E00327,C0065,P0243,F00961,2025-08-01,False,0,0
E00327,C0065,P0243,F00961,2025-09-01,False,0,0
E00327,C0065,P0243,F00961,2025-10-01,False,0,0
E00327,C0065,P0243,F00961,2025-11-01,False,0,0
E00327,C0065,P0243,F00961,2025-12-01,True,80,17
E00327,C0065,P0243,F00961,2026-01-01,True,189,8
E00327,C0065,P0243,F00961,2026-02-01,True,110,22
E00327,C0065,P0243,F00961,2026-03-01,True,367,13
E00327,C0065,P0243,F00961,2026-04-01,True,472,15
E00327,C0065,P0243,F00961,2026-05-01,True,819,17
E00327,C0065,P0243,F00961,2026-06-01,True,159,5
E00327,C0065,P0243,F00961,2026-07-01,True,1863,20
E00327,C0065,P0243,F00962,2025-08-01,False,0,0
E00327,C0065,P0243,F00962,2025-09-01,False,0,0
E00327,C0065,P0243,F00962,2025-10-01,False,0,0
E00327,C0065,P0243,F00962,2025-11-01,False,0,0
E00327,C0065,P0243,F00962,2025-12-01,False,0,0
E00327,C0065,P0243,F00962,2026-01-01,False,0,0
E00327,C0065,P0243,F00962,2026-02-01,False,0,0
E00327,C0065,P0243,F00962,2026-03-01,False,0,0
E00327,C0065,P0243,F00962,2026-04-01,False,0,0
E00327,C0065,P0243,F00962,2026-05-01,False,0,0
E00327,C0065,P0243,F00962,2026-06-01,False,0,0
E00327,C0065,P0243,F00962,2026-07-01,False,0,0
E00328,C0061,P0176,F00688,2025-06-01,True,1469,9
E00328,C0061,P0176,F00688,2025-07-01,True,1015,15
E00328,C0061,P0176,F00688,2025-08-01,True,461,11
E00328,C0061,P0176,F00688,2025-09-01,True,657,15
E00328,C0061,P0176,F00688,2025-10-01,True,323,7
E00328,C0061,P0176,F00688,2025-11-01,True,330,11
E00328,C0061,P0176,F00688,2025-12-01,True,271,5
E00328,C0061,P0176,F00688,2026-01-01,True,390,14
E00328,C0061,P0176,F00688,2026-02-01,True,453,4
E00328,C0061,P0176,F00688,2026-03-01,True,1090,35
E00328,C0061,P0176,F00688,2026-04-01,True,584,19
E00328,C0061,P0176,F00689,2025-06-01,False,0,0
E00328,C0061,P0176,F00689,2025-07-01,False,0,0
E00328,C0061,P0176,F00689,2025-08-01,True,442,14
E00328,C0061,P0176,F00689,2025-09-01,True,74,10
E00328,C0061,P0176,F00689,2025-10-01,True,349,34
E00328,C0061,P0176,F00689,2025-11-01,True,295,30
E00328,C0061,P0176,F00689,2025-12-01,True,378,8
E00328,C0061,P0176,F00689,2026-01-01,True,79,13
E00328,C0061,P0176,F00689,2026-02-01,True,197,3
E00328,C0061,P0176,F00689,2026-03-01,True,581,14
E00328,C0061,P0176,F00689,2026-04-01,True,519,11
E00328,C0061,P0176,F00690,2025-06-01,False,0,0
E00328,C0061,P0176,F00690,2025-07-01,False,0,0
E00328,C0061,P0176,F00690,2025-08-01,True,214,5
E00328,C0061,P0176,F00690,2025-09-01,True,989,17
E00328,C0061,P0176,F00690,2025-10-01,True,729,10
E00328,C0061,P0176,F00690,2025-11-01,True,192,5
E00328,C0061,P0176,F00690,2025-12-01,True,396,6
E00328,C0061,P0176,F00690,2026-01-01,True,66,16
E00328,C0061,P0176,F00690,2026-02-01,True,728,7
E00328,C0061,P0176,F00690,2026-03-01,True,86,12
E00328,C0061,P0176,F00066,2026-04-01,True,330,8
E00328,C0061,P0176,F00691,2025-06-01,False,0,0
E00328,C0061,P0176,F00691,2025-07-01,False,0,0
E00328,C0061,P0176,F00691,2025-08-01,True,512,12
E00328,C0061,P0176,F00691,2025-09-01,True,498,11
E00328,C0061,P0176,F00691,2025-10-01,True,198,6
E00328,C0061,P0176,F00691,2025-11-01,True,376,19
E00328,C0061,P0176,F00691,2025-12-01,True,401,6
E00328,C0061,P0176,F00691,2026-01-01,True,422,12
E00328,C0061,P0176,F00691,2026-02-01,True,200,35
E00328,C0061,P0176,F00691,2026-03-01,True,669,10
E00328,C0061,P0176,F00691,2026-04-01,True,1196,14
E00328,C0061,P0176,F00692,2025-06-01,False,0,0
E00328,C0061,P0176,F00692,2025-07-01,False,0,0
E00328,C0061,P0176,F00692,2025-08-01,False,0,0
E00328,C0061,P0176,F00692,2025-09-01,False,0,0
E00328,C0061,P0176,F00692,2025-10-01,False,0,0
E00328,C0061,P0176,F00692,2025-11-01,False,0,0
E00328,C0061,P0176,F00692,2025-12-01,False,0,0
E00328,C0061,P0176,F00692,2026-01-01,False,0,0
E00328,C0061,P0176,F00692,2026-02-01,False,0,0
E00328,C0061,P0176,F00692,2026-03-01,False,0,0
E00328,C0061,P0176,F00692,2026-04-01,False,0,0
E00329,C0031,P0030,F00113,2025-06-01,False,0,0
E00329,C0031,P0030,F00113,2025-07-01,False,0,0
E00329,C0031,P0030,F00113,2025-08-01,False,0,0
E00329,C0031,P0030,F00113,2025-09-01,False,0,0
E00329,C0031,P0030,F00113,2025-10-01,False,0,0
E00329,C0031,P0030,F00113,2025-11-01,False,0,0
E00329,C0031,P0030,F00113,2025-12-01,False,0,0
E00329,C0031,P0030,F00113,2026-01-01,False,0,0
E00329,C0031,P0030,F00113,2026-02-01,False,0,0
E00329,C0031,P0030,F00113,2026-03-01,False,0,0
E00329,C0031,P0030,F00113,2026-04-01,False,0,0
E00329,C0031,P0030,F00114,2025-06-01,False,0,0
E00329,C0031,P0030,F00114,2025-07-01,False,0,0
E00329,C0031,P0030,F00114,2025-08-01,False,0,0
E00329,C0031,P0030,F00114,2025-09-01,False,0,0
E00329,C0031,P0030,F00114,2025-10-01,False,0,0
E00329,C0031,P0030,F00114,2025-11-01,False,0,0
E00329,C0031,P0030,F00114,2025-12-01,False,0,0
E00329,C0031,P0030,F00114,2026-01-01,False,0,0
E00329,C0031,P0030,F00114,2026-02-01,False,0,0
E00329,C0031,P0030,F00114,2026-03-01,False,0,0
E00329,C0031,P0030,F00114,2026-04-01,False,0,0
E00329,C0031,P0030,F00115,2025-06-01,False,0,0
E00329,C0031,P0030,F00115,2025-07-01,False,0,0
E00329,C0031,P0030,F00115,2025-08-01,False,0,0
E00329,C0031,P0030,F00115,2025-09-01,False,0,0
E00329,C0031,P0030,F00115,2025-10-01,False,0,0
E00329,C0031,P0030,F00115,2025-11-01,False,0,0
E00329,C0031,P0030,F00115,2025-12-01,False,0,0
E00329,C0031,P0030,F00115,2026-01-01,False,0,0
E00329,C0031,P0030,F00115,2026-02-01,False,0,0
E00329,C0031,P0030,F00115,2026-03-01,False,0,0
E00329,C0031,P0030,F00115,2026-04-01,False,0,0
E00330,C0019,P0358,F01429,2025-06-01,True,448,26
E00330,C0019,P0358,F01429,2025-07-01,True,672,15
E00330,C0019,P0358,F01429,2025-08-01,True,271,11
E00330,C0019,P0358,F01429,2025-09-01,True,330,7
E00330,C0019,P0358,F01429,2025-10-01,True,1528,19
E00330,C0019,P0358,F01429,2025-11-01,False,0,0
E00330,C0019,P0358,F01429,2025-12-01,True,320,14
E00330,C0019,P0358,F01430,2025-06-01,False,0,0
E00330,C0019,P0358,F01430,2025-07-01,False,0,0
E00330,C0019,P0358,F01430,2025-08-01,False,0,0
E00330,C0019,P0358,F00852,2025-09-01,True,0,0
E00330,C0019,P0358,F01430,2025-10-01,False,0,0
E00330,C0019,P0358,F01430,2025-11-01,True,333,6
E00330,C0019,P0358,F01430,2025-12-01,True,65,15
E00330,C0019,P0358,F01431,2025-06-01,False,0,0
E00330,C0019,P0358,F01431,2025-07-01,False,0,0
E00330,C0019,P0358,F01431,2025-08-01,False,0,0
E00330,C0019,P0358,F01431,2025-09-01,False,0,0
E00330,C0019,P0358,F01431,2025-10-01,False,0,0
E00330,C0019,P0358,F01431,2025-11-01,False,0,0
E00330,C0019,P0358,F01431,2025-12-01,False,0,0
E00330,C0019,P0358,F01432,2025-06-01,False,0,0
E00330,C0019,P0358,F01432,2025-07-01,False,0,0
E00330,C0019,P0358,F01432,2025-08-01,False,0,0
E00330,C0019,P0358,F01432,2025-09-01,False,0,0
E00330,C0019,P0358,F01432,2025-10-01,False,0,0
E00330,C0019,P0358,F01432,2025-11-01,True,381,22
E00330,C0019,P0358,F01432,2025-12-01,True,243,23
E00330,C0019,P0358,F01433,2025-06-01,False,0,0
E00330,C0019,P0358,F01433,2025-07-01,False,0,0
E00330,C0019,P0358,F01433,2025-08-01,True,869,20
E00330,C0019,P0358,F01433,2025-09-01,True,651,10
E00330,C0019,P0358,F01433,2025-10-01,True,797,20
E00330,C0019,P0358,F01433,2025-11-01,True,412,3
E00330,C0019,P0358,F01433,2025-12-01,True,308,21
E00331,C0076,P0445,F01781,2025-06-01,False,0,0
E00331,C0076,P0445,F01781,2025-07-01,True,471,8
E00331,C0076,P0445,F01782,2025-06-01,False,0,0
E00331,C0076,P0445,F01782,2025-07-01,False,0,0
E00331,C0076,P0445,F01783,2025-06-01,False,0,0
E00331,C0076,P0445,F01783,2025-07-01,False,0,0
E00332,C0026,P0352,F01406,2025-06-01,False,0,0
E00332,C0026,P0352,F01406,2025-07-01,True,392,12
E00332,C0026,P0352,F00240,2025-08-01,True,188,8
E00332,C0026,P0352,F01406,2025-09-01,True,1454,1
E00332,C0026,P0352,F01406,2025-10-01,True,388,21
E00332,C0026,P0352,F01406,2025-11-01,True,383,7
E00332,C0026,P0352,F01406,2025-12-01,True,291,34
E00332,C0026,P0352,F01406,2026-01-01,True,601,16
E00332,C0026,P0352,F01406,2026-02-01,True,352,13
E00332,C0026,P0352,F01407,2025-06-01,False,0,0
E00332,C0026,P0352,F01407,2025-07-01,False,0,0
E00332,C0026,P0352,F01407,2025-08-01,False,0,0
E00332,C0026,P0352,F01407,2025-09-01,False,0,0
E00332,C0026,P0352,F01407,2025-10-01,True,163,35
E00332,C0026,P0352,F01407,2025-11-01,True,628,11
E00332,C0026,P0352,F01407,2025-12-01,True,429,15
E00332,C0026,P0352,F01407,2026-01-01,True,161,9
E00332,C0026,P0352,F01407,2026-02-01,True,166,18
E00332,C0026,P0352,F01408,2025-06-01,False,0,0
E00332,C0026,P0352,F01408,2025-07-01,True,120,5
E00332,C0026,P0352,F01408,2025-08-01,True,681,13
E00332,C0026,P0352,F01408,2025-09-01,True,1131,9
E00332,C0026,P0352,F01408,2025-10-01,True,341,27
E00332,C0026,P0352,F01408,2025-11-01,True,813,19
E00332,C0026,P0352,F01408,2025-12-01,True,208,7
E00332,C0026,P0352,F01408,2026-01-01,True,363,10
E00332,C0026,P0352,F01408,2026-02-01,True,212,8
E00333,C0063,P0327,F01308,2025-10-01,False,0,0
E00333,C0063,P0327,F01308,2025-11-01,False,0,0
E00333,C0063,P0327,F01308,2025-12-01,False,0,0
E00333,C0063,P0327,F01308,2026-01-01,False,0,0
E00333,C0063,P0327,F01308,2026-02-01,False,0,0
E00333,C0063,P0327,F01308,2026-03-01,False,0,0
E00333,C0063,P0327,F01308,2026-04-01,False,0,0
E00333,C0063,P0327,F01308,2026-05-01,False,0,0
E00333,C0063,P0327,F01308,2026-06-01,False,0,0
E00333,C0063,P0327,F01308,2026-07-01,False,0,0
E00333,C0063,P0327,F01308,2026-08-01,False,0,0
E00333,C0063,P0327,F01309,2025-10-01,False,0,0
E00333,C0063,P0327,F01309,2025-11-01,False,0,0
E00333,C0063,P0327,F01309,2025-12-01,False,0,0
E00333,C0063,P0327,F01309,2026-01-01,False,0,0
E00333,C0063,P0327,F01309,2026-02-01,False,0,0
E00333,C0063,P0327,F01309,2026-03-01,False,0,0
E00333,C0063,P0327,F01309,2026-04-01,False,0,0
E00333,C0063,P0327,F01309,2026-05-01,False,0,0
E00333,C0063,P0327,F01309,2026-06-01,False,0,0
E00333,C0063,P0327,F01309,2026-07-01,False,0,0
E00333,C0063,P0327,F01309,2026-08-01,False,0,0
E00333,C0063,P0327,F01310,2025-10-01,False,0,0
E00333,C0063,P0327,F01310,2025-11-01,False,0,0
E00333,C0063,P0327,F01310,2025-12-01,False,0,0
E00333,C0063,P0327,F01310,2026-01-01,False,0,0
E00333,C0063,P0327,F01310,2026-02-01,False,0,0
E00333,C0063,P0327,F01310,2026-03-01,False,0,0
E00333,C0063,P0327,F01310,2026-04-01,False,0,0
E00333,C0063,P0327,F01310,2026-05-01,False,0,0
E00333,C0063,P0327,F01310,2026-06-01,False,0,0
E00333,C0063,P0327,F01310,2026-07-01,False,0,0
E00333,C0063,P0327,F01310,2026-08-01,False,0,0
E00334,C0063,P0377,F01509,2025-06-01,False,0,0
E00334,C0063,P0377,F01509,2025-07-01,False,0,0
E00334,C0063,P0377,F01509,2025-08-01,False,0,0
E00334,C0063,P0377,F01509,2025-09-01,False,0,0
E00334,C0063,P0377,F01509,2025-10-01,False,0,0
E00334,C0063,P0377,F01509,2025-11-01,False,0,0
E00334,C0063,P0377,F01509,2025-12-01,False,0,0
E00334,C0063,P0377,F01509,2026-01-01,False,0,0
E00334,C0063,P0377,F01509,2026-02-01,False,0,0
E00334,C0063,P0377,F01509,2026-03-01,False,0,0
E00334,C0063,P0377,F01509,2026-04-01,False,0,0
E00334,C0063,P0377,F01510,2025-06-01,False,0,0
E00334,C0063,P0377,F01510,2025-07-01,False,0,0
E00334,C0063,P0377,F01510,2025-08-01,False,0,0
E00334,C0063,P0377,F00003,2025-09-01,True,0,0
E00334,C0063,P0377,F01510,2025-10-01,False,0,0
E00334,C0063,P0377,F01510,2025-11-01,False,0,0
E00334,C0063,P0377,F01510,2025-12-01,False,0,0
E00334,C0063,P0377,F01510,2026-01-01,False,0,0
E00334,C0063,P0377,F01510,2026-02-01,False,0,0
E00334,C0063,P0377,F01510,2026-03-01,False,0,0
E00334,C0063,P0377,F01510,2026-04-01,False,0,0
E00334,C0063,P0377,F01511,2025-06-01,False,0,0
E00334,C0063,P0377,F01511,2025-07-01,False,0,0
E00334,C0063,P0377,F01511,2025-08-01,False,0,0
E00334,C0063,P0377,F01511,2025-09-01,False,0,0
E00334,C0063,P0377,F01511,2025-10-01,False,0,0
E00334,C0063,P0377,F01511,2025-11-01,False,0,0
E00334,C0063,P0377,F01511,2025-12-01,False,0,0
E00334,C0063,P0377,F01511,2026-01-01,False,0,0
E00334,C0063,P0377,F01511,2026-02-01,False,0,0
E00334,C0063,P0377,F01511,2026-03-01,False,0,0
E00334,C0063,P0377,F01511,2026-04-01,False,0,0
E00334,C0063,P0377,F01512,2025-06-01,False,0,0
E00334,C0063,P0377,F01512,2025-07-01,False,0,0
E00334,C0063,P0377,F01512,2025-08-01,False,0,0
E00334,C0063,P0377,F01512,2025-09-01,False,0,0
E00334,C0063,P0377,F01512,2025-10-01,False,0,0
E00334,C0063,P0377,F01512,2025-11-01,False,0,0
E00334,C0063,P0377,F01512,2025-12-01,False,0,0
E00334,C0063,P0377,F01512,2026-01-01,False,0,0
E00334,C0063,P0377,F01512,2026-02-01,False,0,0
E00334,C0063,P0377,F01512,2026-03-01,False,0,0
E00334,C0063,P0377,F01512,2026-04-01,False,0,0
E00334,C0063,P0377,F01513,2025-06-01,False,0,0
E00334,C0063,P0377,F01513,2025-07-01,False,0,0
E00334,C0063,P0377,F01513,2025-08-01,False,0,0
E00334,C0063,P0377,F01513,2025-09-01,False,0,0
E00334,C0063,P0377,F01513,2025-10-01,False,0,0
E00334,C0063,P0377,F01513,2025-11-01,False,0,0
E00334,C0063,P0377,F01513,2025-12-01,False,0,0
E00334,C0063,P0377,F01513,2026-01-01,False,0,0
E00334,C0063,P0377,F01513,2026-02-01,False,0,0
E00334,C0063,P0377,F01513,2026-03-01,False,0,0
E00334,C0063,P0377,F01513,2026-04-01,False,0,0
E00335,C0082,P0314,F01253,2025-06-01,True,371,22
E00335,C0082,P0314,F01253,2025-07-01,True,930,17
E00335,C0082,P0314,F01253,2025-08-01,True,103,24
E00335,C0082,P0314,F01253,2025-09-01,True,613,20
E00335,C0082,P0314,F01253,2025-10-01,True,222,28
E00335,C0082,P0314,F01253,2025-11-01,True,332,6
E00335,C0082,P0314,F01253,2025-12-01,True,649,11
E00335,C0082,P0314,F01253,2026-01-01,True,600,8
E00335,C0082,P0314,F00657,2026-02-01,True,151,8
E00335,C0082,P0314,F01254,2025-06-01,False,0,0
E00335,C0082,P0314,F01254,2025-07-01,False,0,0
E00335,C0082,P0314,F01254,2025-08-01,False,0,0
E00335,C0082,P0314,F01254,2025-09-01,False,0,0
E00335,C0082,P0314,F01254,2025-10-01,False,0,0
E00335,C0082,P0314,F01254,2025-11-01,False,0,0
E00335,C0082,P0314,F01254,2025-12-01,False,0,0
E00335,C0082,P0314,F01254,2026-01-01,False,0,0
E00335,C0082,P0314,F01254,2026-02-01,False,0,0
E00335,C0082,P0314,F01255,2025-06-01,True,123,17
E00335,C0082,P0314,F01255,2025-07-01,True,29,23
E00335,C0082,P0314,F01255,2025-08-01,True,132,21
E00335,C0082,P0314,F01255,2025-09-01,True,563,2
E00335,C0082,P0314,F01255,2025-10-01,True,441,4
E00335,C0082,P0314,F01255,2025-11-01,True,443,7
E00335,C0082,P0314,F01255,2025-12-01,True,53,15
E00335,C0082,P0314,F01255,2026-01-01,True,356,11
E00335,C0082,P0314,F01255,2026-02-01,True,64,2
E00335,C0082,P0314,F01256,2025-06-01,False,0,0
E00335,C0082,P0314,F01256,2025-07-01,False,0,0
E00335,C0082,P0314,F01256,2025-08-01,False,0,0
E00335,C0082,P0314,F01256,2025-09-01,False,0,0
E00335,C0082,P0314,F01256,2025-10-01,False,0,0
E00335,C0082,P0314,F01256,2025-11-01,False,0,0
E00335,C0082,P0314,F01256,2025-12-01,False,0,0
E00335,C0082,P0314,F01256,2026-01-01,False,0,0
E00335,C0082,P0314,F01256,2026-02-01,False,0,0
E00335,C0082,P0314,F01257,2025-06-01,False,0,0
E00335,C0082,P0314,F01257,2025-07-01,False,0,0
E00335,C0082,P0314,F01257,2025-08-01,False,0,0
E00335,C0082,P0314,F01257,2025-09-01,False,0,0
E00335,C0082,P0314,F01257,2025-10-01,False,0,0
E00335,C0082,P0314,F01257,2025-11-01,False,0,0
E00335,C0082,P0314,F01257,2025-12-01,False,0,0
E00335,C0082,P0314,F01257,2026-01-01,False,0,0
E00335,C0082,P0314,F01257,2026-02-01,False,0,0
E00336,C0027,P0151,F00589,2025-07-01,False,0,0
E00336,C0027,P0151,F00589,2025-08-01,True,305,21
E00336,C0027,P0151,F00589,2025-09-01,True,622,15
E00336,C0027,P0151,F00589,2025-10-01,True,895,7
E00336,C0027,P0151,F00589,2025-11-01,True,554,3
E00336,C0027,P0151,F00589,2025-12-01,True,1513,6
E00336,C0027,P0151,F00589,2026-01-01,True,524,31
E00336,C0027,P0151,F00589,2026-02-01,True,281,15
E00336,C0027,P0151,F00589,2026-03-01,True,435,8
E00336,C0027,P0151,F00589,2026-04-01,False,0,0
E00336,C0027,P0151,F00589,2026-05-01,True,225,4
E00336,C0027,P0151,F00589,2026-06-01,True,334,6
E00336,C0027,P0151,F00590,2025-07-01,False,0,0
E00336,C0027,P0151,F00590,2025-08-01,True,196,16
E00336,C0027,P0151,F00590,2025-09-01,True,413,21
E00336,C0027,P0151,F00590,2025-10-01,True,267,4
E00336,C0027,P0151,F00590,2025-11-01,True,587,17
E00336,C0027,P0151,F00590,2025-12-01,True,467,6
E00336,C0027,P0151,F00590,2026-01-01,True,388,4
E00336,C0027,P0151,F01024,2026-02-01,True,205,23
E00336,C0027,P0151,F00590,2026-03-01,True,249,20
E00336,C0027,P0151,F00590,2026-04-01,True,488,31
E00336,C0027,P0151,F00440,2026-05-01,True,474,13
E00336,C0027,P0151,F00590,2026-06-01,True,85,6
E00336,C0027,P0151,F00591,2025-07-01,False,0,0
E00336,C0027,P0151,F00591,2025-08-01,False,0,0
E00336,C0027,P0151,F00591,2025-09-01,False,0,0
E00336,C0027,P0151,F00591,2025-10-01,False,0,0
E00336,C0027,P0151,F00591,2025-11-01,False,0,0
E00336,C0027,P0151,F00591,2025-12-01,True,304,38
E00336,C0027,P0151,F00591,2026-01-01,True,224,4
E00336,C0027,P0151,F00591,2026-02-01,True,102,3
E00336,C0027,P0151,F00591,2026-03-01,True,1422,12
E00336,C0027,P0151,F00591,2026-04-01,True,160,25
E00336,C0027,P0151,F00591,2026-05-01,True,1197,5
E00336,C0027,P0151,F00441,2026-06-01,True,259,23
E00336,C0027,P0151,F00592,2025-07-01,False,0,0
E00336,C0027,P0151,F00592,2025-08-01,False,0,0
E00336,C0027,P0151,F00592,2025-09-01,False,0,0
E00336,C0027,P0151,F00592,2025-10-01,False,0,0
E00336,C0027,P0151,F00592,2025-11-01,True,614,9
E00336,C0027,P0151,F00592,2025-12-01,True,832,3
E00336,C0027,P0151,F00592,2026-01-01,True,136,6
E00336,C0027,P0151,F00592,2026-02-01,True,179,2
E00336,C0027,P0151,F00592,2026-03-01,True,273,16
E00336,C0027,P0151,F00592,2026-04-01,True,675,18
E00336,C0027,P0151,F00592,2026-05-01,True,780,14
E00336,C0027,P0151,F00592,2026-06-01,True,235,2
E00336,C0027,P0151,F00593,2025-07-01,False,0,0
E00336,C0027,P0151,F00593,2025-08-01,False,0,0
E00336,C0027,P0151,F00593,2025-09-01,False,0,0
E00336,C0027,P0151,F00593,2025-10-01,False,0,0
E00336,C0027,P0151,F00593,2025-11-01,True,60,12
E00336,C0027,P0151,F00593,2025-12-01,True,169,11
E00336,C0027,P0151,F00593,2026-01-01,True,123,25
E00336,C0027,P0151,F00593,2026-02-01,True,281,9
E00336,C0027,P0151,F00593,2026-03-01,True,322,23
E00336,C0027,P0151,F00593,2026-04-01,True,139,9
E00336,C0027,P0151,F00593,2026-05-01,True,382,6
E00336,C0027,P0151,F00593,2026-06-01,True,564,21
E00337,C0037,P0408,F01632,2025-08-01,True,60,17
E00337,C0037,P0408,F01632,2025-09-01,True,47,6
E00337,C0037,P0408,F01632,2025-10-01,True,232,7
E00337,C0037,P0408,F01632,2025-11-01,True,849,7
E00337,C0037,P0408,F01632,2025-12-01,False,0,0
E00337,C0037,P0408,F01632,2026-01-01,True,251,3
E00337,C0037,P0408,F01632,2026-02-01,True,457,9
E00337,C0037,P0408,F01632,2026-03-01,True,523,3
E00337,C0037,P0408,F01632,2026-04-01,False,0,0
E00337,C0037,P0408,F01632,2026-05-01,True,1117,18
E00337,C0037,P0408,F01632,2026-06-01,True,378,20
E00337,C0037,P0408,F01632,2026-07-01,True,1136,13
E00337,C0037,P0408,F01633,2025-08-01,False,0,0
E00337,C0037,P0408,F01633,2025-09-01,True,317,7
E00337,C0037,P0408,F01633,2025-10-01,True,286,12
E00337,C0037,P0408,F01633,2025-11-01,True,305,17
E00337,C0037,P0408,F01633,2025-12-01,False,0,0
E00337,C0037,P0408,F01633,2026-01-01,True,945,4
E00337,C0037,P0408,F01633,2026-02-01,True,126,7
E00337,C0037,P0408,F01633,2026-03-01,True,61,30
E00337,C0037,P0408,F01633,2026-04-01,True,782,9
E00337,C0037,P0408,F01633,2026-05-01,True,337,13
E00337,C0037,P0408,F01633,2026-06-01,True,187,8
E00337,C0037,P0408,F01633,2026-07-01,True,199,11
E00337,C0037,P0408,F01634,2025-08-01,False,0,0
E00337,C0037,P0408,F01634,2025-09-01,True,391,10
E00337,C0037,P0408,F01634,2025-10-01,True,732,10
E00337,C0037,P0408,F01634,2025-11-01,True,350,3
E00337,C0037,P0408,F01634,2025-12-01,True,585,12
E00337,C0037,P0408,F01634,2026-01-01,True,630,5
E00337,C0037,P0408,F01634,2026-02-01,True,135,9
E00337,C0037,P0408,F01634,2026-03-01,True,50,31
E00337,C0037,P0408,F01634,2026-04-01,True,294,1
E00337,C0037,P0408,F01634,2026-05-01,True,239,9
E00337,C0037,P0408,F01634,2026-06-01,True,950,11
E00337,C0037,P0408,F01634,2026-07-01,True,95,14
E00338,C0001,P0229,F00903,2025-10-01,True,375,9
E00338,C0001,P0229,F00903,2025-11-01,True,271,20
E00338,C0001,P0229,F00903,2025-12-01,True,367,10
E00338,C0001,P0229,F00903,2026-01-01,True,812,18
E00338,C0001,P0229,F00903,2026-02-01,True,480,6
E00338,C0001,P0229,F00903,2026-03-01,True,286,10
E00338,C0001,P0229,F00903,2026-04-01,True,107,7
E00338,C0001,P0229,F00903,2026-05-01,True,377,16
E00338,C0001,P0229,F00903,2026-06-01,True,538,2
E00338,C0001,P0229,F00903,2026-07-01,True,272,5
E00338,C0001,P0229,F00903,2026-08-01,True,55,9
E00338,C0001,P0229,F00904,2025-10-01,False,0,0
E00338,C0001,P0229,F00904,2025-11-01,False,0,0
E00338,C0001,P0229,F00904,2025-12-01,False,0,0
E00338,C0001,P0229,F00904,2026-01-01,False,0,0
E00338,C0001,P0229,F00904,2026-02-01,True,240,11
E00338,C0001,P0229,F00904,2026-03-01,True,542,14
E00338,C0001,P0229,F00904,2026-04-01,True,1209,12
E00338,C0001,P0229,F00904,2026-05-01,True,925,4
E00338,C0001,P0229,F00904,2026-06-01,True,471,6
E00338,C0001,P0229,F00904,2026-07-01,True,298,18
E00338,C0001,P0229,F00904,2026-08-01,False,0,0
E00338,C0001,P0229,F00905,2025-10-01,False,0,0
E00338,C0001,P0229,F00905,2025-11-01,False,0,0
E00338,C0001,P0229,F00905,2025-12-01,False,0,0
E00338,C0001,P0229,F00905,2026-01-01,False,0,0
E00338,C0001,P0229,F00905,2026-02-01,False,0,0
E00338,C0001,P0229,F00905,2026-03-01,False,0,0
E00338,C0001,P0229,F01074,2026-04-01,True,0,0
E00338,C0001,P0229,F00905,2026-05-01,False,0,0
E00338,C0001,P0229,F00905,2026-06-01,False,0,0
E00338,C0001,P0229,F00905,2026-07-01,False,0,0
E00338,C0001,P0229,F00905,2026-08-01,False,0,0
E00339,C0001,P0088,F00340,2025-08-01,True,296,21
E00339,C0001,P0088,F00340,2025-09-01,True,207,4
E00339,C0001,P0088,F00340,2025-10-01,True,430,13
E00339,C0001,P0088,F00340,2025-11-01,True,281,16
E00339,C0001,P0088,F00340,2025-12-01,True,45,5
E00339,C0001,P0088,F00340,2026-01-01,True,497,9
E00339,C0001,P0088,F00340,2026-02-01,True,215,12
E00339,C0001,P0088,F00340,2026-03-01,True,703,13
E00339,C0001,P0088,F00340,2026-04-01,True,625,14
E00339,C0001,P0088,F00340,2026-05-01,True,830,7
E00339,C0001,P0088,F00340,2026-06-01,True,734,3
E00339,C0001,P0088,F01409,2026-07-01,True,123,16
E00339,C0001,P0088,F00341,2025-08-01,False,0,0
E00339,C0001,P0088,F00341,2025-09-01,False,0,0
E00339,C0001,P0088,F00341,2025-10-01,False,0,0
E00339,C0001,P0088,F00341,2025-11-01,False,0,0
E00339,C0001,P0088,F00341,2025-12-01,False,0,0
E00339,C0001,P0088,F00341,2026-01-01,False,0,0
E00339,C0001,P0088,F00341,2026-02-01,False,0,0
E00339,C0001,P0088,F00341,2026-03-01,False,0,0
E00339,C0001,P0088,F00341,2026-04-01,False,0,0
E00339,C0001,P0088,F00341,2026-05-01,False,0,0
E00339,C0001,P0088,F00341,2026-06-01,False,0,0
E00339,C0001,P0088,F00341,2026-07-01,False,0,0
E00339,C0001,P0088,F00342,2025-08-01,False,0,0
E00339,C0001,P0088,F00342,2025-09-01,False,0,0
E00339,C0001,P0088,F00342,2025-10-01,False,0,0
E00339,C0001,P0088,F00342,2025-11-01,False,0,0
E00339,C0001,P0088,F00342,2025-12-01,True,116,8
E00339,C0001,P0088,F00342,2026-01-01,True,821,4
E00339,C0001,P0088,F00342,2026-02-01,True,664,8
E00339,C0001,P0088,F00342,2026-03-01,True,128,10
E00339,C0001,P0088,F00342,2026-04-01,True,784,4
E00339,C0001,P0088,F00342,2026-05-01,True,106,15
E00339,C0001,P0088,F00342,2026-06-01,True,232,34
E00339,C0001,P0088,F00342,2026-07-01,True,445,20
E00339,C0001,P0088,F00343,2025-08-01,False,0,0
E00339,C0001,P0088,F00343,2025-09-01,False,0,0
E00339,C0001,P0088,F00343,2025-10-01,False,0,0
E00339,C0001,P0088,F00343,2025-11-01,False,0,0
E00339,C0001,P0088,F00343,2025-12-01,True,434,4
E00339,C0001,P0088,F00343,2026-01-01,True,168,6
E00339,C0001,P0088,F00343,2026-02-01,True,511,10
E00339,C0001,P0088,F00343,2026-03-01,True,59,16
E00339,C0001,P0088,F00343,2026-04-01,True,1370,4
E00339,C0001,P0088,F00343,2026-05-01,False,0,0
E00339,C0001,P0088,F00343,2026-06-01,True,157,6
E00339,C0001,P0088,F00343,2026-07-01,True,323,5
E00339,C0001,P0088,F00344,2025-08-01,False,0,0
E00339,C0001,P0088,F00344,2025-09-01,False,0,0
E00339,C0001,P0088,F00344,2025-10-01,False,0,0
E00339,C0001,P0088,F00344,2025-11-01,False,0,0
E00339,C0001,P0088,F00344,2025-12-01,False,0,0
E00339,C0001,P0088,F00344,2026-01-01,False,0,0
E00339,C0001,P0088,F00344,2026-02-01,False,0,0
E00339,C0001,P0088,F00344,2026-03-01,False,0,0
E00339,C0001,P0088,F00344,2026-04-01,False,0,0
E00339,C0001,P0088,F00344,2026-05-01,False,0,0
E00339,C0001,P0088,F00344,2026-06-01,False,0,0
E00339,C0001,P0088,F00344,2026-07-01,False,0,0
E00340,C0092,P0476,F01907,2025-11-01,False,0,0
E00340,C0092,P0476,F01907,2025-12-01,False,0,0
E00340,C0092,P0476,F01907,2026-01-01,False,0,0
E00340,C0092,P0476,F01907,2026-02-01,False,0,0
E00340,C0092,P0476,F01907,2026-03-01,False,0,0
E00340,C0092,P0476,F01907,2026-04-01,False,0,0
E00340,C0092,P0476,F01907,2026-05-01,False,0,0
E00340,C0092,P0476,F01907,2026-06-01,False,0,0
E00340,C0092,P0476,F01907,2026-07-01,False,0,0
E00340,C0092,P0476,F01829,2026-08-01,True,0,0
E00340,C0092,P0476,F01908,2025-11-01,False,0,0
E00340,C0092,P0476,F01908,2025-12-01,False,0,0
E00340,C0092,P0476,F01908,2026-01-01,False,0,0
E00340,C0092,P0476,F01908,2026-02-01,False,0,0
E00340,C0092,P0476,F01908,2026-03-01,False,0,0
E00340,C0092,P0476,F01908,2026-04-01,False,0,0
E00340,C0092,P0476,F01908,2026-05-01,False,0,0
E00340,C0092,P0476,F01908,2026-06-01,False,0,0
E00340,C0092,P0476,F01908,2026-07-01,False,0,0
E00340,C0092,P0476,F01908,2026-08-01,False,0,0
E00340,C0092,P0476,F01909,2025-11-01,False,0,0
E00340,C0092,P0476,F01909,2025-12-01,False,0,0
E00340,C0092,P0476,F01689,2026-01-01,True,0,0
E00340,C0092,P0476,F01909,2026-02-01,False,0,0
E00340,C0092,P0476,F01909,2026-03-01,False,0,0
E00340,C0092,P0476,F01909,2026-04-01,False,0,0
E00340,C0092,P0476,F01909,2026-05-01,False,0,0
E00340,C0092,P0476,F01909,2026-06-01,False,0,0
E00340,C0092,P0476,F01909,2026-07-01,False,0,0
E00340,C0092,P0476,F01909,2026-08-01,False,0,0
E00340,C0092,P0476,F01910,2025-11-01,False,0,0
E00340,C0092,P0476,F01910,2025-12-01,False,0,0
E00340,C0092,P0476,F01910,2026-01-01,False,0,0
E00340,C0092,P0476,F01910,2026-02-01,False,0,0
E00340,C0092,P0476,F01910,2026-03-01,False,0,0
E00340,C0092,P0476,F01910,2026-04-01,False,0,0
E00340,C0092,P0476,F01910,2026-05-01,False,0,0
E00340,C0092,P0476,F01910,2026-06-01,False,0,0
E00340,C0092,P0476,F01073,2026-07-01,True,0,0
E00340,C0092,P0476,F01910,2026-08-01,False,0,0
E00340,C0092,P0476,F01911,2025-11-01,False,0,0
E00340,C0092,P0476,F01911,2025-12-01,False,0,0
E00340,C0092,P0476,F01911,2026-01-01,False,0,0
E00340,C0092,P0476,F01911,2026-02-01,False,0,0
E00340,C0092,P0476,F01911,2026-03-01,False,0,0
E00340,C0092,P0476,F01911,2026-04-01,False,0,0
E00340,C0092,P0476,F01911,2026-05-01,False,0,0
E00340,C0092,P0476,F01911,2026-06-01,False,0,0
E00340,C0092,P0476,F01911,2026-07-01,False,0,0
E00340,C0092,P0476,F01911,2026-08-01,False,0,0
E00341,C0030,P0341,F01361,2025-06-01,False,0,0
E00341,C0030,P0341,F01361,2025-07-01,True,814,28
E00341,C0030,P0341,F01361,2025-08-01,True,391,10
E00341,C0030,P0341,F01361,2025-09-01,True,68,4
E00341,C0030,P0341,F01361,2025-10-01,True,37,6
E00341,C0030,P0341,F01361,2025-11-01,True,252,15
E00341,C0030,P0341,F01361,2025-12-01,True,394,5
E00341,C0030,P0341,F01361,2026-01-01,False,0,0
E00341,C0030,P0341,F01361,2026-02-01,True,565,42
E00341,C0030,P0341,F01361,2026-03-01,True,586,7
E00341,C0030,P0341,F01362,2025-06-01,False,0,0
E00341,C0030,P0341,F01362,2025-07-01,False,0,0
E00341,C0030,P0341,F01362,2025-08-01,False,0,0
E00341,C0030,P0341,F01362,2025-09-01,False,0,0
E00341,C0030,P0341,F01362,2025-10-01,False,0,0
E00341,C0030,P0341,F01362,2025-11-01,False,0,0
E00341,C0030,P0341,F01362,2025-12-01,False,0,0
E00341,C0030,P0341,F01721,2026-01-01,True,426,4
E00341,C0030,P0341,F01362,2026-02-01,True,129,30
E00341,C0030,P0341,F01362,2026-03-01,True,431,20
E00341,C0030,P0341,F01363,2025-06-01,False,0,0
E00341,C0030,P0341,F01363,2025-07-01,False,0,0
E00341,C0030,P0341,F01363,2025-08-01,False,0,0
E00341,C0030,P0341,F01363,2025-09-01,False,0,0
E00341,C0030,P0341,F01363,2025-10-01,True,288,4
E00341,C0030,P0341,F01363,2025-11-01,True,106,5
E00341,C0030,P0341,F01363,2025-12-01,True,474,3
E00341,C0030,P0341,F01363,2026-01-01,True,366,15
E00341,C0030,P0341,F01363,2026-02-01,True,124,42
E00341,C0030,P0341,F01363,2026-03-01,True,658,9
E00341,C0030,P0341,F01364,2025-06-01,False,0,0
E00341,C0030,P0341,F01364,2025-07-01,False,0,0
E00341,C0030,P0341,F01364,2025-08-01,False,0,0
E00341,C0030,P0341,F01364,2025-09-01,False,0,0
E00341,C0030,P0341,F01364,2025-10-01,True,190,13
E00341,C0030,P0341,F01364,2025-11-01,True,432,11
E00341,C0030,P0341,F01364,2025-12-01,True,455,5
E00341,C0030,P0341,F01364,2026-01-01,False,0,0
E00341,C0030,P0341,F01364,2026-02-01,True,584,3
E00341,C0030,P0341,F01364,2026-03-01,True,41,15
E00341,C0030,P0341,F01365,2025-06-01,False,0,0
E00341,C0030,P0341,F01365,2025-07-01,False,0,0
E00341,C0030,P0341,F01365,2025-08-01,False,0,0
E00341,C0030,P0341,F01365,2025-09-01,True,465,10
E00341,C0030,P0341,F01365,2025-10-01,True,208,7
E00341,C0030,P0341,F01365,2025-11-01,True,146,12
E00341,C0030,P0341,F01365,2025-12-01,True,32,2
E00341,C0030,P0341,F01365,2026-01-01,True,152,11
E00341,C0030,P0341,F01365,2026-02-01,True,327,24
E00341,C0030,P0341,F01365,2026-03-01,True,282,17
E00342,C0051,P0473,F01897,2025-10-01,False,0,0
E00342,C0051,P0473,F01897,2025-11-01,True,375,2
E00342,C0051,P0473,F01897,2025-12-01,True,128,4
E00342,C0051,P0473,F01897,2026-01-01,True,180,8
E00342,C0051,P0473,F01897,2026-02-01,True,729,9
E00342,C0051,P0473,F01897,2026-03-01,True,200,18
E00342,C0051,P0473,F01897,2026-04-01,True,643,1
E00342,C0051,P0473,F01897,2026-05-01,True,325,22
E00342,C0051,P0473,F01897,2026-06-01,True,286,4
E00342,C0051,P0473,F01897,2026-07-01,True,613,4
E00342,C0051,P0473,F01897,2026-08-01,False,0,0
E00342,C0051,P0473,F01898,2025-10-01,False,0,0
E00342,C0051,P0473,F01898,2025-11-01,False,0,0
E00342,C0051,P0473,F01898,2025-12-01,True,379,8
E00342,C0051,P0473,F01898,2026-01-01,True,68,20
E00342,C0051,P0473,F01898,2026-02-01,True,452,24
E00342,C0051,P0473,F01898,2026-03-01,True,325,4
E00342,C0051,P0473,F01898,2026-04-01,True,75,18
E00342,C0051,P0473,F01898,2026-05-01,True,131,42
E00342,C0051,P0473,F01898,2026-06-01,True,1107,10
E00342,C0051,P0473,F01898,2026-07-01,True,267,5
E00342,C0051,P0473,F01898,2026-08-01,False,0,0
E00342,C0051,P0473,F01899,2025-10-01,True,198,37
E00342,C0051,P0473,F01899,2025-11-01,True,234,13
E00342,C0051,P0473,F01899,2025-12-01,True,502,19
E00342,C0051,P0473,F01899,2026-01-01,True,447,9
E00342,C0051,P0473,F01899,2026-02-01,True,163,14
E00342,C0051,P0473,F01899,2026-03-01,False,0,0
E00342,C0051,P0473,F01899,2026-04-01,True,420,7
E00342,C0051,P0473,F01899,2026-05-01,True,463,9
E00342,C0051,P0473,F01899,2026-06-01,True,420,16
E00342,C0051,P0473,F01899,2026-07-01,True,376,17
E00342,C0051,P0473,F01899,2026-08-01,True,371,19
E00343,C0033,P0478,F01916,2025-11-01,False,0,0
E00343,C0033,P0478,F01916,2025-12-01,True,256,4
E00343,C0033,P0478,F01916,2026-01-01,True,405,28
E00343,C0033,P0478,F01916,2026-02-01,True,631,28
E00343,C0033,P0478,F01916,2026-03-01,True,229,9
E00343,C0033,P0478,F01916,2026-04-01,True,142,3
E00343,C0033,P0478,F01916,2026-05-01,True,907,24
E00343,C0033,P0478,F01916,2026-06-01,True,527,7
E00343,C0033,P0478,F01916,2026-07-01,True,574,22
E00343,C0033,P0478,F01916,2026-08-01,True,1083,3
E00343,C0033,P0478,F01917,2025-11-01,False,0,0
E00343,C0033,P0478,F01917,2025-12-01,False,0,0
E00343,C0033,P0478,F01917,2026-01-01,False,0,0
E00343,C0033,P0478,F01917,2026-02-01,False,0,0
E00343,C0033,P0478,F01917,2026-03-01,False,0,0
E00343,C0033,P0478,F01917,2026-04-01,False,0,0
E00343,C0033,P0478,F01917,2026-05-01,False,0,0
E00343,C0033,P0478,F01917,2026-06-01,False,0,0
E00343,C0033,P0478,F01917,2026-07-01,False,0,0
E00343,C0033,P0478,F01917,2026-08-01,False,0,0
E00343,C0033,P0478,F01918,2025-11-01,False,0,0
E00343,C0033,P0478,F01918,2025-12-01,False,0,0
E00343,C0033,P0478,F01918,2026-01-01,False,0,0
E00343,C0033,P0478,F01918,2026-02-01,False,0,0
E00343,C0033,P0478,F01918,2026-03-01,False,0,0
E00343,C0033,P0478,F01918,2026-04-01,False,0,0
E00343,C0033,P0478,F01918,2026-05-01,False,0,0
E00343,C0033,P0478,F01918,2026-06-01,False,0,0
E00343,C0033,P0478,F01918,2026-07-01,True,261,7
E00343,C0033,P0478,F01918,2026-08-01,False,0,0
E00344,C0074,P0402,F01610,2025-06-01,False,0,0
E00344,C0074,P0402,F01610,2025-07-01,True,294,14
E00344,C0074,P0402,F01610,2025-08-01,True,43,7
E00344,C0074,P0402,F01610,2025-09-01,True,246,11
E00344,C0074,P0402,F01610,2025-10-01,True,404,8
E00344,C0074,P0402,F01610,2025-11-01,True,1235,9
E00344,C0074,P0402,F01610,2025-12-01,True,496,16
E00344,C0074,P0402,F01610,2026-01-01,True,157,5
E00344,C0074,P0402,F01610,2026-02-01,False,0,0
E00344,C0074,P0402,F01610,2026-03-01,True,568,24
E00344,C0074,P0402,F01610,2026-04-01,True,1078,5
E00344,C0074,P0402,F01610,2026-05-01,True,702,10
E00344,C0074,P0402,F01611,2025-06-01,False,0,0
E00344,C0074,P0402,F01611,2025-07-01,False,0,0
E00344,C0074,P0402,F01611,2025-08-01,False,0,0
E00344,C0074,P0402,F01611,2025-09-01,False,0,0
E00344,C0074,P0402,F01611,2025-10-01,False,0,0
E00344,C0074,P0402,F01611,2025-11-01,False,0,0
E00344,C0074,P0402,F01611,2025-12-01,False,0,0
E00344,C0074,P0402,F01611,2026-01-01,False,0,0
E00344,C0074,P0402,F01611,2026-02-01,False,0,0
E00344,C0074,P0402,F01611,2026-03-01,False,0,0
E00344,C0074,P0402,F01611,2026-04-01,False,0,0
E00344,C0074,P0402,F01611,2026-05-01,False,0,0
E00344,C0074,P0402,F01612,2025-06-01,False,0,0
E00344,C0074,P0402,F01612,2025-07-01,False,0,0
E00344,C0074,P0402,F01612,2025-08-01,False,0,0
E00344,C0074,P0402,F01612,2025-09-01,False,0,0
E00344,C0074,P0402,F01612,2025-10-01,False,0,0
E00344,C0074,P0402,F01612,2025-11-01,False,0,0
E00344,C0074,P0402,F01612,2025-12-01,True,845,13
E00344,C0074,P0402,F01612,2026-01-01,True,530,26
E00344,C0074,P0402,F01612,2026-02-01,True,1013,11
E00344,C0074,P0402,F01612,2026-03-01,True,72,6
E00344,C0074,P0402,F01612,2026-04-01,True,1354,16
E00344,C0074,P0402,F01612,2026-05-01,True,162,6
E00345,C0091,P0045,F00171,2025-06-01,True,758,34
E00345,C0091,P0045,F00171,2025-07-01,True,363,24
E00345,C0091,P0045,F00171,2025-08-01,True,695,13
E00345,C0091,P0045,F00171,2025-09-01,True,601,13
E00345,C0091,P0045,F00171,2025-10-01,True,867,18
E00345,C0091,P0045,F00171,2025-11-01,True,83,9
E00345,C0091,P0045,F00171,2025-12-01,True,161,11
E00345,C0091,P0045,F00171,2026-01-01,True,295,6
E00345,C0091,P0045,F00171,2026-02-01,True,118,2
E00345,C0091,P0045,F00172,2025-06-01,False,0,0
E00345,C0091,P0045,F00172,2025-07-01,False,0,0
E00345,C0091,P0045,F00172,2025-08-01,False,0,0
E00345,C0091,P0045,F00172,2025-09-01,False,0,0
E00345,C0091,P0045,F00172,2025-10-01,False,0,0
E00345,C0091,P0045,F00172,2025-11-01,False,0,0
E00345,C0091,P0045,F00172,2025-12-01,False,0,0
E00345,C0091,P0045,F00172,2026-01-01,False,0,0
E00345,C0091,P0045,F00172,2026-02-01,False,0,0
E00345,C0091,P0045,F00173,2025-06-01,False,0,0
E00345,C0091,P0045,F00173,2025-07-01,False,0,0
E00345,C0091,P0045,F00173,2025-08-01,False,0,0
E00345,C0091,P0045,F00173,2025-09-01,False,0,0
E00345,C0091,P0045,F00173,2025-10-01,False,0,0
E00345,C0091,P0045,F00173,2025-11-01,True,857,24
E00345,C0091,P0045,F00173,2025-12-01,True,113,13
E00345,C0091,P0045,F00173,2026-01-01,True,62,5
E00345,C0091,P0045,F00173,2026-02-01,True,279,6
E00346,C0003,P0060,F00232,2025-11-01,False,0,0
E00346,C0003,P0060,F00232,2025-12-01,True,548,1
E00346,C0003,P0060,F00232,2026-01-01,True,176,19
E00346,C0003,P0060,F00232,2026-02-01,True,55,6
E00346,C0003,P0060,F00232,2026-03-01,False,0,0
E00346,C0003,P0060,F00232,2026-04-01,True,726,36
E00346,C0003,P0060,F00232,2026-05-01,True,856,8
E00346,C0003,P0060,F00232,2026-06-01,True,1297,19
E00346,C0003,P0060,F00232,2026-07-01,True,116,2
E00346,C0003,P0060,F00232,2026-08-01,False,0,0
E00346,C0003,P0060,F00233,2025-11-01,False,0,0
E00346,C0003,P0060,F00233,2025-12-01,False,0,0
E00346,C0003,P0060,F00233,2026-01-01,False,0,0
E00346,C0003,P0060,F00181,2026-02-01,True,0,0
E00346,C0003,P0060,F00233,2026-03-01,False,0,0
E00346,C0003,P0060,F00233,2026-04-01,False,0,0
E00346,C0003,P0060,F00233,2026-05-01,False,0,0
E00346,C0003,P0060,F00233,2026-06-01,False,0,0
E00346,C0003,P0060,F00233,2026-07-01,False,0,0
E00346,C0003,P0060,F00233,2026-08-01,False,0,0
E00346,C0003,P0060,F00234,2025-11-01,True,637,9
E00346,C0003,P0060,F00234,2025-12-01,True,111,9
E00346,C0003,P0060,F00234,2026-01-01,True,765,6
E00346,C0003,P0060,F00234,2026-02-01,True,197,9
E00346,C0003,P0060,F00234,2026-03-01,True,335,8
E00346,C0003,P0060,F00234,2026-04-01,True,554,17
E00346,C0003,P0060,F00234,2026-05-01,True,326,6
E00346,C0003,P0060,F00234,2026-06-01,True,227,25
E00346,C0003,P0060,F00234,2026-07-01,True,1283,3
E00346,C0003,P0060,F00234,2026-08-01,False,0,0
E00346,C0003,P0060,F00235,2025-11-01,False,0,0
E00346,C0003,P0060,F00235,2025-12-01,False,0,0
E00346,C0003,P0060,F00235,2026-01-01,False,0,0
E00346,C0003,P0060,F00235,2026-02-01,False,0,0
E00346,C0003,P0060,F00235,2026-03-01,False,0,0
E00346,C0003,P0060,F00235,2026-04-01,True,121,7
E00346,C0003,P0060,F00235,2026-05-01,True,929,8
E00346,C0003,P0060,F00235,2026-06-01,True,552,9
E00346,C0003,P0060,F00235,2026-07-01,True,228,8
E00346,C0003,P0060,F00235,2026-08-01,True,112,17
E00346,C0003,P0060,F00236,2025-11-01,False,0,0
E00346,C0003,P0060,F00236,2025-12-01,False,0,0
E00346,C0003,P0060,F00236,2026-01-01,False,0,0
E00346,C0003,P0060,F00236,2026-02-01,False,0,0
E00346,C0003,P0060,F00236,2026-03-01,True,188,6
E00346,C0003,P0060,F00236,2026-04-01,True,167,28
E00346,C0003,P0060,F00236,2026-05-01,True,241,12
E00346,C0003,P0060,F00158,2026-06-01,True,34,1
E00346,C0003,P0060,F00236,2026-07-01,True,115,20
E00346,C0003,P0060,F00236,2026-08-01,True,397,30
E00347,C0033,P0001,F00001,2025-06-01,False,0,0
E00347,C0033,P0001,F00001,2025-07-01,True,804,5
E00347,C0033,P0001,F00001,2025-08-01,True,304,25
E00347,C0033,P0001,F00001,2025-09-01,True,280,16
E00347,C0033,P0001,F00001,2025-10-01,True,95,13
E00347,C0033,P0001,F00001,2025-11-01,True,345,5
E00347,C0033,P0001,F00001,2025-12-01,True,313,13
E00347,C0033,P0001,F00001,2026-01-01,True,707,29
E00347,C0033,P0001,F00001,2026-02-01,True,642,23
E00347,C0033,P0001,F00001,2026-03-01,True,151,4
E00347,C0033,P0001,F00001,2026-04-01,True,534,3
E00347,C0033,P0001,F00002,2025-06-01,False,0,0
E00347,C0033,P0001,F00002,2025-07-01,False,0,0
E00347,C0033,P0001,F00002,2025-08-01,False,0,0
E00347,C0033,P0001,F00038,2025-09-01,True,0,0
E00347,C0033,P0001,F00002,2025-10-01,False,0,0
E00347,C0033,P0001,F00002,2025-11-01,False,0,0
E00347,C0033,P0001,F00002,2025-12-01,False,0,0
E00347,C0033,P0001,F00002,2026-01-01,False,0,0
E00347,C0033,P0001,F00002,2026-02-01,False,0,0
E00347,C0033,P0001,F00002,2026-03-01,False,0,0
E00347,C0033,P0001,F00002,2026-04-01,False,0,0
E00347,C0033,P0001,F00003,2025-06-01,False,0,0
E00347,C0033,P0001,F00003,2025-07-01,False,0,0
E00347,C0033,P0001,F00003,2025-08-01,False,0,0
E00347,C0033,P0001,F00003,2025-09-01,False,0,0
E00347,C0033,P0001,F00003,2025-10-01,False,0,0
E00347,C0033,P0001,F00003,2025-11-01,True,290,18
E00347,C0033,P0001,F00003,2025-12-01,True,932,13
E00347,C0033,P0001,F00003,2026-01-01,True,138,10
E00347,C0033,P0001,F00003,2026-02-01,True,392,6
E00347,C0033,P0001,F00003,2026-03-01,True,72,18
E00347,C0033,P0001,F00003,2026-04-01,True,297,16
E00348,C0017,P0217,F00856,2025-08-01,False,0,0
E00348,C0017,P0217,F00856,2025-09-01,True,431,9
E00348,C0017,P0217,F00856,2025-10-01,True,264,10
E00348,C0017,P0217,F00856,2025-11-01,True,531,1
E00348,C0017,P0217,F00856,2025-12-01,True,520,14
E00348,C0017,P0217,F00856,2026-01-01,True,638,27
E00348,C0017,P0217,F00856,2026-02-01,True,197,3
E00348,C0017,P0217,F00856,2026-03-01,True,413,11
E00348,C0017,P0217,F00856,2026-04-01,True,269,14
E00348,C0017,P0217,F00856,2026-05-01,True,210,9
E00348,C0017,P0217,F00856,2026-06-01,True,519,8
E00348,C0017,P0217,F00856,2026-07-01,True,389,8
E00348,C0017,P0217,F00857,2025-08-01,False,0,0
E00348,C0017,P0217,F00857,2025-09-01,False,0,0
E00348,C0017,P0217,F00857,2025-10-01,False,0,0
E00348,C0017,P0217,F00857,2025-11-01,False,0,0
E00348,C0017,P0217,F00857,2025-12-01,False,0,0
E00348,C0017,P0217,F00857,2026-01-01,False,0,0
E00348,C0017,P0217,F00857,2026-02-01,False,0,0
E00348,C0017,P0217,F00857,2026-03-01,False,0,0
E00348,C0017,P0217,F00857,2026-04-01,False,0,0
E00348,C0017,P0217,F00857,2026-05-01,False,0,0
E00348,C0017,P0217,F00857,2026-06-01,False,0,0
E00348,C0017,P0217,F00857,2026-07-01,False,0,0
E00348,C0017,P0217,F00858,2025-08-01,False,0,0
E00348,C0017,P0217,F00858,2025-09-01,False,0,0
E00348,C0017,P0217,F00858,2025-10-01,False,0,0
E00348,C0017,P0217,F00858,2025-11-01,False,0,0
E00348,C0017,P0217,F00858,2025-12-01,False,0,0
E00348,C0017,P0217,F00858,2026-01-01,False,0,0
E00348,C0017,P0217,F00858,2026-02-01,False,0,0
E00348,C0017,P0217,F00858,2026-03-01,False,0,0
E00348,C0017,P0217,F00858,2026-04-01,True,141,18
E00348,C0017,P0217,F00858,2026-05-01,True,592,16
E00348,C0017,P0217,F00858,2026-06-01,True,319,19
E00348,C0017,P0217,F00858,2026-07-01,True,687,25
E00348,C0017,P0217,F00859,2025-08-01,False,0,0
E00348,C0017,P0217,F00859,2025-09-01,False,0,0
E00348,C0017,P0217,F00859,2025-10-01,False,0,0
E00348,C0017,P0217,F00859,2025-11-01,False,0,0
E00348,C0017,P0217,F00859,2025-12-01,False,0,0
E00348,C0017,P0217,F00859,2026-01-01,False,0,0
E00348,C0017,P0217,F00859,2026-02-01,False,0,0
E00348,C0017,P0217,F00859,2026-03-01,False,0,0
E00348,C0017,P0217,F00859,2026-04-01,False,0,0
E00348,C0017,P0217,F00859,2026-05-01,False,0,0
E00348,C0017,P0217,F00859,2026-06-01,False,0,0
E00348,C0017,P0217,F00859,2026-07-01,False,0,0
E00348,C0017,P0217,F00860,2025-08-01,False,0,0
E00348,C0017,P0217,F00860,2025-09-01,True,323,12
E00348,C0017,P0217,F00860,2025-10-01,False,0,0
E00348,C0017,P0217,F00860,2025-11-01,True,140,27
E00348,C0017,P0217,F00860,2025-12-01,True,280,3
E00348,C0017,P0217,F00860,2026-01-01,True,905,9
E00348,C0017,P0217,F00860,2026-02-01,True,1221,11
E00348,C0017,P0217,F00860,2026-03-01,True,191,18
E00348,C0017,P0217,F00860,2026-04-01,True,299,16
E00348,C0017,P0217,F00860,2026-05-01,True,201,15
E00348,C0017,P0217,F00860,2026-06-01,True,261,17
E00348,C0017,P0217,F00860,2026-07-01,True,336,12
E00349,C0012,P0309,F01234,2025-10-01,False,0,0
E00349,C0012,P0309,F01234,2025-11-01,False,0,0
E00349,C0012,P0309,F01234,2025-12-01,False,0,0
E00349,C0012,P0309,F01234,2026-01-01,False,0,0
E00349,C0012,P0309,F01234,2026-02-01,False,0,0
E00349,C0012,P0309,F01234,2026-03-01,False,0,0
E00349,C0012,P0309,F01234,2026-04-01,False,0,0
E00349,C0012,P0309,F01234,2026-05-01,False,0,0
E00349,C0012,P0309,F01234,2026-06-01,False,0,0
E00349,C0012,P0309,F01234,2026-07-01,False,0,0
E00349,C0012,P0309,F01234,2026-08-01,False,0,0
E00349,C0012,P0309,F01235,2025-10-01,False,0,0
E00349,C0012,P0309,F01762,2025-11-01,True,0,0
E00349,C0012,P0309,F01235,2025-12-01,False,0,0
E00349,C0012,P0309,F01235,2026-01-01,False,0,0
E00349,C0012,P0309,F01235,2026-02-01,False,0,0
E00349,C0012,P0309,F01235,2026-03-01,False,0,0
E00349,C0012,P0309,F01235,2026-04-01,False,0,0
E00349,C0012,P0309,F01235,2026-05-01,False,0,0
E00349,C0012,P0309,F01235,2026-06-01,False,0,0
E00349,C0012,P0309,F01235,2026-07-01,False,0,0
E00349,C0012,P0309,F01235,2026-08-01,False,0,0
E00349,C0012,P0309,F01236,2025-10-01,False,0,0
E00349,C0012,P0309,F01236,2025-11-01,False,0,0
E00349,C0012,P0309,F01236,2025-12-01,False,0,0
E00349,C0012,P0309,F01236,2026-01-01,False,0,0
E00349,C0012,P0309,F01236,2026-02-01,False,0,0
E00349,C0012,P0309,F01236,2026-03-01,False,0,0
E00349,C0012,P0309,F01236,2026-04-01,False,0,0
E00349,C0012,P0309,F01236,2026-05-01,False,0,0
E00349,C0012,P0309,F01236,2026-06-01,False,0,0
E00349,C0012,P0309,F01236,2026-07-01,False,0,0
E00349,C0012,P0309,F01236,2026-08-01,False,0,0
E00350,C0098,P0418,F01671,2025-06-01,True,294,10
E00350,C0098,P0418,F01671,2025-07-01,True,611,4
E00350,C0098,P0418,F01671,2025-08-01,True,445,45
E00350,C0098,P0418,F01671,2025-09-01,False,0,0
E00350,C0098,P0418,F01671,2025-10-01,False,0,0
E00350,C0098,P0418,F01671,2025-11-01,False,0,0
E00350,C0098,P0418,F01672,2025-06-01,False,0,0
E00350,C0098,P0418,F01672,2025-07-01,False,0,0
E00350,C0098,P0418,F01672,2025-08-01,False,0,0
E00350,C0098,P0418,F01672,2025-09-01,False,0,0
E00350,C0098,P0418,F01672,2025-10-01,False,0,0
E00350,C0098,P0418,F01672,2025-11-01,False,0,0
E00350,C0098,P0418,F01673,2025-06-01,False,0,0
E00350,C0098,P0418,F01673,2025-07-01,False,0,0
E00350,C0098,P0418,F01673,2025-08-01,False,0,0
E00350,C0098,P0418,F01673,2025-09-01,False,0,0
E00350,C0098,P0418,F01673,2025-10-01,False,0,0
E00350,C0098,P0418,F01673,2025-11-01,False,0,0
E00351,C0087,P0146,F00567,2025-07-01,False,0,0
E00351,C0087,P0146,F00567,2025-08-01,True,819,9
E00351,C0087,P0146,F00567,2025-09-01,True,390,7
E00351,C0087,P0146,F00567,2025-10-01,True,550,3
E00351,C0087,P0146,F00567,2025-11-01,True,261,6
E00351,C0087,P0146,F00567,2025-12-01,True,255,12
E00351,C0087,P0146,F00567,2026-01-01,True,27,8
E00351,C0087,P0146,F00567,2026-02-01,True,237,20
E00351,C0087,P0146,F00567,2026-03-01,True,161,12
E00351,C0087,P0146,F00567,2026-04-01,True,319,21
E00351,C0087,P0146,F00567,2026-05-01,True,675,30
E00351,C0087,P0146,F00567,2026-06-01,True,762,13
E00351,C0087,P0146,F00568,2025-07-01,False,0,0
E00351,C0087,P0146,F00568,2025-08-01,False,0,0
E00351,C0087,P0146,F00568,2025-09-01,False,0,0
E00351,C0087,P0146,F00568,2025-10-01,False,0,0
E00351,C0087,P0146,F00568,2025-11-01,True,643,9
E00351,C0087,P0146,F00568,2025-12-01,True,397,12
E00351,C0087,P0146,F00568,2026-01-01,False,0,0
E00351,C0087,P0146,F00568,2026-02-01,True,169,20
E00351,C0087,P0146,F00568,2026-03-01,True,919,9
E00351,C0087,P0146,F00568,2026-04-01,True,343,6
E00351,C0087,P0146,F00568,2026-05-01,True,124,17
E00351,C0087,P0146,F00568,2026-06-01,True,133,4
E00351,C0087,P0146,F00569,2025-07-01,False,0,0
E00351,C0087,P0146,F00569,2025-08-01,False,0,0
E00351,C0087,P0146,F00569,2025-09-01,False,0,0
E00351,C0087,P0146,F00569,2025-10-01,False,0,0
E00351,C0087,P0146,F00569,2025-11-01,False,0,0
E00351,C0087,P0146,F00569,2025-12-01,False,0,0
E00351,C0087,P0146,F00569,2026-01-01,False,0,0
E00351,C0087,P0146,F00569,2026-02-01,False,0,0
E00351,C0087,P0146,F00569,2026-03-01,False,0,0
E00351,C0087,P0146,F00569,2026-04-01,False,0,0
E00351,C0087,P0146,F00569,2026-05-01,False,0,0
E00351,C0087,P0146,F00569,2026-06-01,False,0,0
E00351,C0087,P0146,F00570,2025-07-01,False,0,0
E00351,C0087,P0146,F00570,2025-08-01,False,0,0
E00351,C0087,P0146,F00570,2025-09-01,False,0,0
E00351,C0087,P0146,F00570,2025-10-01,False,0,0
E00351,C0087,P0146,F00570,2025-11-01,False,0,0
E00351,C0087,P0146,F00570,2025-12-01,False,0,0
E00351,C0087,P0146,F00570,2026-01-01,True,568,12
E00351,C0087,P0146,F00570,2026-02-01,True,597,6
E00351,C0087,P0146,F00570,2026-03-01,True,1168,5
E00351,C0087,P0146,F00570,2026-04-01,True,237,6
E00351,C0087,P0146,F00570,2026-05-01,True,1145,8
E00351,C0087,P0146,F00570,2026-06-01,True,152,43
E00352,C0042,P0159,F00622,2025-11-01,True,1024,23
E00352,C0042,P0159,F00622,2025-12-01,True,985,5
E00352,C0042,P0159,F00622,2026-01-01,True,1077,9
E00352,C0042,P0159,F00622,2026-02-01,True,471,10
E00352,C0042,P0159,F00622,2026-03-01,True,914,1
E00352,C0042,P0159,F00622,2026-04-01,True,137,27
E00352,C0042,P0159,F00622,2026-05-01,True,213,25
E00352,C0042,P0159,F00622,2026-06-01,True,204,9
E00352,C0042,P0159,F00622,2026-07-01,True,1230,18
E00352,C0042,P0159,F00622,2026-08-01,False,0,0
E00352,C0042,P0159,F00623,2025-11-01,False,0,0
E00352,C0042,P0159,F00623,2025-12-01,False,0,0
E00352,C0042,P0159,F00623,2026-01-01,True,420,15
E00352,C0042,P0159,F00623,2026-02-01,True,764,11
E00352,C0042,P0159,F00623,2026-03-01,True,567,44
E00352,C0042,P0159,F00623,2026-04-01,True,147,12
E00352,C0042,P0159,F00623,2026-05-01,True,246,5
E00352,C0042,P0159,F00623,2026-06-01,True,413,5
E00352,C0042,P0159,F01834,2026-07-01,True,153,10
E00352,C0042,P0159,F01459,2026-08-01,True,0,0
E00352,C0042,P0159,F00624,2025-11-01,False,0,0
E00352,C0042,P0159,F00624,2025-12-01,False,0,0
E00352,C0042,P0159,F00624,2026-01-01,False,0,0
E00352,C0042,P0159,F00624,2026-02-01,False,0,0
E00352,C0042,P0159,F00624,2026-03-01,False,0,0
E00352,C0042,P0159,F00624,2026-04-01,False,0,0
E00352,C0042,P0159,F00624,2026-05-01,False,0,0
E00352,C0042,P0159,F00624,2026-06-01,False,0,0
E00352,C0042,P0159,F00624,2026-07-01,False,0,0
E00352,C0042,P0159,F00624,2026-08-01,False,0,0
E00353,C0098,P0111,F00429,2025-11-01,True,555,15
E00353,C0098,P0111,F00429,2025-12-01,True,343,3
E00353,C0098,P0111,F00429,2026-01-01,True,101,14
E00353,C0098,P0111,F00429,2026-02-01,False,0,0
E00353,C0098,P0111,F00429,2026-03-01,False,0,0
E00353,C0098,P0111,F00429,2026-04-01,False,0,0
E00353,C0098,P0111,F00429,2026-05-01,False,0,0
E00353,C0098,P0111,F00429,2026-06-01,False,0,0
E00353,C0098,P0111,F00429,2026-07-01,False,0,0
E00353,C0098,P0111,F00429,2026-08-01,False,0,0
E00353,C0098,P0111,F00430,2025-11-01,False,0,0
E00353,C0098,P0111,F00430,2025-12-01,False,0,0
E00353,C0098,P0111,F00430,2026-01-01,False,0,0
E00353,C0098,P0111,F00430,2026-02-01,False,0,0
E00353,C0098,P0111,F00430,2026-03-01,False,0,0
E00353,C0098,P0111,F00430,2026-04-01,False,0,0
E00353,C0098,P0111,F00430,2026-05-01,False,0,0
E00353,C0098,P0111,F00430,2026-06-01,False,0,0
E00353,C0098,P0111,F00430,2026-07-01,False,0,0
E00353,C0098,P0111,F00430,2026-08-01,False,0,0
E00353,C0098,P0111,F00431,2025-11-01,False,0,0
E00353,C0098,P0111,F00431,2025-12-01,False,0,0
E00353,C0098,P0111,F00431,2026-01-01,False,0,0
E00353,C0098,P0111,F00431,2026-02-01,False,0,0
E00353,C0098,P0111,F00431,2026-03-01,False,0,0
E00353,C0098,P0111,F00431,2026-04-01,False,0,0
E00353,C0098,P0111,F00431,2026-05-01,False,0,0
E00353,C0098,P0111,F00431,2026-06-01,False,0,0
E00353,C0098,P0111,F00361,2026-07-01,True,0,0
E00353,C0098,P0111,F00431,2026-08-01,False,0,0
E00353,C0098,P0111,F00432,2025-11-01,True,218,12
E00353,C0098,P0111,F00432,2025-12-01,True,393,2
E00353,C0098,P0111,F00432,2026-01-01,True,996,3
E00353,C0098,P0111,F00432,2026-02-01,False,0,0
E00353,C0098,P0111,F00432,2026-03-01,False,0,0
E00353,C0098,P0111,F00407,2026-04-01,True,0,0
E00353,C0098,P0111,F00432,2026-05-01,False,0,0
E00353,C0098,P0111,F00432,2026-06-01,False,0,0
E00353,C0098,P0111,F00432,2026-07-01,False,0,0
E00353,C0098,P0111,F00432,2026-08-01,False,0,0
E00354,C0086,P0171,F00666,2025-06-01,True,304,4
E00354,C0086,P0171,F00666,2025-07-01,True,214,7
E00354,C0086,P0171,F00666,2025-08-01,True,256,9
E00354,C0086,P0171,F00666,2025-09-01,False,0,0
E00354,C0086,P0171,F00666,2025-10-01,False,0,0
E00354,C0086,P0171,F00666,2025-11-01,False,0,0
E00354,C0086,P0171,F00666,2025-12-01,False,0,0
E00354,C0086,P0171,F00666,2026-01-01,False,0,0
E00354,C0086,P0171,F00666,2026-02-01,False,0,0
E00354,C0086,P0171,F00666,2026-03-01,False,0,0
E00354,C0086,P0171,F00666,2026-04-01,False,0,0
E00354,C0086,P0171,F00666,2026-05-01,False,0,0
E00354,C0086,P0171,F00667,2025-06-01,False,0,0
E00354,C0086,P0171,F00667,2025-07-01,False,0,0
E00354,C0086,P0171,F00667,2025-08-01,False,0,0
E00354,C0086,P0171,F00667,2025-09-01,False,0,0
E00354,C0086,P0171,F00667,2025-10-01,False,0,0
E00354,C0086,P0171,F00667,2025-11-01,False,0,0
E00354,C0086,P0171,F00667,2025-12-01,False,0,0
E00354,C0086,P0171,F00667,2026-01-01,False,0,0
E00354,C0086,P0171,F00667,2026-02-01,False,0,0
E00354,C0086,P0171,F00667,2026-03-01,False,0,0
E00354,C0086,P0171,F00667,2026-04-01,False,0,0
E00354,C0086,P0171,F00667,2026-05-01,False,0,0
E00354,C0086,P0171,F00668,2025-06-01,False,0,0
E00354,C0086,P0171,F00668,2025-07-01,False,0,0
E00354,C0086,P0171,F00668,2025-08-01,False,0,0
E00354,C0086,P0171,F00668,2025-09-01,False,0,0
E00354,C0086,P0171,F00668,2025-10-01,False,0,0
E00354,C0086,P0171,F00668,2025-11-01,False,0,0
E00354,C0086,P0171,F00668,2025-12-01,False,0,0
E00354,C0086,P0171,F00668,2026-01-01,False,0,0
E00354,C0086,P0171,F00668,2026-02-01,False,0,0
E00354,C0086,P0171,F00668,2026-03-01,False,0,0
E00354,C0086,P0171,F00668,2026-04-01,False,0,0
E00354,C0086,P0171,F00668,2026-05-01,False,0,0
E00354,C0086,P0171,F00669,2025-06-01,False,0,0
E00354,C0086,P0171,F00669,2025-07-01,False,0,0
E00354,C0086,P0171,F00669,2025-08-01,False,0,0
E00354,C0086,P0171,F00669,2025-09-01,False,0,0
E00354,C0086,P0171,F00669,2025-10-01,False,0,0
E00354,C0086,P0171,F00669,2025-11-01,False,0,0
E00354,C0086,P0171,F00669,2025-12-01,False,0,0
E00354,C0086,P0171,F00669,2026-01-01,False,0,0
E00354,C0086,P0171,F00669,2026-02-01,False,0,0
E00354,C0086,P0171,F00669,2026-03-01,False,0,0
E00354,C0086,P0171,F00669,2026-04-01,False,0,0
E00354,C0086,P0171,F00669,2026-05-01,False,0,0
E00354,C0086,P0171,F00670,2025-06-01,False,0,0
E00354,C0086,P0171,F00670,2025-07-01,False,0,0
E00354,C0086,P0171,F00670,2025-08-01,False,0,0
E00354,C0086,P0171,F00670,2025-09-01,False,0,0
E00354,C0086,P0171,F00670,2025-10-01,False,0,0
E00354,C0086,P0171,F00670,2025-11-01,False,0,0
E00354,C0086,P0171,F00670,2025-12-01,False,0,0
E00354,C0086,P0171,F00670,2026-01-01,False,0,0
E00354,C0086,P0171,F00670,2026-02-01,False,0,0
E00354,C0086,P0171,F00670,2026-03-01,False,0,0
E00354,C0086,P0171,F00670,2026-04-01,False,0,0
E00354,C0086,P0171,F00670,2026-05-01,False,0,0
E00355,C0028,P0027,F00102,2025-06-01,True,1142,5
E00355,C0028,P0027,F00102,2025-07-01,True,569,23
E00355,C0028,P0027,F00102,2025-08-01,True,527,26
E00355,C0028,P0027,F00102,2025-09-01,True,531,15
E00355,C0028,P0027,F00102,2025-10-01,True,841,13
E00355,C0028,P0027,F00102,2025-11-01,True,828,13
E00355,C0028,P0027,F00102,2025-12-01,True,818,30
E00355,C0028,P0027,F00102,2026-01-01,True,273,7
E00355,C0028,P0027,F00102,2026-02-01,True,941,23
E00355,C0028,P0027,F00103,2025-06-01,True,65,12
E00355,C0028,P0027,F00103,2025-07-01,True,1223,4
E00355,C0028,P0027,F00103,2025-08-01,True,119,6
E00355,C0028,P0027,F00103,2025-09-01,True,259,3
E00355,C0028,P0027,F00103,2025-10-01,True,138,2
E00355,C0028,P0027,F00103,2025-11-01,True,428,12
E00355,C0028,P0027,F00103,2025-12-01,True,947,13
E00355,C0028,P0027,F00103,2026-01-01,True,561,17
E00355,C0028,P0027,F00103,2026-02-01,True,160,4
E00355,C0028,P0027,F00104,2025-06-01,False,0,0
E00355,C0028,P0027,F00104,2025-07-01,False,0,0
E00355,C0028,P0027,F00104,2025-08-01,False,0,0
E00355,C0028,P0027,F00104,2025-09-01,False,0,0
E00355,C0028,P0027,F00104,2025-10-01,False,0,0
E00355,C0028,P0027,F00104,2025-11-01,False,0,0
E00355,C0028,P0027,F00104,2025-12-01,False,0,0
E00355,C0028,P0027,F00104,2026-01-01,False,0,0
E00355,C0028,P0027,F00104,2026-02-01,False,0,0
E00356,C0087,P0418,F01671,2025-11-01,False,0,0
E00356,C0087,P0418,F01671,2025-12-01,True,123,8
E00356,C0087,P0418,F01671,2026-01-01,True,241,11
E00356,C0087,P0418,F01671,2026-02-01,True,638,16
E00356,C0087,P0418,F01671,2026-03-01,True,239,6
E00356,C0087,P0418,F01671,2026-04-01,True,227,7
E00356,C0087,P0418,F01671,2026-05-01,True,94,13
E00356,C0087,P0418,F01671,2026-06-01,True,1228,11
E00356,C0087,P0418,F01671,2026-07-01,True,384,14
E00356,C0087,P0418,F01671,2026-08-01,True,135,6
E00356,C0087,P0418,F01672,2025-11-01,False,0,0
E00356,C0087,P0418,F01672,2025-12-01,False,0,0
E00356,C0087,P0418,F01672,2026-01-01,False,0,0
E00356,C0087,P0418,F01672,2026-02-01,False,0,0
E00356,C0087,P0418,F01672,2026-03-01,False,0,0
E00356,C0087,P0418,F01672,2026-04-01,False,0,0
E00356,C0087,P0418,F01672,2026-05-01,False,0,0
E00356,C0087,P0418,F01672,2026-06-01,False,0,0
E00356,C0087,P0418,F01672,2026-07-01,False,0,0
E00356,C0087,P0418,F01672,2026-08-01,False,0,0
E00356,C0087,P0418,F01673,2025-11-01,False,0,0
E00356,C0087,P0418,F01673,2025-12-01,False,0,0
E00356,C0087,P0418,F01673,2026-01-01,False,0,0
E00356,C0087,P0418,F01673,2026-02-01,False,0,0
E00356,C0087,P0418,F01673,2026-03-01,False,0,0
E00356,C0087,P0418,F01673,2026-04-01,False,0,0
E00356,C0087,P0418,F01673,2026-05-01,False,0,0
E00356,C0087,P0418,F01673,2026-06-01,False,0,0
E00356,C0087,P0418,F01673,2026-07-01,False,0,0
E00356,C0087,P0418,F01673,2026-08-01,False,0,0
E00357,C0071,P0348,F01390,2025-08-01,True,229,4
E00357,C0071,P0348,F01390,2025-09-01,True,1062,18
E00357,C0071,P0348,F01390,2025-10-01,True,657,8
E00357,C0071,P0348,F01390,2025-11-01,False,0,0
E00357,C0071,P0348,F01390,2025-12-01,False,0,0
E00357,C0071,P0348,F01390,2026-01-01,False,0,0
E00357,C0071,P0348,F01390,2026-02-01,False,0,0
E00357,C0071,P0348,F01390,2026-03-01,False,0,0
E00357,C0071,P0348,F01390,2026-04-01,False,0,0
E00357,C0071,P0348,F01390,2026-05-01,False,0,0
E00357,C0071,P0348,F01390,2026-06-01,False,0,0
E00357,C0071,P0348,F01390,2026-07-01,False,0,0
E00357,C0071,P0348,F01391,2025-08-01,False,0,0
E00357,C0071,P0348,F01391,2025-09-01,False,0,0
E00357,C0071,P0348,F01391,2025-10-01,False,0,0
E00357,C0071,P0348,F01391,2025-11-01,False,0,0
E00357,C0071,P0348,F01391,2025-12-01,False,0,0
E00357,C0071,P0348,F01391,2026-01-01,False,0,0
E00357,C0071,P0348,F01391,2026-02-01,False,0,0
E00357,C0071,P0348,F01391,2026-03-01,False,0,0
E00357,C0071,P0348,F01391,2026-04-01,False,0,0
E00357,C0071,P0348,F01391,2026-05-01,False,0,0
E00357,C0071,P0348,F01391,2026-06-01,False,0,0
E00357,C0071,P0348,F01391,2026-07-01,False,0,0
E00357,C0071,P0348,F01392,2025-08-01,False,0,0
E00357,C0071,P0348,F01392,2025-09-01,False,0,0
E00357,C0071,P0348,F01392,2025-10-01,False,0,0
E00357,C0071,P0348,F01392,2025-11-01,False,0,0
E00357,C0071,P0348,F01392,2025-12-01,False,0,0
E00357,C0071,P0348,F01392,2026-01-01,False,0,0
E00357,C0071,P0348,F00610,2026-02-01,True,0,0
E00357,C0071,P0348,F01392,2026-03-01,False,0,0
E00357,C0071,P0348,F01392,2026-04-01,False,0,0
E00357,C0071,P0348,F01392,2026-05-01,False,0,0
E00357,C0071,P0348,F01392,2026-06-01,False,0,0
E00357,C0071,P0348,F01392,2026-07-01,False,0,0
E00357,C0071,P0348,F01393,2025-08-01,False,0,0
E00357,C0071,P0348,F01393,2025-09-01,False,0,0
E00357,C0071,P0348,F01393,2025-10-01,False,0,0
E00357,C0071,P0348,F01393,2025-11-01,False,0,0
E00357,C0071,P0348,F01297,2025-12-01,True,0,0
E00357,C0071,P0348,F01393,2026-01-01,False,0,0
E00357,C0071,P0348,F01393,2026-02-01,False,0,0
E00357,C0071,P0348,F01393,2026-03-01,False,0,0
E00357,C0071,P0348,F01393,2026-04-01,False,0,0
E00357,C0071,P0348,F01393,2026-05-01,False,0,0
E00357,C0071,P0348,F01393,2026-06-01,False,0,0
E00357,C0071,P0348,F01393,2026-07-01,False,0,0
E00358,C0013,P0373,F01492,2025-06-01,False,0,0
E00358,C0013,P0373,F01492,2025-07-01,True,408,8
E00358,C0013,P0373,F01492,2025-08-01,True,307,11
E00358,C0013,P0373,F01492,2025-09-01,False,0,0
E00358,C0013,P0373,F01492,2025-10-01,True,322,11
E00358,C0013,P0373,F01492,2025-11-01,True,82,4
E00358,C0013,P0373,F01492,2025-12-01,True,258,9
E00358,C0013,P0373,F00978,2026-01-01,True,0,0
E00358,C0013,P0373,F01492,2026-02-01,False,0,0
E00358,C0013,P0373,F01492,2026-03-01,True,296,15
E00358,C0013,P0373,F01492,2026-04-01,True,441,14
E00358,C0013,P0373,F01492,2026-05-01,True,226,5
E00358,C0013,P0373,F01493,2025-06-01,False,0,0
E00358,C0013,P0373,F01493,2025-07-01,False,0,0
E00358,C0013,P0373,F01493,2025-08-01,False,0,0
E00358,C0013,P0373,F01493,2025-09-01,False,0,0
E00358,C0013,P0373,F01493,2025-10-01,True,316,17
E00358,C0013,P0373,F01493,2025-11-01,True,1032,7
E00358,C0013,P0373,F01493,2025-12-01,True,1030,4
E00358,C0013,P0373,F01493,2026-01-01,True,89,8
E00358,C0013,P0373,F01493,2026-02-01,True,159,6
E00358,C0013,P0373,F01493,2026-03-01,True,699,18
E00358,C0013,P0373,F01493,2026-04-01,True,442,12
E00358,C0013,P0373,F01493,2026-05-01,True,200,9
E00358,C0013,P0373,F01494,2025-06-01,False,0,0
E00358,C0013,P0373,F01494,2025-07-01,False,0,0
E00358,C0013,P0373,F01494,2025-08-01,False,0,0
E00358,C0013,P0373,F01494,2025-09-01,False,0,0
E00358,C0013,P0373,F01494,2025-10-01,False,0,0
E00358,C0013,P0373,F01494,2025-11-01,False,0,0
E00358,C0013,P0373,F01494,2025-12-01,False,0,0
E00358,C0013,P0373,F01494,2026-01-01,False,0,0
E00358,C0013,P0373,F01494,2026-02-01,False,0,0
E00358,C0013,P0373,F01494,2026-03-01,False,0,0
E00358,C0013,P0373,F01494,2026-04-01,False,0,0
E00358,C0013,P0373,F01494,2026-05-01,False,0,0
E00358,C0013,P0373,F01495,2025-06-01,False,0,0
E00358,C0013,P0373,F01495,2025-07-01,False,0,0
E00358,C0013,P0373,F01495,2025-08-01,True,279,4
E00358,C0013,P0373,F01495,2025-09-01,True,1154,8
E00358,C0013,P0373,F01495,2025-10-01,True,148,3
E00358,C0013,P0373,F01495,2025-11-01,True,513,30
E00358,C0013,P0373,F01495,2025-12-01,False,0,0
E00358,C0013,P0373,F01495,2026-01-01,True,1326,10
E00358,C0013,P0373,F01495,2026-02-01,True,285,11
E00358,C0013,P0373,F01495,2026-03-01,True,383,2
E00358,C0013,P0373,F01495,2026-04-01,True,258,13
E00358,C0013,P0373,F01495,2026-05-01,True,532,16
E00358,C0013,P0373,F01496,2025-06-01,False,0,0
E00358,C0013,P0373,F01496,2025-07-01,False,0,0
E00358,C0013,P0373,F01496,2025-08-01,False,0,0
E00358,C0013,P0373,F01496,2025-09-01,False,0,0
E00358,C0013,P0373,F01496,2025-10-01,False,0,0
E00358,C0013,P0373,F01496,2025-11-01,False,0,0
E00358,C0013,P0373,F01496,2025-12-01,False,0,0
E00358,C0013,P0373,F01496,2026-01-01,False,0,0
E00358,C0013,P0373,F01496,2026-02-01,False,0,0
E00358,C0013,P0373,F01496,2026-03-01,False,0,0
E00358,C0013,P0373,F01496,2026-04-01,False,0,0
E00358,C0013,P0373,F01496,2026-05-01,False,0,0
E00359,C0048,P0166,F00650,2025-06-01,True,379,4
E00359,C0048,P0166,F00650,2025-07-01,True,329,24
E00359,C0048,P0166,F00650,2025-08-01,True,487,9
E00359,C0048,P0166,F00650,2025-09-01,True,1407,11
E00359,C0048,P0166,F00650,2025-10-01,True,325,17
E00359,C0048,P0166,F00650,2025-11-01,True,129,8
E00359,C0048,P0166,F00650,2025-12-01,True,331,3
E00359,C0048,P0166,F00650,2026-01-01,True,422,15
E00359,C0048,P0166,F00650,2026-02-01,True,238,17
E00359,C0048,P0166,F00651,2025-06-01,False,0,0
E00359,C0048,P0166,F00651,2025-07-01,True,765,23
E00359,C0048,P0166,F00651,2025-08-01,True,146,12
E00359,C0048,P0166,F00651,2025-09-01,True,571,12
E00359,C0048,P0166,F00651,2025-10-01,True,729,12
E00359,C0048,P0166,F00651,2025-11-01,True,142,21
E00359,C0048,P0166,F00651,2025-12-01,True,400,29
E00359,C0048,P0166,F00651,2026-01-01,True,143,12
E00359,C0048,P0166,F00651,2026-02-01,True,1001,13
E00359,C0048,P0166,F00652,2025-06-01,False,0,0
E00359,C0048,P0166,F00652,2025-07-01,False,0,0
E00359,C0048,P0166,F00652,2025-08-01,True,641,22
E00359,C0048,P0166,F00652,2025-09-01,True,387,6
E00359,C0048,P0166,F00652,2025-10-01,False,0,0
E00359,C0048,P0166,F00652,2025-11-01,True,699,10
E00359,C0048,P0166,F00652,2025-12-01,True,51,25
E00359,C0048,P0166,F00652,2026-01-01,True,1142,7
E00359,C0048,P0166,F00652,2026-02-01,True,375,33
E00360,C0025,P0084,F00326,2025-11-01,False,0,0
E00360,C0025,P0084,F00326,2025-12-01,True,1015,16
E00360,C0025,P0084,F00326,2026-01-01,True,951,9
E00360,C0025,P0084,F00326,2026-02-01,False,0,0
E00360,C0025,P0084,F00326,2026-03-01,True,108,23
E00360,C0025,P0084,F00326,2026-04-01,True,365,3
E00360,C0025,P0084,F00326,2026-05-01,True,235,9
E00360,C0025,P0084,F00326,2026-06-01,True,337,6
E00360,C0025,P0084,F00326,2026-07-01,True,154,2
E00360,C0025,P0084,F00326,2026-08-01,False,0,0
E00360,C0025,P0084,F00327,2025-11-01,False,0,0
E00360,C0025,P0084,F00327,2025-12-01,False,0,0
E00360,C0025,P0084,F00327,2026-01-01,False,0,0
E00360,C0025,P0084,F00327,2026-02-01,False,0,0
E00360,C0025,P0084,F00327,2026-03-01,False,0,0
E00360,C0025,P0084,F00327,2026-04-01,False,0,0
E00360,C0025,P0084,F00327,2026-05-01,False,0,0
E00360,C0025,P0084,F00327,2026-06-01,False,0,0
E00360,C0025,P0084,F00327,2026-07-01,False,0,0
E00360,C0025,P0084,F00327,2026-08-01,False,0,0
E00360,C0025,P0084,F00328,2025-11-01,False,0,0
E00360,C0025,P0084,F00328,2025-12-01,False,0,0
E00360,C0025,P0084,F00328,2026-01-01,False,0,0
E00360,C0025,P0084,F00328,2026-02-01,False,0,0
E00360,C0025,P0084,F00328,2026-03-01,False,0,0
E00360,C0025,P0084,F00328,2026-04-01,False,0,0
E00360,C0025,P0084,F00328,2026-05-01,False,0,0
E00360,C0025,P0084,F00328,2026-06-01,False,0,0
E00360,C0025,P0084,F00328,2026-07-01,False,0,0
E00360,C0025,P0084,F00328,2026-08-01,False,0,0
E00360,C0025,P0084,F00329,2025-11-01,True,69,10
E00360,C0025,P0084,F00329,2025-12-01,True,452,5
E00360,C0025,P0084,F00329,2026-01-01,True,937,8
E00360,C0025,P0084,F00329,2026-02-01,True,338,9
E00360,C0025,P0084,F00329,2026-03-01,True,58,21
E00360,C0025,P0084,F00329,2026-04-01,True,563,27
E00360,C0025,P0084,F00329,2026-05-01,True,916,15
E00360,C0025,P0084,F00329,2026-06-01,True,592,4
E00360,C0025,P0084,F00329,2026-07-01,True,269,9
E00360,C0025,P0084,F00329,2026-08-01,False,0,0
E00361,C0016,P0108,F00416,2025-07-01,False,0,0
E00361,C0016,P0108,F00404,2025-08-01,True,239,25
E00361,C0016,P0108,F00416,2025-09-01,True,419,6
E00361,C0016,P0108,F00416,2025-10-01,True,862,12
E00361,C0016,P0108,F00416,2025-11-01,True,713,4
E00361,C0016,P0108,F00416,2025-12-01,True,455,5
E00361,C0016,P0108,F00416,2026-01-01,True,437,16
E00361,C0016,P0108,F00416,2026-02-01,True,126,10
E00361,C0016,P0108,F00416,2026-03-01,True,138,21
E00361,C0016,P0108,F00416,2026-04-01,True,384,6
E00361,C0016,P0108,F00416,2026-05-01,True,233,8
E00361,C0016,P0108,F00416,2026-06-01,True,948,10
E00361,C0016,P0108,F00417,2025-07-01,False,0,0
E00361,C0016,P0108,F00417,2025-08-01,False,0,0
E00361,C0016,P0108,F00417,2025-09-01,False,0,0
E00361,C0016,P0108,F00417,2025-10-01,False,0,0
E00361,C0016,P0108,F00417,2025-11-01,False,0,0
E00361,C0016,P0108,F00417,2025-12-01,False,0,0
E00361,C0016,P0108,F00417,2026-01-01,False,0,0
E00361,C0016,P0108,F00417,2026-02-01,False,0,0
E00361,C0016,P0108,F00417,2026-03-01,False,0,0
E00361,C0016,P0108,F00417,2026-04-01,False,0,0
E00361,C0016,P0108,F00417,2026-05-01,False,0,0
E00361,C0016,P0108,F00417,2026-06-01,False,0,0
E00361,C0016,P0108,F00418,2025-07-01,False,0,0
E00361,C0016,P0108,F00418,2025-08-01,False,0,0
E00361,C0016,P0108,F00418,2025-09-01,False,0,0
E00361,C0016,P0108,F00418,2025-10-01,False,0,0
E00361,C0016,P0108,F00418,2025-11-01,False,0,0
E00361,C0016,P0108,F00418,2025-12-01,False,0,0
E00361,C0016,P0108,F00418,2026-01-01,False,0,0
E00361,C0016,P0108,F00418,2026-02-01,False,0,0
E00361,C0016,P0108,F00418,2026-03-01,False,0,0
E00361,C0016,P0108,F00418,2026-04-01,False,0,0
E00361,C0016,P0108,F00418,2026-05-01,False,0,0
E00361,C0016,P0108,F00418,2026-06-01,False,0,0
E00361,C0016,P0108,F00419,2025-07-01,False,0,0
E00361,C0016,P0108,F00419,2025-08-01,False,0,0
E00361,C0016,P0108,F00419,2025-09-01,False,0,0
E00361,C0016,P0108,F01230,2025-10-01,True,0,0
E00361,C0016,P0108,F00419,2025-11-01,False,0,0
E00361,C0016,P0108,F00419,2025-12-01,False,0,0
E00361,C0016,P0108,F00419,2026-01-01,True,654,10
E00361,C0016,P0108,F00419,2026-02-01,True,142,7
E00361,C0016,P0108,F00419,2026-03-01,True,470,2
E00361,C0016,P0108,F00419,2026-04-01,True,529,6
E00361,C0016,P0108,F00419,2026-05-01,True,417,7
E00361,C0016,P0108,F00419,2026-06-01,True,602,11
E00361,C0016,P0108,F00420,2025-07-01,False,0,0
E00361,C0016,P0108,F00420,2025-08-01,True,587,2
E00361,C0016,P0108,F00420,2025-09-01,True,317,6
E00361,C0016,P0108,F00420,2025-10-01,True,518,21
E00361,C0016,P0108,F00420,2025-11-01,True,715,27
E00361,C0016,P0108,F00420,2025-12-01,True,745,9
E00361,C0016,P0108,F00420,2026-01-01,False,0,0
E00361,C0016,P0108,F00420,2026-02-01,True,164,3
E00361,C0016,P0108,F00420,2026-03-01,True,157,2
E00361,C0016,P0108,F00420,2026-04-01,False,0,0
E00361,C0016,P0108,F00420,2026-05-01,True,112,13
E00361,C0016,P0108,F00420,2026-06-01,True,73,14
E00362,C0052,P0439,F01754,2025-06-01,True,232,11
E00362,C0052,P0439,F01754,2025-07-01,True,399,27
E00362,C0052,P0439,F01754,2025-08-01,True,410,4
E00362,C0052,P0439,F01754,2025-09-01,True,172,11
E00362,C0052,P0439,F01754,2025-10-01,True,303,12
E00362,C0052,P0439,F01754,2025-11-01,False,0,0
E00362,C0052,P0439,F01754,2025-12-01,True,494,5
E00362,C0052,P0439,F01754,2026-01-01,True,504,15
E00362,C0052,P0439,F01754,2026-02-01,True,417,33
E00362,C0052,P0439,F01755,2025-06-01,False,0,0
E00362,C0052,P0439,F01755,2025-07-01,False,0,0
E00362,C0052,P0439,F01755,2025-08-01,False,0,0
E00362,C0052,P0439,F01755,2025-09-01,False,0,0
E00362,C0052,P0439,F01755,2025-10-01,True,81,30
E00362,C0052,P0439,F01755,2025-11-01,True,281,6
E00362,C0052,P0439,F01755,2025-12-01,True,518,7
E00362,C0052,P0439,F01755,2026-01-01,True,700,8
E00362,C0052,P0439,F01755,2026-02-01,True,767,5
E00362,C0052,P0439,F01756,2025-06-01,False,0,0
E00362,C0052,P0439,F01756,2025-07-01,False,0,0
E00362,C0052,P0439,F01756,2025-08-01,False,0,0
E00362,C0052,P0439,F01756,2025-09-01,False,0,0
E00362,C0052,P0439,F01756,2025-10-01,False,0,0
E00362,C0052,P0439,F01756,2025-11-01,False,0,0
E00362,C0052,P0439,F01756,2025-12-01,False,0,0
E00362,C0052,P0439,F01756,2026-01-01,False,0,0
E00362,C0052,P0439,F01756,2026-02-01,True,465,6
E00362,C0052,P0439,F01757,2025-06-01,False,0,0
E00362,C0052,P0439,F01757,2025-07-01,False,0,0
E00362,C0052,P0439,F01757,2025-08-01,False,0,0
E00362,C0052,P0439,F01757,2025-09-01,False,0,0
E00362,C0052,P0439,F01757,2025-10-01,False,0,0
E00362,C0052,P0439,F01757,2025-11-01,False,0,0
E00362,C0052,P0439,F01757,2025-12-01,False,0,0
E00362,C0052,P0439,F01757,2026-01-01,False,0,0
E00362,C0052,P0439,F01757,2026-02-01,False,0,0
E00363,C0060,P0219,F00864,2025-06-01,True,477,3
E00363,C0060,P0219,F00793,2025-07-01,True,108,8
E00363,C0060,P0219,F00864,2025-08-01,True,791,3
E00363,C0060,P0219,F00864,2025-09-01,True,890,14
E00363,C0060,P0219,F00864,2025-10-01,True,749,11
E00363,C0060,P0219,F00864,2025-11-01,True,420,9
E00363,C0060,P0219,F00864,2025-12-01,True,283,17
E00363,C0060,P0219,F00864,2026-01-01,True,151,11
E00363,C0060,P0219,F00865,2025-06-01,False,0,0
E00363,C0060,P0219,F00865,2025-07-01,False,0,0
E00363,C0060,P0219,F00865,2025-08-01,False,0,0
E00363,C0060,P0219,F00865,2025-09-01,False,0,0
E00363,C0060,P0219,F00865,2025-10-01,True,83,4
E00363,C0060,P0219,F00865,2025-11-01,False,0,0
E00363,C0060,P0219,F00719,2025-12-01,True,0,0
E00363,C0060,P0219,F00865,2026-01-01,True,345,6
E00363,C0060,P0219,F00866,2025-06-01,False,0,0
E00363,C0060,P0219,F00866,2025-07-01,True,316,5
E00363,C0060,P0219,F00866,2025-08-01,True,567,4
E00363,C0060,P0219,F00866,2025-09-01,True,1112,24
E00363,C0060,P0219,F00866,2025-10-01,True,519,3
E00363,C0060,P0219,F00866,2025-11-01,True,316,15
E00363,C0060,P0219,F00866,2025-12-01,True,722,20
E00363,C0060,P0219,F00866,2026-01-01,True,623,2
E00363,C0060,P0219,F00867,2025-06-01,False,0,0
E00363,C0060,P0219,F00867,2025-07-01,False,0,0
E00363,C0060,P0219,F00867,2025-08-01,False,0,0
E00363,C0060,P0219,F00867,2025-09-01,False,0,0
E00363,C0060,P0219,F00867,2025-10-01,False,0,0
E00363,C0060,P0219,F00867,2025-11-01,True,157,18
E00363,C0060,P0219,F00867,2025-12-01,True,230,13
E00363,C0060,P0219,F00867,2026-01-01,True,1161,7
E00363,C0060,P0219,F00868,2025-06-01,False,0,0
E00363,C0060,P0219,F00868,2025-07-01,False,0,0
E00363,C0060,P0219,F00868,2025-08-01,False,0,0
E00363,C0060,P0219,F00868,2025-09-01,False,0,0
E00363,C0060,P0219,F00868,2025-10-01,False,0,0
E00363,C0060,P0219,F00868,2025-11-01,False,0,0
E00363,C0060,P0219,F00868,2025-12-01,False,0,0
E00363,C0060,P0219,F00868,2026-01-01,False,0,0
E00364,C0050,P0092,F00358,2025-06-01,True,756,14
E00364,C0050,P0092,F00358,2025-07-01,True,1510,14
E00364,C0050,P0092,F00358,2025-08-01,True,233,11
E00364,C0050,P0092,F00358,2025-09-01,False,0,0
E00364,C0050,P0092,F00358,2025-10-01,True,149,17
E00364,C0050,P0092,F00358,2025-11-01,True,268,11
E00364,C0050,P0092,F00358,2025-12-01,True,798,4
E00364,C0050,P0092,F00359,2025-06-01,False,0,0
E00364,C0050,P0092,F00359,2025-07-01,False,0,0
E00364,C0050,P0092,F00359,2025-08-01,True,723,3
E00364,C0050,P0092,F00359,2025-09-01,True,339,15
E00364,C0050,P0092,F00359,2025-10-01,True,635,4
E00364,C0050,P0092,F00359,2025-11-01,True,1173,15
E00364,C0050,P0092,F00359,2025-12-01,True,641,15
E00364,C0050,P0092,F00360,2025-06-01,False,0,0
E00364,C0050,P0092,F00360,2025-07-01,False,0,0
E00364,C0050,P0092,F00360,2025-08-01,False,0,0
E00364,C0050,P0092,F00360,2025-09-01,True,151,6
E00364,C0050,P0092,F00360,2025-10-01,True,868,25
E00364,C0050,P0092,F00360,2025-11-01,True,54,17
E00364,C0050,P0092,F00360,2025-12-01,True,334,14
E00365,C0032,P0497,F01998,2025-08-01,False,0,0
E00365,C0032,P0497,F01998,2025-09-01,True,425,12
E00365,C0032,P0497,F01998,2025-10-01,True,181,21
E00365,C0032,P0497,F01998,2025-11-01,True,232,9
E00365,C0032,P0497,F00109,2025-12-01,True,185,11
E00365,C0032,P0497,F01998,2026-01-01,True,123,7
E00365,C0032,P0497,F01998,2026-02-01,True,733,4
E00365,C0032,P0497,F01998,2026-03-01,True,597,4
E00365,C0032,P0497,F01998,2026-04-01,True,219,7
E00365,C0032,P0497,F01998,2026-05-01,True,687,25
E00365,C0032,P0497,F01998,2026-06-01,True,286,4
E00365,C0032,P0497,F01998,2026-07-01,True,251,8
E00365,C0032,P0497,F01999,2025-08-01,False,0,0
E00365,C0032,P0497,F01999,2025-09-01,False,0,0
E00365,C0032,P0497,F01999,2025-10-01,False,0,0
E00365,C0032,P0497,F01999,2025-11-01,False,0,0
E00365,C0032,P0497,F01999,2025-12-01,False,0,0
E00365,C0032,P0497,F01999,2026-01-01,True,244,10
E00365,C0032,P0497,F01999,2026-02-01,True,185,4
E00365,C0032,P0497,F01999,2026-03-01,True,62,19
E00365,C0032,P0497,F01999,2026-04-01,True,422,16
E00365,C0032,P0497,F01999,2026-05-01,True,508,10
E00365,C0032,P0497,F01999,2026-06-01,True,334,32
E00365,C0032,P0497,F01999,2026-07-01,True,247,11
E00365,C0032,P0497,F02000,2025-08-01,False,0,0
E00365,C0032,P0497,F02000,2025-09-01,False,0,0
E00365,C0032,P0497,F02000,2025-10-01,False,0,0
E00365,C0032,P0497,F02000,2025-11-01,True,265,5
E00365,C0032,P0497,F02000,2025-12-01,True,1487,15
E00365,C0032,P0497,F02000,2026-01-01,True,216,5
E00365,C0032,P0497,F02000,2026-02-01,True,596,22
E00365,C0032,P0497,F02000,2026-03-01,True,140,9
E00365,C0032,P0497,F02000,2026-04-01,True,379,11
E00365,C0032,P0497,F02000,2026-05-01,True,438,9
E00365,C0032,P0497,F02000,2026-06-01,True,343,10
E00365,C0032,P0497,F02000,2026-07-01,True,133,32
E00366,C0035,P0124,F00479,2025-06-01,True,621,21
E00366,C0035,P0124,F00479,2025-07-01,True,451,42
E00366,C0035,P0124,F00479,2025-08-01,True,19,11
E00366,C0035,P0124,F00479,2025-09-01,True,174,12
E00366,C0035,P0124,F00479,2025-10-01,True,988,17
E00366,C0035,P0124,F00479,2025-11-01,True,360,29
E00366,C0035,P0124,F00479,2025-12-01,True,696,15
E00366,C0035,P0124,F00479,2026-01-01,True,533,19
E00366,C0035,P0124,F00479,2026-02-01,True,231,6
E00366,C0035,P0124,F00479,2026-03-01,True,159,7
E00366,C0035,P0124,F00479,2026-04-01,True,1013,9
E00366,C0035,P0124,F00479,2026-05-01,True,1027,7
E00366,C0035,P0124,F00480,2025-06-01,False,0,0
E00366,C0035,P0124,F00480,2025-07-01,False,0,0
E00366,C0035,P0124,F00480,2025-08-01,False,0,0
E00366,C0035,P0124,F00480,2025-09-01,False,0,0
E00366,C0035,P0124,F00480,2025-10-01,False,0,0
E00366,C0035,P0124,F00480,2025-11-01,False,0,0
E00366,C0035,P0124,F00480,2025-12-01,False,0,0
E00366,C0035,P0124,F00480,2026-01-01,False,0,0
E00366,C0035,P0124,F00480,2026-02-01,False,0,0
E00366,C0035,P0124,F00480,2026-03-01,False,0,0
E00366,C0035,P0124,F00480,2026-04-01,False,0,0
E00366,C0035,P0124,F00480,2026-05-01,False,0,0
E00366,C0035,P0124,F00481,2025-06-01,False,0,0
E00366,C0035,P0124,F00481,2025-07-01,False,0,0
E00366,C0035,P0124,F00481,2025-08-01,False,0,0
E00366,C0035,P0124,F00481,2025-09-01,False,0,0
E00366,C0035,P0124,F00481,2025-10-01,True,793,25
E00366,C0035,P0124,F00481,2025-11-01,True,419,9
E00366,C0035,P0124,F00481,2025-12-01,True,194,20
E00366,C0035,P0124,F00481,2026-01-01,True,310,8
E00366,C0035,P0124,F00481,2026-02-01,True,488,17
E00366,C0035,P0124,F00481,2026-03-01,True,186,14
E00366,C0035,P0124,F00481,2026-04-01,True,898,5
E00366,C0035,P0124,F00481,2026-05-01,True,739,21
E00366,C0035,P0124,F00482,2025-06-01,False,0,0
E00366,C0035,P0124,F00482,2025-07-01,False,0,0
E00366,C0035,P0124,F00482,2025-08-01,False,0,0
E00366,C0035,P0124,F00482,2025-09-01,True,779,17
E00366,C0035,P0124,F00482,2025-10-01,True,584,20
E00366,C0035,P0124,F00482,2025-11-01,True,486,8
E00366,C0035,P0124,F00482,2025-12-01,True,259,10
E00366,C0035,P0124,F00482,2026-01-01,True,635,10
E00366,C0035,P0124,F00482,2026-02-01,True,316,22
E00366,C0035,P0124,F00482,2026-03-01,True,428,4
E00366,C0035,P0124,F00482,2026-04-01,True,159,4
E00366,C0035,P0124,F00482,2026-05-01,True,366,5
E00367,C0033,P0193,F00761,2025-11-01,True,319,7
E00367,C0033,P0193,F00761,2025-12-01,True,95,5
E00367,C0033,P0193,F00761,2026-01-01,True,1054,8
E00367,C0033,P0193,F00761,2026-02-01,True,273,8
E00367,C0033,P0193,F00761,2026-03-01,True,449,11
E00367,C0033,P0193,F00761,2026-04-01,True,1212,23
E00367,C0033,P0193,F00761,2026-05-01,True,1187,18
E00367,C0033,P0193,F00761,2026-06-01,False,0,0
E00367,C0033,P0193,F00761,2026-07-01,True,574,5
E00367,C0033,P0193,F00761,2026-08-01,False,0,0
E00367,C0033,P0193,F00762,2025-11-01,False,0,0
E00367,C0033,P0193,F00762,2025-12-01,False,0,0
E00367,C0033,P0193,F00762,2026-01-01,False,0,0
E00367,C0033,P0193,F00762,2026-02-01,False,0,0
E00367,C0033,P0193,F00762,2026-03-01,False,0,0
E00367,C0033,P0193,F00762,2026-04-01,False,0,0
E00367,C0033,P0193,F00762,2026-05-01,False,0,0
E00367,C0033,P0193,F00762,2026-06-01,False,0,0
E00367,C0033,P0193,F00762,2026-07-01,False,0,0
E00367,C0033,P0193,F00762,2026-08-01,False,0,0
E00367,C0033,P0193,F00763,2025-11-01,False,0,0
E00367,C0033,P0193,F00763,2025-12-01,False,0,0
E00367,C0033,P0193,F00763,2026-01-01,False,0,0
E00367,C0033,P0193,F00763,2026-02-01,False,0,0
E00367,C0033,P0193,F00763,2026-03-01,False,0,0
E00367,C0033,P0193,F00763,2026-04-01,True,113,3
E00367,C0033,P0193,F00763,2026-05-01,True,331,20
E00367,C0033,P0193,F00763,2026-06-01,True,222,5
E00367,C0033,P0193,F00763,2026-07-01,True,664,5
E00367,C0033,P0193,F00763,2026-08-01,True,1014,5
E00368,C0036,P0335,F01339,2025-10-01,False,0,0
E00368,C0036,P0335,F01339,2025-11-01,True,701,13
E00368,C0036,P0335,F01339,2025-12-01,True,35,6
E00368,C0036,P0335,F01339,2026-01-01,True,728,3
E00368,C0036,P0335,F01339,2026-02-01,True,275,3
E00368,C0036,P0335,F01339,2026-03-01,True,333,14
E00368,C0036,P0335,F01339,2026-04-01,True,406,12
E00368,C0036,P0335,F01339,2026-05-01,True,405,9
E00368,C0036,P0335,F01339,2026-06-01,True,648,3
E00368,C0036,P0335,F01339,2026-07-01,True,977,12
E00368,C0036,P0335,F01339,2026-08-01,True,108,25
E00368,C0036,P0335,F01340,2025-10-01,False,0,0
E00368,C0036,P0335,F01340,2025-11-01,False,0,0
E00368,C0036,P0335,F01340,2025-12-01,False,0,0
E00368,C0036,P0335,F01340,2026-01-01,False,0,0
E00368,C0036,P0335,F01340,2026-02-01,False,0,0
E00368,C0036,P0335,F01340,2026-03-01,False,0,0
E00368,C0036,P0335,F01340,2026-04-01,False,0,0
E00368,C0036,P0335,F01340,2026-05-01,False,0,0
E00368,C0036,P0335,F01340,2026-06-01,False,0,0
E00368,C0036,P0335,F01340,2026-07-01,False,0,0
E00368,C0036,P0335,F01340,2026-08-01,False,0,0
E00368,C0036,P0335,F01341,2025-10-01,False,0,0
E00368,C0036,P0335,F01341,2025-11-01,False,0,0
E00368,C0036,P0335,F01341,2025-12-01,False,0,0
E00368,C0036,P0335,F01341,2026-01-01,False,0,0
E00368,C0036,P0335,F01341,2026-02-01,True,317,7
E00368,C0036,P0335,F01341,2026-03-01,True,110,7
E00368,C0036,P0335,F01341,2026-04-01,True,670,5
E00368,C0036,P0335,F01341,2026-05-01,True,679,8
E00368,C0036,P0335,F01341,2026-06-01,True,153,7
E00368,C0036,P0335,F01341,2026-07-01,True,516,12
E00368,C0036,P0335,F01341,2026-08-01,True,1053,8
E00368,C0036,P0335,F01342,2025-10-01,False,0,0
E00368,C0036,P0335,F01342,2025-11-01,False,0,0
E00368,C0036,P0335,F01342,2025-12-01,False,0,0
E00368,C0036,P0335,F01342,2026-01-01,False,0,0
E00368,C0036,P0335,F01342,2026-02-01,False,0,0
E00368,C0036,P0335,F01342,2026-03-01,False,0,0
E00368,C0036,P0335,F01342,2026-04-01,False,0,0
E00368,C0036,P0335,F01342,2026-05-01,False,0,0
E00368,C0036,P0335,F01342,2026-06-01,False,0,0
E00368,C0036,P0335,F01342,2026-07-01,True,694,10
E00368,C0036,P0335,F01342,2026-08-01,False,0,0
E00368,C0036,P0335,F01343,2025-10-01,False,0,0
E00368,C0036,P0335,F01343,2025-11-01,False,0,0
E00368,C0036,P0335,F01343,2025-12-01,False,0,0
E00368,C0036,P0335,F01343,2026-01-01,False,0,0
E00368,C0036,P0335,F01343,2026-02-01,False,0,0
E00368,C0036,P0335,F01343,2026-03-01,False,0,0
E00368,C0036,P0335,F01343,2026-04-01,False,0,0
E00368,C0036,P0335,F01343,2026-05-01,False,0,0
E00368,C0036,P0335,F01343,2026-06-01,False,0,0
E00368,C0036,P0335,F01343,2026-07-01,False,0,0
E00368,C0036,P0335,F01343,2026-08-01,False,0,0
E00369,C0013,P0251,F00996,2025-06-01,False,0,0
E00369,C0013,P0251,F00996,2025-07-01,True,187,4
E00369,C0013,P0251,F00996,2025-08-01,True,292,10
E00369,C0013,P0251,F00996,2025-09-01,True,872,29
E00369,C0013,P0251,F00996,2025-10-01,True,1043,6
E00369,C0013,P0251,F00789,2025-11-01,True,170,7
E00369,C0013,P0251,F00996,2025-12-01,True,324,3
E00369,C0013,P0251,F00997,2025-06-01,True,160,23
E00369,C0013,P0251,F00997,2025-07-01,True,450,7
E00369,C0013,P0251,F00997,2025-08-01,True,82,13
E00369,C0013,P0251,F00997,2025-09-01,True,380,5
E00369,C0013,P0251,F00997,2025-10-01,True,600,7
E00369,C0013,P0251,F00997,2025-11-01,True,411,29
E00369,C0013,P0251,F00997,2025-12-01,True,577,4
E00369,C0013,P0251,F00998,2025-06-01,False,0,0
E00369,C0013,P0251,F00998,2025-07-01,False,0,0
E00369,C0013,P0251,F00108,2025-08-01,True,0,0
E00369,C0013,P0251,F00998,2025-09-01,False,0,0
E00369,C0013,P0251,F00998,2025-10-01,True,579,6
E00369,C0013,P0251,F00998,2025-11-01,False,0,0
E00369,C0013,P0251,F00998,2025-12-01,True,519,19
E00369,C0013,P0251,F00999,2025-06-01,True,411,4
E00369,C0013,P0251,F00999,2025-07-01,True,48,22
E00369,C0013,P0251,F00999,2025-08-01,True,954,6
E00369,C0013,P0251,F00999,2025-09-01,True,40,3
E00369,C0013,P0251,F00999,2025-10-01,True,253,19
E00369,C0013,P0251,F00999,2025-11-01,False,0,0
E00369,C0013,P0251,F00999,2025-12-01,True,40,24
E00369,C0013,P0251,F01000,2025-06-01,False,0,0
E00369,C0013,P0251,F01000,2025-07-01,False,0,0
E00369,C0013,P0251,F01000,2025-08-01,True,791,24
E00369,C0013,P0251,F01000,2025-09-01,True,149,20
E00369,C0013,P0251,F01000,2025-10-01,True,374,4
E00369,C0013,P0251,F01000,2025-11-01,True,407,10
E00369,C0013,P0251,F01000,2025-12-01,True,99,16
E00370,C0022,P0382,F01531,2025-09-01,True,351,8
E00370,C0022,P0382,F01531,2025-10-01,True,261,13
E00370,C0022,P0382,F01531,2025-11-01,True,245,2
E00370,C0022,P0382,F01531,2025-12-01,True,133,10
E00370,C0022,P0382,F01531,2026-01-01,True,233,8
E00370,C0022,P0382,F01531,2026-02-01,True,154,5
E00370,C0022,P0382,F01531,2026-03-01,True,522,11
E00370,C0022,P0382,F01531,2026-04-01,True,175,8
E00370,C0022,P0382,F01531,2026-05-01,True,617,4
E00370,C0022,P0382,F01531,2026-06-01,True,675,9
E00370,C0022,P0382,F01531,2026-07-01,True,261,3
E00370,C0022,P0382,F01531,2026-08-01,False,0,0
E00370,C0022,P0382,F01532,2025-09-01,False,0,0
E00370,C0022,P0382,F01532,2025-10-01,False,0,0
E00370,C0022,P0382,F01532,2025-11-01,False,0,0
E00370,C0022,P0382,F01532,2025-12-01,False,0,0
E00370,C0022,P0382,F01532,2026-01-01,False,0,0
E00370,C0022,P0382,F01532,2026-02-01,False,0,0
E00370,C0022,P0382,F01532,2026-03-01,False,0,0
E00370,C0022,P0382,F01532,2026-04-01,False,0,0
E00370,C0022,P0382,F01532,2026-05-01,False,0,0
E00370,C0022,P0382,F01532,2026-06-01,False,0,0
E00370,C0022,P0382,F01532,2026-07-01,False,0,0
E00370,C0022,P0382,F01532,2026-08-01,False,0,0
E00370,C0022,P0382,F00064,2025-09-01,True,0,0
E00370,C0022,P0382,F01533,2025-10-01,False,0,0
E00370,C0022,P0382,F01533,2025-11-01,False,0,0
E00370,C0022,P0382,F01533,2025-12-01,False,0,0
E00370,C0022,P0382,F01533,2026-01-01,False,0,0
E00370,C0022,P0382,F01533,2026-02-01,False,0,0
E00370,C0022,P0382,F01533,2026-03-01,False,0,0
E00370,C0022,P0382,F01533,2026-04-01,False,0,0
E00370,C0022,P0382,F01533,2026-05-01,False,0,0
E00370,C0022,P0382,F01533,2026-06-01,False,0,0
E00370,C0022,P0382,F01533,2026-07-01,False,0,0
E00370,C0022,P0382,F01533,2026-08-01,False,0,0
E00370,C0022,P0382,F01534,2025-09-01,False,0,0
E00370,C0022,P0382,F01534,2025-10-01,False,0,0
E00370,C0022,P0382,F01534,2025-11-01,False,0,0
E00370,C0022,P0382,F01534,2025-12-01,False,0,0
E00370,C0022,P0382,F01534,2026-01-01,False,0,0
E00370,C0022,P0382,F01534,2026-02-01,False,0,0
E00370,C0022,P0382,F01534,2026-03-01,False,0,0
E00370,C0022,P0382,F01534,2026-04-01,False,0,0
E00370,C0022,P0382,F01534,2026-05-01,False,0,0
E00370,C0022,P0382,F01534,2026-06-01,False,0,0
E00370,C0022,P0382,F01534,2026-07-01,False,0,0
E00370,C0022,P0382,F01534,2026-08-01,False,0,0
E00370,C0022,P0382,F01535,2025-09-01,False,0,0
E00370,C0022,P0382,F01535,2025-10-01,False,0,0
E00370,C0022,P0382,F01535,2025-11-01,False,0,0
E00370,C0022,P0382,F01535,2025-12-01,False,0,0
E00370,C0022,P0382,F01535,2026-01-01,False,0,0
E00370,C0022,P0382,F01535,2026-02-01,False,0,0
E00370,C0022,P0382,F01867,2026-03-01,True,0,0
E00370,C0022,P0382,F01535,2026-04-01,False,0,0
E00370,C0022,P0382,F01535,2026-05-01,False,0,0
E00370,C0022,P0382,F01535,2026-06-01,False,0,0
E00370,C0022,P0382,F01535,2026-07-01,False,0,0
E00370,C0022,P0382,F01535,2026-08-01,False,0,0
E00371,C0026,P0331,F01325,2025-06-01,True,1684,14
E00371,C0026,P0331,F01325,2025-07-01,True,50,12
E00371,C0026,P0331,F01325,2025-08-01,True,784,13
E00371,C0026,P0331,F01325,2025-09-01,True,628,7
E00371,C0026,P0331,F01325,2025-10-01,True,201,8
E00371,C0026,P0331,F01325,2025-11-01,True,370,7
E00371,C0026,P0331,F01325,2025-12-01,True,309,4
E00371,C0026,P0331,F01325,2026-01-01,True,73,5
E00371,C0026,P0331,F01326,2025-06-01,False,0,0
E00371,C0026,P0331,F01326,2025-07-01,False,0,0
E00371,C0026,P0331,F01326,2025-08-01,False,0,0
E00371,C0026,P0331,F01326,2025-09-01,False,0,0
E00371,C0026,P0331,F01326,2025-10-01,True,1138,23
E00371,C0026,P0331,F01326,2025-11-01,True,427,3
E00371,C0026,P0331,F01326,2025-12-01,True,329,11
E00371,C0026,P0331,F01326,2026-01-01,True,218,24
E00371,C0026,P0331,F01327,2025-06-01,False,0,0
E00371,C0026,P0331,F01327,2025-07-01,True,129,15
E00371,C0026,P0331,F01327,2025-08-01,True,125,4
E00371,C0026,P0331,F01327,2025-09-01,True,330,1
E00371,C0026,P0331,F01327,2025-10-01,True,407,7
E00371,C0026,P0331,F01327,2025-11-01,True,311,6
E00371,C0026,P0331,F01327,2025-12-01,True,844,18
E00371,C0026,P0331,F01327,2026-01-01,True,519,5
E00371,C0026,P0331,F01328,2025-06-01,False,0,0
E00371,C0026,P0331,F01328,2025-07-01,False,0,0
E00371,C0026,P0331,F01328,2025-08-01,False,0,0
E00371,C0026,P0331,F01328,2025-09-01,False,0,0
E00371,C0026,P0331,F01328,2025-10-01,True,564,13
E00371,C0026,P0331,F01328,2025-11-01,True,1534,3
E00371,C0026,P0331,F01328,2025-12-01,True,293,6
E00371,C0026,P0331,F01328,2026-01-01,True,457,3
E00371,C0026,P0331,F01329,2025-06-01,False,0,0
E00371,C0026,P0331,F01329,2025-07-01,False,0,0
E00371,C0026,P0331,F01329,2025-08-01,True,594,3
E00371,C0026,P0331,F01956,2025-09-01,True,463,8
E00371,C0026,P0331,F01329,2025-10-01,True,165,4
E00371,C0026,P0331,F01329,2025-11-01,True,197,8
E00371,C0026,P0331,F01329,2025-12-01,False,0,0
E00371,C0026,P0331,F01329,2026-01-01,False,0,0
E00372,C0002,P0366,F01462,2025-06-01,False,0,0
E00372,C0002,P0366,F01462,2025-07-01,True,346,11
E00372,C0002,P0366,F01462,2025-08-01,True,297,7
E00372,C0002,P0366,F01462,2025-09-01,True,1009,16
E00372,C0002,P0366,F01462,2025-10-01,True,218,9
E00372,C0002,P0366,F01462,2025-11-01,True,170,8
E00372,C0002,P0366,F01462,2025-12-01,True,99,11
E00372,C0002,P0366,F01462,2026-01-01,True,1239,11
E00372,C0002,P0366,F01463,2025-06-01,False,0,0
E00372,C0002,P0366,F01463,2025-07-01,False,0,0
E00372,C0002,P0366,F01463,2025-08-01,False,0,0
E00372,C0002,P0366,F01463,2025-09-01,False,0,0
E00372,C0002,P0366,F01463,2025-10-01,False,0,0
E00372,C0002,P0366,F01463,2025-11-01,True,383,9
E00372,C0002,P0366,F01463,2025-12-01,True,121,30
E00372,C0002,P0366,F01463,2026-01-01,True,415,15
E00372,C0002,P0366,F01464,2025-06-01,False,0,0
E00372,C0002,P0366,F01464,2025-07-01,False,0,0
E00372,C0002,P0366,F01464,2025-08-01,False,0,0
E00372,C0002,P0366,F01464,2025-09-01,False,0,0
E00372,C0002,P0366,F01464,2025-10-01,False,0,0
E00372,C0002,P0366,F01464,2025-11-01,False,0,0
E00372,C0002,P0366,F01464,2025-12-01,False,0,0
E00372,C0002,P0366,F01464,2026-01-01,False,0,0
E00372,C0002,P0366,F01465,2025-06-01,True,253,15
E00372,C0002,P0366,F01465,2025-07-01,True,1070,23
E00372,C0002,P0366,F01465,2025-08-01,True,1,22
E00372,C0002,P0366,F01465,2025-09-01,True,148,5
E00372,C0002,P0366,F01465,2025-10-01,True,143,13
E00372,C0002,P0366,F01465,2025-11-01,True,381,15
E00372,C0002,P0366,F01465,2025-12-01,True,348,5
E00372,C0002,P0366,F01465,2026-01-01,True,582,8
E00372,C0002,P0366,F01466,2025-06-01,False,0,0
E00372,C0002,P0366,F01466,2025-07-01,False,0,0
E00372,C0002,P0366,F01466,2025-08-01,False,0,0
E00372,C0002,P0366,F01466,2025-09-01,False,0,0
E00372,C0002,P0366,F01466,2025-10-01,False,0,0
E00372,C0002,P0366,F01466,2025-11-01,False,0,0
E00372,C0002,P0366,F01466,2025-12-01,False,0,0
E00372,C0002,P0366,F01466,2026-01-01,False,0,0
E00373,C0092,P0419,F01674,2025-11-01,False,0,0
E00373,C0092,P0419,F01674,2025-12-01,False,0,0
E00373,C0092,P0419,F01674,2026-01-01,False,0,0
E00373,C0092,P0419,F01674,2026-02-01,False,0,0
E00373,C0092,P0419,F01674,2026-03-01,False,0,0
E00373,C0092,P0419,F01674,2026-04-01,False,0,0
E00373,C0092,P0419,F01674,2026-05-01,False,0,0
E00373,C0092,P0419,F01674,2026-06-01,False,0,0
E00373,C0092,P0419,F01674,2026-07-01,False,0,0
E00373,C0092,P0419,F01674,2026-08-01,False,0,0
E00373,C0092,P0419,F01675,2025-11-01,False,0,0
E00373,C0092,P0419,F01675,2025-12-01,False,0,0
E00373,C0092,P0419,F01675,2026-01-01,False,0,0
E00373,C0092,P0419,F01675,2026-02-01,False,0,0
E00373,C0092,P0419,F01675,2026-03-01,False,0,0
E00373,C0092,P0419,F01675,2026-04-01,False,0,0
E00373,C0092,P0419,F01675,2026-05-01,False,0,0
E00373,C0092,P0419,F01675,2026-06-01,False,0,0
E00373,C0092,P0419,F01675,2026-07-01,False,0,0
E00373,C0092,P0419,F01675,2026-08-01,False,0,0
E00373,C0092,P0419,F01676,2025-11-01,False,0,0
E00373,C0092,P0419,F01676,2025-12-01,False,0,0
E00373,C0092,P0419,F01676,2026-01-01,False,0,0
E00373,C0092,P0419,F01676,2026-02-01,False,0,0
E00373,C0092,P0419,F01676,2026-03-01,False,0,0
E00373,C0092,P0419,F01676,2026-04-01,False,0,0
E00373,C0092,P0419,F00446,2026-05-01,True,0,0
E00373,C0092,P0419,F01676,2026-06-01,False,0,0
E00373,C0092,P0419,F01676,2026-07-01,False,0,0
E00373,C0092,P0419,F01676,2026-08-01,False,0,0
E00373,C0092,P0419,F01677,2025-11-01,False,0,0
E00373,C0092,P0419,F01677,2025-12-01,False,0,0
E00373,C0092,P0419,F00127,2026-01-01,True,0,0
E00373,C0092,P0419,F01677,2026-02-01,False,0,0
E00373,C0092,P0419,F01677,2026-03-01,False,0,0
E00373,C0092,P0419,F01677,2026-04-01,False,0,0
E00373,C0092,P0419,F01677,2026-05-01,False,0,0
E00373,C0092,P0419,F01677,2026-06-01,False,0,0
E00373,C0092,P0419,F01677,2026-07-01,False,0,0
E00373,C0092,P0419,F01677,2026-08-01,False,0,0
E00374,C0093,P0107,F00413,2025-09-01,True,593,12
E00374,C0093,P0107,F00413,2025-10-01,True,372,33
E00374,C0093,P0107,F00413,2025-11-01,True,53,2
E00374,C0093,P0107,F01575,2025-12-01,True,197,17
E00374,C0093,P0107,F00413,2026-01-01,True,222,8
E00374,C0093,P0107,F00413,2026-02-01,True,62,16
E00374,C0093,P0107,F00413,2026-03-01,True,67,7
E00374,C0093,P0107,F00413,2026-04-01,True,34,19
E00374,C0093,P0107,F00413,2026-05-01,True,60,7
E00374,C0093,P0107,F00413,2026-06-01,True,201,15
E00374,C0093,P0107,F00413,2026-07-01,True,388,32
E00374,C0093,P0107,F00413,2026-08-01,False,0,0
E00374,C0093,P0107,F00414,2025-09-01,False,0,0
E00374,C0093,P0107,F00414,2025-10-01,False,0,0
E00374,C0093,P0107,F00414,2025-11-01,False,0,0
E00374,C0093,P0107,F00414,2025-12-01,False,0,0
E00374,C0093,P0107,F00414,2026-01-01,False,0,0
E00374,C0093,P0107,F00414,2026-02-01,False,0,0
E00374,C0093,P0107,F00414,2026-03-01,False,0,0
E00374,C0093,P0107,F00414,2026-04-01,False,0,0
E00374,C0093,P0107,F00414,2026-05-01,False,0,0
E00374,C0093,P0107,F00414,2026-06-01,False,0,0
E00374,C0093,P0107,F00414,2026-07-01,False,0,0
E00374,C0093,P0107,F00414,2026-08-01,False,0,0
E00374,C0093,P0107,F00415,2025-09-01,False,0,0
E00374,C0093,P0107,F00415,2025-10-01,False,0,0
E00374,C0093,P0107,F00415,2025-11-01,False,0,0
E00374,C0093,P0107,F00415,2025-12-01,False,0,0
E00374,C0093,P0107,F00415,2026-01-01,False,0,0
E00374,C0093,P0107,F00415,2026-02-01,False,0,0
E00374,C0093,P0107,F00415,2026-03-01,False,0,0
E00374,C0093,P0107,F00415,2026-04-01,False,0,0
E00374,C0093,P0107,F00415,2026-05-01,False,0,0
E00374,C0093,P0107,F00415,2026-06-01,False,0,0
E00374,C0093,P0107,F00415,2026-07-01,False,0,0
E00374,C0093,P0107,F00415,2026-08-01,False,0,0
E00375,C0012,P0229,F00903,2025-09-01,False,0,0
E00375,C0012,P0229,F00903,2025-10-01,False,0,0
E00375,C0012,P0229,F00903,2025-11-01,False,0,0
E00375,C0012,P0229,F00903,2025-12-01,False,0,0
E00375,C0012,P0229,F00903,2026-01-01,False,0,0
E00375,C0012,P0229,F00903,2026-02-01,False,0,0
E00375,C0012,P0229,F00903,2026-03-01,False,0,0
E00375,C0012,P0229,F00903,2026-04-01,False,0,0
E00375,C0012,P0229,F00903,2026-05-01,False,0,0
E00375,C0012,P0229,F00903,2026-06-01,False,0,0
E00375,C0012,P0229,F00903,2026-07-01,False,0,0
E00375,C0012,P0229,F00903,2026-08-01,False,0,0
E00375,C0012,P0229,F00904,2025-09-01,False,0,0
E00375,C0012,P0229,F00904,2025-10-01,False,0,0
E00375,C0012,P0229,F00904,2025-11-01,False,0,0
E00375,C0012,P0229,F00904,2025-12-01,False,0,0
E00375,C0012,P0229,F00904,2026-01-01,False,0,0
E00375,C0012,P0229,F00904,2026-02-01,False,0,0
E00375,C0012,P0229,F00904,2026-03-01,False,0,0
E00375,C0012,P0229,F00904,2026-04-01,False,0,0
E00375,C0012,P0229,F00904,2026-05-01,False,0,0
E00375,C0012,P0229,F00904,2026-06-01,False,0,0
E00375,C0012,P0229,F00904,2026-07-01,False,0,0
E00375,C0012,P0229,F00904,2026-08-01,False,0,0
E00375,C0012,P0229,F00905,2025-09-01,False,0,0
E00375,C0012,P0229,F00905,2025-10-01,False,0,0
E00375,C0012,P0229,F00905,2025-11-01,False,0,0
E00375,C0012,P0229,F00905,2025-12-01,False,0,0
E00375,C0012,P0229,F00905,2026-01-01,False,0,0
E00375,C0012,P0229,F00905,2026-02-01,False,0,0
E00375,C0012,P0229,F00905,2026-03-01,False,0,0
E00375,C0012,P0229,F00905,2026-04-01,False,0,0
E00375,C0012,P0229,F00905,2026-05-01,False,0,0
E00375,C0012,P0229,F00905,2026-06-01,False,0,0
E00375,C0012,P0229,F00905,2026-07-01,False,0,0
E00375,C0012,P0229,F00905,2026-08-01,False,0,0
E00376,C0008,P0045,F00171,2025-06-01,False,0,0
E00376,C0008,P0045,F00171,2025-07-01,False,0,0
E00376,C0008,P0045,F00171,2025-08-01,True,88,22
E00376,C0008,P0045,F00171,2025-09-01,True,919,31
E00376,C0008,P0045,F00171,2025-10-01,True,348,3
E00376,C0008,P0045,F00171,2025-11-01,True,482,2
E00376,C0008,P0045,F00171,2025-12-01,True,740,9
E00376,C0008,P0045,F00171,2026-01-01,False,0,0
E00376,C0008,P0045,F00172,2025-06-01,False,0,0
E00376,C0008,P0045,F00172,2025-07-01,False,0,0
E00376,C0008,P0045,F00172,2025-08-01,False,0,0
E00376,C0008,P0045,F00172,2025-09-01,False,0,0
E00376,C0008,P0045,F00172,2025-10-01,True,442,31
E00376,C0008,P0045,F00172,2025-11-01,True,385,3
E00376,C0008,P0045,F00172,2025-12-01,False,0,0
E00376,C0008,P0045,F00172,2026-01-01,True,320,6
E00376,C0008,P0045,F00173,2025-06-01,False,0,0
E00376,C0008,P0045,F00173,2025-07-01,False,0,0
E00376,C0008,P0045,F00173,2025-08-01,False,0,0
E00376,C0008,P0045,F00173,2025-09-01,False,0,0
E00376,C0008,P0045,F00173,2025-10-01,False,0,0
E00376,C0008,P0045,F00173,2025-11-01,True,417,7
E00376,C0008,P0045,F00173,2025-12-01,True,184,9
E00376,C0008,P0045,F00173,2026-01-01,True,104,9
E00377,C0044,P0260,F01036,2025-06-01,False,0,0
E00377,C0044,P0260,F01036,2025-07-01,True,504,27
E00377,C0044,P0260,F01036,2025-08-01,True,210,36
E00377,C0044,P0260,F01036,2025-09-01,True,448,8
E00377,C0044,P0260,F01036,2025-10-01,True,288,10
E00377,C0044,P0260,F01036,2025-11-01,True,237,6
E00377,C0044,P0260,F01037,2025-06-01,False,0,0
E00377,C0044,P0260,F01037,2025-07-01,False,0,0
E00377,C0044,P0260,F01037,2025-08-01,False,0,0
E00377,C0044,P0260,F01037,2025-09-01,False,0,0
E00377,C0044,P0260,F01209,2025-10-01,True,408,2
E00377,C0044,P0260,F01037,2025-11-01,True,161,17
E00377,C0044,P0260,F01038,2025-06-01,False,0,0
E00377,C0044,P0260,F01038,2025-07-01,False,0,0
E00377,C0044,P0260,F01038,2025-08-01,False,0,0
E00377,C0044,P0260,F01038,2025-09-01,False,0,0
E00377,C0044,P0260,F01038,2025-10-01,False,0,0
E00377,C0044,P0260,F01038,2025-11-01,False,0,0
E00378,C0068,P0484,F01937,2025-08-01,False,0,0
E00378,C0068,P0484,F01937,2025-09-01,True,39,13
E00378,C0068,P0484,F01937,2025-10-01,True,370,6
E00378,C0068,P0484,F01937,2025-11-01,True,245,9
E00378,C0068,P0484,F01937,2025-12-01,True,476,13
E00378,C0068,P0484,F01937,2026-01-01,True,765,12
E00378,C0068,P0484,F01937,2026-02-01,True,867,2
E00378,C0068,P0484,F01937,2026-03-01,True,755,8
E00378,C0068,P0484,F01937,2026-04-01,True,392,15
E00378,C0068,P0484,F01937,2026-05-01,True,134,8
E00378,C0068,P0484,F01937,2026-06-01,True,810,27
E00378,C0068,P0484,F01937,2026-07-01,True,200,15
E00378,C0068,P0484,F01938,2025-08-01,False,0,0
E00378,C0068,P0484,F01938,2025-09-01,False,0,0
E00378,C0068,P0484,F01938,2025-10-01,False,0,0
E00378,C0068,P0484,F01938,2025-11-01,False,0,0
E00378,C0068,P0484,F01938,2025-12-01,False,0,0
E00378,C0068,P0484,F01938,2026-01-01,False,0,0
E00378,C0068,P0484,F01938,2026-02-01,True,240,3
E00378,C0068,P0484,F01938,2026-03-01,True,910,4
E00378,C0068,P0484,F01938,2026-04-01,True,1596,3
E00378,C0068,P0484,F01938,2026-05-01,True,741,20
E00378,C0068,P0484,F01938,2026-06-01,True,242,12
E00378,C0068,P0484,F01938,2026-07-01,True,248,5
E00378,C0068,P0484,F01939,2025-08-01,False,0,0
E00378,C0068,P0484,F01939,2025-09-01,False,0,0
E00378,C0068,P0484,F01939,2025-10-01,False,0,0
E00378,C0068,P0484,F01939,2025-11-01,False,0,0
E00378,C0068,P0484,F01939,2025-12-01,False,0,0
E00378,C0068,P0484,F01939,2026-01-01,False,0,0
E00378,C0068,P0484,F01939,2026-02-01,False,0,0
E00378,C0068,P0484,F01939,2026-03-01,False,0,0
E00378,C0068,P0484,F01939,2026-04-01,False,0,0
E00378,C0068,P0484,F01939,2026-05-01,False,0,0
E00378,C0068,P0484,F01939,2026-06-01,False,0,0
E00378,C0068,P0484,F01939,2026-07-01,False,0,0
E00378,C0068,P0484,F01940,2025-08-01,False,0,0
E00378,C0068,P0484,F01940,2025-09-01,False,0,0
E00378,C0068,P0484,F01940,2025-10-01,False,0,0
E00378,C0068,P0484,F01940,2025-11-01,False,0,0
E00378,C0068,P0484,F01940,2025-12-01,False,0,0
E00378,C0068,P0484,F01940,2026-01-01,False,0,0
E00378,C0068,P0484,F01940,2026-02-01,False,0,0
E00378,C0068,P0484,F01940,2026-03-01,False,0,0
E00378,C0068,P0484,F01940,2026-04-01,False,0,0
E00378,C0068,P0484,F01940,2026-05-01,False,0,0
E00378,C0068,P0484,F01940,2026-06-01,False,0,0
E00378,C0068,P0484,F01940,2026-07-01,False,0,0
E00378,C0068,P0484,F01023,2025-08-01,True,0,0
E00378,C0068,P0484,F01941,2025-09-01,False,0,0
E00378,C0068,P0484,F01941,2025-10-01,False,0,0
E00378,C0068,P0484,F01941,2025-11-01,False,0,0
E00378,C0068,P0484,F01941,2025-12-01,False,0,0
E00378,C0068,P0484,F01941,2026-01-01,False,0,0
E00378,C0068,P0484,F01941,2026-02-01,False,0,0
E00378,C0068,P0484,F01941,2026-03-01,False,0,0
E00378,C0068,P0484,F01941,2026-04-01,False,0,0
E00378,C0068,P0484,F01941,2026-05-01,False,0,0
E00378,C0068,P0484,F01941,2026-06-01,False,0,0
E00378,C0068,P0484,F01941,2026-07-01,False,0,0
E00379,C0081,P0228,F00900,2025-06-01,False,0,0
E00379,C0081,P0228,F00900,2025-07-01,True,490,18
E00379,C0081,P0228,F00900,2025-08-01,True,187,25
E00379,C0081,P0228,F00900,2025-09-01,True,424,10
E00379,C0081,P0228,F00900,2025-10-01,True,352,25
E00379,C0081,P0228,F00900,2025-11-01,True,270,8
E00379,C0081,P0228,F00901,2025-06-01,False,0,0
E00379,C0081,P0228,F00901,2025-07-01,False,0,0
E00379,C0081,P0228,F00901,2025-08-01,True,880,26
E00379,C0081,P0228,F00901,2025-09-01,True,705,4
E00379,C0081,P0228,F00901,2025-10-01,True,1272,11
E00379,C0081,P0228,F00901,2025-11-01,True,336,20
E00379,C0081,P0228,F00902,2025-06-01,False,0,0
E00379,C0081,P0228,F00902,2025-07-01,False,0,0
E00379,C0081,P0228,F00902,2025-08-01,False,0,0
E00379,C0081,P0228,F00902,2025-09-01,False,0,0
E00379,C0081,P0228,F00902,2025-10-01,False,0,0
E00379,C0081,P0228,F00902,2025-11-01,False,0,0
E00380,C0011,P0181,F00709,2025-11-01,True,465,7
E00380,C0011,P0181,F00709,2025-12-01,True,1017,10
E00380,C0011,P0181,F00709,2026-01-01,True,387,28
E00380,C0011,P0181,F00709,2026-02-01,True,676,16
E00380,C0011,P0181,F00709,2026-03-01,True,240,14
E00380,C0011,P0181,F00709,2026-04-01,True,506,14
E00380,C0011,P0181,F00709,2026-05-01,True,343,6
E00380,C0011,P0181,F00709,2026-06-01,False,0,0
E00380,C0011,P0181,F00709,2026-07-01,True,746,7
E00380,C0011,P0181,F00709,2026-08-01,False,0,0
E00380,C0011,P0181,F00710,2025-11-01,False,0,0
E00380,C0011,P0181,F00710,2025-12-01,False,0,0
E00380,C0011,P0181,F00710,2026-01-01,False,0,0
E00380,C0011,P0181,F00710,2026-02-01,False,0,0
E00380,C0011,P0181,F00710,2026-03-01,False,0,0
E00380,C0011,P0181,F00710,2026-04-01,False,0,0
E00380,C0011,P0181,F00710,2026-05-01,False,0,0
E00380,C0011,P0181,F00710,2026-06-01,False,0,0
E00380,C0011,P0181,F00710,2026-07-01,False,0,0
E00380,C0011,P0181,F00710,2026-08-01,False,0,0
E00380,C0011,P0181,F00711,2025-11-01,False,0,0
E00380,C0011,P0181,F00711,2025-12-01,False,0,0
E00380,C0011,P0181,F00711,2026-01-01,False,0,0
E00380,C0011,P0181,F00711,2026-02-01,False,0,0
E00380,C0011,P0181,F00711,2026-03-01,False,0,0
E00380,C0011,P0181,F00711,2026-04-01,False,0,0
E00380,C0011,P0181,F00711,2026-05-01,False,0,0
E00380,C0011,P0181,F00711,2026-06-01,False,0,0
E00380,C0011,P0181,F00711,2026-07-01,False,0,0
E00380,C0011,P0181,F00711,2026-08-01,False,0,0
E00380,C0011,P0181,F00712,2025-11-01,False,0,0
E00380,C0011,P0181,F00712,2025-12-01,False,0,0
E00380,C0011,P0181,F00712,2026-01-01,False,0,0
E00380,C0011,P0181,F00712,2026-02-01,False,0,0
E00380,C0011,P0181,F00712,2026-03-01,False,0,0
E00380,C0011,P0181,F00712,2026-04-01,True,372,1
E00380,C0011,P0181,F00712,2026-05-01,True,663,5
E00380,C0011,P0181,F00712,2026-06-01,True,506,4
E00380,C0011,P0181,F00712,2026-07-01,True,310,8
E00380,C0011,P0181,F00712,2026-08-01,False,0,0
E00380,C0011,P0181,F00713,2025-11-01,False,0,0
E00380,C0011,P0181,F00713,2025-12-01,False,0,0
E00380,C0011,P0181,F00713,2026-01-01,True,160,12
E00380,C0011,P0181,F00713,2026-02-01,True,92,17
E00380,C0011,P0181,F00713,2026-03-01,True,636,5
E00380,C0011,P0181,F00713,2026-04-01,True,885,9
E00380,C0011,P0181,F00713,2026-05-01,True,147,2
E00380,C0011,P0181,F00713,2026-06-01,True,852,6
E00380,C0011,P0181,F00713,2026-07-01,True,270,7
E00380,C0011,P0181,F00713,2026-08-01,True,721,15
E00381,C0058,P0097,F00375,2025-10-01,False,0,0
E00381,C0058,P0097,F00375,2025-11-01,True,396,3
E00381,C0058,P0097,F00375,2025-12-01,True,1044,15
E00381,C0058,P0097,F00375,2026-01-01,True,548,4
E00381,C0058,P0097,F00375,2026-02-01,True,139,11
E00381,C0058,P0097,F00375,2026-03-01,True,393,5
E00381,C0058,P0097,F00375,2026-04-01,True,117,7
E00381,C0058,P0097,F00375,2026-05-01,True,282,3
E00381,C0058,P0097,F00375,2026-06-01,True,551,16
E00381,C0058,P0097,F00375,2026-07-01,True,512,3
E00381,C0058,P0097,F00375,2026-08-01,True,224,18
E00381,C0058,P0097,F00376,2025-10-01,False,0,0
E00381,C0058,P0097,F00376,2025-11-01,False,0,0
E00381,C0058,P0097,F00376,2025-12-01,False,0,0
E00381,C0058,P0097,F00376,2026-01-01,False,0,0
E00381,C0058,P0097,F00376,2026-02-01,False,0,0
E00381,C0058,P0097,F00376,2026-03-01,False,0,0
E00381,C0058,P0097,F00376,2026-04-01,False,0,0
E00381,C0058,P0097,F00376,2026-05-01,False,0,0
E00381,C0058,P0097,F00376,2026-06-01,False,0,0
E00381,C0058,P0097,F00376,2026-07-01,False,0,0
E00381,C0058,P0097,F00376,2026-08-01,False,0,0
E00381,C0058,P0097,F00377,2025-10-01,False,0,0
E00381,C0058,P0097,F00377,2025-11-01,False,0,0
E00381,C0058,P0097,F00377,2025-12-01,False,0,0
E00381,C0058,P0097,F00377,2026-01-01,False,0,0
E00381,C0058,P0097,F00377,2026-02-01,False,0,0
E00381,C0058,P0097,F00377,2026-03-01,False,0,0
E00381,C0058,P0097,F00377,2026-04-01,False,0,0
E00381,C0058,P0097,F00377,2026-05-01,False,0,0
E00381,C0058,P0097,F00377,2026-06-01,False,0,0
E00381,C0058,P0097,F00377,2026-07-01,False,0,0
E00381,C0058,P0097,F00377,2026-08-01,False,0,0
E00382,C0088,P0111,F00429,2025-06-01,True,417,25
E00382,C0088,P0111,F00429,2025-07-01,True,809,10
E00382,C0088,P0111,F00429,2025-08-01,True,219,17
E00382,C0088,P0111,F00429,2025-09-01,True,649,20
E00382,C0088,P0111,F00429,2025-10-01,True,412,6
E00382,C0088,P0111,F00429,2025-11-01,True,506,15
E00382,C0088,P0111,F00429,2025-12-01,True,593,7
E00382,C0088,P0111,F00429,2026-01-01,True,503,3
E00382,C0088,P0111,F00429,2026-02-01,True,633,11
E00382,C0088,P0111,F00430,2025-06-01,False,0,0
E00382,C0088,P0111,F00430,2025-07-01,False,0,0
E00382,C0088,P0111,F00430,2025-08-01,False,0,0
E00382,C0088,P0111,F00430,2025-09-01,False,0,0
E00382,C0088,P0111,F00430,2025-10-01,True,213,24
E00382,C0088,P0111,F00430,2025-11-01,True,268,12
E00382,C0088,P0111,F00430,2025-12-01,True,234,11
E00382,C0088,P0111,F00430,2026-01-01,True,529,7
E00382,C0088,P0111,F00430,2026-02-01,True,313,18
E00382,C0088,P0111,F00431,2025-06-01,False,0,0
E00382,C0088,P0111,F00431,2025-07-01,False,0,0
E00382,C0088,P0111,F00431,2025-08-01,False,0,0
E00382,C0088,P0111,F00431,2025-09-01,False,0,0
E00382,C0088,P0111,F00431,2025-10-01,True,52,18
E00382,C0088,P0111,F00431,2025-11-01,True,742,4
E00382,C0088,P0111,F00431,2025-12-01,True,68,4
E00382,C0088,P0111,F00431,2026-01-01,True,166,4
E00382,C0088,P0111,F00431,2026-02-01,True,559,9
E00382,C0088,P0111,F00432,2025-06-01,False,0,0
E00382,C0088,P0111,F00432,2025-07-01,False,0,0
E00382,C0088,P0111,F00432,2025-08-01,True,455,20
E00382,C0088,P0111,F00432,2025-09-01,True,602,28
E00382,C0088,P0111,F00432,2025-10-01,True,794,9
E00382,C0088,P0111,F00432,2025-11-01,True,506,29
E00382,C0088,P0111,F00432,2025-12-01,True,268,15
E00382,C0088,P0111,F00432,2026-01-01,True,1228,16
E00382,C0088,P0111,F00432,2026-02-01,False,0,0
E00383,C0035,P0131,F00507,2025-11-01,False,0,0
E00383,C0035,P0131,F00507,2025-12-01,True,152,2
E00383,C0035,P0131,F00507,2026-01-01,False,0,0
E00383,C0035,P0131,F00507,2026-02-01,False,0,0
E00383,C0035,P0131,F00507,2026-03-01,True,180,9
E00383,C0035,P0131,F00507,2026-04-01,True,1160,20
E00383,C0035,P0131,F00507,2026-05-01,True,264,5
E00383,C0035,P0131,F00804,2026-06-01,True,158,38
E00383,C0035,P0131,F00507,2026-07-01,True,140,18
E00383,C0035,P0131,F00507,2026-08-01,True,621,9
E00383,C0035,P0131,F00508,2025-11-01,False,0,0
E00383,C0035,P0131,F00508,2025-12-01,False,0,0
E00383,C0035,P0131,F00508,2026-01-01,False,0,0
E00383,C0035,P0131,F00508,2026-02-01,False,0,0
E00383,C0035,P0131,F00508,2026-03-01,False,0,0
E00383,C0035,P0131,F00508,2026-04-01,False,0,0
E00383,C0035,P0131,F00508,2026-05-01,True,129,14
E00383,C0035,P0131,F00508,2026-06-01,True,1102,4
E00383,C0035,P0131,F00508,2026-07-01,True,387,17
E00383,C0035,P0131,F00508,2026-08-01,False,0,0
E00383,C0035,P0131,F00509,2025-11-01,False,0,0
E00383,C0035,P0131,F00509,2025-12-01,False,0,0
E00383,C0035,P0131,F00509,2026-01-01,False,0,0
E00383,C0035,P0131,F00509,2026-02-01,False,0,0
E00383,C0035,P0131,F00509,2026-03-01,False,0,0
E00383,C0035,P0131,F00509,2026-04-01,False,0,0
E00383,C0035,P0131,F00509,2026-05-01,False,0,0
E00383,C0035,P0131,F01947,2026-06-01,True,0,0
E00383,C0035,P0131,F00509,2026-07-01,False,0,0
E00383,C0035,P0131,F00509,2026-08-01,False,0,0
E00383,C0035,P0131,F00510,2025-11-01,False,0,0
E00383,C0035,P0131,F00510,2025-12-01,False,0,0
E00383,C0035,P0131,F00510,2026-01-01,True,1055,2
E00383,C0035,P0131,F00510,2026-02-01,True,549,29
E00383,C0035,P0131,F00510,2026-03-01,True,649,6
E00383,C0035,P0131,F00510,2026-04-01,False,0,0
E00383,C0035,P0131,F00510,2026-05-01,True,400,20
E00383,C0035,P0131,F00510,2026-06-01,True,752,18
E00383,C0035,P0131,F00510,2026-07-01,True,430,10
E00383,C0035,P0131,F00510,2026-08-01,False,0,0
E00383,C0035,P0131,F01669,2025-11-01,True,790,15
E00383,C0035,P0131,F00511,2025-12-01,True,411,6
E00383,C0035,P0131,F00511,2026-01-01,True,191,10
E00383,C0035,P0131,F00511,2026-02-01,True,575,15
E00383,C0035,P0131,F00511,2026-03-01,True,523,11
E00383,C0035,P0131,F00511,2026-04-01,True,742,23
E00383,C0035,P0131,F00511,2026-05-01,True,140,7
E00383,C0035,P0131,F00511,2026-06-01,True,1362,10
E00383,C0035,P0131,F00511,2026-07-01,True,341,6
E00383,C0035,P0131,F00511,2026-08-01,True,755,44
E00384,C0006,P0484,F01937,2025-06-01,False,0,0
E00384,C0006,P0484,F01937,2025-07-01,True,188,22
E00384,C0006,P0484,F01937,2025-08-01,False,0,0
E00384,C0006,P0484,F01937,2025-09-01,True,165,20
E00384,C0006,P0484,F01937,2025-10-01,True,168,2
E00384,C0006,P0484,F01937,2025-11-01,True,1352,8
E00384,C0006,P0484,F01937,2025-12-01,True,96,12
E00384,C0006,P0484,F01937,2026-01-01,True,581,23
E00384,C0006,P0484,F01938,2025-06-01,False,0,0
E00384,C0006,P0484,F01938,2025-07-01,False,0,0
E00384,C0006,P0484,F01938,2025-08-01,False,0,0
E00384,C0006,P0484,F01938,2025-09-01,False,0,0
E00384,C0006,P0484,F01938,2025-10-01,False,0,0
E00384,C0006,P0484,F01938,2025-11-01,False,0,0
E00384,C0006,P0484,F01174,2025-12-01,True,0,0
E00384,C0006,P0484,F01938,2026-01-01,False,0,0
E00384,C0006,P0484,F01939,2025-06-01,False,0,0
E00384,C0006,P0484,F01939,2025-07-01,False,0,0
E00384,C0006,P0484,F01939,2025-08-01,False,0,0
E00384,C0006,P0484,F01939,2025-09-01,False,0,0
E00384,C0006,P0484,F01939,2025-10-01,False,0,0
E00384,C0006,P0484,F01939,2025-11-01,False,0,0
E00384,C0006,P0484,F01939,2025-12-01,False,0,0
E00384,C0006,P0484,F01939,2026-01-01,False,0,0
E00384,C0006,P0484,F01940,2025-06-01,False,0,0
E00384,C0006,P0484,F01940,2025-07-01,False,0,0
E00384,C0006,P0484,F01940,2025-08-01,False,0,0
E00384,C0006,P0484,F01940,2025-09-01,False,0,0
E00384,C0006,P0484,F01940,2025-10-01,False,0,0
E00384,C0006,P0484,F01940,2025-11-01,False,0,0
E00384,C0006,P0484,F01940,2025-12-01,False,0,0
E00384,C0006,P0484,F01940,2026-01-01,False,0,0
E00384,C0006,P0484,F01941,2025-06-01,False,0,0
E00384,C0006,P0484,F01941,2025-07-01,False,0,0
E00384,C0006,P0484,F01941,2025-08-01,False,0,0
E00384,C0006,P0484,F01941,2025-09-01,False,0,0
E00384,C0006,P0484,F01941,2025-10-01,True,319,9
E00384,C0006,P0484,F01941,2025-11-01,True,260,11
E00384,C0006,P0484,F01941,2025-12-01,True,627,14
E00384,C0006,P0484,F01941,2026-01-01,True,252,11
E00385,C0019,P0037,F00139,2025-11-01,False,0,0
E00385,C0019,P0037,F00139,2025-12-01,True,124,9
E00385,C0019,P0037,F00139,2026-01-01,True,292,23
E00385,C0019,P0037,F00139,2026-02-01,True,431,10
E00385,C0019,P0037,F00139,2026-03-01,True,366,9
E00385,C0019,P0037,F00139,2026-04-01,True,148,17
E00385,C0019,P0037,F00139,2026-05-01,True,30,7
E00385,C0019,P0037,F00139,2026-06-01,True,198,8
E00385,C0019,P0037,F00139,2026-07-01,True,609,10
E00385,C0019,P0037,F00139,2026-08-01,True,370,16
E00385,C0019,P0037,F00140,2025-11-01,False,0,0
E00385,C0019,P0037,F00140,2025-12-01,False,0,0
E00385,C0019,P0037,F00140,2026-01-01,False,0,0
E00385,C0019,P0037,F00140,2026-02-01,False,0,0
E00385,C0019,P0037,F00140,2026-03-01,False,0,0
E00385,C0019,P0037,F00140,2026-04-01,False,0,0
E00385,C0019,P0037,F00140,2026-05-01,False,0,0
E00385,C0019,P0037,F00140,2026-06-01,True,555,15
E00385,C0019,P0037,F00140,2026-07-01,True,375,22
E00385,C0019,P0037,F00140,2026-08-01,False,0,0
E00385,C0019,P0037,F00141,2025-11-01,False,0,0
E00385,C0019,P0037,F00141,2025-12-01,False,0,0
E00385,C0019,P0037,F00141,2026-01-01,False,0,0
E00385,C0019,P0037,F00141,2026-02-01,False,0,0
E00385,C0019,P0037,F00141,2026-03-01,False,0,0
E00385,C0019,P0037,F00141,2026-04-01,True,192,10
E00385,C0019,P0037,F00141,2026-05-01,True,266,8
E00385,C0019,P0037,F00141,2026-06-01,True,171,19
E00385,C0019,P0037,F00141,2026-07-01,True,566,9
E00385,C0019,P0037,F00141,2026-08-01,False,0,0
E00385,C0019,P0037,F00142,2025-11-01,False,0,0
E00385,C0019,P0037,F00142,2025-12-01,True,504,20
E00385,C0019,P0037,F00142,2026-01-01,True,1024,4
E00385,C0019,P0037,F00142,2026-02-01,True,340,23
E00385,C0019,P0037,F00142,2026-03-01,True,1412,13
E00385,C0019,P0037,F00142,2026-04-01,True,661,1
E00385,C0019,P0037,F00142,2026-05-01,True,491,9
E00385,C0019,P0037,F00142,2026-06-01,True,617,30
E00385,C0019,P0037,F00142,2026-07-01,True,372,10
E00385,C0019,P0037,F00142,2026-08-01,False,0,0
E00386,C0034,P0289,F01154,2025-11-01,False,0,0
E00386,C0034,P0289,F01154,2025-12-01,True,234,1
E00386,C0034,P0289,F01154,2026-01-01,True,250,3
E00386,C0034,P0289,F01154,2026-02-01,True,116,14
E00386,C0034,P0289,F01154,2026-03-01,False,0,0
E00386,C0034,P0289,F01154,2026-04-01,False,0,0
E00386,C0034,P0289,F01154,2026-05-01,True,133,11
E00386,C0034,P0289,F01154,2026-06-01,True,1306,8
E00386,C0034,P0289,F01154,2026-07-01,True,117,31
E00386,C0034,P0289,F01154,2026-08-01,True,166,8
E00386,C0034,P0289,F01155,2025-11-01,False,0,0
E00386,C0034,P0289,F01155,2025-12-01,False,0,0
E00386,C0034,P0289,F01155,2026-01-01,False,0,0
E00386,C0034,P0289,F01155,2026-02-01,True,748,4
E00386,C0034,P0289,F01155,2026-03-01,True,240,4
E00386,C0034,P0289,F01155,2026-04-01,True,741,4
E00386,C0034,P0289,F01155,2026-05-01,True,545,10
E00386,C0034,P0289,F01155,2026-06-01,True,229,10
E00386,C0034,P0289,F01155,2026-07-01,True,261,6
E00386,C0034,P0289,F01155,2026-08-01,True,58,4
E00386,C0034,P0289,F01156,2025-11-01,False,0,0
E00386,C0034,P0289,F01156,2025-12-01,False,0,0
E00386,C0034,P0289,F01156,2026-01-01,False,0,0
E00386,C0034,P0289,F01156,2026-02-01,False,0,0
E00386,C0034,P0289,F01156,2026-03-01,True,430,8
E00386,C0034,P0289,F01156,2026-04-01,True,537,11
E00386,C0034,P0289,F01156,2026-05-01,True,17,14
E00386,C0034,P0289,F01156,2026-06-01,True,121,11
E00386,C0034,P0289,F01156,2026-07-01,True,80,20
E00386,C0034,P0289,F01156,2026-08-01,True,627,9
E00387,C0008,P0223,F00880,2025-06-01,True,610,5
E00387,C0008,P0223,F00880,2025-07-01,True,214,20
E00387,C0008,P0223,F00880,2025-08-01,True,8,9
E00387,C0008,P0223,F00880,2025-09-01,True,470,7
E00387,C0008,P0223,F00880,2025-10-01,True,842,28
E00387,C0008,P0223,F00880,2025-11-01,True,496,4
E00387,C0008,P0223,F00880,2025-12-01,True,618,35
E00387,C0008,P0223,F00880,2026-01-01,True,381,9
E00387,C0008,P0223,F00881,2025-06-01,False,0,0
E00387,C0008,P0223,F00881,2025-07-01,False,0,0
E00387,C0008,P0223,F00881,2025-08-01,False,0,0
E00387,C0008,P0223,F00881,2025-09-01,False,0,0
E00387,C0008,P0223,F00881,2025-10-01,True,160,13
E00387,C0008,P0223,F00881,2025-11-01,True,333,1
E00387,C0008,P0223,F00881,2025-12-01,True,591,3
E00387,C0008,P0223,F00881,2026-01-01,True,1412,11
E00387,C0008,P0223,F00882,2025-06-01,False,0,0
E00387,C0008,P0223,F00882,2025-07-01,False,0,0
E00387,C0008,P0223,F00882,2025-08-01,False,0,0
E00387,C0008,P0223,F00882,2025-09-01,False,0,0
E00387,C0008,P0223,F00882,2025-10-01,True,304,11
E00387,C0008,P0223,F00882,2025-11-01,True,368,8
E00387,C0008,P0223,F00882,2025-12-01,True,71,24
E00387,C0008,P0223,F00882,2026-01-01,True,382,21
E00388,C0074,P0064,F00249,2025-09-01,False,0,0
E00388,C0074,P0064,F00249,2025-10-01,True,82,6
E00388,C0074,P0064,F00599,2025-11-01,True,244,4
E00388,C0074,P0064,F00249,2025-12-01,True,590,9
E00388,C0074,P0064,F00249,2026-01-01,True,443,6
E00388,C0074,P0064,F00249,2026-02-01,False,0,0
E00388,C0074,P0064,F00249,2026-03-01,True,768,18
E00388,C0074,P0064,F00249,2026-04-01,True,577,11
E00388,C0074,P0064,F00249,2026-05-01,True,855,18
E00388,C0074,P0064,F00846,2026-06-01,True,341,7
E00388,C0074,P0064,F00249,2026-07-01,True,293,14
E00388,C0074,P0064,F00249,2026-08-01,False,0,0
E00388,C0074,P0064,F00250,2025-09-01,False,0,0
E00388,C0074,P0064,F00250,2025-10-01,False,0,0
E00388,C0074,P0064,F00250,2025-11-01,False,0,0
E00388,C0074,P0064,F00250,2025-12-01,False,0,0
E00388,C0074,P0064,F00250,2026-01-01,False,0,0
E00388,C0074,P0064,F00250,2026-02-01,False,0,0
E00388,C0074,P0064,F00250,2026-03-01,False,0,0
E00388,C0074,P0064,F00250,2026-04-01,False,0,0
E00388,C0074,P0064,F00250,2026-05-01,False,0,0
E00388,C0074,P0064,F00250,2026-06-01,False,0,0
E00388,C0074,P0064,F00250,2026-07-01,False,0,0
E00388,C0074,P0064,F00250,2026-08-01,False,0,0
E00388,C0074,P0064,F00251,2025-09-01,False,0,0
E00388,C0074,P0064,F00251,2025-10-01,False,0,0
E00388,C0074,P0064,F00251,2025-11-01,False,0,0
E00388,C0074,P0064,F00251,2025-12-01,False,0,0
E00388,C0074,P0064,F00251,2026-01-01,False,0,0
E00388,C0074,P0064,F01496,2026-02-01,True,0,0
E00388,C0074,P0064,F00251,2026-03-01,False,0,0
E00388,C0074,P0064,F00251,2026-04-01,False,0,0
E00388,C0074,P0064,F00251,2026-05-01,False,0,0
E00388,C0074,P0064,F00251,2026-06-01,False,0,0
E00388,C0074,P0064,F00251,2026-07-01,False,0,0
E00388,C0074,P0064,F00251,2026-08-01,False,0,0
E00388,C0074,P0064,F00252,2025-09-01,True,82,5
E00388,C0074,P0064,F00252,2025-10-01,True,846,20
E00388,C0074,P0064,F00252,2025-11-01,True,295,56
E00388,C0074,P0064,F00252,2025-12-01,True,622,11
E00388,C0074,P0064,F00252,2026-01-01,True,728,7
E00388,C0074,P0064,F00252,2026-02-01,True,192,10
E00388,C0074,P0064,F00252,2026-03-01,True,371,6
E00388,C0074,P0064,F00252,2026-04-01,True,926,8
E00388,C0074,P0064,F00252,2026-05-01,True,62,11
E00388,C0074,P0064,F00252,2026-06-01,True,311,19
E00388,C0074,P0064,F00252,2026-07-01,True,224,17
E00388,C0074,P0064,F00252,2026-08-01,True,447,21
E00389,C0082,P0046,F00174,2025-06-01,True,398,6
E00389,C0082,P0046,F00174,2025-07-01,True,464,4
E00389,C0082,P0046,F00174,2025-08-01,True,37,6
E00389,C0082,P0046,F00174,2025-09-01,True,792,33
E00389,C0082,P0046,F00174,2025-10-01,True,80,20
E00389,C0082,P0046,F00174,2025-11-01,True,1057,4
E00389,C0082,P0046,F00174,2025-12-01,True,933,4
E00389,C0082,P0046,F00174,2026-01-01,True,333,14
E00389,C0082,P0046,F00174,2026-02-01,True,148,25
E00389,C0082,P0046,F00174,2026-03-01,True,360,18
E00389,C0082,P0046,F00174,2026-04-01,True,157,34
E00389,C0082,P0046,F00174,2026-05-01,True,530,15
E00389,C0082,P0046,F00175,2025-06-01,False,0,0
E00389,C0082,P0046,F00175,2025-07-01,False,0,0
E00389,C0082,P0046,F00175,2025-08-01,False,0,0
E00389,C0082,P0046,F00175,2025-09-01,False,0,0
E00389,C0082,P0046,F00175,2025-10-01,False,0,0
E00389,C0082,P0046,F00175,2025-11-01,False,0,0
E00389,C0082,P0046,F00175,2025-12-01,False,0,0
E00389,C0082,P0046,F00175,2026-01-01,False,0,0
E00389,C0082,P0046,F00175,2026-02-01,False,0,0
E00389,C0082,P0046,F00175,2026-03-01,False,0,0
E00389,C0082,P0046,F00175,2026-04-01,False,0,0
E00389,C0082,P0046,F00175,2026-05-01,False,0,0
E00389,C0082,P0046,F00176,2025-06-01,False,0,0
E00389,C0082,P0046,F00176,2025-07-01,False,0,0
E00389,C0082,P0046,F00176,2025-08-01,False,0,0
E00389,C0082,P0046,F00176,2025-09-01,False,0,0
E00389,C0082,P0046,F00176,2025-10-01,False,0,0
E00389,C0082,P0046,F00176,2025-11-01,False,0,0
E00389,C0082,P0046,F00176,2025-12-01,False,0,0
E00389,C0082,P0046,F00176,2026-01-01,False,0,0
E00389,C0082,P0046,F00176,2026-02-01,False,0,0
E00389,C0082,P0046,F00176,2026-03-01,False,0,0
E00389,C0082,P0046,F00176,2026-04-01,False,0,0
E00389,C0082,P0046,F00176,2026-05-01,False,0,0
E00389,C0082,P0046,F00177,2025-06-01,False,0,0
E00389,C0082,P0046,F00177,2025-07-01,False,0,0
E00389,C0082,P0046,F00177,2025-08-01,False,0,0
E00389,C0082,P0046,F00177,2025-09-01,False,0,0
E00389,C0082,P0046,F00177,2025-10-01,False,0,0
E00389,C0082,P0046,F00177,2025-11-01,False,0,0
E00389,C0082,P0046,F00177,2025-12-01,False,0,0
E00389,C0082,P0046,F00177,2026-01-01,False,0,0
E00389,C0082,P0046,F00177,2026-02-01,False,0,0
E00389,C0082,P0046,F00177,2026-03-01,False,0,0
E00389,C0082,P0046,F00177,2026-04-01,False,0,0
E00389,C0082,P0046,F00177,2026-05-01,False,0,0
E00390,C0083,P0116,F00447,2025-06-01,True,480,15
E00390,C0083,P0116,F00447,2025-07-01,True,612,8
E00390,C0083,P0116,F00447,2025-08-01,True,104,3
E00390,C0083,P0116,F00447,2025-09-01,True,384,30
E00390,C0083,P0116,F00447,2025-10-01,True,331,23
E00390,C0083,P0116,F00447,2025-11-01,True,342,28
E00390,C0083,P0116,F00447,2025-12-01,True,510,13
E00390,C0083,P0116,F00447,2026-01-01,True,767,14
E00390,C0083,P0116,F00447,2026-02-01,True,594,11
E00390,C0083,P0116,F00447,2026-03-01,True,480,4
E00390,C0083,P0116,F00448,2025-06-01,False,0,0
E00390,C0083,P0116,F00448,2025-07-01,False,0,0
E00390,C0083,P0116,F00448,2025-08-01,True,887,25
E00390,C0083,P0116,F00448,2025-09-01,True,285,10
E00390,C0083,P0116,F00448,2025-10-01,True,1213,8
E00390,C0083,P0116,F00448,2025-11-01,True,639,12
E00390,C0083,P0116,F01408,2025-12-01,True,88,15
E00390,C0083,P0116,F00448,2026-01-01,True,872,9
E00390,C0083,P0116,F00448,2026-02-01,True,126,19
E00390,C0083,P0116,F00448,2026-03-01,True,92,3
E00390,C0083,P0116,F00449,2025-06-01,False,0,0
E00390,C0083,P0116,F00449,2025-07-01,False,0,0
E00390,C0083,P0116,F00449,2025-08-01,True,1255,22
E00390,C0083,P0116,F00449,2025-09-01,True,396,15
E00390,C0083,P0116,F00449,2025-10-01,True,166,12
E00390,C0083,P0116,F00449,2025-11-01,True,139,4
E00390,C0083,P0116,F00449,2025-12-01,True,702,8
E00390,C0083,P0116,F00449,2026-01-01,True,225,14
E00390,C0083,P0116,F00449,2026-02-01,True,217,9
E00390,C0083,P0116,F00449,2026-03-01,True,1135,3
E00391,C0004,P0054,F00206,2025-06-01,False,0,0
E00391,C0004,P0054,F00206,2025-07-01,False,0,0
E00391,C0004,P0054,F00206,2025-08-01,False,0,0
E00391,C0004,P0054,F00206,2025-09-01,False,0,0
E00391,C0004,P0054,F00206,2025-10-01,False,0,0
E00391,C0004,P0054,F00206,2025-11-01,False,0,0
E00391,C0004,P0054,F00206,2025-12-01,False,0,0
E00391,C0004,P0054,F00206,2026-01-01,False,0,0
E00391,C0004,P0054,F00206,2026-02-01,False,0,0
E00391,C0004,P0054,F00206,2026-03-01,False,0,0
E00391,C0004,P0054,F00206,2026-04-01,False,0,0
E00391,C0004,P0054,F00206,2026-05-01,False,0,0
E00391,C0004,P0054,F00207,2025-06-01,False,0,0
E00391,C0004,P0054,F00207,2025-07-01,False,0,0
E00391,C0004,P0054,F00207,2025-08-01,False,0,0
E00391,C0004,P0054,F00207,2025-09-01,False,0,0
E00391,C0004,P0054,F00207,2025-10-01,False,0,0
E00391,C0004,P0054,F00207,2025-11-01,False,0,0
E00391,C0004,P0054,F00207,2025-12-01,False,0,0
E00391,C0004,P0054,F00774,2026-01-01,True,0,0
E00391,C0004,P0054,F00207,2026-02-01,False,0,0
E00391,C0004,P0054,F00207,2026-03-01,False,0,0
E00391,C0004,P0054,F00207,2026-04-01,False,0,0
E00391,C0004,P0054,F00207,2026-05-01,False,0,0
E00391,C0004,P0054,F00208,2025-06-01,False,0,0
E00391,C0004,P0054,F00208,2025-07-01,False,0,0
E00391,C0004,P0054,F00208,2025-08-01,False,0,0
E00391,C0004,P0054,F00208,2025-09-01,False,0,0
E00391,C0004,P0054,F00208,2025-10-01,False,0,0
E00391,C0004,P0054,F00208,2025-11-01,False,0,0
E00391,C0004,P0054,F00208,2025-12-01,False,0,0
E00391,C0004,P0054,F00208,2026-01-01,False,0,0
E00391,C0004,P0054,F00208,2026-02-01,False,0,0
E00391,C0004,P0054,F00208,2026-03-01,False,0,0
E00391,C0004,P0054,F00208,2026-04-01,False,0,0
E00391,C0004,P0054,F00208,2026-05-01,False,0,0
E00391,C0004,P0054,F00209,2025-06-01,False,0,0
E00391,C0004,P0054,F00209,2025-07-01,False,0,0
E00391,C0004,P0054,F00209,2025-08-01,False,0,0
E00391,C0004,P0054,F00209,2025-09-01,False,0,0
E00391,C0004,P0054,F00209,2025-10-01,False,0,0
E00391,C0004,P0054,F00209,2025-11-01,False,0,0
E00391,C0004,P0054,F00209,2025-12-01,False,0,0
E00391,C0004,P0054,F00209,2026-01-01,False,0,0
E00391,C0004,P0054,F00209,2026-02-01,False,0,0
E00391,C0004,P0054,F00209,2026-03-01,False,0,0
E00391,C0004,P0054,F00209,2026-04-01,False,0,0
E00391,C0004,P0054,F00209,2026-05-01,False,0,0
E00392,C0005,P0414,F01656,2025-11-01,False,0,0
E00392,C0005,P0414,F01656,2025-12-01,True,1016,60
E00392,C0005,P0414,F01656,2026-01-01,True,105,4
E00392,C0005,P0414,F01656,2026-02-01,True,570,12
E00392,C0005,P0414,F01656,2026-03-01,True,192,25
E00392,C0005,P0414,F01656,2026-04-01,True,275,13
E00392,C0005,P0414,F01656,2026-05-01,True,627,15
E00392,C0005,P0414,F01656,2026-06-01,True,374,18
E00392,C0005,P0414,F01656,2026-07-01,True,84,22
E00392,C0005,P0414,F01656,2026-08-01,False,0,0
E00392,C0005,P0414,F01657,2025-11-01,False,0,0
E00392,C0005,P0414,F01657,2025-12-01,False,0,0
E00392,C0005,P0414,F01657,2026-01-01,False,0,0
E00392,C0005,P0414,F01657,2026-02-01,False,0,0
E00392,C0005,P0414,F01657,2026-03-01,False,0,0
E00392,C0005,P0414,F01931,2026-04-01,True,292,17
E00392,C0005,P0414,F01657,2026-05-01,True,362,7
E00392,C0005,P0414,F01657,2026-06-01,True,341,13
E00392,C0005,P0414,F01657,2026-07-01,True,522,13
E00392,C0005,P0414,F01657,2026-08-01,False,0,0
E00392,C0005,P0414,F01658,2025-11-01,False,0,0
E00392,C0005,P0414,F01658,2025-12-01,False,0,0
E00392,C0005,P0414,F01658,2026-01-01,False,0,0
E00392,C0005,P0414,F01658,2026-02-01,True,211,5
E00392,C0005,P0414,F01658,2026-03-01,True,165,9
E00392,C0005,P0414,F01658,2026-04-01,True,587,17
E00392,C0005,P0414,F01658,2026-05-01,True,235,11
E00392,C0005,P0414,F01658,2026-06-01,True,92,8
E00392,C0005,P0414,F01658,2026-07-01,True,234,6
E00392,C0005,P0414,F01658,2026-08-01,True,407,32
E00393,C0020,P0312,F01246,2025-06-01,False,0,0
E00393,C0020,P0312,F01246,2025-07-01,True,392,23
E00393,C0020,P0312,F01246,2025-08-01,True,702,7
E00393,C0020,P0312,F01246,2025-09-01,True,652,33
E00393,C0020,P0312,F01246,2025-10-01,True,123,20
E00393,C0020,P0312,F01246,2025-11-01,True,355,6
E00393,C0020,P0312,F01246,2025-12-01,True,499,14
E00393,C0020,P0312,F01246,2026-01-01,True,1614,7
E00393,C0020,P0312,F01246,2026-02-01,True,391,11
E00393,C0020,P0312,F01246,2026-03-01,True,219,5
E00393,C0020,P0312,F01246,2026-04-01,True,270,10
E00393,C0020,P0312,F01247,2025-06-01,False,0,0
E00393,C0020,P0312,F01247,2025-07-01,False,0,0
E00393,C0020,P0312,F01247,2025-08-01,False,0,0
E00393,C0020,P0312,F01247,2025-09-01,False,0,0
E00393,C0020,P0312,F01247,2025-10-01,False,0,0
E00393,C0020,P0312,F01247,2025-11-01,False,0,0
E00393,C0020,P0312,F01247,2025-12-01,False,0,0
E00393,C0020,P0312,F01247,2026-01-01,False,0,0
E00393,C0020,P0312,F01247,2026-02-01,True,158,20
E00393,C0020,P0312,F01247,2026-03-01,True,546,4
E00393,C0020,P0312,F01247,2026-04-01,True,266,12
E00393,C0020,P0312,F01248,2025-06-01,False,0,0
E00393,C0020,P0312,F01248,2025-07-01,True,626,10
E00393,C0020,P0312,F01248,2025-08-01,True,601,14
E00393,C0020,P0312,F01248,2025-09-01,True,652,6
E00393,C0020,P0312,F01248,2025-10-01,True,558,10
E00393,C0020,P0312,F01248,2025-11-01,True,802,6
E00393,C0020,P0312,F01248,2025-12-01,True,485,11
E00393,C0020,P0312,F01248,2026-01-01,True,328,8
E00393,C0020,P0312,F01248,2026-02-01,True,293,31
E00393,C0020,P0312,F01248,2026-03-01,False,0,0
E00393,C0020,P0312,F01248,2026-04-01,True,321,29
E00394,C0007,P0200,F00785,2025-06-01,True,328,12
E00394,C0007,P0200,F00785,2025-07-01,True,374,30
E00394,C0007,P0200,F00785,2025-08-01,True,674,7
E00394,C0007,P0200,F00785,2025-09-01,False,0,0
E00394,C0007,P0200,F00785,2025-10-01,False,0,0
E00394,C0007,P0200,F00785,2025-11-01,False,0,0
E00394,C0007,P0200,F00785,2025-12-01,False,0,0
E00394,C0007,P0200,F00785,2026-01-01,False,0,0
E00394,C0007,P0200,F00786,2025-06-01,True,97,8
E00394,C0007,P0200,F00786,2025-07-01,True,903,4
E00394,C0007,P0200,F00786,2025-08-01,True,102,6
E00394,C0007,P0200,F00786,2025-09-01,False,0,0
E00394,C0007,P0200,F00786,2025-10-01,False,0,0
E00394,C0007,P0200,F00786,2025-11-01,False,0,0
E00394,C0007,P0200,F00440,2025-12-01,True,0,0
E00394,C0007,P0200,F00786,2026-01-01,False,0,0
E00394,C0007,P0200,F00787,2025-06-01,False,0,0
E00394,C0007,P0200,F00787,2025-07-01,False,0,0
E00394,C0007,P0200,F00787,2025-08-01,False,0,0
E00394,C0007,P0200,F00787,2025-09-01,False,0,0
E00394,C0007,P0200,F00787,2025-10-01,False,0,0
E00394,C0007,P0200,F00787,2025-11-01,False,0,0
E00394,C0007,P0200,F00787,2025-12-01,False,0,0
E00394,C0007,P0200,F00787,2026-01-01,False,0,0
E00394,C0007,P0200,F00788,2025-06-01,False,0,0
E00394,C0007,P0200,F00788,2025-07-01,False,0,0
E00394,C0007,P0200,F00788,2025-08-01,False,0,0
E00394,C0007,P0200,F00788,2025-09-01,False,0,0
E00394,C0007,P0200,F01176,2025-10-01,True,0,0
E00394,C0007,P0200,F00788,2025-11-01,False,0,0
E00394,C0007,P0200,F00788,2025-12-01,False,0,0
E00394,C0007,P0200,F00788,2026-01-01,False,0,0
E00394,C0007,P0200,F00789,2025-06-01,False,0,0
E00394,C0007,P0200,F00789,2025-07-01,False,0,0
E00394,C0007,P0200,F00789,2025-08-01,False,0,0
E00394,C0007,P0200,F00789,2025-09-01,False,0,0
E00394,C0007,P0200,F00789,2025-10-01,False,0,0
E00394,C0007,P0200,F00789,2025-11-01,False,0,0
E00394,C0007,P0200,F00789,2025-12-01,False,0,0
E00394,C0007,P0200,F00789,2026-01-01,False,0,0
E00395,C0039,P0066,F00256,2025-11-01,True,157,5
E00395,C0039,P0066,F00256,2025-12-01,True,57,12
E00395,C0039,P0066,F00256,2026-01-01,True,495,9
E00395,C0039,P0066,F00256,2026-02-01,True,99,6
E00395,C0039,P0066,F00256,2026-03-01,True,484,15
E00395,C0039,P0066,F00256,2026-04-01,True,60,11
E00395,C0039,P0066,F00256,2026-05-01,True,202,10
E00395,C0039,P0066,F00256,2026-06-01,True,107,2
E00395,C0039,P0066,F00256,2026-07-01,True,313,10
E00395,C0039,P0066,F00256,2026-08-01,False,0,0
E00395,C0039,P0066,F00257,2025-11-01,False,0,0
E00395,C0039,P0066,F00257,2025-12-01,False,0,0
E00395,C0039,P0066,F00257,2026-01-01,False,0,0
E00395,C0039,P0066,F00257,2026-02-01,False,0,0
E00395,C0039,P0066,F00257,2026-03-01,True,173,28
E00395,C0039,P0066,F00257,2026-04-01,False,0,0
E00395,C0039,P0066,F00257,2026-05-01,True,197,6
E00395,C0039,P0066,F00257,2026-06-01,True,373,10
E00395,C0039,P0066,F00257,2026-07-01,True,197,14
E00395,C0039,P0066,F00257,2026-08-01,True,490,11
E00395,C0039,P0066,F00258,2025-11-01,False,0,0
E00395,C0039,P0066,F00258,2025-12-01,False,0,0
E00395,C0039,P0066,F00258,2026-01-01,False,0,0
E00395,C0039,P0066,F00258,2026-02-01,False,0,0
E00395,C0039,P0066,F00258,2026-03-01,False,0,0
E00395,C0039,P0066,F00258,2026-04-01,False,0,0
E00395,C0039,P0066,F00258,2026-05-01,False,0,0
E00395,C0039,P0066,F00258,2026-06-01,False,0,0
E00395,C0039,P0066,F00258,2026-07-01,False,0,0
E00395,C0039,P0066,F00258,2026-08-01,False,0,0
E00396,C0073,P0074,F00287,2025-08-01,False,0,0
E00396,C0073,P0074,F00287,2025-09-01,True,428,10
E00396,C0073,P0074,F00287,2025-10-01,True,339,3
E00396,C0073,P0074,F00287,2025-11-01,True,395,19
E00396,C0073,P0074,F00287,2025-12-01,True,428,8
E00396,C0073,P0074,F00287,2026-01-01,True,662,12
E00396,C0073,P0074,F00287,2026-02-01,True,195,19
E00396,C0073,P0074,F00287,2026-03-01,True,245,4
E00396,C0073,P0074,F00287,2026-04-01,True,176,7
E00396,C0073,P0074,F00287,2026-05-01,True,103,24
E00396,C0073,P0074,F00287,2026-06-01,True,68,15
E00396,C0073,P0074,F00287,2026-07-01,True,444,12
E00396,C0073,P0074,F00288,2025-08-01,False,0,0
E00396,C0073,P0074,F00288,2025-09-01,False,0,0
E00396,C0073,P0074,F00288,2025-10-01,False,0,0
E00396,C0073,P0074,F00288,2025-11-01,False,0,0
E00396,C0073,P0074,F00275,2025-12-01,True,489,9
E00396,C0073,P0074,F00288,2026-01-01,True,538,10
E00396,C0073,P0074,F00288,2026-02-01,True,264,4
E00396,C0073,P0074,F00288,2026-03-01,True,458,13
E00396,C0073,P0074,F00288,2026-04-01,True,354,17
E00396,C0073,P0074,F00288,2026-05-01,True,778,7
E00396,C0073,P0074,F00288,2026-06-01,True,552,4
E00396,C0073,P0074,F00288,2026-07-01,True,374,9
E00396,C0073,P0074,F00289,2025-08-01,False,0,0
E00396,C0073,P0074,F00289,2025-09-01,False,0,0
E00396,C0073,P0074,F00289,2025-10-01,False,0,0
E00396,C0073,P0074,F00289,2025-11-01,False,0,0
E00396,C0073,P0074,F00289,2025-12-01,False,0,0
E00396,C0073,P0074,F00289,2026-01-01,False,0,0
E00396,C0073,P0074,F00289,2026-02-01,False,0,0
E00396,C0073,P0074,F00289,2026-03-01,False,0,0
E00396,C0073,P0074,F00289,2026-04-01,False,0,0
E00396,C0073,P0074,F00289,2026-05-01,False,0,0
E00396,C0073,P0074,F00289,2026-06-01,False,0,0
E00396,C0073,P0074,F00289,2026-07-01,False,0,0
E00396,C0073,P0074,F00290,2025-08-01,False,0,0
E00396,C0073,P0074,F00290,2025-09-01,True,631,7
E00396,C0073,P0074,F00290,2025-10-01,True,806,9
E00396,C0073,P0074,F00290,2025-11-01,True,115,3
E00396,C0073,P0074,F00290,2025-12-01,True,591,3
E00396,C0073,P0074,F00290,2026-01-01,True,504,16
E00396,C0073,P0074,F00290,2026-02-01,True,193,12
E00396,C0073,P0074,F00290,2026-03-01,True,988,9
E00396,C0073,P0074,F00290,2026-04-01,True,85,6
E00396,C0073,P0074,F00290,2026-05-01,True,1072,17
E00396,C0073,P0074,F00290,2026-06-01,True,129,21
E00396,C0073,P0074,F00290,2026-07-01,True,794,7
E00397,C0014,P0328,F01311,2025-06-01,True,111,20
E00397,C0014,P0328,F01311,2025-07-01,True,1165,6
E00397,C0014,P0328,F01311,2025-08-01,True,591,6
E00397,C0014,P0328,F01311,2025-09-01,False,0,0
E00397,C0014,P0328,F01311,2025-10-01,True,194,12
E00397,C0014,P0328,F01311,2025-11-01,True,175,10
E00397,C0014,P0328,F01311,2025-12-01,True,812,3
E00397,C0014,P0328,F01311,2026-01-01,True,645,12
E00397,C0014,P0328,F01311,2026-02-01,True,494,11
E00397,C0014,P0328,F01311,2026-03-01,True,888,13
E00397,C0014,P0328,F01312,2025-06-01,False,0,0
E00397,C0014,P0328,F01312,2025-07-01,False,0,0
E00397,C0014,P0328,F01312,2025-08-01,False,0,0
E00397,C0014,P0328,F01312,2025-09-01,False,0,0
E00397,C0014,P0328,F01312,2025-10-01,False,0,0
E00397,C0014,P0328,F01312,2025-11-01,False,0,0
E00397,C0014,P0328,F01312,2025-12-01,False,0,0
E00397,C0014,P0328,F01312,2026-01-01,False,0,0
E00397,C0014,P0328,F01312,2026-02-01,False,0,0
E00397,C0014,P0328,F01312,2026-03-01,False,0,0
E00397,C0014,P0328,F01313,2025-06-01,False,0,0
E00397,C0014,P0328,F01313,2025-07-01,False,0,0
E00397,C0014,P0328,F01313,2025-08-01,False,0,0
E00397,C0014,P0328,F01313,2025-09-01,False,0,0
E00397,C0014,P0328,F01313,2025-10-01,False,0,0
E00397,C0014,P0328,F01313,2025-11-01,False,0,0
E00397,C0014,P0328,F01313,2025-12-01,False,0,0
E00397,C0014,P0328,F01313,2026-01-01,True,271,12
E00397,C0014,P0328,F01313,2026-02-01,True,259,6
E00397,C0014,P0328,F01313,2026-03-01,True,759,8
E00397,C0014,P0328,F01314,2025-06-01,True,71,14
E00397,C0014,P0328,F01314,2025-07-01,True,273,28
E00397,C0014,P0328,F01314,2025-08-01,True,557,27
E00397,C0014,P0328,F01314,2025-09-01,True,634,22
E00397,C0014,P0328,F01314,2025-10-01,True,478,19
E00397,C0014,P0328,F01314,2025-11-01,True,182,18
E00397,C0014,P0328,F01314,2025-12-01,False,0,0
E00397,C0014,P0328,F01314,2026-01-01,True,109,10
E00397,C0014,P0328,F01314,2026-02-01,True,227,13
E00397,C0014,P0328,F01314,2026-03-01,True,255,4
E00397,C0014,P0328,F01315,2025-06-01,False,0,0
E00397,C0014,P0328,F01315,2025-07-01,False,0,0
E00397,C0014,P0328,F01315,2025-08-01,False,0,0
E00397,C0014,P0328,F01315,2025-09-01,False,0,0
E00397,C0014,P0328,F01315,2025-10-01,False,0,0
E00397,C0014,P0328,F01315,2025-11-01,False,0,0
E00397,C0014,P0328,F01315,2025-12-01,False,0,0
E00397,C0014,P0328,F01315,2026-01-01,False,0,0
E00397,C0014,P0328,F01315,2026-02-01,False,0,0
E00397,C0014,P0328,F01315,2026-03-01,False,0,0
E00398,C0023,P0094,F00364,2025-06-01,True,104,4
E00398,C0023,P0094,F00364,2025-07-01,True,448,13
E00398,C0023,P0094,F00364,2025-08-01,True,254,14
E00398,C0023,P0094,F00364,2025-09-01,True,321,14
E00398,C0023,P0094,F00364,2025-10-01,True,364,18
E00398,C0023,P0094,F00364,2025-11-01,True,179,2
E00398,C0023,P0094,F00364,2025-12-01,True,324,11
E00398,C0023,P0094,F00364,2026-01-01,True,146,5
E00398,C0023,P0094,F00364,2026-02-01,True,546,16
E00398,C0023,P0094,F00365,2025-06-01,False,0,0
E00398,C0023,P0094,F00365,2025-07-01,False,0,0
E00398,C0023,P0094,F00365,2025-08-01,False,0,0
E00398,C0023,P0094,F00365,2025-09-01,False,0,0
E00398,C0023,P0094,F00365,2025-10-01,False,0,0
E00398,C0023,P0094,F00365,2025-11-01,True,313,3
E00398,C0023,P0094,F00365,2025-12-01,True,531,11
E00398,C0023,P0094,F00365,2026-01-01,True,231,20
E00398,C0023,P0094,F00365,2026-02-01,True,28,10
E00398,C0023,P0094,F00366,2025-06-01,False,0,0
E00398,C0023,P0094,F00366,2025-07-01,False,0,0
E00398,C0023,P0094,F00366,2025-08-01,False,0,0
E00398,C0023,P0094,F00366,2025-09-01,False,0,0
E00398,C0023,P0094,F00366,2025-10-01,True,536,4
E00398,C0023,P0094,F00366,2025-11-01,True,100,30
E00398,C0023,P0094,F00366,2025-12-01,True,552,25
E00398,C0023,P0094,F00366,2026-01-01,True,663,13
E00398,C0023,P0094,F00366,2026-02-01,False,0,0
E00398,C0023,P0094,F00367,2025-06-01,False,0,0
E00398,C0023,P0094,F00367,2025-07-01,False,0,0
E00398,C0023,P0094,F00367,2025-08-01,False,0,0
E00398,C0023,P0094,F00367,2025-09-01,True,1157,12
E00398,C0023,P0094,F00367,2025-10-01,True,327,19
E00398,C0023,P0094,F00785,2025-11-01,True,705,14
E00398,C0023,P0094,F00367,2025-12-01,True,231,19
E00398,C0023,P0094,F00367,2026-01-01,True,227,11
E00398,C0023,P0094,F00367,2026-02-01,True,169,5
E00399,C0036,P0220,F00869,2025-07-01,True,320,13
E00399,C0036,P0220,F00869,2025-08-01,True,1128,6
E00399,C0036,P0220,F00869,2025-09-01,False,0,0
E00399,C0036,P0220,F00869,2025-10-01,True,383,10
E00399,C0036,P0220,F00869,2025-11-01,True,477,8
E00399,C0036,P0220,F00869,2025-12-01,True,559,5
E00399,C0036,P0220,F00869,2026-01-01,True,358,13
E00399,C0036,P0220,F00869,2026-02-01,True,733,16
E00399,C0036,P0220,F00869,2026-03-01,True,352,5
E00399,C0036,P0220,F00869,2026-04-01,True,1220,6
E00399,C0036,P0220,F00869,2026-05-01,True,120,6
E00399,C0036,P0220,F00869,2026-06-01,True,98,13
E00399,C0036,P0220,F00870,2025-07-01,False,0,0
E00399,C0036,P0220,F00870,2025-08-01,False,0,0
E00399,C0036,P0220,F00870,2025-09-01,False,0,0
E00399,C0036,P0220,F00870,2025-10-01,False,0,0
E00399,C0036,P0220,F00870,2025-11-01,False,0,0
E00399,C0036,P0220,F00870,2025-12-01,False,0,0
E00399,C0036,P0220,F00870,2026-01-01,False,0,0
E00399,C0036,P0220,F00870,2026-02-01,False,0,0
E00399,C0036,P0220,F00870,2026-03-01,False,0,0
E00399,C0036,P0220,F00870,2026-04-01,False,0,0
E00399,C0036,P0220,F00870,2026-05-01,False,0,0
E00399,C0036,P0220,F00870,2026-06-01,False,0,0
E00399,C0036,P0220,F00871,2025-07-01,False,0,0
E00399,C0036,P0220,F00871,2025-08-01,False,0,0
E00399,C0036,P0220,F00871,2025-09-01,False,0,0
E00399,C0036,P0220,F00871,2025-10-01,False,0,0
E00399,C0036,P0220,F00871,2025-11-01,True,351,9
E00399,C0036,P0220,F00871,2025-12-01,True,325,7
E00399,C0036,P0220,F00871,2026-01-01,True,52,19
E00399,C0036,P0220,F00871,2026-02-01,True,248,3
E00399,C0036,P0220,F00871,2026-03-01,False,0,0
E00399,C0036,P0220,F00871,2026-04-01,True,69,23
E00399,C0036,P0220,F00871,2026-05-01,True,270,8
E00399,C0036,P0220,F00871,2026-06-01,True,494,7
E00400,C0022,P0161,F00629,2025-06-01,True,96,6
E00400,C0022,P0161,F00629,2025-07-01,True,419,6
E00400,C0022,P0161,F00629,2025-08-01,True,172,4
E00400,C0022,P0161,F00629,2025-09-01,True,463,12
E00400,C0022,P0161,F00629,2025-10-01,True,506,9
E00400,C0022,P0161,F00629,2025-11-01,True,246,5
E00400,C0022,P0161,F00629,2025-12-01,True,272,3
E00400,C0022,P0161,F00630,2025-06-01,False,0,0
E00400,C0022,P0161,F00630,2025-07-01,False,0,0
E00400,C0022,P0161,F00630,2025-08-01,False,0,0
E00400,C0022,P0161,F00630,2025-09-01,False,0,0
E00400,C0022,P0161,F00630,2025-10-01,False,0,0
E00400,C0022,P0161,F00630,2025-11-01,False,0,0
E00400,C0022,P0161,F00630,2025-12-01,False,0,0
E00400,C0022,P0161,F00631,2025-06-01,False,0,0
E00400,C0022,P0161,F00631,2025-07-01,False,0,0
E00400,C0022,P0161,F00631,2025-08-01,True,434,7
E00400,C0022,P0161,F00631,2025-09-01,True,719,10
E00400,C0022,P0161,F00631,2025-10-01,True,50,11
E00400,C0022,P0161,F00631,2025-11-01,True,1242,13
E00400,C0022,P0161,F00631,2025-12-01,True,599,22
E00400,C0022,P0161,F00632,2025-06-01,False,0,0
E00400,C0022,P0161,F00632,2025-07-01,False,0,0
E00400,C0022,P0161,F00632,2025-08-01,False,0,0
E00400,C0022,P0161,F00632,2025-09-01,False,0,0
E00400,C0022,P0161,F00632,2025-10-01,False,0,0
E00400,C0022,P0161,F00632,2025-11-01,False,0,0
E00400,C0022,P0161,F00632,2025-12-01,False,0,0
E00400,C0022,P0161,F00633,2025-06-01,False,0,0
E00400,C0022,P0161,F00633,2025-07-01,False,0,0
E00400,C0022,P0161,F00633,2025-08-01,True,166,9
E00400,C0022,P0161,F00633,2025-09-01,True,174,16
E00400,C0022,P0161,F00633,2025-10-01,True,176,9
E00400,C0022,P0161,F00633,2025-11-01,True,584,15
E00400,C0022,P0161,F00633,2025-12-01,True,389,22
E00401,C0053,P0085,F00330,2025-06-01,True,582,6
E00401,C0053,P0085,F00330,2025-07-01,True,99,5
E00401,C0053,P0085,F00330,2025-08-01,True,607,13
E00401,C0053,P0085,F00330,2025-09-01,False,0,0
E00401,C0053,P0085,F00330,2025-10-01,False,0,0
E00401,C0053,P0085,F00330,2025-11-01,False,0,0
E00401,C0053,P0085,F00330,2025-12-01,False,0,0
E00401,C0053,P0085,F00331,2025-06-01,False,0,0
E00401,C0053,P0085,F00331,2025-07-01,False,0,0
E00401,C0053,P0085,F00331,2025-08-01,False,0,0
E00401,C0053,P0085,F00331,2025-09-01,False,0,0
E00401,C0053,P0085,F00331,2025-10-01,False,0,0
E00401,C0053,P0085,F00331,2025-11-01,False,0,0
E00401,C0053,P0085,F00331,2025-12-01,False,0,0
E00401,C0053,P0085,F00332,2025-06-01,False,0,0
E00401,C0053,P0085,F00332,2025-07-01,False,0,0
E00401,C0053,P0085,F00332,2025-08-01,False,0,0
E00401,C0053,P0085,F00332,2025-09-01,False,0,0
E00401,C0053,P0085,F00332,2025-10-01,False,0,0
E00401,C0053,P0085,F00332,2025-11-01,False,0,0
E00401,C0053,P0085,F00332,2025-12-01,False,0,0
E00402,C0039,P0006,F00021,2025-06-01,False,0,0
E00402,C0039,P0006,F00021,2025-07-01,True,782,14
E00402,C0039,P0006,F00021,2025-08-01,False,0,0
E00402,C0039,P0006,F00021,2025-09-01,True,591,12
E00402,C0039,P0006,F00021,2025-10-01,True,207,6
E00402,C0039,P0006,F00021,2025-11-01,True,161,6
E00402,C0039,P0006,F00021,2025-12-01,True,796,15
E00402,C0039,P0006,F00021,2026-01-01,False,0,0
E00402,C0039,P0006,F00021,2026-02-01,True,302,13
E00402,C0039,P0006,F00021,2026-03-01,True,463,23
E00402,C0039,P0006,F00022,2025-06-01,False,0,0
E00402,C0039,P0006,F00022,2025-07-01,False,0,0
E00402,C0039,P0006,F00022,2025-08-01,False,0,0
E00402,C0039,P0006,F00022,2025-09-01,False,0,0
E00402,C0039,P0006,F00022,2025-10-01,False,0,0
E00402,C0039,P0006,F00022,2025-11-01,True,279,12
E00402,C0039,P0006,F00022,2025-12-01,True,594,6
E00402,C0039,P0006,F00022,2026-01-01,True,890,16
E00402,C0039,P0006,F00022,2026-02-01,True,159,30
E00402,C0039,P0006,F00022,2026-03-01,True,778,15
E00402,C0039,P0006,F00023,2025-06-01,False,0,0
E00402,C0039,P0006,F00023,2025-07-01,False,0,0
E00402,C0039,P0006,F00023,2025-08-01,False,0,0
E00402,C0039,P0006,F00023,2025-09-01,False,0,0
E00402,C0039,P0006,F00023,2025-10-01,False,0,0
E00402,C0039,P0006,F00023,2025-11-01,False,0,0
E00402,C0039,P0006,F00023,2025-12-01,False,0,0
E00402,C0039,P0006,F00023,2026-01-01,False,0,0
E00402,C0039,P0006,F00023,2026-02-01,False,0,0
E00402,C0039,P0006,F00023,2026-03-01,False,0,0
E00403,C0092,P0264,F01051,2025-11-01,False,0,0
E00403,C0092,P0264,F01051,2025-12-01,False,0,0
E00403,C0092,P0264,F01051,2026-01-01,False,0,0
E00403,C0092,P0264,F00440,2026-02-01,True,0,0
E00403,C0092,P0264,F01051,2026-03-01,False,0,0
E00403,C0092,P0264,F01051,2026-04-01,False,0,0
E00403,C0092,P0264,F01051,2026-05-01,False,0,0
E00403,C0092,P0264,F01051,2026-06-01,False,0,0
E00403,C0092,P0264,F01051,2026-07-01,False,0,0
E00403,C0092,P0264,F01051,2026-08-01,False,0,0
E00403,C0092,P0264,F01052,2025-11-01,False,0,0
E00403,C0092,P0264,F01052,2025-12-01,False,0,0
E00403,C0092,P0264,F01052,2026-01-01,False,0,0
E00403,C0092,P0264,F01052,2026-02-01,False,0,0
E00403,C0092,P0264,F01052,2026-03-01,False,0,0
E00403,C0092,P0264,F01052,2026-04-01,False,0,0
E00403,C0092,P0264,F01052,2026-05-01,False,0,0
E00403,C0092,P0264,F01052,2026-06-01,False,0,0
E00403,C0092,P0264,F01052,2026-07-01,False,0,0
E00403,C0092,P0264,F01052,2026-08-01,False,0,0
E00403,C0092,P0264,F01053,2025-11-01,False,0,0
E00403,C0092,P0264,F01053,2025-12-01,False,0,0
E00403,C0092,P0264,F01053,2026-01-01,False,0,0
E00403,C0092,P0264,F01053,2026-02-01,False,0,0
E00403,C0092,P0264,F01053,2026-03-01,False,0,0
E00403,C0092,P0264,F01053,2026-04-01,False,0,0
E00403,C0092,P0264,F01053,2026-05-01,False,0,0
E00403,C0092,P0264,F00916,2026-06-01,True,0,0
E00403,C0092,P0264,F01053,2026-07-01,False,0,0
E00403,C0092,P0264,F01053,2026-08-01,False,0,0
E00403,C0092,P0264,F01054,2025-11-01,False,0,0
E00403,C0092,P0264,F01054,2025-12-01,False,0,0
E00403,C0092,P0264,F01054,2026-01-01,False,0,0
E00403,C0092,P0264,F01054,2026-02-01,False,0,0
E00403,C0092,P0264,F01054,2026-03-01,False,0,0
E00403,C0092,P0264,F01054,2026-04-01,False,0,0
E00403,C0092,P0264,F01054,2026-05-01,False,0,0
E00403,C0092,P0264,F01054,2026-06-01,False,0,0
E00403,C0092,P0264,F01054,2026-07-01,False,0,0
E00403,C0092,P0264,F01054,2026-08-01,False,0,0
E00404,C0025,P0382,F01531,2025-09-01,False,0,0
E00404,C0025,P0382,F01531,2025-10-01,True,58,7
E00404,C0025,P0382,F01531,2025-11-01,True,391,12
E00404,C0025,P0382,F01531,2025-12-01,True,368,4
E00404,C0025,P0382,F01531,2026-01-01,True,290,9
E00404,C0025,P0382,F01531,2026-02-01,True,46,15
E00404,C0025,P0382,F01531,2026-03-01,True,956,9
E00404,C0025,P0382,F01531,2026-04-01,True,529,5
E00404,C0025,P0382,F01531,2026-05-01,True,449,13
E00404,C0025,P0382,F01531,2026-06-01,True,721,23
E00404,C0025,P0382,F01531,2026-07-01,True,525,6
E00404,C0025,P0382,F01531,2026-08-01,True,204,23
E00404,C0025,P0382,F01532,2025-09-01,False,0,0
E00404,C0025,P0382,F01532,2025-10-01,False,0,0
E00404,C0025,P0382,F01532,2025-11-01,False,0,0
E00404,C0025,P0382,F01532,2025-12-01,False,0,0
E00404,C0025,P0382,F01532,2026-01-01,False,0,0
E00404,C0025,P0382,F01532,2026-02-01,False,0,0
E00404,C0025,P0382,F01532,2026-03-01,False,0,0
E00404,C0025,P0382,F01532,2026-04-01,False,0,0
E00404,C0025,P0382,F01532,2026-05-01,False,0,0
E00404,C0025,P0382,F01532,2026-06-01,False,0,0
E00404,C0025,P0382,F01532,2026-07-01,False,0,0
E00404,C0025,P0382,F01532,2026-08-01,False,0,0
E00404,C0025,P0382,F01533,2025-09-01,False,0,0
E00404,C0025,P0382,F01533,2025-10-01,False,0,0
E00404,C0025,P0382,F01533,2025-11-01,False,0,0
E00404,C0025,P0382,F01533,2025-12-01,False,0,0
E00404,C0025,P0382,F01533,2026-01-01,False,0,0
E00404,C0025,P0382,F01533,2026-02-01,False,0,0
E00404,C0025,P0382,F01533,2026-03-01,False,0,0
E00404,C0025,P0382,F01533,2026-04-01,False,0,0
E00404,C0025,P0382,F01533,2026-05-01,False,0,0
E00404,C0025,P0382,F01533,2026-06-01,False,0,0
E00404,C0025,P0382,F01533,2026-07-01,False,0,0
E00404,C0025,P0382,F01533,2026-08-01,False,0,0
E00404,C0025,P0382,F01534,2025-09-01,False,0,0
E00404,C0025,P0382,F01534,2025-10-01,False,0,0
E00404,C0025,P0382,F01534,2025-11-01,False,0,0
E00404,C0025,P0382,F01534,2025-12-01,True,132,7
E00404,C0025,P0382,F01534,2026-01-01,True,498,26
E00404,C0025,P0382,F01534,2026-02-01,True,986,1
E00404,C0025,P0382,F01534,2026-03-01,True,438,10
E00404,C0025,P0382,F01534,2026-04-01,True,182,1
E00404,C0025,P0382,F01534,2026-05-01,False,0,0
E00404,C0025,P0382,F01534,2026-06-01,True,345,4
E00404,C0025,P0382,F01534,2026-07-01,True,485,11
E00404,C0025,P0382,F01534,2026-08-01,False,0,0
E00404,C0025,P0382,F01535,2025-09-01,False,0,0
E00404,C0025,P0382,F01535,2025-10-01,False,0,0
E00404,C0025,P0382,F01535,2025-11-01,False,0,0
E00404,C0025,P0382,F01535,2025-12-01,False,0,0
E00404,C0025,P0382,F01535,2026-01-01,False,0,0
E00404,C0025,P0382,F01535,2026-02-01,False,0,0
E00404,C0025,P0382,F01535,2026-03-01,False,0,0
E00404,C0025,P0382,F01535,2026-04-01,False,0,0
E00404,C0025,P0382,F01535,2026-05-01,True,59,9
E00404,C0025,P0382,F01535,2026-06-01,True,97,12
E00404,C0025,P0382,F01535,2026-07-01,True,560,8
E00404,C0025,P0382,F01535,2026-08-01,False,0,0
E00405,C0099,P0379,F01518,2025-11-01,False,0,0
E00405,C0099,P0379,F01518,2025-12-01,False,0,0
E00405,C0099,P0379,F01518,2026-01-01,False,0,0
E00405,C0099,P0379,F01518,2026-02-01,False,0,0
E00405,C0099,P0379,F01518,2026-03-01,False,0,0
E00405,C0099,P0379,F01518,2026-04-01,False,0,0
E00405,C0099,P0379,F01518,2026-05-01,False,0,0
E00405,C0099,P0379,F01518,2026-06-01,False,0,0
E00405,C0099,P0379,F01518,2026-07-01,False,0,0
E00405,C0099,P0379,F01518,2026-08-01,False,0,0
E00405,C0099,P0379,F01519,2025-11-01,False,0,0
E00405,C0099,P0379,F01519,2025-12-01,False,0,0
E00405,C0099,P0379,F01519,2026-01-01,False,0,0
E00405,C0099,P0379,F01519,2026-02-01,False,0,0
E00405,C0099,P0379,F01519,2026-03-01,False,0,0
E00405,C0099,P0379,F01519,2026-04-01,False,0,0
E00405,C0099,P0379,F01519,2026-05-01,False,0,0
E00405,C0099,P0379,F01519,2026-06-01,False,0,0
E00405,C0099,P0379,F01519,2026-07-01,False,0,0
E00405,C0099,P0379,F01519,2026-08-01,False,0,0
E00405,C0099,P0379,F01520,2025-11-01,False,0,0
E00405,C0099,P0379,F01520,2025-12-01,False,0,0
E00405,C0099,P0379,F01520,2026-01-01,False,0,0
E00405,C0099,P0379,F01520,2026-02-01,False,0,0
E00405,C0099,P0379,F01520,2026-03-01,False,0,0
E00405,C0099,P0379,F01520,2026-04-01,False,0,0
E00405,C0099,P0379,F01520,2026-05-01,False,0,0
E00405,C0099,P0379,F01520,2026-06-01,False,0,0
E00405,C0099,P0379,F01520,2026-07-01,False,0,0
E00405,C0099,P0379,F01520,2026-08-01,False,0,0
E00405,C0099,P0379,F01521,2025-11-01,False,0,0
E00405,C0099,P0379,F01521,2025-12-01,False,0,0
E00405,C0099,P0379,F01521,2026-01-01,False,0,0
E00405,C0099,P0379,F01521,2026-02-01,False,0,0
E00405,C0099,P0379,F01521,2026-03-01,False,0,0
E00405,C0099,P0379,F01521,2026-04-01,False,0,0
E00405,C0099,P0379,F01521,2026-05-01,False,0,0
E00405,C0099,P0379,F01521,2026-06-01,False,0,0
E00405,C0099,P0379,F01521,2026-07-01,False,0,0
E00405,C0099,P0379,F01521,2026-08-01,False,0,0
E00406,C0022,P0188,F00737,2025-06-01,True,784,12
E00406,C0022,P0188,F00737,2025-07-01,True,361,10
E00406,C0022,P0188,F00737,2025-08-01,True,303,9
E00406,C0022,P0188,F00737,2025-09-01,True,126,25
E00406,C0022,P0188,F00737,2025-10-01,True,300,27
E00406,C0022,P0188,F00737,2025-11-01,True,553,9
E00406,C0022,P0188,F00737,2025-12-01,True,391,16
E00406,C0022,P0188,F00737,2026-01-01,True,673,10
E00406,C0022,P0188,F00738,2025-06-01,False,0,0
E00406,C0022,P0188,F00738,2025-07-01,False,0,0
E00406,C0022,P0188,F00738,2025-08-01,True,634,15
E00406,C0022,P0188,F00738,2025-09-01,True,563,18
E00406,C0022,P0188,F00738,2025-10-01,True,226,23
E00406,C0022,P0188,F00738,2025-11-01,True,459,19
E00406,C0022,P0188,F00738,2025-12-01,True,356,12
E00406,C0022,P0188,F00738,2026-01-01,True,225,5
E00406,C0022,P0188,F00739,2025-06-01,False,0,0
E00406,C0022,P0188,F00739,2025-07-01,False,0,0
E00406,C0022,P0188,F00739,2025-08-01,False,0,0
E00406,C0022,P0188,F00739,2025-09-01,False,0,0
E00406,C0022,P0188,F00739,2025-10-01,False,0,0
E00406,C0022,P0188,F00739,2025-11-01,False,0,0
E00406,C0022,P0188,F00739,2025-12-01,False,0,0
E00406,C0022,P0188,F00739,2026-01-01,False,0,0
E00406,C0022,P0188,F00740,2025-06-01,True,312,16
E00406,C0022,P0188,F00740,2025-07-01,True,231,3
E00406,C0022,P0188,F00740,2025-08-01,True,744,4
E00406,C0022,P0188,F00740,2025-09-01,True,449,30
E00406,C0022,P0188,F00740,2025-10-01,True,2083,9
E00406,C0022,P0188,F00740,2025-11-01,True,752,13
E00406,C0022,P0188,F00740,2025-12-01,True,167,9
E00406,C0022,P0188,F00740,2026-01-01,True,247,20
E00406,C0022,P0188,F00741,2025-06-01,False,0,0
E00406,C0022,P0188,F00741,2025-07-01,False,0,0
E00406,C0022,P0188,F00741,2025-08-01,False,0,0
E00406,C0022,P0188,F00741,2025-09-01,False,0,0
E00406,C0022,P0188,F00741,2025-10-01,False,0,0
E00406,C0022,P0188,F00741,2025-11-01,False,0,0
E00406,C0022,P0188,F00741,2025-12-01,False,0,0
E00406,C0022,P0188,F00741,2026-01-01,False,0,0
E00407,C0027,P0088,F00340,2025-06-01,False,0,0
E00407,C0027,P0088,F00340,2025-07-01,True,1036,8
E00407,C0027,P0088,F00340,2025-08-01,True,87,12
E00407,C0027,P0088,F00340,2025-09-01,True,177,4
E00407,C0027,P0088,F00340,2025-10-01,False,0,0
E00407,C0027,P0088,F00340,2025-11-01,True,211,6
E00407,C0027,P0088,F00341,2025-06-01,False,0,0
E00407,C0027,P0088,F00341,2025-07-01,False,0,0
E00407,C0027,P0088,F00341,2025-08-01,False,0,0
E00407,C0027,P0088,F00341,2025-09-01,False,0,0
E00407,C0027,P0088,F00341,2025-10-01,False,0,0
E00407,C0027,P0088,F00341,2025-11-01,False,0,0
E00407,C0027,P0088,F00342,2025-06-01,False,0,0
E00407,C0027,P0088,F00342,2025-07-01,False,0,0
E00407,C0027,P0088,F00342,2025-08-01,False,0,0
E00407,C0027,P0088,F00342,2025-09-01,False,0,0
E00407,C0027,P0088,F00342,2025-10-01,False,0,0
E00407,C0027,P0088,F00342,2025-11-01,False,0,0
E00407,C0027,P0088,F00343,2025-06-01,False,0,0
E00407,C0027,P0088,F00343,2025-07-01,False,0,0
E00407,C0027,P0088,F00343,2025-08-01,False,0,0
E00407,C0027,P0088,F00343,2025-09-01,False,0,0
E00407,C0027,P0088,F00343,2025-10-01,False,0,0
E00407,C0027,P0088,F00985,2025-11-01,True,0,0
E00407,C0027,P0088,F00344,2025-06-01,False,0,0
E00407,C0027,P0088,F00344,2025-07-01,False,0,0
E00407,C0027,P0088,F00344,2025-08-01,False,0,0
E00407,C0027,P0088,F00344,2025-09-01,False,0,0
E00407,C0027,P0088,F00344,2025-10-01,False,0,0
E00407,C0027,P0088,F00344,2025-11-01,False,0,0
E00408,C0021,P0436,F01742,2025-06-01,False,0,0
E00408,C0021,P0436,F01742,2025-07-01,False,0,0
E00408,C0021,P0436,F01742,2025-08-01,True,484,16
E00408,C0021,P0436,F01742,2025-09-01,True,445,5
E00408,C0021,P0436,F01742,2025-10-01,True,180,10
E00408,C0021,P0436,F01742,2025-11-01,True,282,11
E00408,C0021,P0436,F01742,2025-12-01,True,472,10
E00408,C0021,P0436,F01742,2026-01-01,True,532,12
E00408,C0021,P0436,F01742,2026-02-01,True,549,4
E00408,C0021,P0436,F01742,2026-03-01,True,75,5
E00408,C0021,P0436,F01742,2026-04-01,True,700,12
E00408,C0021,P0436,F01743,2025-06-01,False,0,0
E00408,C0021,P0436,F01743,2025-07-01,False,0,0
E00408,C0021,P0436,F01743,2025-08-01,False,0,0
E00408,C0021,P0436,F01743,2025-09-01,False,0,0
E00408,C0021,P0436,F01743,2025-10-01,False,0,0
E00408,C0021,P0436,F01743,2025-11-01,False,0,0
E00408,C0021,P0436,F01743,2025-12-01,False,0,0
E00408,C0021,P0436,F01743,2026-01-01,False,0,0
E00408,C0021,P0436,F01743,2026-02-01,True,227,6
E00408,C0021,P0436,F01743,2026-03-01,True,572,12
E00408,C0021,P0436,F01743,2026-04-01,False,0,0
E00408,C0021,P0436,F01744,2025-06-01,False,0,0
E00408,C0021,P0436,F01744,2025-07-01,False,0,0
E00408,C0021,P0436,F01744,2025-08-01,False,0,0
E00408,C0021,P0436,F01744,2025-09-01,False,0,0
E00408,C0021,P0436,F01744,2025-10-01,False,0,0
E00408,C0021,P0436,F01744,2025-11-01,False,0,0
E00408,C0021,P0436,F01744,2025-12-01,True,0,0
E00408,C0021,P0436,F01744,2026-01-01,False,0,0
E00408,C0021,P0436,F01744,2026-02-01,False,0,0
E00408,C0021,P0436,F01744,2026-03-01,False,0,0
E00408,C0021,P0436,F01744,2026-04-01,False,0,0
E00408,C0021,P0436,F01745,2025-06-01,False,0,0
E00408,C0021,P0436,F01745,2025-07-01,False,0,0
E00408,C0021,P0436,F01745,2025-08-01,False,0,0
E00408,C0021,P0436,F01745,2025-09-01,False,0,0
E00408,C0021,P0436,F01745,2025-10-01,False,0,0
E00408,C0021,P0436,F01745,2025-11-01,False,0,0
E00408,C0021,P0436,F01745,2025-12-01,False,0,0
E00408,C0021,P0436,F01745,2026-01-01,True,118,4
E00408,C0021,P0436,F01745,2026-02-01,True,537,7
E00408,C0021,P0436,F01745,2026-03-01,True,92,3
E00408,C0021,P0436,F01745,2026-04-01,True,484,7
E00409,C0009,P0002,F00004,2025-07-01,True,602,11
E00409,C0009,P0002,F00004,2025-08-01,True,262,10
E00409,C0009,P0002,F00004,2025-09-01,True,1130,5
E00409,C0009,P0002,F01974,2025-10-01,True,774,15
E00409,C0009,P0002,F00004,2025-11-01,True,239,15
E00409,C0009,P0002,F00004,2025-12-01,True,411,10
E00409,C0009,P0002,F00004,2026-01-01,True,280,19
E00409,C0009,P0002,F00004,2026-02-01,True,371,5
E00409,C0009,P0002,F00004,2026-03-01,True,353,3
E00409,C0009,P0002,F00004,2026-04-01,True,222,15
E00409,C0009,P0002,F00004,2026-05-01,True,155,39
E00409,C0009,P0002,F00004,2026-06-01,True,42,8
E00409,C0009,P0002,F00005,2025-07-01,False,0,0
E00409,C0009,P0002,F00005,2025-08-01,False,0,0
E00409,C0009,P0002,F00005,2025-09-01,False,0,0
E00409,C0009,P0002,F00005,2025-10-01,False,0,0
E00409,C0009,P0002,F00005,2025-11-01,False,0,0
E00409,C0009,P0002,F00005,2025-12-01,False,0,0
E00409,C0009,P0002,F00005,2026-01-01,False,0,0
E00409,C0009,P0002,F00005,2026-02-01,False,0,0
E00409,C0009,P0002,F01677,2026-03-01,True,0,0
E00409,C0009,P0002,F00005,2026-04-01,False,0,0
E00409,C0009,P0002,F00005,2026-05-01,False,0,0
E00409,C0009,P0002,F00005,2026-06-01,False,0,0
E00409,C0009,P0002,F00006,2025-07-01,False,0,0
E00409,C0009,P0002,F00006,2025-08-01,False,0,0
E00409,C0009,P0002,F00006,2025-09-01,False,0,0
E00409,C0009,P0002,F00006,2025-10-01,False,0,0
E00409,C0009,P0002,F00006,2025-11-01,False,0,0
E00409,C0009,P0002,F00006,2025-12-01,False,0,0
E00409,C0009,P0002,F00006,2026-01-01,False,0,0
E00409,C0009,P0002,F00006,2026-02-01,False,0,0
E00409,C0009,P0002,F00006,2026-03-01,False,0,0
E00409,C0009,P0002,F00006,2026-04-01,False,0,0
E00409,C0009,P0002,F00006,2026-05-01,False,0,0
E00409,C0009,P0002,F00006,2026-06-01,False,0,0
E00409,C0009,P0002,F00007,2025-07-01,False,0,0
E00409,C0009,P0002,F00007,2025-08-01,False,0,0
E00409,C0009,P0002,F00007,2025-09-01,False,0,0
E00409,C0009,P0002,F00007,2025-10-01,False,0,0
E00409,C0009,P0002,F00007,2025-11-01,False,0,0
E00409,C0009,P0002,F00007,2025-12-01,False,0,0
E00409,C0009,P0002,F00007,2026-01-01,False,0,0
E00409,C0009,P0002,F00007,2026-02-01,False,0,0
E00409,C0009,P0002,F00007,2026-03-01,False,0,0
E00409,C0009,P0002,F00007,2026-04-01,False,0,0
E00409,C0009,P0002,F00007,2026-05-01,False,0,0
E00409,C0009,P0002,F00007,2026-06-01,False,0,0
E00409,C0009,P0002,F00008,2025-07-01,True,566,3
E00409,C0009,P0002,F00008,2025-08-01,True,573,15
E00409,C0009,P0002,F00008,2025-09-01,True,291,5
E00409,C0009,P0002,F00008,2025-10-01,True,367,15
E00409,C0009,P0002,F00008,2025-11-01,True,190,10
E00409,C0009,P0002,F00008,2025-12-01,True,105,18
E00409,C0009,P0002,F00008,2026-01-01,True,1013,7
E00409,C0009,P0002,F00008,2026-02-01,True,209,20
E00409,C0009,P0002,F00008,2026-03-01,True,708,16
E00409,C0009,P0002,F00008,2026-04-01,True,132,1
E00409,C0009,P0002,F00008,2026-05-01,True,323,14
E00409,C0009,P0002,F00008,2026-06-01,True,255,20
E00410,C0005,P0457,F01832,2025-06-01,False,0,0
E00410,C0005,P0457,F01832,2025-07-01,True,216,3
E00410,C0005,P0457,F01832,2025-08-01,True,254,13
E00410,C0005,P0457,F01832,2025-09-01,True,153,12
E00410,C0005,P0457,F01832,2025-10-01,True,321,28
E00410,C0005,P0457,F01832,2025-11-01,True,643,41
E00410,C0005,P0457,F01832,2025-12-01,True,125,22
E00410,C0005,P0457,F01832,2026-01-01,True,52,19
E00410,C0005,P0457,F01832,2026-02-01,True,73,16
E00410,C0005,P0457,F01832,2026-03-01,True,428,13
E00410,C0005,P0457,F01183,2025-06-01,True,0,0
E00410,C0005,P0457,F01833,2025-07-01,False,0,0
E00410,C0005,P0457,F01833,2025-08-01,False,0,0
E00410,C0005,P0457,F01755,2025-09-01,True,0,0
E00410,C0005,P0457,F01833,2025-10-01,False,0,0
E00410,C0005,P0457,F01833,2025-11-01,False,0,0
E00410,C0005,P0457,F01833,2025-12-01,True,44,15
E00410,C0005,P0457,F01833,2026-01-01,True,77,28
E00410,C0005,P0457,F01833,2026-02-01,True,206,8
E00410,C0005,P0457,F01833,2026-03-01,True,787,11
E00410,C0005,P0457,F01834,2025-06-01,False,0,0
E00410,C0005,P0457,F01834,2025-07-01,False,0,0
E00410,C0005,P0457,F01834,2025-08-01,True,381,14
E00410,C0005,P0457,F01834,2025-09-01,True,162,6
E00410,C0005,P0457,F01834,2025-10-01,True,390,29
E00410,C0005,P0457,F01834,2025-11-01,True,602,18
E00410,C0005,P0457,F01834,2025-12-01,True,836,20
E00410,C0005,P0457,F01834,2026-01-01,True,582,9
E00410,C0005,P0457,F01834,2026-02-01,True,151,5
E00410,C0005,P0457,F01834,2026-03-01,True,747,15
E00411,C0052,P0182,F00714,2025-06-01,True,16,11
E00411,C0052,P0182,F01642,2025-07-01,True,35,9
E00411,C0052,P0182,F00714,2025-08-01,True,713,15
E00411,C0052,P0182,F00714,2025-09-01,True,273,12
E00411,C0052,P0182,F00714,2025-10-01,True,207,4
E00411,C0052,P0182,F00714,2025-11-01,True,194,19
E00411,C0052,P0182,F00715,2025-06-01,False,0,0
E00411,C0052,P0182,F00715,2025-07-01,False,0,0
E00411,C0052,P0182,F00715,2025-08-01,False,0,0
E00411,C0052,P0182,F00715,2025-09-01,False,0,0
E00411,C0052,P0182,F00715,2025-10-01,False,0,0
E00411,C0052,P0182,F00715,2025-11-01,False,0,0
E00411,C0052,P0182,F00716,2025-06-01,False,0,0
E00411,C0052,P0182,F00716,2025-07-01,False,0,0
E00411,C0052,P0182,F00716,2025-08-01,True,807,19
E00411,C0052,P0182,F00716,2025-09-01,True,637,4
E00411,C0052,P0182,F00716,2025-10-01,True,293,9
E00411,C0052,P0182,F00716,2025-11-01,True,243,5
E00411,C0052,P0182,F00717,2025-06-01,False,0,0
E00411,C0052,P0182,F00717,2025-07-01,True,426,12
E00411,C0052,P0182,F00717,2025-08-01,True,286,26
E00411,C0052,P0182,F00717,2025-09-01,True,253,10
E00411,C0052,P0182,F00717,2025-10-01,True,98,17
E00411,C0052,P0182,F00717,2025-11-01,True,788,3
E00411,C0052,P0182,F00718,2025-06-01,False,0,0
E00411,C0052,P0182,F00718,2025-07-01,False,0,0
E00411,C0052,P0182,F00718,2025-08-01,False,0,0
E00411,C0052,P0182,F00718,2025-09-01,True,503,8
E00411,C0052,P0182,F00718,2025-10-01,True,611,12
E00411,C0052,P0182,F00718,2025-11-01,True,436,12
E00412,C0090,P0005,F00016,2025-11-01,True,1092,4
E00412,C0090,P0005,F00016,2025-12-01,True,36,17
E00412,C0090,P0005,F00016,2026-01-01,True,140,17
E00412,C0090,P0005,F00016,2026-02-01,True,574,6
E00412,C0090,P0005,F00016,2026-03-01,True,1701,25
E00412,C0090,P0005,F00016,2026-04-01,True,342,12
E00412,C0090,P0005,F00016,2026-05-01,True,760,4
E00412,C0090,P0005,F00016,2026-06-01,True,505,10
E00412,C0090,P0005,F00016,2026-07-01,True,909,2
E00412,C0090,P0005,F00016,2026-08-01,True,442,4
E00412,C0090,P0005,F00017,2025-11-01,False,0,0
E00412,C0090,P0005,F00017,2025-12-01,False,0,0
E00412,C0090,P0005,F00017,2026-01-01,False,0,0
E00412,C0090,P0005,F00017,2026-02-01,False,0,0
E00412,C0090,P0005,F00017,2026-03-01,False,0,0
E00412,C0090,P0005,F00017,2026-04-01,False,0,0
E00412,C0090,P0005,F00017,2026-05-01,False,0,0
E00412,C0090,P0005,F00017,2026-06-01,False,0,0
E00412,C0090,P0005,F00017,2026-07-01,False,0,0
E00412,C0090,P0005,F00017,2026-08-01,False,0,0
E00412,C0090,P0005,F00018,2025-11-01,False,0,0
E00412,C0090,P0005,F00018,2025-12-01,False,0,0
E00412,C0090,P0005,F00018,2026-01-01,False,0,0
E00412,C0090,P0005,F00018,2026-02-01,False,0,0
E00412,C0090,P0005,F00018,2026-03-01,False,0,0
E00412,C0090,P0005,F00018,2026-04-01,True,510,11
E00412,C0090,P0005,F00018,2026-05-01,True,409,18
E00412,C0090,P0005,F01326,2026-06-01,True,546,6
E00412,C0090,P0005,F00018,2026-07-01,True,45,2
E00412,C0090,P0005,F00018,2026-08-01,False,0,0
E00412,C0090,P0005,F00019,2025-11-01,False,0,0
E00412,C0090,P0005,F00019,2025-12-01,False,0,0
E00412,C0090,P0005,F00019,2026-01-01,False,0,0
E00412,C0090,P0005,F00019,2026-02-01,True,217,12
E00412,C0090,P0005,F00019,2026-03-01,True,352,12
E00412,C0090,P0005,F00019,2026-04-01,True,778,7
E00412,C0090,P0005,F00019,2026-05-01,True,617,12
E00412,C0090,P0005,F00019,2026-06-01,True,830,12
E00412,C0090,P0005,F00019,2026-07-01,True,1018,16
E00412,C0090,P0005,F00019,2026-08-01,True,720,7
E00412,C0090,P0005,F00020,2025-11-01,False,0,0
E00412,C0090,P0005,F00020,2025-12-01,False,0,0
E00412,C0090,P0005,F00020,2026-01-01,False,0,0
E00412,C0090,P0005,F00020,2026-02-01,False,0,0
E00412,C0090,P0005,F00020,2026-03-01,True,819,29
E00412,C0090,P0005,F00020,2026-04-01,True,534,9
E00412,C0090,P0005,F00020,2026-05-01,True,735,17
E00412,C0090,P0005,F00020,2026-06-01,True,1230,15
E00412,C0090,P0005,F00020,2026-07-01,True,339,11
E00412,C0090,P0005,F00020,2026-08-01,False,0,0
E00413,C0030,P0461,F01846,2025-06-01,False,0,0
E00413,C0030,P0461,F01846,2025-07-01,True,185,8
E00413,C0030,P0461,F01846,2025-08-01,True,59,9
E00413,C0030,P0461,F01846,2025-09-01,True,746,36
E00413,C0030,P0461,F01846,2025-10-01,True,277,16
E00413,C0030,P0461,F00985,2025-11-01,True,339,8
E00413,C0030,P0461,F01846,2025-12-01,True,147,27
E00413,C0030,P0461,F01846,2026-01-01,True,84,14
E00413,C0030,P0461,F01846,2026-02-01,True,107,7
E00413,C0030,P0461,F01847,2025-06-01,False,0,0
E00413,C0030,P0461,F01847,2025-07-01,False,0,0
E00413,C0030,P0461,F01847,2025-08-01,False,0,0
E00413,C0030,P0461,F01847,2025-09-01,False,0,0
E00413,C0030,P0461,F01847,2025-10-01,False,0,0
E00413,C0030,P0461,F01847,2025-11-01,False,0,0
E00413,C0030,P0461,F01847,2025-12-01,False,0,0
E00413,C0030,P0461,F01847,2026-01-01,True,931,4
E00413,C0030,P0461,F01847,2026-02-01,True,463,23
E00413,C0030,P0461,F01848,2025-06-01,False,0,0
E00413,C0030,P0461,F01848,2025-07-01,False,0,0
E00413,C0030,P0461,F01848,2025-08-01,False,0,0
E00413,C0030,P0461,F01848,2025-09-01,False,0,0
E00413,C0030,P0461,F01848,2025-10-01,False,0,0
E00413,C0030,P0461,F01848,2025-11-01,False,0,0
E00413,C0030,P0461,F01848,2025-12-01,False,0,0
E00413,C0030,P0461,F01848,2026-01-01,False,0,0
E00413,C0030,P0461,F01848,2026-02-01,False,0,0
E00413,C0030,P0461,F01849,2025-06-01,False,0,0
E00413,C0030,P0461,F01849,2025-07-01,False,0,0
E00413,C0030,P0461,F01849,2025-08-01,False,0,0
E00413,C0030,P0461,F01849,2025-09-01,False,0,0
E00413,C0030,P0461,F01849,2025-10-01,False,0,0
E00413,C0030,P0461,F01849,2025-11-01,False,0,0
E00413,C0030,P0461,F01849,2025-12-01,False,0,0
E00413,C0030,P0461,F01849,2026-01-01,False,0,0
E00413,C0030,P0461,F01849,2026-02-01,False,0,0
E00413,C0030,P0461,F01850,2025-06-01,False,0,0
E00413,C0030,P0461,F01850,2025-07-01,False,0,0
E00413,C0030,P0461,F01850,2025-08-01,False,0,0
E00413,C0030,P0461,F01850,2025-09-01,False,0,0
E00413,C0030,P0461,F01850,2025-10-01,False,0,0
E00413,C0030,P0461,F01850,2025-11-01,False,0,0
E00413,C0030,P0461,F01850,2025-12-01,False,0,0
E00413,C0030,P0461,F01850,2026-01-01,False,0,0
E00413,C0030,P0461,F01850,2026-02-01,False,0,0
E00414,C0059,P0337,F01348,2025-07-01,True,486,14
E00414,C0059,P0337,F01348,2025-08-01,True,481,20
E00414,C0059,P0337,F01348,2025-09-01,True,805,13
E00414,C0059,P0337,F01348,2025-10-01,True,391,3
E00414,C0059,P0337,F01348,2025-11-01,True,189,13
E00414,C0059,P0337,F01348,2025-12-01,True,64,5
E00414,C0059,P0337,F01348,2026-01-01,True,280,4
E00414,C0059,P0337,F01348,2026-02-01,True,178,14
E00414,C0059,P0337,F01348,2026-03-01,True,335,17
E00414,C0059,P0337,F01348,2026-04-01,True,269,10
E00414,C0059,P0337,F01348,2026-05-01,True,435,6
E00414,C0059,P0337,F01348,2026-06-01,True,522,5
E00414,C0059,P0337,F01349,2025-07-01,False,0,0
E00414,C0059,P0337,F01349,2025-08-01,False,0,0
E00414,C0059,P0337,F01349,2025-09-01,False,0,0
E00414,C0059,P0337,F01349,2025-10-01,False,0,0
E00414,C0059,P0337,F01349,2025-11-01,False,0,0
E00414,C0059,P0337,F01349,2025-12-01,False,0,0
E00414,C0059,P0337,F01349,2026-01-01,False,0,0
E00414,C0059,P0337,F01349,2026-02-01,False,0,0
E00414,C0059,P0337,F01349,2026-03-01,False,0,0
E00414,C0059,P0337,F01349,2026-04-01,False,0,0
E00414,C0059,P0337,F01349,2026-05-01,False,0,0
E00414,C0059,P0337,F01349,2026-06-01,False,0,0
E00414,C0059,P0337,F01350,2025-07-01,False,0,0
E00414,C0059,P0337,F01067,2025-08-01,True,0,0
E00414,C0059,P0337,F01350,2025-09-01,False,0,0
E00414,C0059,P0337,F01350,2025-10-01,False,0,0
E00414,C0059,P0337,F01350,2025-11-01,False,0,0
E00414,C0059,P0337,F01350,2025-12-01,False,0,0
E00414,C0059,P0337,F01350,2026-01-01,False,0,0
E00414,C0059,P0337,F01350,2026-02-01,False,0,0
E00414,C0059,P0337,F01350,2026-03-01,False,0,0
E00414,C0059,P0337,F01350,2026-04-01,False,0,0
E00414,C0059,P0337,F01350,2026-05-01,False,0,0
E00414,C0059,P0337,F01350,2026-06-01,False,0,0
E00415,C0085,P0220,F00869,2025-06-01,True,206,7
E00415,C0085,P0220,F00869,2025-07-01,True,217,11
E00415,C0085,P0220,F00869,2025-08-01,True,218,9
E00415,C0085,P0220,F00869,2025-09-01,True,771,23
E00415,C0085,P0220,F00869,2025-10-01,True,4,14
E00415,C0085,P0220,F00869,2025-11-01,True,48,15
E00415,C0085,P0220,F00869,2025-12-01,True,688,7
E00415,C0085,P0220,F00869,2026-01-01,True,831,6
E00415,C0085,P0220,F00869,2026-02-01,True,744,19
E00415,C0085,P0220,F00869,2026-03-01,True,95,8
E00415,C0085,P0220,F00869,2026-04-01,True,78,4
E00415,C0085,P0220,F00869,2026-05-01,True,850,15
E00415,C0085,P0220,F00870,2025-06-01,False,0,0
E00415,C0085,P0220,F00870,2025-07-01,False,0,0
E00415,C0085,P0220,F00870,2025-08-01,False,0,0
E00415,C0085,P0220,F00870,2025-09-01,False,0,0
E00415,C0085,P0220,F00870,2025-10-01,False,0,0
E00415,C0085,P0220,F00870,2025-11-01,False,0,0
E00415,C0085,P0220,F00870,2025-12-01,False,0,0
E00415,C0085,P0220,F00870,2026-01-01,True,216,2
E00415,C0085,P0220,F00870,2026-02-01,True,74,9
E00415,C0085,P0220,F00870,2026-03-01,True,879,17
E00415,C0085,P0220,F00870,2026-04-01,True,326,9
E00415,C0085,P0220,F00870,2026-05-01,True,440,22
E00415,C0085,P0220,F00871,2025-06-01,False,0,0
E00415,C0085,P0220,F00871,2025-07-01,False,0,0
E00415,C0085,P0220,F00871,2025-08-01,False,0,0
E00415,C0085,P0220,F00871,2025-09-01,False,0,0
E00415,C0085,P0220,F00871,2025-10-01,False,0,0
E00415,C0085,P0220,F00871,2025-11-01,False,0,0
E00415,C0085,P0220,F00871,2025-12-01,True,157,12
E00415,C0085,P0220,F00871,2026-01-01,True,124,12
E00415,C0085,P0220,F00871,2026-02-01,True,322,3
E00415,C0085,P0220,F00871,2026-03-01,True,440,7
E00415,C0085,P0220,F00871,2026-04-01,True,265,5
E00415,C0085,P0220,F00871,2026-05-01,True,402,11
E00416,C0090,P0337,F01348,2025-06-01,False,0,0
E00416,C0090,P0337,F01348,2025-07-01,True,601,13
E00416,C0090,P0337,F01348,2025-08-01,True,175,18
E00416,C0090,P0337,F01348,2025-09-01,True,731,6
E00416,C0090,P0337,F01348,2025-10-01,True,281,7
E00416,C0090,P0337,F01348,2025-11-01,False,0,0
E00416,C0090,P0337,F01348,2025-12-01,True,370,5
E00416,C0090,P0337,F01348,2026-01-01,True,593,5
E00416,C0090,P0337,F01348,2026-02-01,True,261,13
E00416,C0090,P0337,F01348,2026-03-01,True,370,11
E00416,C0090,P0337,F01349,2025-06-01,False,0,0
E00416,C0090,P0337,F01349,2025-07-01,False,0,0
E00416,C0090,P0337,F01035,2025-08-01,True,0,0
E00416,C0090,P0337,F01349,2025-09-01,True,134,9
E00416,C0090,P0337,F01349,2025-10-01,True,709,16
E00416,C0090,P0337,F01349,2025-11-01,True,285,10
E00416,C0090,P0337,F01349,2025-12-01,True,419,23
E00416,C0090,P0337,F01349,2026-01-01,True,249,16
E00416,C0090,P0337,F01349,2026-02-01,True,369,20
E00416,C0090,P0337,F01349,2026-03-01,False,0,0
E00416,C0090,P0337,F01350,2025-06-01,False,0,0
E00416,C0090,P0337,F01350,2025-07-01,False,0,0
E00416,C0090,P0337,F01350,2025-08-01,False,0,0
E00416,C0090,P0337,F01350,2025-09-01,False,0,0
E00416,C0090,P0337,F01350,2025-10-01,False,0,0
E00416,C0090,P0337,F01350,2025-11-01,False,0,0
E00416,C0090,P0337,F01350,2025-12-01,False,0,0
E00416,C0090,P0337,F01350,2026-01-01,False,0,0
E00416,C0090,P0337,F01350,2026-02-01,False,0,0
E00416,C0090,P0337,F01350,2026-03-01,False,0,0
E00417,C0084,P0453,F01813,2025-06-01,False,0,0
E00417,C0084,P0453,F01813,2025-07-01,True,758,11
E00417,C0084,P0453,F01813,2025-08-01,True,217,19
E00417,C0084,P0453,F01813,2025-09-01,False,0,0
E00417,C0084,P0453,F01813,2025-10-01,True,359,4
E00417,C0084,P0453,F01813,2025-11-01,True,84,10
E00417,C0084,P0453,F01813,2025-12-01,True,19,7
E00417,C0084,P0453,F01813,2026-01-01,True,727,23
E00417,C0084,P0453,F01813,2026-02-01,True,727,10
E00417,C0084,P0453,F01813,2026-03-01,True,173,22
E00417,C0084,P0453,F01813,2026-04-01,True,408,3
E00417,C0084,P0453,F01814,2025-06-01,False,0,0
E00417,C0084,P0453,F01814,2025-07-01,False,0,0
E00417,C0084,P0453,F01814,2025-08-01,False,0,0
E00417,C0084,P0453,F01814,2025-09-01,False,0,0
E00417,C0084,P0453,F01814,2025-10-01,False,0,0
E00417,C0084,P0453,F01814,2025-11-01,False,0,0
E00417,C0084,P0453,F01814,2025-12-01,False,0,0
E00417,C0084,P0453,F01814,2026-01-01,False,0,0
E00417,C0084,P0453,F01814,2026-02-01,False,0,0
E00417,C0084,P0453,F01814,2026-03-01,False,0,0
E00417,C0084,P0453,F01814,2026-04-01,False,0,0
E00417,C0084,P0453,F01815,2025-06-01,False,0,0
E00417,C0084,P0453,F01815,2025-07-01,False,0,0
E00417,C0084,P0453,F01815,2025-08-01,False,0,0
E00417,C0084,P0453,F01815,2025-09-01,False,0,0
E00417,C0084,P0453,F01815,2025-10-01,False,0,0
E00417,C0084,P0453,F01815,2025-11-01,False,0,0
E00417,C0084,P0453,F01815,2025-12-01,False,0,0
E00417,C0084,P0453,F01815,2026-01-01,False,0,0
E00417,C0084,P0453,F01815,2026-02-01,False,0,0
E00417,C0084,P0453,F01815,2026-03-01,False,0,0
E00417,C0084,P0453,F01815,2026-04-01,False,0,0
E00417,C0084,P0453,F01816,2025-06-01,True,382,20
E00417,C0084,P0453,F01816,2025-07-01,True,41,9
E00417,C0084,P0453,F01816,2025-08-01,True,886,10
E00417,C0084,P0453,F01816,2025-09-01,True,135,18
E00417,C0084,P0453,F01816,2025-10-01,True,530,12
E00417,C0084,P0453,F01816,2025-11-01,True,139,13
E00417,C0084,P0453,F01816,2025-12-01,True,566,3
E00417,C0084,P0453,F01816,2026-01-01,True,437,8
E00417,C0084,P0453,F01816,2026-02-01,True,69,9
E00417,C0084,P0453,F01816,2026-03-01,True,255,9
E00417,C0084,P0453,F01816,2026-04-01,True,229,3
E00417,C0084,P0453,F01817,2025-06-01,False,0,0
E00417,C0084,P0453,F01817,2025-07-01,False,0,0
E00417,C0084,P0453,F01817,2025-08-01,False,0,0
E00417,C0084,P0453,F01817,2025-09-01,False,0,0
E00417,C0084,P0453,F01817,2025-10-01,False,0,0
E00417,C0084,P0453,F01817,2025-11-01,False,0,0
E00417,C0084,P0453,F01817,2025-12-01,False,0,0
E00417,C0084,P0453,F01817,2026-01-01,False,0,0
E00417,C0084,P0453,F01817,2026-02-01,False,0,0
E00417,C0084,P0453,F01817,2026-03-01,False,0,0
E00417,C0084,P0453,F01817,2026-04-01,False,0,0
E00418,C0076,P0216,F00851,2025-06-01,True,854,44
E00418,C0076,P0216,F00851,2025-07-01,True,262,10
E00418,C0076,P0216,F00851,2025-08-01,True,1563,4
E00418,C0076,P0216,F00851,2025-09-01,True,218,14
E00418,C0076,P0216,F00851,2025-10-01,True,423,20
E00418,C0076,P0216,F00851,2025-11-01,True,540,26
E00418,C0076,P0216,F00851,2025-12-01,True,459,3
E00418,C0076,P0216,F00851,2026-01-01,False,0,0
E00418,C0076,P0216,F00193,2026-02-01,True,264,18
E00418,C0076,P0216,F00851,2026-03-01,True,306,13
E00418,C0076,P0216,F00852,2025-06-01,False,0,0
E00418,C0076,P0216,F00852,2025-07-01,False,0,0
E00418,C0076,P0216,F00852,2025-08-01,False,0,0
E00418,C0076,P0216,F00852,2025-09-01,False,0,0
E00418,C0076,P0216,F00852,2025-10-01,False,0,0
E00418,C0076,P0216,F00852,2025-11-01,False,0,0
E00418,C0076,P0216,F00852,2025-12-01,False,0,0
E00418,C0076,P0216,F00852,2026-01-01,False,0,0
E00418,C0076,P0216,F00852,2026-02-01,False,0,0
E00418,C0076,P0216,F00852,2026-03-01,False,0,0
E00418,C0076,P0216,F00853,2025-06-01,False,0,0
E00418,C0076,P0216,F00853,2025-07-01,False,0,0
E00418,C0076,P0216,F01471,2025-08-01,True,0,0
E00418,C0076,P0216,F00853,2025-09-01,False,0,0
E00418,C0076,P0216,F00853,2025-10-01,False,0,0
E00418,C0076,P0216,F00853,2025-11-01,False,0,0
E00418,C0076,P0216,F00853,2025-12-01,False,0,0
E00418,C0076,P0216,F00853,2026-01-01,False,0,0
E00418,C0076,P0216,F00853,2026-02-01,True,448,6
E00418,C0076,P0216,F00853,2026-03-01,True,253,12
E00418,C0076,P0216,F00019,2025-06-01,True,0,0
E00418,C0076,P0216,F00854,2025-07-01,False,0,0
E00418,C0076,P0216,F00854,2025-08-01,False,0,0
E00418,C0076,P0216,F00854,2025-09-01,False,0,0
E00418,C0076,P0216,F00854,2025-10-01,False,0,0
E00418,C0076,P0216,F00854,2025-11-01,False,0,0
E00418,C0076,P0216,F00854,2025-12-01,False,0,0
E00418,C0076,P0216,F00854,2026-01-01,False,0,0
E00418,C0076,P0216,F00854,2026-02-01,False,0,0
E00418,C0076,P0216,F00854,2026-03-01,False,0,0
E00418,C0076,P0216,F00855,2025-06-01,False,0,0
E00418,C0076,P0216,F00855,2025-07-01,False,0,0
E00418,C0076,P0216,F00855,2025-08-01,False,0,0
E00418,C0076,P0216,F00855,2025-09-01,True,626,4
E00418,C0076,P0216,F00855,2025-10-01,True,372,23
E00418,C0076,P0216,F00855,2025-11-01,False,0,0
E00418,C0076,P0216,F00855,2025-12-01,True,351,14
E00418,C0076,P0216,F00855,2026-01-01,True,921,12
E00418,C0076,P0216,F00855,2026-02-01,True,902,8
E00418,C0076,P0216,F00855,2026-03-01,True,746,13
E00419,C0024,P0492,F01973,2025-06-01,True,450,14
E00419,C0024,P0492,F01973,2025-07-01,True,444,13
E00419,C0024,P0492,F01973,2025-08-01,True,1130,15
E00419,C0024,P0492,F01973,2025-09-01,True,755,6
E00419,C0024,P0492,F01973,2025-10-01,True,86,3
E00419,C0024,P0492,F01973,2025-11-01,False,0,0
E00419,C0024,P0492,F01973,2025-12-01,True,123,26
E00419,C0024,P0492,F01973,2026-01-01,True,90,9
E00419,C0024,P0492,F01974,2025-06-01,False,0,0
E00419,C0024,P0492,F01974,2025-07-01,False,0,0
E00419,C0024,P0492,F01974,2025-08-01,False,0,0
E00419,C0024,P0492,F01974,2025-09-01,False,0,0
E00419,C0024,P0492,F01974,2025-10-01,False,0,0
E00419,C0024,P0492,F00093,2025-11-01,True,0,0
E00419,C0024,P0492,F01974,2025-12-01,False,0,0
E00419,C0024,P0492,F01974,2026-01-01,False,0,0
E00419,C0024,P0492,F01975,2025-06-01,False,0,0
E00419,C0024,P0492,F01975,2025-07-01,False,0,0
E00419,C0024,P0492,F01975,2025-08-01,False,0,0
E00419,C0024,P0492,F01975,2025-09-01,False,0,0
E00419,C0024,P0492,F01975,2025-10-01,False,0,0
E00419,C0024,P0492,F01975,2025-11-01,False,0,0
E00419,C0024,P0492,F01975,2025-12-01,False,0,0
E00419,C0024,P0492,F01975,2026-01-01,False,0,0
E00419,C0024,P0492,F01976,2025-06-01,False,0,0
E00419,C0024,P0492,F01976,2025-07-01,False,0,0
E00419,C0024,P0492,F01976,2025-08-01,False,0,0
E00419,C0024,P0492,F01976,2025-09-01,False,0,0
E00419,C0024,P0492,F01976,2025-10-01,False,0,0
E00419,C0024,P0492,F01976,2025-11-01,False,0,0
E00419,C0024,P0492,F01976,2025-12-01,False,0,0
E00419,C0024,P0492,F00886,2026-01-01,True,0,0
E00419,C0024,P0492,F01977,2025-06-01,False,0,0
E00419,C0024,P0492,F01977,2025-07-01,False,0,0
E00419,C0024,P0492,F01977,2025-08-01,False,0,0
E00419,C0024,P0492,F01977,2025-09-01,False,0,0
E00419,C0024,P0492,F01977,2025-10-01,False,0,0
E00419,C0024,P0492,F01977,2025-11-01,True,1321,17
E00419,C0024,P0492,F01745,2025-12-01,True,237,5
E00419,C0024,P0492,F01977,2026-01-01,True,275,13
E00420,C0039,P0366,F01462,2025-07-01,False,0,0
E00420,C0039,P0366,F01462,2025-08-01,True,286,17
E00420,C0039,P0366,F01462,2025-09-01,True,1098,6
E00420,C0039,P0366,F01462,2025-10-01,True,1134,12
E00420,C0039,P0366,F01462,2025-11-01,True,279,5
E00420,C0039,P0366,F01462,2025-12-01,True,537,7
E00420,C0039,P0366,F01462,2026-01-01,True,573,11
E00420,C0039,P0366,F01462,2026-02-01,True,257,10
E00420,C0039,P0366,F01462,2026-03-01,True,524,10
E00420,C0039,P0366,F01462,2026-04-01,True,220,6
E00420,C0039,P0366,F01462,2026-05-01,True,613,4
E00420,C0039,P0366,F01462,2026-06-01,True,204,3
E00420,C0039,P0366,F01463,2025-07-01,False,0,0
E00420,C0039,P0366,F01463,2025-08-01,False,0,0
E00420,C0039,P0366,F01463,2025-09-01,False,0,0
E00420,C0039,P0366,F01463,2025-10-01,True,352,5
E00420,C0039,P0366,F01463,2025-11-01,True,329,10
E00420,C0039,P0366,F01463,2025-12-01,True,354,7
E00420,C0039,P0366,F01463,2026-01-01,True,610,8
E00420,C0039,P0366,F01463,2026-02-01,True,208,3
E00420,C0039,P0366,F01463,2026-03-01,False,0,0
E00420,C0039,P0366,F01463,2026-04-01,True,681,7
E00420,C0039,P0366,F01463,2026-05-01,True,579,8
E00420,C0039,P0366,F01463,2026-06-01,True,1173,32
E00420,C0039,P0366,F01464,2025-07-01,False,0,0
E00420,C0039,P0366,F01464,2025-08-01,False,0,0
E00420,C0039,P0366,F01464,2025-09-01,False,0,0
E00420,C0039,P0366,F01464,2025-10-01,False,0,0
E00420,C0039,P0366,F01464,2025-11-01,False,0,0
E00420,C0039,P0366,F01464,2025-12-01,False,0,0
E00420,C0039,P0366,F01464,2026-01-01,False,0,0
E00420,C0039,P0366,F01464,2026-02-01,False,0,0
E00420,C0039,P0366,F01464,2026-03-01,False,0,0
E00420,C0039,P0366,F01464,2026-04-01,False,0,0
E00420,C0039,P0366,F01464,2026-05-01,False,0,0
E00420,C0039,P0366,F01464,2026-06-01,False,0,0
E00420,C0039,P0366,F01465,2025-07-01,False,0,0
E00420,C0039,P0366,F01465,2025-08-01,True,459,13
E00420,C0039,P0366,F01465,2025-09-01,True,429,8
E00420,C0039,P0366,F01465,2025-10-01,True,643,10
E00420,C0039,P0366,F01465,2025-11-01,True,140,9
E00420,C0039,P0366,F01465,2025-12-01,True,146,4
E00420,C0039,P0366,F01465,2026-01-01,True,193,29
E00420,C0039,P0366,F01465,2026-02-01,True,502,9
E00420,C0039,P0366,F01465,2026-03-01,True,282,11
E00420,C0039,P0366,F01465,2026-04-01,True,231,15
E00420,C0039,P0366,F01465,2026-05-01,True,410,14
E00420,C0039,P0366,F01465,2026-06-01,True,288,37
E00420,C0039,P0366,F01466,2025-07-01,False,0,0
E00420,C0039,P0366,F01466,2025-08-01,False,0,0
E00420,C0039,P0366,F01466,2025-09-01,False,0,0
E00420,C0039,P0366,F01466,2025-10-01,False,0,0
E00420,C0039,P0366,F01466,2025-11-01,False,0,0
E00420,C0039,P0366,F01466,2025-12-01,False,0,0
E00420,C0039,P0366,F01466,2026-01-01,False,0,0
E00420,C0039,P0366,F01466,2026-02-01,False,0,0
E00420,C0039,P0366,F01466,2026-03-01,False,0,0
E00420,C0039,P0366,F01466,2026-04-01,False,0,0
E00420,C0039,P0366,F01466,2026-05-01,False,0,0
E00420,C0039,P0366,F01466,2026-06-01,False,0,0
E00421,C0089,P0491,F01969,2025-06-01,False,0,0
E00421,C0089,P0491,F01969,2025-07-01,False,0,0
E00421,C0089,P0491,F01969,2025-08-01,False,0,0
E00421,C0089,P0491,F01969,2025-09-01,False,0,0
E00421,C0089,P0491,F01969,2025-10-01,False,0,0
E00421,C0089,P0491,F01969,2025-11-01,False,0,0
E00421,C0089,P0491,F01969,2025-12-01,False,0,0
E00421,C0089,P0491,F01969,2026-01-01,False,0,0
E00421,C0089,P0491,F01969,2026-02-01,False,0,0
E00421,C0089,P0491,F01969,2026-03-01,False,0,0
E00421,C0089,P0491,F01969,2026-04-01,False,0,0
E00421,C0089,P0491,F01969,2026-05-01,False,0,0
E00421,C0089,P0491,F01970,2025-06-01,False,0,0
E00421,C0089,P0491,F01970,2025-07-01,False,0,0
E00421,C0089,P0491,F01970,2025-08-01,False,0,0
E00421,C0089,P0491,F01970,2025-09-01,False,0,0
E00421,C0089,P0491,F01970,2025-10-01,False,0,0
E00421,C0089,P0491,F01970,2025-11-01,False,0,0
E00421,C0089,P0491,F01970,2025-12-01,False,0,0
E00421,C0089,P0491,F01970,2026-01-01,False,0,0
E00421,C0089,P0491,F01970,2026-02-01,False,0,0
E00421,C0089,P0491,F01970,2026-03-01,False,0,0
E00421,C0089,P0491,F01970,2026-04-01,False,0,0
E00421,C0089,P0491,F01970,2026-05-01,False,0,0
E00421,C0089,P0491,F01971,2025-06-01,False,0,0
E00421,C0089,P0491,F01971,2025-07-01,False,0,0
E00421,C0089,P0491,F01971,2025-08-01,False,0,0
E00421,C0089,P0491,F01971,2025-09-01,False,0,0
E00421,C0089,P0491,F01971,2025-10-01,False,0,0
E00421,C0089,P0491,F01971,2025-11-01,False,0,0
E00421,C0089,P0491,F01971,2025-12-01,False,0,0
E00421,C0089,P0491,F01971,2026-01-01,False,0,0
E00421,C0089,P0491,F01971,2026-02-01,False,0,0
E00421,C0089,P0491,F01971,2026-03-01,False,0,0
E00421,C0089,P0491,F01971,2026-04-01,False,0,0
E00421,C0089,P0491,F01971,2026-05-01,False,0,0
E00421,C0089,P0491,F01972,2025-06-01,False,0,0
E00421,C0089,P0491,F01972,2025-07-01,False,0,0
E00421,C0089,P0491,F01972,2025-08-01,False,0,0
E00421,C0089,P0491,F01972,2025-09-01,False,0,0
E00421,C0089,P0491,F01972,2025-10-01,False,0,0
E00421,C0089,P0491,F01972,2025-11-01,False,0,0
E00421,C0089,P0491,F01972,2025-12-01,False,0,0
E00421,C0089,P0491,F01972,2026-01-01,False,0,0
E00421,C0089,P0491,F01972,2026-02-01,False,0,0
E00421,C0089,P0491,F01972,2026-03-01,False,0,0
E00421,C0089,P0491,F01972,2026-04-01,False,0,0
E00421,C0089,P0491,F01972,2026-05-01,False,0,0
E00422,C0054,P0007,F00024,2025-06-01,False,0,0
E00422,C0054,P0007,F00024,2025-07-01,True,144,15
E00422,C0054,P0007,F00024,2025-08-01,True,243,12
E00422,C0054,P0007,F00024,2025-09-01,True,447,32
E00422,C0054,P0007,F00024,2025-10-01,True,453,9
E00422,C0054,P0007,F00024,2025-11-01,True,221,43
E00422,C0054,P0007,F00024,2025-12-01,True,564,18
E00422,C0054,P0007,F00024,2026-01-01,True,58,7
E00422,C0054,P0007,F00025,2025-06-01,False,0,0
E00422,C0054,P0007,F00025,2025-07-01,False,0,0
E00422,C0054,P0007,F00025,2025-08-01,False,0,0
E00422,C0054,P0007,F00025,2025-09-01,False,0,0
E00422,C0054,P0007,F00025,2025-10-01,True,529,3
E00422,C0054,P0007,F00025,2025-11-01,True,395,25
E00422,C0054,P0007,F00025,2025-12-01,True,170,6
E00422,C0054,P0007,F00025,2026-01-01,True,754,7
E00422,C0054,P0007,F00026,2025-06-01,False,0,0
E00422,C0054,P0007,F00026,2025-07-01,False,0,0
E00422,C0054,P0007,F00026,2025-08-01,False,0,0
E00422,C0054,P0007,F00026,2025-09-01,False,0,0
E00422,C0054,P0007,F00026,2025-10-01,False,0,0
E00422,C0054,P0007,F00026,2025-11-01,False,0,0
E00422,C0054,P0007,F00026,2025-12-01,False,0,0
E00422,C0054,P0007,F00026,2026-01-01,False,0,0
E00423,C0060,P0378,F01514,2025-06-01,True,188,26
E00423,C0060,P0378,F01514,2025-07-01,True,357,5
E00423,C0060,P0378,F01514,2025-08-01,True,787,4
E00423,C0060,P0378,F01514,2025-09-01,True,378,12
E00423,C0060,P0378,F01514,2025-10-01,True,223,17
E00423,C0060,P0378,F01514,2025-11-01,True,183,18
E00423,C0060,P0378,F01514,2025-12-01,True,323,5
E00423,C0060,P0378,F01514,2026-01-01,True,385,13
E00423,C0060,P0378,F01514,2026-02-01,True,58,25
E00423,C0060,P0378,F01514,2026-03-01,True,345,8
E00423,C0060,P0378,F01514,2026-04-01,True,448,11
E00423,C0060,P0378,F01515,2025-06-01,False,0,0
E00423,C0060,P0378,F01515,2025-07-01,False,0,0
E00423,C0060,P0378,F01515,2025-08-01,True,248,13
E00423,C0060,P0378,F01515,2025-09-01,True,633,8
E00423,C0060,P0378,F01515,2025-10-01,True,24,16
E00423,C0060,P0378,F01515,2025-11-01,False,0,0
E00423,C0060,P0378,F01515,2025-12-01,True,341,5
E00423,C0060,P0378,F01515,2026-01-01,True,481,5
E00423,C0060,P0378,F01515,2026-02-01,True,563,4
E00423,C0060,P0378,F01515,2026-03-01,True,236,3
E00423,C0060,P0378,F01515,2026-04-01,True,228,8
E00423,C0060,P0378,F01516,2025-06-01,False,0,0
E00423,C0060,P0378,F01516,2025-07-01,False,0,0
E00423,C0060,P0378,F01516,2025-08-01,False,0,0
E00423,C0060,P0378,F01516,2025-09-01,False,0,0
E00423,C0060,P0378,F01516,2025-10-01,False,0,0
E00423,C0060,P0378,F01516,2025-11-01,False,0,0
E00423,C0060,P0378,F01516,2025-12-01,True,343,8
E00423,C0060,P0378,F01516,2026-01-01,True,143,10
E00423,C0060,P0378,F01516,2026-02-01,True,233,11
E00423,C0060,P0378,F01516,2026-03-01,True,181,7
E00423,C0060,P0378,F01516,2026-04-01,True,457,9
E00423,C0060,P0378,F01517,2025-06-01,False,0,0
E00423,C0060,P0378,F01517,2025-07-01,False,0,0
E00423,C0060,P0378,F01517,2025-08-01,False,0,0
E00423,C0060,P0378,F01517,2025-09-01,False,0,0
E00423,C0060,P0378,F01517,2025-10-01,False,0,0
E00423,C0060,P0378,F01517,2025-11-01,False,0,0
E00423,C0060,P0378,F01517,2025-12-01,False,0,0
E00423,C0060,P0378,F01517,2026-01-01,False,0,0
E00423,C0060,P0378,F01517,2026-02-01,False,0,0
E00423,C0060,P0378,F01517,2026-03-01,False,0,0
E00423,C0060,P0378,F01517,2026-04-01,False,0,0
E00424,C0082,P0390,F01563,2025-06-01,True,89,26
E00424,C0082,P0390,F01563,2025-07-01,True,598,16
E00424,C0082,P0390,F01563,2025-08-01,True,74,2
E00424,C0082,P0390,F01563,2025-09-01,True,681,4
E00424,C0082,P0390,F01563,2025-10-01,True,401,7
E00424,C0082,P0390,F01563,2025-11-01,True,51,6
E00424,C0082,P0390,F01563,2025-12-01,True,453,9
E00424,C0082,P0390,F01563,2026-01-01,True,1047,16
E00424,C0082,P0390,F01563,2026-02-01,True,475,11
E00424,C0082,P0390,F01563,2026-03-01,True,160,5
E00424,C0082,P0390,F01564,2025-06-01,False,0,0
E00424,C0082,P0390,F01564,2025-07-01,False,0,0
E00424,C0082,P0390,F01564,2025-08-01,True,349,6
E00424,C0082,P0390,F01564,2025-09-01,True,930,15
E00424,C0082,P0390,F01564,2025-10-01,True,738,1
E00424,C0082,P0390,F01564,2025-11-01,True,468,3
E00424,C0082,P0390,F01564,2025-12-01,True,826,15
E00424,C0082,P0390,F01564,2026-01-01,True,571,17
E00424,C0082,P0390,F01564,2026-02-01,True,218,31
E00424,C0082,P0390,F01564,2026-03-01,True,541,12
E00424,C0082,P0390,F01565,2025-06-01,False,0,0
E00424,C0082,P0390,F01565,2025-07-01,False,0,0
E00424,C0082,P0390,F01565,2025-08-01,False,0,0
E00424,C0082,P0390,F01565,2025-09-01,False,0,0
E00424,C0082,P0390,F01565,2025-10-01,False,0,0
E00424,C0082,P0390,F01565,2025-11-01,False,0,0
E00424,C0082,P0390,F01565,2025-12-01,False,0,0
E00424,C0082,P0390,F01565,2026-01-01,False,0,0
E00424,C0082,P0390,F01565,2026-02-01,False,0,0
E00424,C0082,P0390,F01565,2026-03-01,False,0,0
E00424,C0082,P0390,F01566,2025-06-01,False,0,0
E00424,C0082,P0390,F01566,2025-07-01,False,0,0
E00424,C0082,P0390,F01566,2025-08-01,False,0,0
E00424,C0082,P0390,F01566,2025-09-01,False,0,0
E00424,C0082,P0390,F01566,2025-10-01,False,0,0
E00424,C0082,P0390,F01566,2025-11-01,False,0,0
E00424,C0082,P0390,F01566,2025-12-01,False,0,0
E00424,C0082,P0390,F01566,2026-01-01,False,0,0
E00424,C0082,P0390,F01566,2026-02-01,False,0,0
E00424,C0082,P0390,F01566,2026-03-01,False,0,0
E00425,C0003,P0393,F01575,2025-06-01,False,0,0
E00425,C0003,P0393,F01575,2025-07-01,True,238,9
E00425,C0003,P0393,F01575,2025-08-01,True,800,8
E00425,C0003,P0393,F01575,2025-09-01,True,211,14
E00425,C0003,P0393,F01575,2025-10-01,True,345,6
E00425,C0003,P0393,F01575,2025-11-01,True,698,5
E00425,C0003,P0393,F01575,2025-12-01,True,287,5
E00425,C0003,P0393,F01575,2026-01-01,True,1108,15
E00425,C0003,P0393,F01576,2025-06-01,False,0,0
E00425,C0003,P0393,F01576,2025-07-01,True,446,5
E00425,C0003,P0393,F01576,2025-08-01,True,1108,3
E00425,C0003,P0393,F01576,2025-09-01,True,284,9
E00425,C0003,P0393,F01576,2025-10-01,True,96,11
E00425,C0003,P0393,F01576,2025-11-01,True,203,25
E00425,C0003,P0393,F01576,2025-12-01,True,117,16
E00425,C0003,P0393,F01576,2026-01-01,True,380,19
E00425,C0003,P0393,F01577,2025-06-01,False,0,0
E00425,C0003,P0393,F01577,2025-07-01,False,0,0
E00425,C0003,P0393,F01577,2025-08-01,False,0,0
E00425,C0003,P0393,F01577,2025-09-01,False,0,0
E00425,C0003,P0393,F01577,2025-10-01,False,0,0
E00425,C0003,P0393,F01577,2025-11-01,False,0,0
E00425,C0003,P0393,F01577,2025-12-01,True,308,5
E00425,C0003,P0393,F01577,2026-01-01,True,978,27
E00426,C0023,P0220,F00869,2025-11-01,False,0,0
E00426,C0023,P0220,F00869,2025-12-01,True,580,14
E00426,C0023,P0220,F00869,2026-01-01,True,436,15
E00426,C0023,P0220,F00869,2026-02-01,True,1410,4
E00426,C0023,P0220,F00869,2026-03-01,True,352,7
E00426,C0023,P0220,F00869,2026-04-01,True,375,3
E00426,C0023,P0220,F00869,2026-05-01,True,154,4
E00426,C0023,P0220,F00869,2026-06-01,True,524,10
E00426,C0023,P0220,F00869,2026-07-01,True,77,3
E00426,C0023,P0220,F00869,2026-08-01,False,0,0
E00426,C0023,P0220,F00047,2025-11-01,True,0,0
E00426,C0023,P0220,F00870,2025-12-01,False,0,0
E00426,C0023,P0220,F00870,2026-01-01,False,0,0
E00426,C0023,P0220,F00870,2026-02-01,False,0,0
E00426,C0023,P0220,F00870,2026-03-01,False,0,0
E00426,C0023,P0220,F00870,2026-04-01,False,0,0
E00426,C0023,P0220,F00870,2026-05-01,False,0,0
E00426,C0023,P0220,F00870,2026-06-01,False,0,0
E00426,C0023,P0220,F00870,2026-07-01,False,0,0
E00426,C0023,P0220,F00870,2026-08-01,False,0,0
E00426,C0023,P0220,F00871,2025-11-01,False,0,0
E00426,C0023,P0220,F00871,2025-12-01,False,0,0
E00426,C0023,P0220,F00871,2026-01-01,False,0,0
E00426,C0023,P0220,F00871,2026-02-01,False,0,0
E00426,C0023,P0220,F00871,2026-03-01,False,0,0
E00426,C0023,P0220,F00871,2026-04-01,False,0,0
E00426,C0023,P0220,F00871,2026-05-01,False,0,0
E00426,C0023,P0220,F00871,2026-06-01,False,0,0
E00426,C0023,P0220,F00871,2026-07-01,True,50,9
E00426,C0023,P0220,F00871,2026-08-01,True,315,10
E00427,C0092,P0438,F01749,2025-06-01,False,0,0
E00427,C0092,P0438,F01749,2025-07-01,False,0,0
E00427,C0092,P0438,F01749,2025-08-01,False,0,0
E00427,C0092,P0438,F01749,2025-09-01,False,0,0
E00427,C0092,P0438,F01749,2025-10-01,False,0,0
E00427,C0092,P0438,F01749,2025-11-01,False,0,0
E00427,C0092,P0438,F01749,2025-12-01,False,0,0
E00427,C0092,P0438,F01750,2025-06-01,False,0,0
E00427,C0092,P0438,F01750,2025-07-01,False,0,0
E00427,C0092,P0438,F01750,2025-08-01,False,0,0
E00427,C0092,P0438,F01750,2025-09-01,False,0,0
E00427,C0092,P0438,F01750,2025-10-01,False,0,0
E00427,C0092,P0438,F01750,2025-11-01,False,0,0
E00427,C0092,P0438,F01750,2025-12-01,False,0,0
E00427,C0092,P0438,F01751,2025-06-01,False,0,0
E00427,C0092,P0438,F01751,2025-07-01,False,0,0
E00427,C0092,P0438,F01751,2025-08-01,False,0,0
E00427,C0092,P0438,F01751,2025-09-01,False,0,0
E00427,C0092,P0438,F01751,2025-10-01,False,0,0
E00427,C0092,P0438,F01751,2025-11-01,False,0,0
E00427,C0092,P0438,F01031,2025-12-01,True,0,0
E00427,C0092,P0438,F01752,2025-06-01,False,0,0
E00427,C0092,P0438,F01752,2025-07-01,False,0,0
E00427,C0092,P0438,F01752,2025-08-01,False,0,0
E00427,C0092,P0438,F01752,2025-09-01,False,0,0
E00427,C0092,P0438,F01752,2025-10-01,False,0,0
E00427,C0092,P0438,F01752,2025-11-01,False,0,0
E00427,C0092,P0438,F01752,2025-12-01,False,0,0
E00427,C0092,P0438,F01753,2025-06-01,False,0,0
E00427,C0092,P0438,F01753,2025-07-01,False,0,0
E00427,C0092,P0438,F01753,2025-08-01,False,0,0
E00427,C0092,P0438,F01753,2025-09-01,False,0,0
E00427,C0092,P0438,F01753,2025-10-01,False,0,0
E00427,C0092,P0438,F01753,2025-11-01,False,0,0
E00427,C0092,P0438,F01753,2025-12-01,False,0,0
E00428,C0020,P0099,F00383,2025-06-01,False,0,0
E00428,C0020,P0099,F00383,2025-07-01,True,190,8
E00428,C0020,P0099,F00383,2025-08-01,True,302,10
E00428,C0020,P0099,F00383,2025-09-01,True,436,20
E00428,C0020,P0099,F00383,2025-10-01,True,174,17
E00428,C0020,P0099,F00383,2025-11-01,True,205,15
E00428,C0020,P0099,F00383,2025-12-01,True,359,39
E00428,C0020,P0099,F00383,2026-01-01,False,0,0
E00428,C0020,P0099,F00384,2025-06-01,False,0,0
E00428,C0020,P0099,F00384,2025-07-01,False,0,0
E00428,C0020,P0099,F00384,2025-08-01,False,0,0
E00428,C0020,P0099,F00384,2025-09-01,False,0,0
E00428,C0020,P0099,F00384,2025-10-01,False,0,0
E00428,C0020,P0099,F00384,2025-11-01,False,0,0
E00428,C0020,P0099,F00384,2025-12-01,False,0,0
E00428,C0020,P0099,F00384,2026-01-01,False,0,0
E00428,C0020,P0099,F00385,2025-06-01,False,0,0
E00428,C0020,P0099,F00385,2025-07-01,False,0,0
E00428,C0020,P0099,F00385,2025-08-01,True,427,18
E00428,C0020,P0099,F00385,2025-09-01,True,15,18
E00428,C0020,P0099,F00385,2025-10-01,False,0,0
E00428,C0020,P0099,F00385,2025-11-01,True,183,9
E00428,C0020,P0099,F00385,2025-12-01,True,256,4
E00428,C0020,P0099,F00385,2026-01-01,True,1017,21
E00428,C0020,P0099,F00386,2025-06-01,False,0,0
E00428,C0020,P0099,F00386,2025-07-01,True,154,4
E00428,C0020,P0099,F00386,2025-08-01,True,509,18
E00428,C0020,P0099,F00386,2025-09-01,True,346,6
E00428,C0020,P0099,F00386,2025-10-01,True,299,2
E00428,C0020,P0099,F00386,2025-11-01,True,90,19
E00428,C0020,P0099,F00386,2025-12-01,True,222,9
E00428,C0020,P0099,F00386,2026-01-01,True,427,9
E00429,C0014,P0027,F00102,2025-09-01,True,439,19
E00429,C0014,P0027,F00102,2025-10-01,True,184,20
E00429,C0014,P0027,F00102,2025-11-01,True,426,15
E00429,C0014,P0027,F00102,2025-12-01,True,666,11
E00429,C0014,P0027,F00102,2026-01-01,True,1626,4
E00429,C0014,P0027,F00102,2026-02-01,True,677,6
E00429,C0014,P0027,F00102,2026-03-01,True,447,9
E00429,C0014,P0027,F00102,2026-04-01,True,302,8
E00429,C0014,P0027,F00102,2026-05-01,True,524,5
E00429,C0014,P0027,F00102,2026-06-01,True,203,4
E00429,C0014,P0027,F00102,2026-07-01,True,967,17
E00429,C0014,P0027,F00102,2026-08-01,False,0,0
E00429,C0014,P0027,F00103,2025-09-01,False,0,0
E00429,C0014,P0027,F00103,2025-10-01,True,213,14
E00429,C0014,P0027,F00103,2025-11-01,True,146,10
E00429,C0014,P0027,F00103,2025-12-01,True,285,8
E00429,C0014,P0027,F00103,2026-01-01,True,246,44
E00429,C0014,P0027,F00103,2026-02-01,True,573,36
E00429,C0014,P0027,F00103,2026-03-01,True,236,5
E00429,C0014,P0027,F00103,2026-04-01,True,426,10
E00429,C0014,P0027,F00103,2026-05-01,True,572,19
E00429,C0014,P0027,F00103,2026-06-01,True,55,37
E00429,C0014,P0027,F00103,2026-07-01,True,440,15
E00429,C0014,P0027,F00103,2026-08-01,True,979,5
E00429,C0014,P0027,F00104,2025-09-01,False,0,0
E00429,C0014,P0027,F00104,2025-10-01,False,0,0
E00429,C0014,P0027,F00104,2025-11-01,False,0,0
E00429,C0014,P0027,F00104,2025-12-01,False,0,0
E00429,C0014,P0027,F00104,2026-01-01,False,0,0
E00429,C0014,P0027,F00104,2026-02-01,False,0,0
E00429,C0014,P0027,F00104,2026-03-01,False,0,0
E00429,C0014,P0027,F00104,2026-04-01,False,0,0
E00429,C0014,P0027,F00104,2026-05-01,False,0,0
E00429,C0014,P0027,F00104,2026-06-01,False,0,0
E00429,C0014,P0027,F00104,2026-07-01,False,0,0
E00429,C0014,P0027,F00104,2026-08-01,False,0,0
E00430,C0079,P0219,F00864,2025-06-01,True,328,4
E00430,C0079,P0219,F00864,2025-07-01,True,156,20
E00430,C0079,P0219,F00864,2025-08-01,True,908,3
E00430,C0079,P0219,F00864,2025-09-01,True,462,22
E00430,C0079,P0219,F00864,2025-10-01,True,672,11
E00430,C0079,P0219,F00864,2025-11-01,True,459,13
E00430,C0079,P0219,F00864,2025-12-01,True,441,14
E00430,C0079,P0219,F00864,2026-01-01,True,304,35
E00430,C0079,P0219,F00864,2026-02-01,True,179,23
E00430,C0079,P0219,F00864,2026-03-01,True,205,15
E00430,C0079,P0219,F00865,2025-06-01,False,0,0
E00430,C0079,P0219,F00865,2025-07-01,False,0,0
E00430,C0079,P0219,F00865,2025-08-01,False,0,0
E00430,C0079,P0219,F00865,2025-09-01,False,0,0
E00430,C0079,P0219,F00865,2025-10-01,False,0,0
E00430,C0079,P0219,F00865,2025-11-01,False,0,0
E00430,C0079,P0219,F00865,2025-12-01,False,0,0
E00430,C0079,P0219,F00865,2026-01-01,False,0,0
E00430,C0079,P0219,F00865,2026-02-01,False,0,0
E00430,C0079,P0219,F00865,2026-03-01,False,0,0
E00430,C0079,P0219,F00866,2025-06-01,False,0,0
E00430,C0079,P0219,F00866,2025-07-01,True,209,14
E00430,C0079,P0219,F00866,2025-08-01,True,347,17
E00430,C0079,P0219,F00866,2025-09-01,True,191,6
E00430,C0079,P0219,F00866,2025-10-01,False,0,0
E00430,C0079,P0219,F00866,2025-11-01,True,1083,9
E00430,C0079,P0219,F00866,2025-12-01,True,481,3
E00430,C0079,P0219,F00866,2026-01-01,True,380,8
E00430,C0079,P0219,F00866,2026-02-01,True,1209,7
E00430,C0079,P0219,F00866,2026-03-01,True,1222,7
E00430,C0079,P0219,F00867,2025-06-01,False,0,0
E00430,C0079,P0219,F00867,2025-07-01,False,0,0
E00430,C0079,P0219,F00867,2025-08-01,False,0,0
E00430,C0079,P0219,F00867,2025-09-01,False,0,0
E00430,C0079,P0219,F00867,2025-10-01,False,0,0
E00430,C0079,P0219,F00867,2025-11-01,True,556,30
E00430,C0079,P0219,F00867,2025-12-01,True,327,29
E00430,C0079,P0219,F00867,2026-01-01,True,667,11
E00430,C0079,P0219,F00867,2026-02-01,True,500,25
E00430,C0079,P0219,F00867,2026-03-01,True,480,4
E00430,C0079,P0219,F00868,2025-06-01,False,0,0
E00430,C0079,P0219,F00868,2025-07-01,False,0,0
E00430,C0079,P0219,F00868,2025-08-01,False,0,0
E00430,C0079,P0219,F00868,2025-09-01,False,0,0
E00430,C0079,P0219,F00868,2025-10-01,False,0,0
E00430,C0079,P0219,F00868,2025-11-01,False,0,0
E00430,C0079,P0219,F00868,2025-12-01,False,0,0
E00430,C0079,P0219,F00868,2026-01-01,False,0,0
E00430,C0079,P0219,F00868,2026-02-01,False,0,0
E00430,C0079,P0219,F00868,2026-03-01,False,0,0
E00431,C0072,P0138,F00537,2025-06-01,True,668,19
E00431,C0072,P0138,F00537,2025-07-01,True,468,7
E00431,C0072,P0138,F00537,2025-08-01,True,641,4
E00431,C0072,P0138,F00537,2025-09-01,True,495,14
E00431,C0072,P0138,F00537,2025-10-01,True,389,22
E00431,C0072,P0138,F00537,2025-11-01,True,276,5
E00431,C0072,P0138,F00537,2025-12-01,True,197,23
E00431,C0072,P0138,F00537,2026-01-01,False,0,0
E00431,C0072,P0138,F00537,2026-02-01,True,567,15
E00431,C0072,P0138,F00537,2026-03-01,True,500,9
E00431,C0072,P0138,F00537,2026-04-01,True,159,5
E00431,C0072,P0138,F00537,2026-05-01,True,512,8
E00431,C0072,P0138,F00538,2025-06-01,False,0,0
E00431,C0072,P0138,F00538,2025-07-01,False,0,0
E00431,C0072,P0138,F00538,2025-08-01,False,0,0
E00431,C0072,P0138,F00538,2025-09-01,False,0,0
E00431,C0072,P0138,F00538,2025-10-01,False,0,0
E00431,C0072,P0138,F00538,2025-11-01,False,0,0
E00431,C0072,P0138,F00538,2025-12-01,False,0,0
E00431,C0072,P0138,F00320,2026-01-01,True,0,0
E00431,C0072,P0138,F00538,2026-02-01,False,0,0
E00431,C0072,P0138,F00538,2026-03-01,False,0,0
E00431,C0072,P0138,F00538,2026-04-01,False,0,0
E00431,C0072,P0138,F00538,2026-05-01,False,0,0
E00431,C0072,P0138,F00539,2025-06-01,False,0,0
E00431,C0072,P0138,F00539,2025-07-01,False,0,0
E00431,C0072,P0138,F00539,2025-08-01,False,0,0
E00431,C0072,P0138,F00539,2025-09-01,False,0,0
E00431,C0072,P0138,F00539,2025-10-01,True,208,10
E00431,C0072,P0138,F00539,2025-11-01,True,849,12
E00431,C0072,P0138,F00539,2025-12-01,True,1186,15
E00431,C0072,P0138,F00539,2026-01-01,True,2247,13
E00431,C0072,P0138,F00539,2026-02-01,True,437,12
E00431,C0072,P0138,F00539,2026-03-01,True,262,9
E00431,C0072,P0138,F00539,2026-04-01,True,1338,8
E00431,C0072,P0138,F00539,2026-05-01,True,416,12
E00431,C0072,P0138,F00540,2025-06-01,False,0,0
E00431,C0072,P0138,F00540,2025-07-01,False,0,0
E00431,C0072,P0138,F00540,2025-08-01,False,0,0
E00431,C0072,P0138,F00540,2025-09-01,False,0,0
E00431,C0072,P0138,F00540,2025-10-01,False,0,0
E00431,C0072,P0138,F00540,2025-11-01,False,0,0
E00431,C0072,P0138,F00540,2025-12-01,False,0,0
E00431,C0072,P0138,F00540,2026-01-01,False,0,0
E00431,C0072,P0138,F00540,2026-02-01,False,0,0
E00431,C0072,P0138,F00540,2026-03-01,False,0,0
E00431,C0072,P0138,F00540,2026-04-01,False,0,0
E00431,C0072,P0138,F00540,2026-05-01,False,0,0
E00432,C0020,P0459,F01838,2025-06-01,False,0,0
E00432,C0020,P0459,F01197,2025-07-01,True,292,8
E00432,C0020,P0459,F01838,2025-08-01,True,349,19
E00432,C0020,P0459,F01838,2025-09-01,True,941,4
E00432,C0020,P0459,F00176,2025-10-01,True,1178,17
E00432,C0020,P0459,F01838,2025-11-01,True,626,6
E00432,C0020,P0459,F01838,2025-12-01,False,0,0
E00432,C0020,P0459,F01838,2026-01-01,True,1660,6
E00432,C0020,P0459,F01838,2026-02-01,True,440,14
E00432,C0020,P0459,F01838,2026-03-01,True,1130,6
E00432,C0020,P0459,F01838,2026-04-01,True,456,3
E00432,C0020,P0459,F01839,2025-06-01,True,395,15
E00432,C0020,P0459,F01839,2025-07-01,True,253,3
E00432,C0020,P0459,F01839,2025-08-01,True,1200,5
E00432,C0020,P0459,F01839,2025-09-01,True,173,6
E00432,C0020,P0459,F01839,2025-10-01,True,881,10
E00432,C0020,P0459,F01152,2025-11-01,True,90,7
E00432,C0020,P0459,F01839,2025-12-01,True,878,4
E00432,C0020,P0459,F01839,2026-01-01,True,154,5
E00432,C0020,P0459,F01839,2026-02-01,True,368,12
E00432,C0020,P0459,F01839,2026-03-01,True,326,10
E00432,C0020,P0459,F01839,2026-04-01,True,141,9
E00432,C0020,P0459,F01840,2025-06-01,False,0,0
E00432,C0020,P0459,F01840,2025-07-01,False,0,0
E00432,C0020,P0459,F01840,2025-08-01,False,0,0
E00432,C0020,P0459,F01840,2025-09-01,True,317,5
E00432,C0020,P0459,F00365,2025-10-01,True,952,23
E00432,C0020,P0459,F01840,2025-11-01,True,122,15
E00432,C0020,P0459,F01840,2025-12-01,True,502,13
E00432,C0020,P0459,F01840,2026-01-01,True,318,13
E00432,C0020,P0459,F01840,2026-02-01,True,330,6
E00432,C0020,P0459,F01840,2026-03-01,True,528,2
E00432,C0020,P0459,F01840,2026-04-01,True,639,11
E00432,C0020,P0459,F01841,2025-06-01,False,0,0
E00432,C0020,P0459,F01841,2025-07-01,False,0,0
E00432,C0020,P0459,F01841,2025-08-01,False,0,0
E00432,C0020,P0459,F01841,2025-09-01,True,271,18
E00432,C0020,P0459,F01841,2025-10-01,True,453,27
E00432,C0020,P0459,F01841,2025-11-01,False,0,0
E00432,C0020,P0459,F01841,2025-12-01,True,770,5
E00432,C0020,P0459,F01841,2026-01-01,True,255,7
E00432,C0020,P0459,F01841,2026-02-01,True,226,30
E00432,C0020,P0459,F01841,2026-03-01,True,119,22
E00432,C0020,P0459,F01841,2026-04-01,True,1095,19
E00433,C0020,P0165,F00647,2025-06-01,False,0,0
E00433,C0020,P0165,F00685,2025-07-01,True,564,4
E00433,C0020,P0165,F00647,2025-08-01,True,96,14
E00433,C0020,P0165,F00647,2025-09-01,True,309,4
E00433,C0020,P0165,F00647,2025-10-01,True,640,15
E00433,C0020,P0165,F00647,2025-11-01,True,642,18
E00433,C0020,P0165,F00648,2025-06-01,True,808,8
E00433,C0020,P0165,F00648,2025-07-01,True,142,29
E00433,C0020,P0165,F00648,2025-08-01,True,96,3
E00433,C0020,P0165,F00648,2025-09-01,True,224,26
E00433,C0020,P0165,F00571,2025-10-01,True,0,0
E00433,C0020,P0165,F00648,2025-11-01,True,248,3
E00433,C0020,P0165,F00649,2025-06-01,False,0,0
E00433,C0020,P0165,F00649,2025-07-01,False,0,0
E00433,C0020,P0165,F00649,2025-08-01,False,0,0
E00433,C0020,P0165,F00649,2025-09-01,False,0,0
E00433,C0020,P0165,F00649,2025-10-01,False,0,0
E00433,C0020,P0165,F00649,2025-11-01,False,0,0
E00434,C0091,P0130,F00503,2025-06-01,True,173,5
E00434,C0091,P0130,F00503,2025-07-01,True,429,6
E00434,C0091,P0130,F00503,2025-08-01,False,0,0
E00434,C0091,P0130,F00503,2025-09-01,True,10,55
E00434,C0091,P0130,F00503,2025-10-01,True,46,3
E00434,C0091,P0130,F00503,2025-11-01,True,624,4
E00434,C0091,P0130,F00503,2025-12-01,True,585,14
E00434,C0091,P0130,F00503,2026-01-01,True,240,16
E00434,C0091,P0130,F00503,2026-02-01,True,318,18
E00434,C0091,P0130,F00503,2026-03-01,True,950,4
E00434,C0091,P0130,F00504,2025-06-01,False,0,0
E00434,C0091,P0130,F00504,2025-07-01,False,0,0
E00434,C0091,P0130,F00504,2025-08-01,False,0,0
E00434,C0091,P0130,F00504,2025-09-01,False,0,0
E00434,C0091,P0130,F00504,2025-10-01,False,0,0
E00434,C0091,P0130,F00504,2025-11-01,True,415,12
E00434,C0091,P0130,F00504,2025-12-01,True,425,17
E00434,C0091,P0130,F00504,2026-01-01,True,515,4
E00434,C0091,P0130,F00504,2026-02-01,True,133,8
E00434,C0091,P0130,F00478,2026-03-01,True,421,13
E00434,C0091,P0130,F00505,2025-06-01,False,0,0
E00434,C0091,P0130,F00505,2025-07-01,False,0,0
E00434,C0091,P0130,F00505,2025-08-01,False,0,0
E00434,C0091,P0130,F00505,2025-09-01,False,0,0
E00434,C0091,P0130,F00505,2025-10-01,False,0,0
E00434,C0091,P0130,F00505,2025-11-01,True,470,15
E00434,C0091,P0130,F00505,2025-12-01,True,523,10
E00434,C0091,P0130,F00505,2026-01-01,True,954,3
E00434,C0091,P0130,F00505,2026-02-01,True,47,12
E00434,C0091,P0130,F00505,2026-03-01,True,484,12
E00434,C0091,P0130,F00506,2025-06-01,False,0,0
E00434,C0091,P0130,F00506,2025-07-01,False,0,0
E00434,C0091,P0130,F00506,2025-08-01,False,0,0
E00434,C0091,P0130,F00506,2025-09-01,True,241,14
E00434,C0091,P0130,F00506,2025-10-01,True,161,3
E00434,C0091,P0130,F00506,2025-11-01,True,772,6
E00434,C0091,P0130,F00506,2025-12-01,True,394,6
E00434,C0091,P0130,F00506,2026-01-01,True,227,19
E00434,C0091,P0130,F00506,2026-02-01,True,368,11
E00434,C0091,P0130,F00506,2026-03-01,True,88,10
E00435,C0091,P0007,F00024,2025-06-01,True,191,41
E00435,C0091,P0007,F00024,2025-07-01,True,175,26
E00435,C0091,P0007,F00024,2025-08-01,True,410,4
E00435,C0091,P0007,F00024,2025-09-01,True,662,25
E00435,C0091,P0007,F00024,2025-10-01,True,1181,13
E00435,C0091,P0007,F00024,2025-11-01,True,193,6
E00435,C0091,P0007,F00024,2025-12-01,True,467,3
E00435,C0091,P0007,F00024,2026-01-01,True,131,11
E00435,C0091,P0007,F00024,2026-02-01,True,647,8
E00435,C0091,P0007,F00024,2026-03-01,True,1165,14
E00435,C0091,P0007,F00025,2025-06-01,False,0,0
E00435,C0091,P0007,F00025,2025-07-01,False,0,0
E00435,C0091,P0007,F00025,2025-08-01,False,0,0
E00435,C0091,P0007,F00025,2025-09-01,False,0,0
E00435,C0091,P0007,F00025,2025-10-01,False,0,0
E00435,C0091,P0007,F00025,2025-11-01,False,0,0
E00435,C0091,P0007,F00025,2025-12-01,False,0,0
E00435,C0091,P0007,F00025,2026-01-01,False,0,0
E00435,C0091,P0007,F00025,2026-02-01,False,0,0
E00435,C0091,P0007,F00025,2026-03-01,False,0,0
E00435,C0091,P0007,F00026,2025-06-01,False,0,0
E00435,C0091,P0007,F00026,2025-07-01,False,0,0
E00435,C0091,P0007,F00026,2025-08-01,False,0,0
E00435,C0091,P0007,F00026,2025-09-01,True,267,6
E00435,C0091,P0007,F00026,2025-10-01,True,139,17
E00435,C0091,P0007,F00026,2025-11-01,True,178,13
E00435,C0091,P0007,F00026,2025-12-01,True,107,4
E00435,C0091,P0007,F00026,2026-01-01,True,346,4
E00435,C0091,P0007,F00026,2026-02-01,True,791,2
E00435,C0091,P0007,F00026,2026-03-01,True,112,23
E00436,C0095,P0302,F01206,2025-11-01,False,0,0
E00436,C0095,P0302,F01206,2025-12-01,True,746,23
E00436,C0095,P0302,F01206,2026-01-01,True,147,10
E00436,C0095,P0302,F01206,2026-02-01,True,411,8
E00436,C0095,P0302,F01206,2026-03-01,True,545,20
E00436,C0095,P0302,F01206,2026-04-01,True,327,4
E00436,C0095,P0302,F01206,2026-05-01,True,534,11
E00436,C0095,P0302,F01206,2026-06-01,True,656,15
E00436,C0095,P0302,F01206,2026-07-01,True,866,11
E00436,C0095,P0302,F01206,2026-08-01,True,1021,27
E00436,C0095,P0302,F01207,2025-11-01,True,602,20
E00436,C0095,P0302,F01207,2025-12-01,True,873,9
E00436,C0095,P0302,F01207,2026-01-01,True,882,13
E00436,C0095,P0302,F01207,2026-02-01,True,622,19
E00436,C0095,P0302,F01207,2026-03-01,True,601,12
E00436,C0095,P0302,F01207,2026-04-01,True,776,47
E00436,C0095,P0302,F01207,2026-05-01,True,1780,14
E00436,C0095,P0302,F01207,2026-06-01,True,828,47
E00436,C0095,P0302,F01207,2026-07-01,True,275,17
E00436,C0095,P0302,F01207,2026-08-01,False,0,0
E00436,C0095,P0302,F01208,2025-11-01,True,630,45
E00436,C0095,P0302,F01208,2025-12-01,True,962,11
E00436,C0095,P0302,F01208,2026-01-01,True,444,6
E00436,C0095,P0302,F01208,2026-02-01,True,139,16
E00436,C0095,P0302,F01208,2026-03-01,True,534,10
E00436,C0095,P0302,F01208,2026-04-01,True,201,8
E00436,C0095,P0302,F01208,2026-05-01,True,1374,5
E00436,C0095,P0302,F01208,2026-06-01,True,91,17
E00436,C0095,P0302,F01208,2026-07-01,True,270,19
E00436,C0095,P0302,F01208,2026-08-01,True,628,4
E00437,C0014,P0045,F00171,2025-06-01,False,0,0
E00437,C0014,P0045,F00171,2025-07-01,True,584,9
E00437,C0014,P0045,F00171,2025-08-01,True,782,22
E00437,C0014,P0045,F00171,2025-09-01,True,149,3
E00437,C0014,P0045,F00429,2025-10-01,True,758,19
E00437,C0014,P0045,F00171,2025-11-01,True,158,21
E00437,C0014,P0045,F00171,2025-12-01,True,362,2
E00437,C0014,P0045,F00171,2026-01-01,True,251,8
E00437,C0014,P0045,F00171,2026-02-01,True,21,24
E00437,C0014,P0045,F00171,2026-03-01,True,909,28
E00437,C0014,P0045,F00172,2025-06-01,False,0,0
E00437,C0014,P0045,F00172,2025-07-01,False,0,0
E00437,C0014,P0045,F00172,2025-08-01,False,0,0
E00437,C0014,P0045,F00172,2025-09-01,False,0,0
E00437,C0014,P0045,F00172,2025-10-01,True,136,7
E00437,C0014,P0045,F00172,2025-11-01,True,312,3
E00437,C0014,P0045,F00172,2025-12-01,False,0,0
E00437,C0014,P0045,F00172,2026-01-01,True,477,5
E00437,C0014,P0045,F00172,2026-02-01,True,380,6
E00437,C0014,P0045,F00172,2026-03-01,True,576,20
E00437,C0014,P0045,F01803,2025-06-01,True,0,0
E00437,C0014,P0045,F00173,2025-07-01,False,0,0
E00437,C0014,P0045,F00173,2025-08-01,False,0,0
E00437,C0014,P0045,F00173,2025-09-01,False,0,0
E00437,C0014,P0045,F00173,2025-10-01,False,0,0
E00437,C0014,P0045,F00173,2025-11-01,False,0,0
E00437,C0014,P0045,F00173,2025-12-01,False,0,0
E00437,C0014,P0045,F00173,2026-01-01,False,0,0
E00437,C0014,P0045,F00173,2026-02-01,False,0,0
E00437,C0014,P0045,F00173,2026-03-01,False,0,0
E00438,C0091,P0496,F01993,2025-11-01,False,0,0
E00438,C0091,P0496,F01993,2025-12-01,False,0,0
E00438,C0091,P0496,F01993,2026-01-01,True,343,9
E00438,C0091,P0496,F01993,2026-02-01,True,524,2
E00438,C0091,P0496,F01993,2026-03-01,True,252,5
E00438,C0091,P0496,F01993,2026-04-01,True,921,45
E00438,C0091,P0496,F01993,2026-05-01,True,112,12
E00438,C0091,P0496,F01993,2026-06-01,True,136,5
E00438,C0091,P0496,F01993,2026-07-01,False,0,0
E00438,C0091,P0496,F01993,2026-08-01,True,413,9
E00438,C0091,P0496,F01994,2025-11-01,False,0,0
E00438,C0091,P0496,F01994,2025-12-01,False,0,0
E00438,C0091,P0496,F01994,2026-01-01,False,0,0
E00438,C0091,P0496,F01994,2026-02-01,True,408,5
E00438,C0091,P0496,F01994,2026-03-01,True,414,25
E00438,C0091,P0496,F01994,2026-04-01,True,651,3
E00438,C0091,P0496,F01994,2026-05-01,True,1103,4
E00438,C0091,P0496,F01994,2026-06-01,True,165,21
E00438,C0091,P0496,F01994,2026-07-01,True,424,10
E00438,C0091,P0496,F01994,2026-08-01,True,283,9
E00438,C0091,P0496,F01995,2025-11-01,False,0,0
E00438,C0091,P0496,F01995,2025-12-01,False,0,0
E00438,C0091,P0496,F01995,2026-01-01,False,0,0
E00438,C0091,P0496,F01995,2026-02-01,False,0,0
E00438,C0091,P0496,F01995,2026-03-01,False,0,0
E00438,C0091,P0496,F00656,2026-04-01,True,0,0
E00438,C0091,P0496,F01995,2026-05-01,False,0,0
E00438,C0091,P0496,F01995,2026-06-01,False,0,0
E00438,C0091,P0496,F01995,2026-07-01,False,0,0
E00438,C0091,P0496,F01995,2026-08-01,False,0,0
E00438,C0091,P0496,F01996,2025-11-01,False,0,0
E00438,C0091,P0496,F01996,2025-12-01,False,0,0
E00438,C0091,P0496,F01996,2026-01-01,False,0,0
E00438,C0091,P0496,F01996,2026-02-01,False,0,0
E00438,C0091,P0496,F01996,2026-03-01,False,0,0
E00438,C0091,P0496,F01996,2026-04-01,False,0,0
E00438,C0091,P0496,F01996,2026-05-01,True,302,16
E00438,C0091,P0496,F01996,2026-06-01,True,606,9
E00438,C0091,P0496,F01996,2026-07-01,True,975,12
E00438,C0091,P0496,F01996,2026-08-01,False,0,0
E00438,C0091,P0496,F01997,2025-11-01,False,0,0
E00438,C0091,P0496,F01997,2025-12-01,False,0,0
E00438,C0091,P0496,F01997,2026-01-01,False,0,0
E00438,C0091,P0496,F01997,2026-02-01,False,0,0
E00438,C0091,P0496,F01997,2026-03-01,False,0,0
E00438,C0091,P0496,F01997,2026-04-01,True,473,23
E00438,C0091,P0496,F01997,2026-05-01,True,212,16
E00438,C0091,P0496,F01997,2026-06-01,True,186,5
E00438,C0091,P0496,F01997,2026-07-01,True,1035,34
E00438,C0091,P0496,F01997,2026-08-01,False,0,0
E00439,C0045,P0280,F01116,2025-07-01,True,470,7
E00439,C0045,P0280,F01116,2025-08-01,True,544,11
E00439,C0045,P0280,F01116,2025-09-01,True,677,11
E00439,C0045,P0280,F01116,2025-10-01,True,394,5
E00439,C0045,P0280,F01116,2025-11-01,True,261,10
E00439,C0045,P0280,F01116,2025-12-01,True,566,7
E00439,C0045,P0280,F01116,2026-01-01,True,1139,11
E00439,C0045,P0280,F01116,2026-02-01,True,114,9
E00439,C0045,P0280,F01116,2026-03-01,True,626,9
E00439,C0045,P0280,F01116,2026-04-01,True,168,8
E00439,C0045,P0280,F01116,2026-05-01,True,226,16
E00439,C0045,P0280,F01116,2026-06-01,True,220,2
E00439,C0045,P0280,F01117,2025-07-01,False,0,0
E00439,C0045,P0280,F01117,2025-08-01,False,0,0
E00439,C0045,P0280,F01117,2025-09-01,False,0,0
E00439,C0045,P0280,F01117,2025-10-01,False,0,0
E00439,C0045,P0280,F01117,2025-11-01,False,0,0
E00439,C0045,P0280,F01117,2025-12-01,False,0,0
E00439,C0045,P0280,F01117,2026-01-01,False,0,0
E00439,C0045,P0280,F01117,2026-02-01,False,0,0
E00439,C0045,P0280,F01117,2026-03-01,False,0,0
E00439,C0045,P0280,F01117,2026-04-01,False,0,0
E00439,C0045,P0280,F01117,2026-05-01,False,0,0
E00439,C0045,P0280,F01117,2026-06-01,False,0,0
E00439,C0045,P0280,F01118,2025-07-01,True,207,22
E00439,C0045,P0280,F01118,2025-08-01,True,537,3
E00439,C0045,P0280,F01118,2025-09-01,True,725,24
E00439,C0045,P0280,F01118,2025-10-01,True,580,5
E00439,C0045,P0280,F01777,2025-11-01,True,777,9
E00439,C0045,P0280,F01118,2025-12-01,True,221,10
E00439,C0045,P0280,F01118,2026-01-01,True,505,16
E00439,C0045,P0280,F01118,2026-02-01,True,433,10
E00439,C0045,P0280,F01118,2026-03-01,True,169,15
E00439,C0045,P0280,F01118,2026-04-01,True,441,16
E00439,C0045,P0280,F01118,2026-05-01,True,349,17
E00439,C0045,P0280,F01118,2026-06-01,True,565,8
E00440,C0090,P0079,F00306,2025-07-01,False,0,0
E00440,C0090,P0079,F00306,2025-08-01,True,373,18
E00440,C0090,P0079,F00306,2025-09-01,True,684,24
E00440,C0090,P0079,F00306,2025-10-01,True,219,8
E00440,C0090,P0079,F00306,2025-11-01,True,1073,39
E00440,C0090,P0079,F00306,2025-12-01,True,473,11
E00440,C0090,P0079,F00306,2026-01-01,True,1405,32
E00440,C0090,P0079,F00689,2026-02-01,True,657,10
E00440,C0090,P0079,F00306,2026-03-01,True,500,3
E00440,C0090,P0079,F00306,2026-04-01,True,736,7
E00440,C0090,P0079,F00306,2026-05-01,True,1033,2
E00440,C0090,P0079,F00306,2026-06-01,True,240,12
E00440,C0090,P0079,F00307,2025-07-01,False,0,0
E00440,C0090,P0079,F00307,2025-08-01,False,0,0
E00440,C0090,P0079,F00307,2025-09-01,False,0,0
E00440,C0090,P0079,F00307,2025-10-01,False,0,0
E00440,C0090,P0079,F00307,2025-11-01,True,411,6
E00440,C0090,P0079,F00307,2025-12-01,True,424,10
E00440,C0090,P0079,F00307,2026-01-01,True,426,8
E00440,C0090,P0079,F00307,2026-02-01,True,827,14
E00440,C0090,P0079,F00307,2026-03-01,True,279,17
E00440,C0090,P0079,F00307,2026-04-01,True,238,7
E00440,C0090,P0079,F00307,2026-05-01,True,77,15
E00440,C0090,P0079,F00307,2026-06-01,True,450,6
E00440,C0090,P0079,F00308,2025-07-01,False,0,0
E00440,C0090,P0079,F00308,2025-08-01,False,0,0
E00440,C0090,P0079,F00308,2025-09-01,False,0,0
E00440,C0090,P0079,F00308,2025-10-01,False,0,0
E00440,C0090,P0079,F00308,2025-11-01,False,0,0
E00440,C0090,P0079,F00308,2025-12-01,False,0,0
E00440,C0090,P0079,F00308,2026-01-01,False,0,0
E00440,C0090,P0079,F00308,2026-02-01,False,0,0
E00440,C0090,P0079,F00308,2026-03-01,False,0,0
E00440,C0090,P0079,F00308,2026-04-01,False,0,0
E00440,C0090,P0079,F00308,2026-05-01,False,0,0
E00440,C0090,P0079,F00308,2026-06-01,False,0,0
E00440,C0090,P0079,F00309,2025-07-01,False,0,0
E00440,C0090,P0079,F00309,2025-08-01,False,0,0
E00440,C0090,P0079,F00309,2025-09-01,False,0,0
E00440,C0090,P0079,F00309,2025-10-01,False,0,0
E00440,C0090,P0079,F00309,2025-11-01,False,0,0
E00440,C0090,P0079,F00309,2025-12-01,False,0,0
E00440,C0090,P0079,F00309,2026-01-01,True,185,15
E00440,C0090,P0079,F00309,2026-02-01,True,288,15
E00440,C0090,P0079,F00309,2026-03-01,True,83,4
E00440,C0090,P0079,F00309,2026-04-01,True,769,13
E00440,C0090,P0079,F00309,2026-05-01,True,648,8
E00440,C0090,P0079,F00309,2026-06-01,True,207,20
E00441,C0054,P0389,F01560,2025-06-01,False,0,0
E00441,C0054,P0389,F01560,2025-07-01,True,12,11
E00441,C0054,P0389,F01560,2025-08-01,False,0,0
E00441,C0054,P0389,F01560,2025-09-01,True,624,8
E00441,C0054,P0389,F01560,2025-10-01,True,1502,11
E00441,C0054,P0389,F01560,2025-11-01,True,541,6
E00441,C0054,P0389,F01560,2025-12-01,True,1142,12
E00441,C0054,P0389,F01560,2026-01-01,True,301,12
E00441,C0054,P0389,F01560,2026-02-01,True,587,7
E00441,C0054,P0389,F01560,2026-03-01,False,0,0
E00441,C0054,P0389,F01560,2026-04-01,True,506,3
E00441,C0054,P0389,F01560,2026-05-01,True,114,12
E00441,C0054,P0389,F01561,2025-06-01,False,0,0
E00441,C0054,P0389,F01561,2025-07-01,False,0,0
E00441,C0054,P0389,F01561,2025-08-01,False,0,0
E00441,C0054,P0389,F01561,2025-09-01,False,0,0
E00441,C0054,P0389,F01561,2025-10-01,False,0,0
E00441,C0054,P0389,F01561,2025-11-01,False,0,0
E00441,C0054,P0389,F01561,2025-12-01,False,0,0
E00441,C0054,P0389,F01561,2026-01-01,False,0,0
E00441,C0054,P0389,F01561,2026-02-01,False,0,0
E00441,C0054,P0389,F01561,2026-03-01,False,0,0
E00441,C0054,P0389,F01561,2026-04-01,False,0,0
E00441,C0054,P0389,F01561,2026-05-01,False,0,0
E00441,C0054,P0389,F01562,2025-06-01,False,0,0
E00441,C0054,P0389,F01562,2025-07-01,False,0,0
E00441,C0054,P0389,F01562,2025-08-01,False,0,0
E00441,C0054,P0389,F01562,2025-09-01,False,0,0
E00441,C0054,P0389,F01562,2025-10-01,False,0,0
E00441,C0054,P0389,F01562,2025-11-01,False,0,0
E00441,C0054,P0389,F01562,2025-12-01,False,0,0
E00441,C0054,P0389,F01562,2026-01-01,False,0,0
E00441,C0054,P0389,F01562,2026-02-01,False,0,0
E00441,C0054,P0389,F01562,2026-03-01,False,0,0
E00441,C0054,P0389,F01562,2026-04-01,False,0,0
E00441,C0054,P0389,F01562,2026-05-01,False,0,0
E00442,C0027,P0035,F00131,2025-07-01,False,0,0
E00442,C0027,P0035,F00131,2025-08-01,True,1066,2
E00442,C0027,P0035,F00131,2025-09-01,True,236,4
E00442,C0027,P0035,F00131,2025-10-01,True,283,11
E00442,C0027,P0035,F00131,2025-11-01,True,320,2
E00442,C0027,P0035,F00131,2025-12-01,True,83,4
E00442,C0027,P0035,F00131,2026-01-01,True,258,6
E00442,C0027,P0035,F00131,2026-02-01,True,267,10
E00442,C0027,P0035,F00131,2026-03-01,True,297,33
E00442,C0027,P0035,F00131,2026-04-01,True,1234,12
E00442,C0027,P0035,F00131,2026-05-01,True,218,9
E00442,C0027,P0035,F00131,2026-06-01,True,458,5
E00442,C0027,P0035,F00132,2025-07-01,True,464,9
E00442,C0027,P0035,F00132,2025-08-01,True,1096,5
E00442,C0027,P0035,F00132,2025-09-01,True,909,13
E00442,C0027,P0035,F00132,2025-10-01,True,207,18
E00442,C0027,P0035,F00132,2025-11-01,True,256,9
E00442,C0027,P0035,F00132,2025-12-01,True,215,21
E00442,C0027,P0035,F00132,2026-01-01,True,1415,5
E00442,C0027,P0035,F00132,2026-02-01,True,714,11
E00442,C0027,P0035,F00132,2026-03-01,True,666,13
E00442,C0027,P0035,F00132,2026-04-01,True,327,52
E00442,C0027,P0035,F00132,2026-05-01,True,430,20
E00442,C0027,P0035,F00132,2026-06-01,True,219,29
E00442,C0027,P0035,F00133,2025-07-01,False,0,0
E00442,C0027,P0035,F00133,2025-08-01,False,0,0
E00442,C0027,P0035,F00133,2025-09-01,False,0,0
E00442,C0027,P0035,F00133,2025-10-01,False,0,0
E00442,C0027,P0035,F00133,2025-11-01,False,0,0
E00442,C0027,P0035,F00133,2025-12-01,False,0,0
E00442,C0027,P0035,F00133,2026-01-01,False,0,0
E00442,C0027,P0035,F00133,2026-02-01,False,0,0
E00442,C0027,P0035,F00133,2026-03-01,False,0,0
E00442,C0027,P0035,F00133,2026-04-01,False,0,0
E00442,C0027,P0035,F00133,2026-05-01,False,0,0
E00442,C0027,P0035,F00133,2026-06-01,False,0,0
E00442,C0027,P0035,F00134,2025-07-01,False,0,0
E00442,C0027,P0035,F00134,2025-08-01,False,0,0
E00442,C0027,P0035,F00134,2025-09-01,False,0,0
E00442,C0027,P0035,F00134,2025-10-01,False,0,0
E00442,C0027,P0035,F00134,2025-11-01,True,382,4
E00442,C0027,P0035,F00134,2025-12-01,True,279,12
E00442,C0027,P0035,F00134,2026-01-01,True,407,10
E00442,C0027,P0035,F00134,2026-02-01,True,396,5
E00442,C0027,P0035,F00134,2026-03-01,True,385,7
E00442,C0027,P0035,F00134,2026-04-01,True,541,11
E00442,C0027,P0035,F00134,2026-05-01,True,228,16
E00442,C0027,P0035,F00134,2026-06-01,True,746,13
E00442,C0027,P0035,F00135,2025-07-01,False,0,0
E00442,C0027,P0035,F00135,2025-08-01,False,0,0
E00442,C0027,P0035,F00135,2025-09-01,False,0,0
E00442,C0027,P0035,F00135,2025-10-01,False,0,0
E00442,C0027,P0035,F00135,2025-11-01,False,0,0
E00442,C0027,P0035,F00135,2025-12-01,False,0,0
E00442,C0027,P0035,F00135,2026-01-01,False,0,0
E00442,C0027,P0035,F00135,2026-02-01,False,0,0
E00442,C0027,P0035,F00135,2026-03-01,False,0,0
E00442,C0027,P0035,F00135,2026-04-01,False,0,0
E00442,C0027,P0035,F01971,2026-05-01,True,0,0
E00442,C0027,P0035,F00135,2026-06-01,False,0,0
E00443,C0075,P0141,F00549,2025-08-01,False,0,0
E00443,C0075,P0141,F00549,2025-09-01,True,193,36
E00443,C0075,P0141,F00549,2025-10-01,True,362,13
E00443,C0075,P0141,F00549,2025-11-01,False,0,0
E00443,C0075,P0141,F00549,2025-12-01,True,66,11
E00443,C0075,P0141,F00549,2026-01-01,True,658,9
E00443,C0075,P0141,F00549,2026-02-01,True,518,15
E00443,C0075,P0141,F00549,2026-03-01,True,694,11
E00443,C0075,P0141,F00549,2026-04-01,True,269,4
E00443,C0075,P0141,F01276,2026-05-01,True,534,34
E00443,C0075,P0141,F00549,2026-06-01,True,198,18
E00443,C0075,P0141,F00549,2026-07-01,True,1116,6
E00443,C0075,P0141,F00550,2025-08-01,False,0,0
E00443,C0075,P0141,F00550,2025-09-01,False,0,0
E00443,C0075,P0141,F00550,2025-10-01,False,0,0
E00443,C0075,P0141,F00550,2025-11-01,False,0,0
E00443,C0075,P0141,F00550,2025-12-01,False,0,0
E00443,C0075,P0141,F00550,2026-01-01,False,0,0
E00443,C0075,P0141,F00550,2026-02-01,False,0,0
E00443,C0075,P0141,F00550,2026-03-01,False,0,0
E00443,C0075,P0141,F00550,2026-04-01,False,0,0
E00443,C0075,P0141,F00550,2026-05-01,False,0,0
E00443,C0075,P0141,F00550,2026-06-01,False,0,0
E00443,C0075,P0141,F00550,2026-07-01,False,0,0
E00443,C0075,P0141,F00551,2025-08-01,True,764,4
E00443,C0075,P0141,F00551,2025-09-01,True,770,2
E00443,C0075,P0141,F00551,2025-10-01,True,42,5
E00443,C0075,P0141,F00551,2025-11-01,True,545,12
E00443,C0075,P0141,F00551,2025-12-01,True,785,10
E00443,C0075,P0141,F00551,2026-01-01,True,151,12
E00443,C0075,P0141,F00551,2026-02-01,True,584,15
E00443,C0075,P0141,F00551,2026-03-01,True,536,18
E00443,C0075,P0141,F00551,2026-04-01,True,384,22
E00443,C0075,P0141,F00551,2026-05-01,True,94,23
E00443,C0075,P0141,F00551,2026-06-01,True,794,10
E00443,C0075,P0141,F00551,2026-07-01,True,482,16
E00443,C0075,P0141,F00552,2025-08-01,False,0,0
E00443,C0075,P0141,F00552,2025-09-01,False,0,0
E00443,C0075,P0141,F00552,2025-10-01,False,0,0
E00443,C0075,P0141,F00552,2025-11-01,True,1732,10
E00443,C0075,P0141,F00552,2025-12-01,True,352,4
E00443,C0075,P0141,F00552,2026-01-01,True,1021,15
E00443,C0075,P0141,F00552,2026-02-01,True,293,11
E00443,C0075,P0141,F00552,2026-03-01,True,687,12
E00443,C0075,P0141,F00552,2026-04-01,True,523,5
E00443,C0075,P0141,F00552,2026-05-01,True,179,24
E00443,C0075,P0141,F00552,2026-06-01,True,229,5
E00443,C0075,P0141,F00552,2026-07-01,True,56,22
E00444,C0096,P0356,F01017,2025-09-01,True,254,31
E00444,C0096,P0356,F01421,2025-10-01,True,209,4
E00444,C0096,P0356,F01421,2025-11-01,True,193,11
E00444,C0096,P0356,F01421,2025-12-01,True,1620,28
E00444,C0096,P0356,F01421,2026-01-01,True,756,31
E00444,C0096,P0356,F01421,2026-02-01,True,346,8
E00444,C0096,P0356,F01421,2026-03-01,True,796,11
E00444,C0096,P0356,F01421,2026-04-01,True,186,1
E00444,C0096,P0356,F01421,2026-05-01,True,168,16
E00444,C0096,P0356,F01421,2026-06-01,True,187,19
E00444,C0096,P0356,F01421,2026-07-01,True,110,5
E00444,C0096,P0356,F01421,2026-08-01,False,0,0
E00444,C0096,P0356,F01422,2025-09-01,True,1126,21
E00444,C0096,P0356,F01422,2025-10-01,True,399,11
E00444,C0096,P0356,F01422,2025-11-01,True,196,25
E00444,C0096,P0356,F01422,2025-12-01,True,894,10
E00444,C0096,P0356,F01422,2026-01-01,True,337,7
E00444,C0096,P0356,F01422,2026-02-01,True,471,2
E00444,C0096,P0356,F01422,2026-03-01,True,368,21
E00444,C0096,P0356,F01422,2026-04-01,True,434,18
E00444,C0096,P0356,F01422,2026-05-01,True,508,13
E00444,C0096,P0356,F01422,2026-06-01,True,391,19
E00444,C0096,P0356,F01422,2026-07-01,True,325,5
E00444,C0096,P0356,F01422,2026-08-01,False,0,0
E00444,C0096,P0356,F01423,2025-09-01,True,950,18
E00444,C0096,P0356,F01423,2025-10-01,True,52,14
E00444,C0096,P0356,F01423,2025-11-01,True,46,4
E00444,C0096,P0356,F01423,2025-12-01,True,516,26
E00444,C0096,P0356,F01423,2026-01-01,True,1421,31
E00444,C0096,P0356,F01423,2026-02-01,True,77,34
E00444,C0096,P0356,F01423,2026-03-01,True,691,20
E00444,C0096,P0356,F01423,2026-04-01,True,235,16
E00444,C0096,P0356,F00955,2026-05-01,True,523,15
E00444,C0096,P0356,F01423,2026-06-01,True,619,11
E00444,C0096,P0356,F01423,2026-07-01,True,326,12
E00444,C0096,P0356,F01423,2026-08-01,False,0,0
E00445,C0014,P0446,F01784,2025-06-01,False,0,0
E00445,C0014,P0446,F01784,2025-07-01,True,851,20
E00445,C0014,P0446,F01784,2025-08-01,True,819,15
E00445,C0014,P0446,F01784,2025-09-01,True,174,7
E00445,C0014,P0446,F01784,2025-10-01,True,719,24
E00445,C0014,P0446,F01784,2025-11-01,True,796,12
E00445,C0014,P0446,F01784,2025-12-01,True,465,12
E00445,C0014,P0446,F01784,2026-01-01,True,98,5
E00445,C0014,P0446,F01784,2026-02-01,True,602,9
E00445,C0014,P0446,F01784,2026-03-01,False,0,0
E00445,C0014,P0446,F01784,2026-04-01,True,44,12
E00445,C0014,P0446,F01784,2026-05-01,True,168,5
E00445,C0014,P0446,F01785,2025-06-01,False,0,0
E00445,C0014,P0446,F01965,2025-07-01,True,0,0
E00445,C0014,P0446,F01785,2025-08-01,False,0,0
E00445,C0014,P0446,F01657,2025-09-01,True,0,0
E00445,C0014,P0446,F01785,2025-10-01,False,0,0
E00445,C0014,P0446,F01785,2025-11-01,False,0,0
E00445,C0014,P0446,F01785,2025-12-01,False,0,0
E00445,C0014,P0446,F01785,2026-01-01,False,0,0
E00445,C0014,P0446,F01785,2026-02-01,False,0,0
E00445,C0014,P0446,F01785,2026-03-01,False,0,0
E00445,C0014,P0446,F01785,2026-04-01,False,0,0
E00445,C0014,P0446,F01785,2026-05-01,False,0,0
E00445,C0014,P0446,F01786,2025-06-01,True,94,6
E00445,C0014,P0446,F01786,2025-07-01,True,27,5
E00445,C0014,P0446,F01786,2025-08-01,True,607,14
E00445,C0014,P0446,F01786,2025-09-01,True,799,15
E00445,C0014,P0446,F01786,2025-10-01,True,18,9
E00445,C0014,P0446,F01786,2025-11-01,True,281,5
E00445,C0014,P0446,F01786,2025-12-01,True,94,16
E00445,C0014,P0446,F01786,2026-01-01,True,368,4
E00445,C0014,P0446,F01786,2026-02-01,True,82,20
E00445,C0014,P0446,F01786,2026-03-01,True,617,18
E00445,C0014,P0446,F01786,2026-04-01,True,599,17
E00445,C0014,P0446,F01786,2026-05-01,True,551,7
E00445,C0014,P0446,F01787,2025-06-01,False,0,0
E00445,C0014,P0446,F01787,2025-07-01,False,0,0
E00445,C0014,P0446,F01787,2025-08-01,False,0,0
E00445,C0014,P0446,F01787,2025-09-01,False,0,0
E00445,C0014,P0446,F01787,2025-10-01,False,0,0
E00445,C0014,P0446,F01787,2025-11-01,False,0,0
E00445,C0014,P0446,F01787,2025-12-01,False,0,0
E00445,C0014,P0446,F01787,2026-01-01,False,0,0
E00445,C0014,P0446,F01787,2026-02-01,False,0,0
E00445,C0014,P0446,F01787,2026-03-01,False,0,0
E00445,C0014,P0446,F01787,2026-04-01,False,0,0
E00445,C0014,P0446,F01787,2026-05-01,False,0,0
E00445,C0014,P0446,F01788,2025-06-01,False,0,0
E00445,C0014,P0446,F01788,2025-07-01,False,0,0
E00445,C0014,P0446,F01788,2025-08-01,False,0,0
E00445,C0014,P0446,F01788,2025-09-01,False,0,0
E00445,C0014,P0446,F01788,2025-10-01,False,0,0
E00445,C0014,P0446,F01632,2025-11-01,True,593,12
E00445,C0014,P0446,F01788,2025-12-01,True,173,11
E00445,C0014,P0446,F01788,2026-01-01,True,876,13
E00445,C0014,P0446,F01788,2026-02-01,True,513,4
E00445,C0014,P0446,F01788,2026-03-01,True,183,12
E00445,C0014,P0446,F01788,2026-04-01,True,329,8
E00445,C0014,P0446,F01788,2026-05-01,True,144,5
E00446,C0033,P0200,F00785,2025-08-01,False,0,0
E00446,C0033,P0200,F00785,2025-09-01,True,87,7
E00446,C0033,P0200,F00785,2025-10-01,True,331,10
E00446,C0033,P0200,F00785,2025-11-01,True,856,2
E00446,C0033,P0200,F01265,2025-12-01,True,1200,17
E00446,C0033,P0200,F00785,2026-01-01,True,396,5
E00446,C0033,P0200,F00785,2026-02-01,True,255,17
E00446,C0033,P0200,F00785,2026-03-01,True,196,18
E00446,C0033,P0200,F00785,2026-04-01,True,367,10
E00446,C0033,P0200,F00785,2026-05-01,True,591,4
E00446,C0033,P0200,F00785,2026-06-01,True,284,10
E00446,C0033,P0200,F00785,2026-07-01,True,571,23
E00446,C0033,P0200,F00786,2025-08-01,False,0,0
E00446,C0033,P0200,F00786,2025-09-01,True,121,11
E00446,C0033,P0200,F00786,2025-10-01,True,112,11
E00446,C0033,P0200,F00786,2025-11-01,True,516,7
E00446,C0033,P0200,F00786,2025-12-01,True,835,15
E00446,C0033,P0200,F00786,2026-01-01,True,491,12
E00446,C0033,P0200,F00786,2026-02-01,True,585,25
E00446,C0033,P0200,F00786,2026-03-01,True,426,8
E00446,C0033,P0200,F00786,2026-04-01,True,1590,12
E00446,C0033,P0200,F00786,2026-05-01,True,330,16
E00446,C0033,P0200,F00786,2026-06-01,True,59,4
E00446,C0033,P0200,F00786,2026-07-01,True,44,2
E00446,C0033,P0200,F00787,2025-08-01,False,0,0
E00446,C0033,P0200,F00787,2025-09-01,False,0,0
E00446,C0033,P0200,F00787,2025-10-01,False,0,0
E00446,C0033,P0200,F00787,2025-11-01,False,0,0
E00446,C0033,P0200,F00787,2025-12-01,False,0,0
E00446,C0033,P0200,F00787,2026-01-01,False,0,0
E00446,C0033,P0200,F00433,2026-02-01,True,0,0
E00446,C0033,P0200,F00787,2026-03-01,False,0,0
E00446,C0033,P0200,F00787,2026-04-01,False,0,0
E00446,C0033,P0200,F00061,2026-05-01,True,0,0
E00446,C0033,P0200,F00787,2026-06-01,False,0,0
E00446,C0033,P0200,F00787,2026-07-01,False,0,0
E00446,C0033,P0200,F00788,2025-08-01,False,0,0
E00446,C0033,P0200,F00788,2025-09-01,False,0,0
E00446,C0033,P0200,F00788,2025-10-01,False,0,0
E00446,C0033,P0200,F00788,2025-11-01,False,0,0
E00446,C0033,P0200,F00788,2025-12-01,False,0,0
E00446,C0033,P0200,F00788,2026-01-01,False,0,0
E00446,C0033,P0200,F00788,2026-02-01,False,0,0
E00446,C0033,P0200,F00788,2026-03-01,False,0,0
E00446,C0033,P0200,F00788,2026-04-01,False,0,0
E00446,C0033,P0200,F00788,2026-05-01,False,0,0
E00446,C0033,P0200,F00788,2026-06-01,False,0,0
E00446,C0033,P0200,F00788,2026-07-01,False,0,0
E00446,C0033,P0200,F00789,2025-08-01,False,0,0
E00446,C0033,P0200,F00789,2025-09-01,False,0,0
E00446,C0033,P0200,F00789,2025-10-01,False,0,0
E00446,C0033,P0200,F00789,2025-11-01,False,0,0
E00446,C0033,P0200,F00789,2025-12-01,False,0,0
E00446,C0033,P0200,F00789,2026-01-01,False,0,0
E00446,C0033,P0200,F00789,2026-02-01,False,0,0
E00446,C0033,P0200,F00789,2026-03-01,False,0,0
E00446,C0033,P0200,F00789,2026-04-01,False,0,0
E00446,C0033,P0200,F00789,2026-05-01,False,0,0
E00446,C0033,P0200,F00789,2026-06-01,False,0,0
E00446,C0033,P0200,F00789,2026-07-01,False,0,0
E00447,C0019,P0293,F01168,2025-06-01,False,0,0
E00447,C0019,P0293,F01168,2025-07-01,True,156,7
E00447,C0019,P0293,F01168,2025-08-01,True,246,10
E00447,C0019,P0293,F01168,2025-09-01,True,471,8
E00447,C0019,P0293,F01168,2025-10-01,True,483,24
E00447,C0019,P0293,F01168,2025-11-01,False,0,0
E00447,C0019,P0293,F01168,2025-12-01,True,1325,27
E00447,C0019,P0293,F01168,2026-01-01,True,1208,10
E00447,C0019,P0293,F01168,2026-02-01,True,67,9
E00447,C0019,P0293,F01169,2025-06-01,False,0,0
E00447,C0019,P0293,F01169,2025-07-01,False,0,0
E00447,C0019,P0293,F01169,2025-08-01,False,0,0
E00447,C0019,P0293,F01169,2025-09-01,False,0,0
E00447,C0019,P0293,F01169,2025-10-01,False,0,0
E00447,C0019,P0293,F01169,2025-11-01,True,143,10
E00447,C0019,P0293,F01169,2025-12-01,True,111,11
E00447,C0019,P0293,F01169,2026-01-01,False,0,0
E00447,C0019,P0293,F01169,2026-02-01,True,187,6
E00447,C0019,P0293,F01170,2025-06-01,False,0,0
E00447,C0019,P0293,F01170,2025-07-01,False,0,0
E00447,C0019,P0293,F01170,2025-08-01,False,0,0
E00447,C0019,P0293,F01170,2025-09-01,False,0,0
E00447,C0019,P0293,F01170,2025-10-01,False,0,0
E00447,C0019,P0293,F01170,2025-11-01,True,806,12
E00447,C0019,P0293,F01170,2025-12-01,True,364,19
E00447,C0019,P0293,F01170,2026-01-01,True,476,19
E00447,C0019,P0293,F01170,2026-02-01,True,325,18
E00447,C0019,P0293,F01171,2025-06-01,False,0,0
E00447,C0019,P0293,F01171,2025-07-01,False,0,0
E00447,C0019,P0293,F01171,2025-08-01,False,0,0
E00447,C0019,P0293,F01171,2025-09-01,False,0,0
E00447,C0019,P0293,F01171,2025-10-01,False,0,0
E00447,C0019,P0293,F01171,2025-11-01,True,73,9
E00447,C0019,P0293,F01171,2025-12-01,False,0,0
E00447,C0019,P0293,F01171,2026-01-01,True,449,7
E00447,C0019,P0293,F01171,2026-02-01,True,330,19
E00448,C0038,P0369,F01475,2025-06-01,True,703,13
E00448,C0038,P0369,F01475,2025-07-01,True,908,4
E00448,C0038,P0369,F01475,2025-08-01,True,294,9
E00448,C0038,P0369,F01475,2025-09-01,True,850,15
E00448,C0038,P0369,F01475,2025-10-01,True,1016,3
E00448,C0038,P0369,F01475,2025-11-01,True,457,11
E00448,C0038,P0369,F01476,2025-06-01,False,0,0
E00448,C0038,P0369,F01476,2025-07-01,False,0,0
E00448,C0038,P0369,F01476,2025-08-01,False,0,0
E00448,C0038,P0369,F01476,2025-09-01,True,18,5
E00448,C0038,P0369,F01476,2025-10-01,True,139,15
E00448,C0038,P0369,F01476,2025-11-01,True,822,8
E00448,C0038,P0369,F01477,2025-06-01,False,0,0
E00448,C0038,P0369,F01477,2025-07-01,False,0,0
E00448,C0038,P0369,F01477,2025-08-01,True,133,3
E00448,C0038,P0369,F01477,2025-09-01,True,1052,6
E00448,C0038,P0369,F01477,2025-10-01,True,5,7
E00448,C0038,P0369,F01477,2025-11-01,True,75,11
E00448,C0038,P0369,F01478,2025-06-01,False,0,0
E00448,C0038,P0369,F01478,2025-07-01,False,0,0
E00448,C0038,P0369,F01478,2025-08-01,False,0,0
E00448,C0038,P0369,F01478,2025-09-01,False,0,0
E00448,C0038,P0369,F01478,2025-10-01,True,355,8
E00448,C0038,P0369,F01478,2025-11-01,True,89,10
E00448,C0038,P0369,F01479,2025-06-01,False,0,0
E00448,C0038,P0369,F01479,2025-07-01,False,0,0
E00448,C0038,P0369,F01479,2025-08-01,False,0,0
E00448,C0038,P0369,F01479,2025-09-01,False,0,0
E00448,C0038,P0369,F01479,2025-10-01,False,0,0
E00448,C0038,P0369,F01479,2025-11-01,False,0,0
E00449,C0086,P0283,F01125,2025-06-01,True,303,10
E00449,C0086,P0283,F01125,2025-07-01,True,245,17
E00449,C0086,P0283,F01125,2025-08-01,True,717,3
E00449,C0086,P0283,F01125,2025-09-01,False,0,0
E00449,C0086,P0283,F01125,2025-10-01,False,0,0
E00449,C0086,P0283,F01125,2025-11-01,False,0,0
E00449,C0086,P0283,F01125,2025-12-01,False,0,0
E00449,C0086,P0283,F01125,2026-01-01,False,0,0
E00449,C0086,P0283,F01125,2026-02-01,False,0,0
E00449,C0086,P0283,F01126,2025-06-01,False,0,0
E00449,C0086,P0283,F01126,2025-07-01,False,0,0
E00449,C0086,P0283,F01126,2025-08-01,False,0,0
E00449,C0086,P0283,F01126,2025-09-01,False,0,0
E00449,C0086,P0283,F01126,2025-10-01,False,0,0
E00449,C0086,P0283,F01126,2025-11-01,False,0,0
E00449,C0086,P0283,F01126,2025-12-01,False,0,0
E00449,C0086,P0283,F01126,2026-01-01,False,0,0
E00449,C0086,P0283,F01126,2026-02-01,False,0,0
E00449,C0086,P0283,F01127,2025-06-01,False,0,0
E00449,C0086,P0283,F01127,2025-07-01,False,0,0
E00449,C0086,P0283,F01127,2025-08-01,False,0,0
E00449,C0086,P0283,F01127,2025-09-01,False,0,0
E00449,C0086,P0283,F01127,2025-10-01,False,0,0
E00449,C0086,P0283,F01127,2025-11-01,False,0,0
E00449,C0086,P0283,F01127,2025-12-01,False,0,0
E00449,C0086,P0283,F01127,2026-01-01,False,0,0
E00449,C0086,P0283,F01127,2026-02-01,False,0,0
E00449,C0086,P0283,F01128,2025-06-01,False,0,0
E00449,C0086,P0283,F01128,2025-07-01,False,0,0
E00449,C0086,P0283,F01128,2025-08-01,False,0,0
E00449,C0086,P0283,F01128,2025-09-01,False,0,0
E00449,C0086,P0283,F01128,2025-10-01,False,0,0
E00449,C0086,P0283,F01128,2025-11-01,False,0,0
E00449,C0086,P0283,F01128,2025-12-01,False,0,0
E00449,C0086,P0283,F01128,2026-01-01,False,0,0
E00449,C0086,P0283,F01128,2026-02-01,False,0,0
E00449,C0086,P0283,F01129,2025-06-01,False,0,0
E00449,C0086,P0283,F01129,2025-07-01,False,0,0
E00449,C0086,P0283,F01129,2025-08-01,False,0,0
E00449,C0086,P0283,F01129,2025-09-01,False,0,0
E00449,C0086,P0283,F01129,2025-10-01,False,0,0
E00449,C0086,P0283,F01129,2025-11-01,False,0,0
E00449,C0086,P0283,F01129,2025-12-01,False,0,0
E00449,C0086,P0283,F01129,2026-01-01,False,0,0
E00449,C0086,P0283,F01129,2026-02-01,False,0,0
E00450,C0027,P0328,F01311,2025-06-01,True,570,21
E00450,C0027,P0328,F01311,2025-07-01,True,1413,12
E00450,C0027,P0328,F01311,2025-08-01,True,248,18
E00450,C0027,P0328,F01311,2025-09-01,True,252,22
E00450,C0027,P0328,F01311,2025-10-01,True,328,6
E00450,C0027,P0328,F01311,2025-11-01,True,388,9
E00450,C0027,P0328,F01312,2025-06-01,False,0,0
E00450,C0027,P0328,F01312,2025-07-01,False,0,0
E00450,C0027,P0328,F01312,2025-08-01,False,0,0
E00450,C0027,P0328,F01312,2025-09-01,False,0,0
E00450,C0027,P0328,F01312,2025-10-01,False,0,0
E00450,C0027,P0328,F01312,2025-11-01,False,0,0
E00450,C0027,P0328,F01313,2025-06-01,False,0,0
E00450,C0027,P0328,F01313,2025-07-01,False,0,0
E00450,C0027,P0328,F01313,2025-08-01,False,0,0
E00450,C0027,P0328,F01313,2025-09-01,False,0,0
E00450,C0027,P0328,F01313,2025-10-01,False,0,0
E00450,C0027,P0328,F01313,2025-11-01,False,0,0
E00450,C0027,P0328,F01314,2025-06-01,True,273,2
E00450,C0027,P0328,F01314,2025-07-01,True,737,21
E00450,C0027,P0328,F01314,2025-08-01,True,504,15
E00450,C0027,P0328,F01314,2025-09-01,True,159,1
E00450,C0027,P0328,F01314,2025-10-01,True,419,9
E00450,C0027,P0328,F01314,2025-11-01,True,411,1
E00450,C0027,P0328,F01315,2025-06-01,False,0,0
E00450,C0027,P0328,F01315,2025-07-01,False,0,0
E00450,C0027,P0328,F01315,2025-08-01,False,0,0
E00450,C0027,P0328,F01315,2025-09-01,False,0,0
E00450,C0027,P0328,F01315,2025-10-01,False,0,0
E00450,C0027,P0328,F01315,2025-11-01,False,0,0
E00451,C0038,P0405,F01621,2025-06-01,False,0,0
E00451,C0038,P0405,F01621,2025-07-01,True,585,5
E00451,C0038,P0405,F01621,2025-08-01,True,127,31
E00451,C0038,P0405,F01621,2025-09-01,True,949,2
E00451,C0038,P0405,F01621,2025-10-01,True,193,8
E00451,C0038,P0405,F01621,2025-11-01,True,873,17
E00451,C0038,P0405,F01621,2025-12-01,True,93,11
E00451,C0038,P0405,F01621,2026-01-01,True,277,8
E00451,C0038,P0405,F01621,2026-02-01,True,208,8
E00451,C0038,P0405,F01621,2026-03-01,True,572,9
E00451,C0038,P0405,F01622,2025-06-01,False,0,0
E00451,C0038,P0405,F01622,2025-07-01,False,0,0
E00451,C0038,P0405,F01622,2025-08-01,False,0,0
E00451,C0038,P0405,F01622,2025-09-01,False,0,0
E00451,C0038,P0405,F01622,2025-10-01,False,0,0
E00451,C0038,P0405,F00367,2025-11-01,True,0,0
E00451,C0038,P0405,F01622,2025-12-01,False,0,0
E00451,C0038,P0405,F01622,2026-01-01,False,0,0
E00451,C0038,P0405,F01622,2026-02-01,False,0,0
E00451,C0038,P0405,F01622,2026-03-01,False,0,0
E00451,C0038,P0405,F01623,2025-06-01,False,0,0
E00451,C0038,P0405,F01623,2025-07-01,False,0,0
E00451,C0038,P0405,F01623,2025-08-01,False,0,0
E00451,C0038,P0405,F01623,2025-09-01,False,0,0
E00451,C0038,P0405,F01623,2025-10-01,False,0,0
E00451,C0038,P0405,F01623,2025-11-01,False,0,0
E00451,C0038,P0405,F01623,2025-12-01,False,0,0
E00451,C0038,P0405,F01623,2026-01-01,True,331,17
E00451,C0038,P0405,F01623,2026-02-01,True,483,18
E00451,C0038,P0405,F01623,2026-03-01,True,161,10
E00452,C0018,P0001,F00001,2025-06-01,False,0,0
E00452,C0018,P0001,F00001,2025-07-01,True,351,9
E00452,C0018,P0001,F00001,2025-08-01,True,266,26
E00452,C0018,P0001,F00001,2025-09-01,True,243,22
E00452,C0018,P0001,F00001,2025-10-01,True,1235,4
E00452,C0018,P0001,F00001,2025-11-01,True,90,1
E00452,C0018,P0001,F00001,2025-12-01,True,766,22
E00452,C0018,P0001,F00001,2026-01-01,True,138,18
E00452,C0018,P0001,F00001,2026-02-01,True,181,11
E00452,C0018,P0001,F00002,2025-06-01,False,0,0
E00452,C0018,P0001,F00002,2025-07-01,False,0,0
E00452,C0018,P0001,F00002,2025-08-01,False,0,0
E00452,C0018,P0001,F00002,2025-09-01,False,0,0
E00452,C0018,P0001,F00002,2025-10-01,False,0,0
E00452,C0018,P0001,F00002,2025-11-01,False,0,0
E00452,C0018,P0001,F00002,2025-12-01,False,0,0
E00452,C0018,P0001,F00002,2026-01-01,False,0,0
E00452,C0018,P0001,F00002,2026-02-01,False,0,0
E00452,C0018,P0001,F00003,2025-06-01,False,0,0
E00452,C0018,P0001,F00003,2025-07-01,False,0,0
E00452,C0018,P0001,F00003,2025-08-01,False,0,0
E00452,C0018,P0001,F00003,2025-09-01,False,0,0
E00452,C0018,P0001,F00003,2025-10-01,False,0,0
E00452,C0018,P0001,F00003,2025-11-01,False,0,0
E00452,C0018,P0001,F00003,2025-12-01,False,0,0
E00452,C0018,P0001,F00003,2026-01-01,False,0,0
E00452,C0018,P0001,F00003,2026-02-01,False,0,0
E00453,C0028,P0362,F01445,2025-06-01,True,731,14
E00453,C0028,P0362,F01445,2025-07-01,True,165,11
E00453,C0028,P0362,F01445,2025-08-01,True,262,18
E00453,C0028,P0362,F00984,2025-09-01,True,476,13
E00453,C0028,P0362,F01445,2025-10-01,True,155,5
E00453,C0028,P0362,F02000,2025-11-01,True,410,19
E00453,C0028,P0362,F01445,2025-12-01,True,1057,2
E00453,C0028,P0362,F01445,2026-01-01,True,374,21
E00453,C0028,P0362,F00420,2026-02-01,True,586,13
E00453,C0028,P0362,F01445,2026-03-01,True,726,4
E00453,C0028,P0362,F01445,2026-04-01,True,600,21
E00453,C0028,P0362,F01446,2025-06-01,False,0,0
E00453,C0028,P0362,F01446,2025-07-01,False,0,0
E00453,C0028,P0362,F01446,2025-08-01,True,120,14
E00453,C0028,P0362,F01299,2025-09-01,True,632,19
E00453,C0028,P0362,F01446,2025-10-01,True,51,6
E00453,C0028,P0362,F01446,2025-11-01,True,16,26
E00453,C0028,P0362,F01446,2025-12-01,True,274,4
E00453,C0028,P0362,F01446,2026-01-01,True,129,7
E00453,C0028,P0362,F01446,2026-02-01,True,761,5
E00453,C0028,P0362,F01446,2026-03-01,True,1007,3
E00453,C0028,P0362,F01446,2026-04-01,True,1470,7
E00453,C0028,P0362,F01447,2025-06-01,False,0,0
E00453,C0028,P0362,F01447,2025-07-01,False,0,0
E00453,C0028,P0362,F01447,2025-08-01,True,1023,26
E00453,C0028,P0362,F01447,2025-09-01,True,920,10
E00453,C0028,P0362,F01447,2025-10-01,True,107,12
E00453,C0028,P0362,F01447,2025-11-01,True,179,26
E00453,C0028,P0362,F01447,2025-12-01,True,421,11
E00453,C0028,P0362,F01447,2026-01-01,True,190,7
E00453,C0028,P0362,F01447,2026-02-01,True,556,14
E00453,C0028,P0362,F01447,2026-03-01,True,633,19
E00453,C0028,P0362,F01447,2026-04-01,True,714,4
E00453,C0028,P0362,F01448,2025-06-01,False,0,0
E00453,C0028,P0362,F01448,2025-07-01,False,0,0
E00453,C0028,P0362,F01448,2025-08-01,True,507,14
E00453,C0028,P0362,F01448,2025-09-01,True,88,15
E00453,C0028,P0362,F01448,2025-10-01,True,914,15
E00453,C0028,P0362,F01448,2025-11-01,True,97,5
E00453,C0028,P0362,F01448,2025-12-01,True,456,5
E00453,C0028,P0362,F01448,2026-01-01,True,572,11
E00453,C0028,P0362,F01448,2026-02-01,True,702,9
E00453,C0028,P0362,F01448,2026-03-01,True,464,6
E00453,C0028,P0362,F01448,2026-04-01,True,1293,11
E00454,C0059,P0030,F00113,2025-06-01,True,118,22
E00454,C0059,P0030,F00113,2025-07-01,True,284,21
E00454,C0059,P0030,F00113,2025-08-01,True,289,5
E00454,C0059,P0030,F00113,2025-09-01,True,362,4
E00454,C0059,P0030,F00113,2025-10-01,True,279,19
E00454,C0059,P0030,F00113,2025-11-01,True,519,12
E00454,C0059,P0030,F00113,2025-12-01,True,286,27
E00454,C0059,P0030,F00113,2026-01-01,True,418,6
E00454,C0059,P0030,F00113,2026-02-01,True,665,16
E00454,C0059,P0030,F00113,2026-03-01,True,179,23
E00454,C0059,P0030,F00113,2026-04-01,True,427,13
E00454,C0059,P0030,F00113,2026-05-01,True,875,3
E00454,C0059,P0030,F00114,2025-06-01,False,0,0
E00454,C0059,P0030,F00114,2025-07-01,False,0,0
E00454,C0059,P0030,F00114,2025-08-01,False,0,0
E00454,C0059,P0030,F00114,2025-09-01,False,0,0
E00454,C0059,P0030,F00114,2025-10-01,False,0,0
E00454,C0059,P0030,F00114,2025-11-01,False,0,0
E00454,C0059,P0030,F00114,2025-12-01,False,0,0
E00454,C0059,P0030,F00114,2026-01-01,False,0,0
E00454,C0059,P0030,F00114,2026-02-01,False,0,0
E00454,C0059,P0030,F00114,2026-03-01,False,0,0
E00454,C0059,P0030,F00114,2026-04-01,False,0,0
E00454,C0059,P0030,F00114,2026-05-01,False,0,0
E00454,C0059,P0030,F00115,2025-06-01,False,0,0
E00454,C0059,P0030,F00115,2025-07-01,False,0,0
E00454,C0059,P0030,F00115,2025-08-01,False,0,0
E00454,C0059,P0030,F00860,2025-09-01,True,0,0
E00454,C0059,P0030,F00115,2025-10-01,False,0,0
E00454,C0059,P0030,F00115,2025-11-01,False,0,0
E00454,C0059,P0030,F00115,2025-12-01,False,0,0
E00454,C0059,P0030,F00115,2026-01-01,False,0,0
E00454,C0059,P0030,F00115,2026-02-01,False,0,0
E00454,C0059,P0030,F00115,2026-03-01,False,0,0
E00454,C0059,P0030,F00115,2026-04-01,False,0,0
E00454,C0059,P0030,F00115,2026-05-01,False,0,0
E00455,C0071,P0498,F02001,2025-06-01,True,189,25
E00455,C0071,P0498,F02001,2025-07-01,True,176,11
E00455,C0071,P0498,F02001,2025-08-01,True,971,4
E00455,C0071,P0498,F02001,2025-09-01,False,0,0
E00455,C0071,P0498,F02001,2025-10-01,False,0,0
E00455,C0071,P0498,F02001,2025-11-01,False,0,0
E00455,C0071,P0498,F02001,2025-12-01,False,0,0
E00455,C0071,P0498,F02001,2026-01-01,False,0,0
E00455,C0071,P0498,F02001,2026-02-01,False,0,0
E00455,C0071,P0498,F02002,2025-06-01,True,44,4
E00455,C0071,P0498,F02002,2025-07-01,True,371,9
E00455,C0071,P0498,F02002,2025-08-01,True,281,8
E00455,C0071,P0498,F02002,2025-09-01,False,0,0
E00455,C0071,P0498,F02002,2025-10-01,False,0,0
E00455,C0071,P0498,F02002,2025-11-01,False,0,0
E00455,C0071,P0498,F02002,2025-12-01,False,0,0
E00455,C0071,P0498,F02002,2026-01-01,False,0,0
E00455,C0071,P0498,F02002,2026-02-01,False,0,0
E00455,C0071,P0498,F02003,2025-06-01,True,174,8
E00455,C0071,P0498,F02003,2025-07-01,True,502,18
E00455,C0071,P0498,F02003,2025-08-01,True,541,8
E00455,C0071,P0498,F02003,2025-09-01,False,0,0
E00455,C0071,P0498,F02003,2025-10-01,False,0,0
E00455,C0071,P0498,F02003,2025-11-01,False,0,0
E00455,C0071,P0498,F02003,2025-12-01,False,0,0
E00455,C0071,P0498,F02003,2026-01-01,False,0,0
E00455,C0071,P0498,F02003,2026-02-01,False,0,0
E00455,C0071,P0498,F02004,2025-06-01,False,0,0
E00455,C0071,P0498,F02004,2025-07-01,False,0,0
E00455,C0071,P0498,F02004,2025-08-01,False,0,0
E00455,C0071,P0498,F02004,2025-09-01,False,0,0
E00455,C0071,P0498,F02004,2025-10-01,False,0,0
E00455,C0071,P0498,F02004,2025-11-01,False,0,0
E00455,C0071,P0498,F02004,2025-12-01,False,0,0
E00455,C0071,P0498,F02004,2026-01-01,False,0,0
E00455,C0071,P0498,F02004,2026-02-01,False,0,0
E00456,C0083,P0353,F01409,2025-09-01,True,312,19
E00456,C0083,P0353,F01409,2025-10-01,True,676,34
E00456,C0083,P0353,F01409,2025-11-01,True,283,4
E00456,C0083,P0353,F01409,2025-12-01,True,393,16
E00456,C0083,P0353,F01409,2026-01-01,True,715,7
E00456,C0083,P0353,F01409,2026-02-01,True,443,17
E00456,C0083,P0353,F01409,2026-03-01,True,368,9
E00456,C0083,P0353,F01409,2026-04-01,True,509,2
E00456,C0083,P0353,F01409,2026-05-01,True,290,37
E00456,C0083,P0353,F01409,2026-06-01,True,486,38
E00456,C0083,P0353,F01409,2026-07-01,True,417,23
E00456,C0083,P0353,F01409,2026-08-01,False,0,0
E00456,C0083,P0353,F01410,2025-09-01,False,0,0
E00456,C0083,P0353,F01410,2025-10-01,False,0,0
E00456,C0083,P0353,F01410,2025-11-01,False,0,0
E00456,C0083,P0353,F01410,2025-12-01,False,0,0
E00456,C0083,P0353,F01410,2026-01-01,False,0,0
E00456,C0083,P0353,F01410,2026-02-01,False,0,0
E00456,C0083,P0353,F01410,2026-03-01,False,0,0
E00456,C0083,P0353,F01410,2026-04-01,False,0,0
E00456,C0083,P0353,F01410,2026-05-01,False,0,0
E00456,C0083,P0353,F01410,2026-06-01,False,0,0
E00456,C0083,P0353,F01410,2026-07-01,False,0,0
E00456,C0083,P0353,F01410,2026-08-01,False,0,0
E00456,C0083,P0353,F01411,2025-09-01,False,0,0
E00456,C0083,P0353,F01411,2025-10-01,False,0,0
E00456,C0083,P0353,F01411,2025-11-01,False,0,0
E00456,C0083,P0353,F01411,2025-12-01,False,0,0
E00456,C0083,P0353,F01411,2026-01-01,False,0,0
E00456,C0083,P0353,F01411,2026-02-01,False,0,0
E00456,C0083,P0353,F01411,2026-03-01,False,0,0
E00456,C0083,P0353,F01411,2026-04-01,False,0,0
E00456,C0083,P0353,F01411,2026-05-01,False,0,0
E00456,C0083,P0353,F01411,2026-06-01,False,0,0
E00456,C0083,P0353,F01411,2026-07-01,False,0,0
E00456,C0083,P0353,F01411,2026-08-01,False,0,0
E00456,C0083,P0353,F01412,2025-09-01,False,0,0
E00456,C0083,P0353,F01412,2025-10-01,False,0,0
E00456,C0083,P0353,F01367,2025-11-01,True,259,8
E00456,C0083,P0353,F01412,2025-12-01,True,213,22
E00456,C0083,P0353,F01412,2026-01-01,True,169,2
E00456,C0083,P0353,F01412,2026-02-01,True,727,5
E00456,C0083,P0353,F01781,2026-03-01,True,654,9
E00456,C0083,P0353,F01412,2026-04-01,True,1845,34
E00456,C0083,P0353,F01412,2026-05-01,True,2169,4
E00456,C0083,P0353,F01412,2026-06-01,True,366,2
E00456,C0083,P0353,F01412,2026-07-01,True,526,5
E00456,C0083,P0353,F01412,2026-08-01,False,0,0
E00457,C0072,P0113,F00436,2025-06-01,True,383,1
E00457,C0072,P0113,F00436,2025-07-01,True,32,5
E00457,C0072,P0113,F00436,2025-08-01,True,201,27
E00457,C0072,P0113,F00436,2025-09-01,True,269,16
E00457,C0072,P0113,F00436,2025-10-01,True,54,13
E00457,C0072,P0113,F00436,2025-11-01,True,446,18
E00457,C0072,P0113,F00436,2025-12-01,True,431,36
E00457,C0072,P0113,F00436,2026-01-01,True,282,5
E00457,C0072,P0113,F00436,2026-02-01,True,657,13
E00457,C0072,P0113,F00436,2026-03-01,True,170,16
E00457,C0072,P0113,F00437,2025-06-01,False,0,0
E00457,C0072,P0113,F00437,2025-07-01,False,0,0
E00457,C0072,P0113,F00437,2025-08-01,False,0,0
E00457,C0072,P0113,F00437,2025-09-01,False,0,0
E00457,C0072,P0113,F00437,2025-10-01,False,0,0
E00457,C0072,P0113,F00437,2025-11-01,False,0,0
E00457,C0072,P0113,F00437,2025-12-01,False,0,0
E00457,C0072,P0113,F00437,2026-01-01,False,0,0
E00457,C0072,P0113,F00437,2026-02-01,False,0,0
E00457,C0072,P0113,F00437,2026-03-01,False,0,0
E00457,C0072,P0113,F00438,2025-06-01,False,0,0
E00457,C0072,P0113,F00438,2025-07-01,False,0,0
E00457,C0072,P0113,F00438,2025-08-01,True,802,14
E00457,C0072,P0113,F00438,2025-09-01,True,430,3
E00457,C0072,P0113,F00438,2025-10-01,True,274,5
E00457,C0072,P0113,F00438,2025-11-01,True,585,3
E00457,C0072,P0113,F00438,2025-12-01,True,107,4
E00457,C0072,P0113,F00438,2026-01-01,True,191,4
E00457,C0072,P0113,F00438,2026-02-01,True,264,8
E00457,C0072,P0113,F00438,2026-03-01,True,734,5
E00458,C0064,P0119,F00459,2025-09-01,True,197,16
E00458,C0064,P0119,F00459,2025-10-01,True,644,12
E00458,C0064,P0119,F00459,2025-11-01,True,555,2
E00458,C0064,P0119,F00459,2025-12-01,True,683,10
E00458,C0064,P0119,F00459,2026-01-01,True,570,12
E00458,C0064,P0119,F00459,2026-02-01,True,257,14
E00458,C0064,P0119,F00459,2026-03-01,True,225,40
E00458,C0064,P0119,F00459,2026-04-01,True,85,19
E00458,C0064,P0119,F00459,2026-05-01,True,466,10
E00458,C0064,P0119,F00459,2026-06-01,True,189,14
E00458,C0064,P0119,F00459,2026-07-01,True,355,3
E00458,C0064,P0119,F00459,2026-08-01,False,0,0
E00458,C0064,P0119,F00460,2025-09-01,False,0,0
E00458,C0064,P0119,F00460,2025-10-01,False,0,0
E00458,C0064,P0119,F00460,2025-11-01,False,0,0
E00458,C0064,P0119,F00460,2025-12-01,False,0,0
E00458,C0064,P0119,F00460,2026-01-01,False,0,0
E00458,C0064,P0119,F00460,2026-02-01,True,584,14
E00458,C0064,P0119,F00460,2026-03-01,True,163,21
E00458,C0064,P0119,F00804,2026-04-01,True,727,4
E00458,C0064,P0119,F00460,2026-05-01,True,496,18
E00458,C0064,P0119,F00460,2026-06-01,True,93,2
E00458,C0064,P0119,F00460,2026-07-01,True,299,7
E00458,C0064,P0119,F00460,2026-08-01,True,348,30
E00458,C0064,P0119,F00461,2025-09-01,False,0,0
E00458,C0064,P0119,F00461,2025-10-01,False,0,0
E00458,C0064,P0119,F00461,2025-11-01,False,0,0
E00458,C0064,P0119,F00461,2025-12-01,False,0,0
E00458,C0064,P0119,F00461,2026-01-01,True,650,6
E00458,C0064,P0119,F00461,2026-02-01,True,421,11
E00458,C0064,P0119,F00461,2026-03-01,True,716,19
E00458,C0064,P0119,F00461,2026-04-01,True,346,16
E00458,C0064,P0119,F00461,2026-05-01,True,805,17
E00458,C0064,P0119,F00461,2026-06-01,True,195,6
E00458,C0064,P0119,F00461,2026-07-01,True,75,6
E00458,C0064,P0119,F00461,2026-08-01,False,0,0
E00458,C0064,P0119,F00462,2025-09-01,False,0,0
E00458,C0064,P0119,F00462,2025-10-01,False,0,0
E00458,C0064,P0119,F00462,2025-11-01,False,0,0
E00458,C0064,P0119,F00462,2025-12-01,False,0,0
E00458,C0064,P0119,F00462,2026-01-01,False,0,0
E00458,C0064,P0119,F00462,2026-02-01,False,0,0
E00458,C0064,P0119,F00462,2026-03-01,False,0,0
E00458,C0064,P0119,F00462,2026-04-01,False,0,0
E00458,C0064,P0119,F00462,2026-05-01,False,0,0
E00458,C0064,P0119,F00462,2026-06-01,False,0,0
E00458,C0064,P0119,F00462,2026-07-01,False,0,0
E00458,C0064,P0119,F00462,2026-08-01,False,0,0
E00458,C0064,P0119,F00463,2025-09-01,False,0,0
E00458,C0064,P0119,F00463,2025-10-01,True,209,1
E00458,C0064,P0119,F00463,2025-11-01,True,134,3
E00458,C0064,P0119,F00463,2025-12-01,True,252,11
E00458,C0064,P0119,F00463,2026-01-01,True,183,28
E00458,C0064,P0119,F00463,2026-02-01,True,131,1
E00458,C0064,P0119,F00463,2026-03-01,True,334,18
E00458,C0064,P0119,F00463,2026-04-01,True,244,8
E00458,C0064,P0119,F00463,2026-05-01,True,1209,19
E00458,C0064,P0119,F00463,2026-06-01,True,426,10
E00458,C0064,P0119,F00463,2026-07-01,True,38,24
E00458,C0064,P0119,F00463,2026-08-01,True,352,3
E00459,C0049,P0236,F00931,2025-07-01,False,0,0
E00459,C0049,P0236,F00931,2025-08-01,False,0,0
E00459,C0049,P0236,F00931,2025-09-01,False,0,0
E00459,C0049,P0236,F00931,2025-10-01,False,0,0
E00459,C0049,P0236,F00931,2025-11-01,False,0,0
E00459,C0049,P0236,F00931,2025-12-01,False,0,0
E00459,C0049,P0236,F00931,2026-01-01,False,0,0
E00459,C0049,P0236,F00931,2026-02-01,False,0,0
E00459,C0049,P0236,F00931,2026-03-01,False,0,0
E00459,C0049,P0236,F00931,2026-04-01,False,0,0
E00459,C0049,P0236,F00931,2026-05-01,False,0,0
E00459,C0049,P0236,F00931,2026-06-01,False,0,0
E00459,C0049,P0236,F00932,2025-07-01,False,0,0
E00459,C0049,P0236,F00932,2025-08-01,False,0,0
E00459,C0049,P0236,F00932,2025-09-01,False,0,0
E00459,C0049,P0236,F00932,2025-10-01,False,0,0
E00459,C0049,P0236,F00932,2025-11-01,False,0,0
E00459,C0049,P0236,F01627,2025-12-01,True,0,0
E00459,C0049,P0236,F00932,2026-01-01,False,0,0
E00459,C0049,P0236,F00932,2026-02-01,False,0,0
E00459,C0049,P0236,F00932,2026-03-01,False,0,0
E00459,C0049,P0236,F00932,2026-04-01,False,0,0
E00459,C0049,P0236,F00932,2026-05-01,False,0,0
E00459,C0049,P0236,F00932,2026-06-01,False,0,0
E00459,C0049,P0236,F00933,2025-07-01,False,0,0
E00459,C0049,P0236,F00933,2025-08-01,False,0,0
E00459,C0049,P0236,F00933,2025-09-01,False,0,0
E00459,C0049,P0236,F00933,2025-10-01,False,0,0
E00459,C0049,P0236,F00933,2025-11-01,False,0,0
E00459,C0049,P0236,F00933,2025-12-01,False,0,0
E00459,C0049,P0236,F00933,2026-01-01,False,0,0
E00459,C0049,P0236,F00933,2026-02-01,False,0,0
E00459,C0049,P0236,F00933,2026-03-01,False,0,0
E00459,C0049,P0236,F00933,2026-04-01,False,0,0
E00459,C0049,P0236,F00933,2026-05-01,False,0,0
E00459,C0049,P0236,F00933,2026-06-01,False,0,0
E00459,C0049,P0236,F00934,2025-07-01,False,0,0
E00459,C0049,P0236,F00934,2025-08-01,False,0,0
E00459,C0049,P0236,F00934,2025-09-01,False,0,0
E00459,C0049,P0236,F00934,2025-10-01,False,0,0
E00459,C0049,P0236,F00934,2025-11-01,False,0,0
E00459,C0049,P0236,F00934,2025-12-01,False,0,0
E00459,C0049,P0236,F00934,2026-01-01,False,0,0
E00459,C0049,P0236,F00934,2026-02-01,False,0,0
E00459,C0049,P0236,F00934,2026-03-01,False,0,0
E00459,C0049,P0236,F00934,2026-04-01,False,0,0
E00459,C0049,P0236,F00934,2026-05-01,False,0,0
E00459,C0049,P0236,F00934,2026-06-01,False,0,0
E00460,C0089,P0483,F01934,2025-06-01,False,0,0
E00460,C0089,P0483,F01934,2025-07-01,False,0,0
E00460,C0089,P0483,F01934,2025-08-01,False,0,0
E00460,C0089,P0483,F01934,2025-09-01,False,0,0
E00460,C0089,P0483,F01248,2025-10-01,True,0,0
E00460,C0089,P0483,F01934,2025-11-01,False,0,0
E00460,C0089,P0483,F01934,2025-12-01,False,0,0
E00460,C0089,P0483,F01934,2026-01-01,False,0,0
E00460,C0089,P0483,F01935,2025-06-01,False,0,0
E00460,C0089,P0483,F01935,2025-07-01,False,0,0
E00460,C0089,P0483,F01935,2025-08-01,False,0,0
E00460,C0089,P0483,F01935,2025-09-01,False,0,0
E00460,C0089,P0483,F01935,2025-10-01,False,0,0
E00460,C0089,P0483,F01935,2025-11-01,False,0,0
E00460,C0089,P0483,F01935,2025-12-01,False,0,0
E00460,C0089,P0483,F01935,2026-01-01,False,0,0
E00460,C0089,P0483,F01936,2025-06-01,False,0,0
E00460,C0089,P0483,F01936,2025-07-01,False,0,0
E00460,C0089,P0483,F01936,2025-08-01,False,0,0
E00460,C0089,P0483,F01936,2025-09-01,False,0,0
E00460,C0089,P0483,F01936,2025-10-01,False,0,0
E00460,C0089,P0483,F01936,2025-11-01,False,0,0
E00460,C0089,P0483,F01936,2025-12-01,False,0,0
E00460,C0089,P0483,F01936,2026-01-01,False,0,0
E00461,C0024,P0091,F00355,2025-06-01,False,0,0
E00461,C0024,P0091,F00355,2025-07-01,True,550,19
E00461,C0024,P0091,F00355,2025-08-01,True,261,6
E00461,C0024,P0091,F00355,2025-09-01,True,310,5
E00461,C0024,P0091,F00355,2025-10-01,True,128,10
E00461,C0024,P0091,F00355,2025-11-01,True,656,31
E00461,C0024,P0091,F00356,2025-06-01,False,0,0
E00461,C0024,P0091,F00356,2025-07-01,False,0,0
E00461,C0024,P0091,F00356,2025-08-01,False,0,0
E00461,C0024,P0091,F00237,2025-09-01,True,0,0
E00461,C0024,P0091,F00356,2025-10-01,False,0,0
E00461,C0024,P0091,F00356,2025-11-01,False,0,0
E00461,C0024,P0091,F00357,2025-06-01,False,0,0
E00461,C0024,P0091,F00357,2025-07-01,False,0,0
E00461,C0024,P0091,F00357,2025-08-01,False,0,0
E00461,C0024,P0091,F00357,2025-09-01,False,0,0
E00461,C0024,P0091,F00357,2025-10-01,False,0,0
E00461,C0024,P0091,F00357,2025-11-01,False,0,0
E00462,C0003,P0219,F00864,2025-06-01,False,0,0
E00462,C0003,P0219,F00864,2025-07-01,True,352,28
E00462,C0003,P0219,F00864,2025-08-01,True,124,18
E00462,C0003,P0219,F00864,2025-09-01,True,257,40
E00462,C0003,P0219,F00864,2025-10-01,True,197,12
E00462,C0003,P0219,F00864,2025-11-01,True,68,7
E00462,C0003,P0219,F00864,2025-12-01,True,726,17
E00462,C0003,P0219,F00864,2026-01-01,True,428,18
E00462,C0003,P0219,F00864,2026-02-01,True,326,30
E00462,C0003,P0219,F00865,2025-06-01,False,0,0
E00462,C0003,P0219,F00865,2025-07-01,False,0,0
E00462,C0003,P0219,F00865,2025-08-01,False,0,0
E00462,C0003,P0219,F00865,2025-09-01,True,63,12
E00462,C0003,P0219,F00865,2025-10-01,True,77,4
E00462,C0003,P0219,F00865,2025-11-01,True,223,8
E00462,C0003,P0219,F00865,2025-12-01,True,331,10
E00462,C0003,P0219,F00865,2026-01-01,True,210,10
E00462,C0003,P0219,F00865,2026-02-01,True,105,19
E00462,C0003,P0219,F00866,2025-06-01,True,564,29
E00462,C0003,P0219,F00866,2025-07-01,True,494,15
E00462,C0003,P0219,F00866,2025-08-01,True,532,5
E00462,C0003,P0219,F00866,2025-09-01,True,415,7
E00462,C0003,P0219,F00866,2025-10-01,True,448,14
E00462,C0003,P0219,F00866,2025-11-01,True,613,15
E00462,C0003,P0219,F00866,2025-12-01,True,541,8
E00462,C0003,P0219,F00866,2026-01-01,True,514,11
E00462,C0003,P0219,F00866,2026-02-01,True,806,8
E00462,C0003,P0219,F00867,2025-06-01,False,0,0
E00462,C0003,P0219,F00867,2025-07-01,False,0,0
E00462,C0003,P0219,F00867,2025-08-01,False,0,0
E00462,C0003,P0219,F00867,2025-09-01,False,0,0
E00462,C0003,P0219,F00867,2025-10-01,False,0,0
E00462,C0003,P0219,F00867,2025-11-01,False,0,0
E00462,C0003,P0219,F00867,2025-12-01,False,0,0
E00462,C0003,P0219,F00867,2026-01-01,False,0,0
E00462,C0003,P0219,F00867,2026-02-01,False,0,0
E00462,C0003,P0219,F00868,2025-06-01,False,0,0
E00462,C0003,P0219,F00868,2025-07-01,False,0,0
E00462,C0003,P0219,F00868,2025-08-01,False,0,0
E00462,C0003,P0219,F00868,2025-09-01,False,0,0
E00462,C0003,P0219,F00868,2025-10-01,False,0,0
E00462,C0003,P0219,F00868,2025-11-01,False,0,0
E00462,C0003,P0219,F00868,2025-12-01,False,0,0
E00462,C0003,P0219,F00868,2026-01-01,False,0,0
E00462,C0003,P0219,F00868,2026-02-01,True,82,6
E00463,C0025,P0270,F01077,2025-10-01,True,130,13
E00463,C0025,P0270,F01077,2025-11-01,True,662,4
E00463,C0025,P0270,F01077,2025-12-01,True,559,15
E00463,C0025,P0270,F01077,2026-01-01,True,1024,21
E00463,C0025,P0270,F01077,2026-02-01,True,194,8
E00463,C0025,P0270,F01077,2026-03-01,True,283,26
E00463,C0025,P0270,F01077,2026-04-01,True,1070,15
E00463,C0025,P0270,F01077,2026-05-01,True,91,9
E00463,C0025,P0270,F01077,2026-06-01,True,1383,11
E00463,C0025,P0270,F01077,2026-07-01,True,352,23
E00463,C0025,P0270,F01077,2026-08-01,False,0,0
E00463,C0025,P0270,F01078,2025-10-01,True,67,3
E00463,C0025,P0270,F01078,2025-11-01,True,902,16
E00463,C0025,P0270,F01078,2025-12-01,True,565,2
E00463,C0025,P0270,F01078,2026-01-01,True,210,15
E00463,C0025,P0270,F01078,2026-02-01,True,127,14
E00463,C0025,P0270,F01078,2026-03-01,True,131,3
E00463,C0025,P0270,F01078,2026-04-01,True,512,11
E00463,C0025,P0270,F01078,2026-05-01,True,319,10
E00463,C0025,P0270,F01078,2026-06-01,True,344,2
E00463,C0025,P0270,F01078,2026-07-01,True,659,24
E00463,C0025,P0270,F01078,2026-08-01,False,0,0
E00463,C0025,P0270,F01079,2025-10-01,False,0,0
E00463,C0025,P0270,F01079,2025-11-01,False,0,0
E00463,C0025,P0270,F01079,2025-12-01,False,0,0
E00463,C0025,P0270,F01079,2026-01-01,False,0,0
E00463,C0025,P0270,F01079,2026-02-01,False,0,0
E00463,C0025,P0270,F01079,2026-03-01,False,0,0
E00463,C0025,P0270,F01079,2026-04-01,False,0,0
E00463,C0025,P0270,F01079,2026-05-01,True,1139,13
E00463,C0025,P0270,F01079,2026-06-01,True,83,18
E00463,C0025,P0270,F01079,2026-07-01,True,400,12
E00463,C0025,P0270,F01079,2026-08-01,False,0,0
E00464,C0055,P0011,F00038,2025-06-01,True,162,14
E00464,C0055,P0011,F00038,2025-07-01,True,659,12
E00464,C0055,P0011,F00038,2025-08-01,True,239,7
E00464,C0055,P0011,F00038,2025-09-01,True,432,7
E00464,C0055,P0011,F00038,2025-10-01,True,118,18
E00464,C0055,P0011,F00038,2025-11-01,True,368,12
E00464,C0055,P0011,F00039,2025-06-01,False,0,0
E00464,C0055,P0011,F00039,2025-07-01,False,0,0
E00464,C0055,P0011,F00039,2025-08-01,False,0,0
E00464,C0055,P0011,F00039,2025-09-01,False,0,0
E00464,C0055,P0011,F00258,2025-10-01,True,0,0
E00464,C0055,P0011,F00039,2025-11-01,False,0,0
E00464,C0055,P0011,F00040,2025-06-01,False,0,0
E00464,C0055,P0011,F00040,2025-07-01,False,0,0
E00464,C0055,P0011,F00115,2025-08-01,True,0,0
E00464,C0055,P0011,F00040,2025-09-01,False,0,0
E00464,C0055,P0011,F00040,2025-10-01,False,0,0
E00464,C0055,P0011,F00040,2025-11-01,False,0,0
E00465,C0061,P0395,F01583,2025-10-01,True,201,4
E00465,C0061,P0395,F01583,2025-11-01,True,172,7
E00465,C0061,P0395,F01583,2025-12-01,True,243,9
E00465,C0061,P0395,F01583,2026-01-01,True,719,17
E00465,C0061,P0395,F01583,2026-02-01,True,558,4
E00465,C0061,P0395,F01583,2026-03-01,True,533,20
E00465,C0061,P0395,F01583,2026-04-01,True,241,4
E00465,C0061,P0395,F01583,2026-05-01,True,505,16
E00465,C0061,P0395,F01583,2026-06-01,True,348,18
E00465,C0061,P0395,F01583,2026-07-01,True,368,5
E00465,C0061,P0395,F01583,2026-08-01,False,0,0
E00465,C0061,P0395,F01584,2025-10-01,False,0,0
E00465,C0061,P0395,F01584,2025-11-01,False,0,0
E00465,C0061,P0395,F01584,2025-12-01,False,0,0
E00465,C0061,P0395,F01584,2026-01-01,False,0,0
E00465,C0061,P0395,F01584,2026-02-01,False,0,0
E00465,C0061,P0395,F01584,2026-03-01,False,0,0
E00465,C0061,P0395,F01584,2026-04-01,False,0,0
E00465,C0061,P0395,F01584,2026-05-01,False,0,0
E00465,C0061,P0395,F01584,2026-06-01,False,0,0
E00465,C0061,P0395,F01584,2026-07-01,False,0,0
E00465,C0061,P0395,F01584,2026-08-01,False,0,0
E00465,C0061,P0395,F01585,2025-10-01,False,0,0
E00465,C0061,P0395,F01585,2025-11-01,False,0,0
E00465,C0061,P0395,F01585,2025-12-01,False,0,0
E00465,C0061,P0395,F01585,2026-01-01,False,0,0
E00465,C0061,P0395,F01585,2026-02-01,False,0,0
E00465,C0061,P0395,F01585,2026-03-01,False,0,0
E00465,C0061,P0395,F01585,2026-04-01,False,0,0
E00465,C0061,P0395,F01585,2026-05-01,False,0,0
E00465,C0061,P0395,F01585,2026-06-01,False,0,0
E00465,C0061,P0395,F01585,2026-07-01,False,0,0
E00465,C0061,P0395,F00073,2026-08-01,True,0,0
E00466,C0099,P0005,F00016,2025-10-01,False,0,0
E00466,C0099,P0005,F00016,2025-11-01,False,0,0
E00466,C0099,P0005,F00016,2025-12-01,False,0,0
E00466,C0099,P0005,F00016,2026-01-01,False,0,0
E00466,C0099,P0005,F00016,2026-02-01,False,0,0
E00466,C0099,P0005,F00016,2026-03-01,False,0,0
E00466,C0099,P0005,F00016,2026-04-01,False,0,0
E00466,C0099,P0005,F00016,2026-05-01,False,0,0
E00466,C0099,P0005,F00016,2026-06-01,False,0,0
E00466,C0099,P0005,F00016,2026-07-01,False,0,0
E00466,C0099,P0005,F00016,2026-08-01,False,0,0
E00466,C0099,P0005,F00017,2025-10-01,False,0,0
E00466,C0099,P0005,F00017,2025-11-01,False,0,0
E00466,C0099,P0005,F00017,2025-12-01,False,0,0
E00466,C0099,P0005,F00017,2026-01-01,False,0,0
E00466,C0099,P0005,F00017,2026-02-01,False,0,0
E00466,C0099,P0005,F00017,2026-03-01,False,0,0
E00466,C0099,P0005,F00017,2026-04-01,False,0,0
E00466,C0099,P0005,F00017,2026-05-01,False,0,0
E00466,C0099,P0005,F00017,2026-06-01,False,0,0
E00466,C0099,P0005,F00017,2026-07-01,False,0,0
E00466,C0099,P0005,F00017,2026-08-01,False,0,0
E00466,C0099,P0005,F00018,2025-10-01,False,0,0
E00466,C0099,P0005,F00018,2025-11-01,False,0,0
E00466,C0099,P0005,F00018,2025-12-01,False,0,0
E00466,C0099,P0005,F00018,2026-01-01,False,0,0
E00466,C0099,P0005,F00018,2026-02-01,False,0,0
E00466,C0099,P0005,F00018,2026-03-01,False,0,0
E00466,C0099,P0005,F00018,2026-04-01,False,0,0
E00466,C0099,P0005,F00018,2026-05-01,False,0,0
E00466,C0099,P0005,F00018,2026-06-01,False,0,0
E00466,C0099,P0005,F00018,2026-07-01,False,0,0
E00466,C0099,P0005,F00018,2026-08-01,False,0,0
E00466,C0099,P0005,F00019,2025-10-01,False,0,0
E00466,C0099,P0005,F00019,2025-11-01,False,0,0
E00466,C0099,P0005,F00019,2025-12-01,False,0,0
E00466,C0099,P0005,F00019,2026-01-01,False,0,0
E00466,C0099,P0005,F00019,2026-02-01,False,0,0
E00466,C0099,P0005,F00019,2026-03-01,False,0,0
E00466,C0099,P0005,F00019,2026-04-01,False,0,0
E00466,C0099,P0005,F00019,2026-05-01,False,0,0
E00466,C0099,P0005,F00019,2026-06-01,False,0,0
E00466,C0099,P0005,F00019,2026-07-01,False,0,0
E00466,C0099,P0005,F00019,2026-08-01,False,0,0
E00466,C0099,P0005,F00020,2025-10-01,False,0,0
E00466,C0099,P0005,F00020,2025-11-01,False,0,0
E00466,C0099,P0005,F00020,2025-12-01,False,0,0
E00466,C0099,P0005,F00020,2026-01-01,False,0,0
E00466,C0099,P0005,F00020,2026-02-01,False,0,0
E00466,C0099,P0005,F00020,2026-03-01,False,0,0
E00466,C0099,P0005,F00020,2026-04-01,False,0,0
E00466,C0099,P0005,F00020,2026-05-01,False,0,0
E00466,C0099,P0005,F00068,2026-06-01,True,0,0
E00466,C0099,P0005,F00020,2026-07-01,False,0,0
E00466,C0099,P0005,F00020,2026-08-01,False,0,0
E00467,C0092,P0246,F00972,2025-06-01,False,0,0
E00467,C0092,P0246,F00972,2025-07-01,False,0,0
E00467,C0092,P0246,F00972,2025-08-01,False,0,0
E00467,C0092,P0246,F00972,2025-09-01,False,0,0
E00467,C0092,P0246,F00972,2025-10-01,False,0,0
E00467,C0092,P0246,F00972,2025-11-01,False,0,0
E00467,C0092,P0246,F00972,2025-12-01,False,0,0
E00467,C0092,P0246,F00972,2026-01-01,False,0,0
E00467,C0092,P0246,F00972,2026-02-01,False,0,0
E00467,C0092,P0246,F00972,2026-03-01,False,0,0
E00467,C0092,P0246,F00972,2026-04-01,False,0,0
E00467,C0092,P0246,F00973,2025-06-01,False,0,0
E00467,C0092,P0246,F00973,2025-07-01,False,0,0
E00467,C0092,P0246,F00973,2025-08-01,False,0,0
E00467,C0092,P0246,F00973,2025-09-01,False,0,0
E00467,C0092,P0246,F00973,2025-10-01,False,0,0
E00467,C0092,P0246,F00973,2025-11-01,False,0,0
E00467,C0092,P0246,F00973,2025-12-01,False,0,0
E00467,C0092,P0246,F00973,2026-01-01,False,0,0
E00467,C0092,P0246,F00973,2026-02-01,False,0,0
E00467,C0092,P0246,F00973,2026-03-01,False,0,0
E00467,C0092,P0246,F00973,2026-04-01,False,0,0
E00467,C0092,P0246,F00974,2025-06-01,False,0,0
E00467,C0092,P0246,F00974,2025-07-01,False,0,0
E00467,C0092,P0246,F00974,2025-08-01,False,0,0
E00467,C0092,P0246,F00974,2025-09-01,False,0,0
E00467,C0092,P0246,F00974,2025-10-01,False,0,0
E00467,C0092,P0246,F00974,2025-11-01,False,0,0
E00467,C0092,P0246,F00974,2025-12-01,False,0,0
E00467,C0092,P0246,F00974,2026-01-01,False,0,0
E00467,C0092,P0246,F00974,2026-02-01,False,0,0
E00467,C0092,P0246,F00974,2026-03-01,False,0,0
E00467,C0092,P0246,F00974,2026-04-01,False,0,0
E00467,C0092,P0246,F00975,2025-06-01,False,0,0
E00467,C0092,P0246,F00975,2025-07-01,False,0,0
E00467,C0092,P0246,F00975,2025-08-01,False,0,0
E00467,C0092,P0246,F00975,2025-09-01,False,0,0
E00467,C0092,P0246,F00975,2025-10-01,False,0,0
E00467,C0092,P0246,F00975,2025-11-01,False,0,0
E00467,C0092,P0246,F00975,2025-12-01,False,0,0
E00467,C0092,P0246,F00975,2026-01-01,False,0,0
E00467,C0092,P0246,F00975,2026-02-01,False,0,0
E00467,C0092,P0246,F00975,2026-03-01,False,0,0
E00467,C0092,P0246,F00975,2026-04-01,False,0,0
E00467,C0092,P0246,F00976,2025-06-01,False,0,0
E00467,C0092,P0246,F00976,2025-07-01,False,0,0
E00467,C0092,P0246,F00976,2025-08-01,False,0,0
E00467,C0092,P0246,F00976,2025-09-01,False,0,0
E00467,C0092,P0246,F00976,2025-10-01,False,0,0
E00467,C0092,P0246,F00976,2025-11-01,False,0,0
E00467,C0092,P0246,F00976,2025-12-01,False,0,0
E00467,C0092,P0246,F00976,2026-01-01,False,0,0
E00467,C0092,P0246,F00976,2026-02-01,False,0,0
E00467,C0092,P0246,F00976,2026-03-01,False,0,0
E00467,C0092,P0246,F00976,2026-04-01,False,0,0
E00468,C0017,P0125,F00483,2025-06-01,False,0,0
E00468,C0017,P0125,F00483,2025-07-01,True,363,11
E00468,C0017,P0125,F00483,2025-08-01,True,343,3
E00468,C0017,P0125,F00483,2025-09-01,True,997,38
E00468,C0017,P0125,F02005,2025-10-01,True,290,9
E00468,C0017,P0125,F00483,2025-11-01,True,366,10
E00468,C0017,P0125,F00483,2025-12-01,True,156,17
E00468,C0017,P0125,F00483,2026-01-01,True,640,9
E00468,C0017,P0125,F00483,2026-02-01,True,307,9
E00468,C0017,P0125,F00483,2026-03-01,True,608,10
E00468,C0017,P0125,F00484,2025-06-01,False,0,0
E00468,C0017,P0125,F00484,2025-07-01,False,0,0
E00468,C0017,P0125,F00484,2025-08-01,False,0,0
E00468,C0017,P0125,F00484,2025-09-01,False,0,0
E00468,C0017,P0125,F00484,2025-10-01,True,288,4
E00468,C0017,P0125,F00484,2025-11-01,True,677,6
E00468,C0017,P0125,F00484,2025-12-01,False,0,0
E00468,C0017,P0125,F00484,2026-01-01,True,115,15
E00468,C0017,P0125,F00484,2026-02-01,True,356,39
E00468,C0017,P0125,F00484,2026-03-01,True,100,6
E00468,C0017,P0125,F00485,2025-06-01,False,0,0
E00468,C0017,P0125,F00485,2025-07-01,False,0,0
E00468,C0017,P0125,F00485,2025-08-01,False,0,0
E00468,C0017,P0125,F00485,2025-09-01,False,0,0
E00468,C0017,P0125,F00485,2025-10-01,False,0,0
E00468,C0017,P0125,F00485,2025-11-01,False,0,0
E00468,C0017,P0125,F00485,2025-12-01,False,0,0
E00468,C0017,P0125,F00485,2026-01-01,False,0,0
E00468,C0017,P0125,F00485,2026-02-01,False,0,0
E00468,C0017,P0125,F00485,2026-03-01,False,0,0
E00469,C0062,P0023,F00085,2025-06-01,False,0,0
E00469,C0062,P0023,F00085,2025-07-01,False,0,0
E00469,C0062,P0023,F00085,2025-08-01,False,0,0
E00469,C0062,P0023,F00085,2025-09-01,False,0,0
E00469,C0062,P0023,F00085,2025-10-01,False,0,0
E00469,C0062,P0023,F00085,2025-11-01,False,0,0
E00469,C0062,P0023,F00085,2025-12-01,False,0,0
E00469,C0062,P0023,F00085,2026-01-01,False,0,0
E00469,C0062,P0023,F00085,2026-02-01,False,0,0
E00469,C0062,P0023,F00085,2026-03-01,False,0,0
E00469,C0062,P0023,F00086,2025-06-01,False,0,0
E00469,C0062,P0023,F00086,2025-07-01,False,0,0
E00469,C0062,P0023,F00086,2025-08-01,False,0,0
E00469,C0062,P0023,F00086,2025-09-01,False,0,0
E00469,C0062,P0023,F00086,2025-10-01,False,0,0
E00469,C0062,P0023,F00086,2025-11-01,False,0,0
E00469,C0062,P0023,F00086,2025-12-01,False,0,0
E00469,C0062,P0023,F00086,2026-01-01,False,0,0
E00469,C0062,P0023,F00086,2026-02-01,False,0,0
E00469,C0062,P0023,F00086,2026-03-01,False,0,0
E00469,C0062,P0023,F00087,2025-06-01,False,0,0
E00469,C0062,P0023,F00087,2025-07-01,False,0,0
E00469,C0062,P0023,F00087,2025-08-01,False,0,0
E00469,C0062,P0023,F00087,2025-09-01,False,0,0
E00469,C0062,P0023,F00087,2025-10-01,False,0,0
E00469,C0062,P0023,F00087,2025-11-01,False,0,0
E00469,C0062,P0023,F00087,2025-12-01,False,0,0
E00469,C0062,P0023,F00087,2026-01-01,False,0,0
E00469,C0062,P0023,F00087,2026-02-01,False,0,0
E00469,C0062,P0023,F00087,2026-03-01,False,0,0
E00470,C0047,P0468,F01875,2025-06-01,True,534,10
E00470,C0047,P0468,F01875,2025-07-01,True,402,11
E00470,C0047,P0468,F00533,2025-08-01,True,64,12
E00470,C0047,P0468,F01875,2025-09-01,True,593,5
E00470,C0047,P0468,F01875,2025-10-01,True,175,7
E00470,C0047,P0468,F01875,2025-11-01,True,111,5
E00470,C0047,P0468,F01875,2025-12-01,True,372,23
E00470,C0047,P0468,F01876,2025-06-01,False,0,0
E00470,C0047,P0468,F01876,2025-07-01,False,0,0
E00470,C0047,P0468,F01876,2025-08-01,False,0,0
E00470,C0047,P0468,F01876,2025-09-01,False,0,0
E00470,C0047,P0468,F01876,2025-10-01,False,0,0
E00470,C0047,P0468,F01876,2025-11-01,False,0,0
E00470,C0047,P0468,F01876,2025-12-01,True,225,29
E00470,C0047,P0468,F01877,2025-06-01,True,221,18
E00470,C0047,P0468,F01877,2025-07-01,True,184,13
E00470,C0047,P0468,F01877,2025-08-01,True,964,15
E00470,C0047,P0468,F01877,2025-09-01,True,316,9
E00470,C0047,P0468,F01877,2025-10-01,True,471,16
E00470,C0047,P0468,F01877,2025-11-01,True,627,11
E00470,C0047,P0468,F01877,2025-12-01,True,457,5
E00471,C0015,P0336,F01344,2025-06-01,False,0,0
E00471,C0015,P0336,F01291,2025-07-01,True,503,6
E00471,C0015,P0336,F01344,2025-08-01,True,405,8
E00471,C0015,P0336,F01344,2025-09-01,True,897,11
E00471,C0015,P0336,F01344,2025-10-01,True,962,10
E00471,C0015,P0336,F01344,2025-11-01,True,1073,15
E00471,C0015,P0336,F01344,2025-12-01,True,69,8
E00471,C0015,P0336,F01344,2026-01-01,True,203,4
E00471,C0015,P0336,F01344,2026-02-01,True,193,7
E00471,C0015,P0336,F01344,2026-03-01,True,75,9
E00471,C0015,P0336,F01344,2026-04-01,True,503,40
E00471,C0015,P0336,F01344,2026-05-01,True,840,9
E00471,C0015,P0336,F01345,2025-06-01,False,0,0
E00471,C0015,P0336,F01345,2025-07-01,False,0,0
E00471,C0015,P0336,F01345,2025-08-01,False,0,0
E00471,C0015,P0336,F01345,2025-09-01,False,0,0
E00471,C0015,P0336,F01345,2025-10-01,True,366,15
E00471,C0015,P0336,F01345,2025-11-01,True,321,11
E00471,C0015,P0336,F01345,2025-12-01,True,193,10
E00471,C0015,P0336,F01345,2026-01-01,True,392,4
E00471,C0015,P0336,F01345,2026-02-01,True,527,15
E00471,C0015,P0336,F01345,2026-03-01,True,561,6
E00471,C0015,P0336,F01345,2026-04-01,True,963,8
E00471,C0015,P0336,F01345,2026-05-01,True,134,26
E00471,C0015,P0336,F01346,2025-06-01,False,0,0
E00471,C0015,P0336,F01346,2025-07-01,False,0,0
E00471,C0015,P0336,F01346,2025-08-01,False,0,0
E00471,C0015,P0336,F01346,2025-09-01,False,0,0
E00471,C0015,P0336,F01346,2025-10-01,False,0,0
E00471,C0015,P0336,F01346,2025-11-01,False,0,0
E00471,C0015,P0336,F01346,2025-12-01,False,0,0
E00471,C0015,P0336,F01346,2026-01-01,False,0,0
E00471,C0015,P0336,F01346,2026-02-01,False,0,0
E00471,C0015,P0336,F01346,2026-03-01,False,0,0
E00471,C0015,P0336,F01346,2026-04-01,False,0,0
E00471,C0015,P0336,F01346,2026-05-01,False,0,0
E00471,C0015,P0336,F01347,2025-06-01,False,0,0
E00471,C0015,P0336,F01347,2025-07-01,True,159,13
E00471,C0015,P0336,F01347,2025-08-01,True,223,3
E00471,C0015,P0336,F01347,2025-09-01,False,0,0
E00471,C0015,P0336,F01809,2025-10-01,True,155,24
E00471,C0015,P0336,F01347,2025-11-01,True,368,7
E00471,C0015,P0336,F01347,2025-12-01,True,290,4
E00471,C0015,P0336,F01347,2026-01-01,True,180,18
E00471,C0015,P0336,F01347,2026-02-01,True,421,10
E00471,C0015,P0336,F01347,2026-03-01,True,310,3
E00471,C0015,P0336,F01347,2026-04-01,True,330,18
E00471,C0015,P0336,F01347,2026-05-01,True,219,10
E00472,C0075,P0367,F01467,2025-10-01,False,0,0
E00472,C0075,P0367,F01467,2025-11-01,True,34,22
E00472,C0075,P0367,F01467,2025-12-01,False,0,0
E00472,C0075,P0367,F01467,2026-01-01,True,971,27
E00472,C0075,P0367,F01467,2026-02-01,True,84,19
E00472,C0075,P0367,F01467,2026-03-01,True,693,10
E00472,C0075,P0367,F01467,2026-04-01,True,267,19
E00472,C0075,P0367,F01467,2026-05-01,True,384,5
E00472,C0075,P0367,F01467,2026-06-01,True,571,22
E00472,C0075,P0367,F01467,2026-07-01,True,630,18
E00472,C0075,P0367,F01467,2026-08-01,True,136,7
E00472,C0075,P0367,F01468,2025-10-01,False,0,0
E00472,C0075,P0367,F01468,2025-11-01,True,427,25
E00472,C0075,P0367,F01468,2025-12-01,True,185,24
E00472,C0075,P0367,F01468,2026-01-01,True,64,22
E00472,C0075,P0367,F01468,2026-02-01,True,753,34
E00472,C0075,P0367,F01468,2026-03-01,True,689,13
E00472,C0075,P0367,F01468,2026-04-01,True,270,7
E00472,C0075,P0367,F01468,2026-05-01,True,341,7
E00472,C0075,P0367,F01468,2026-06-01,True,571,19
E00472,C0075,P0367,F01468,2026-07-01,True,173,20
E00472,C0075,P0367,F01468,2026-08-01,False,0,0
E00472,C0075,P0367,F01469,2025-10-01,False,0,0
E00472,C0075,P0367,F01469,2025-11-01,False,0,0
E00472,C0075,P0367,F01469,2025-12-01,True,478,8
E00472,C0075,P0367,F01469,2026-01-01,True,789,6
E00472,C0075,P0367,F01469,2026-02-01,True,118,6
E00472,C0075,P0367,F01469,2026-03-01,True,236,21
E00472,C0075,P0367,F01469,2026-04-01,True,743,11
E00472,C0075,P0367,F01469,2026-05-01,True,53,6
E00472,C0075,P0367,F01469,2026-06-01,True,1148,18
E00472,C0075,P0367,F01469,2026-07-01,True,49,1
E00472,C0075,P0367,F01469,2026-08-01,False,0,0
E00472,C0075,P0367,F01470,2025-10-01,False,0,0
E00472,C0075,P0367,F01470,2025-11-01,False,0,0
E00472,C0075,P0367,F01470,2025-12-01,False,0,0
E00472,C0075,P0367,F01470,2026-01-01,False,0,0
E00472,C0075,P0367,F01470,2026-02-01,False,0,0
E00472,C0075,P0367,F01470,2026-03-01,False,0,0
E00472,C0075,P0367,F01470,2026-04-01,False,0,0
E00472,C0075,P0367,F01470,2026-05-01,False,0,0
E00472,C0075,P0367,F01470,2026-06-01,False,0,0
E00472,C0075,P0367,F01470,2026-07-01,False,0,0
E00472,C0075,P0367,F01470,2026-08-01,False,0,0
E00473,C0047,P0490,F01964,2025-06-01,False,0,0
E00473,C0047,P0490,F01964,2025-07-01,True,629,25
E00473,C0047,P0490,F01964,2025-08-01,True,148,6
E00473,C0047,P0490,F01964,2025-09-01,True,725,8
E00473,C0047,P0490,F01964,2025-10-01,True,317,9
E00473,C0047,P0490,F01964,2025-11-01,False,0,0
E00473,C0047,P0490,F01964,2025-12-01,True,400,13
E00473,C0047,P0490,F01965,2025-06-01,False,0,0
E00473,C0047,P0490,F01965,2025-07-01,False,0,0
E00473,C0047,P0490,F01965,2025-08-01,True,1212,8
E00473,C0047,P0490,F01965,2025-09-01,True,316,4
E00473,C0047,P0490,F01965,2025-10-01,True,396,21
E00473,C0047,P0490,F01965,2025-11-01,True,196,5
E00473,C0047,P0490,F01965,2025-12-01,True,717,13
E00473,C0047,P0490,F01966,2025-06-01,False,0,0
E00473,C0047,P0490,F01966,2025-07-01,False,0,0
E00473,C0047,P0490,F01966,2025-08-01,False,0,0
E00473,C0047,P0490,F01966,2025-09-01,False,0,0
E00473,C0047,P0490,F01966,2025-10-01,False,0,0
E00473,C0047,P0490,F01966,2025-11-01,False,0,0
E00473,C0047,P0490,F01966,2025-12-01,False,0,0
E00473,C0047,P0490,F01967,2025-06-01,False,0,0
E00473,C0047,P0490,F01967,2025-07-01,False,0,0
E00473,C0047,P0490,F01967,2025-08-01,False,0,0
E00473,C0047,P0490,F01967,2025-09-01,False,0,0
E00473,C0047,P0490,F01967,2025-10-01,False,0,0
E00473,C0047,P0490,F01967,2025-11-01,False,0,0
E00473,C0047,P0490,F01967,2025-12-01,False,0,0
E00473,C0047,P0490,F01968,2025-06-01,False,0,0
E00473,C0047,P0490,F01968,2025-07-01,True,174,12
E00473,C0047,P0490,F01968,2025-08-01,True,160,8
E00473,C0047,P0490,F01968,2025-09-01,True,299,20
E00473,C0047,P0490,F01968,2025-10-01,True,547,21
E00473,C0047,P0490,F01968,2025-11-01,True,274,14
E00473,C0047,P0490,F01968,2025-12-01,True,73,5
E00474,C0052,P0473,F01897,2025-09-01,False,0,0
E00474,C0052,P0473,F01897,2025-10-01,True,116,18
E00474,C0052,P0473,F01897,2025-11-01,True,1076,9
E00474,C0052,P0473,F01897,2025-12-01,True,539,15
E00474,C0052,P0473,F01897,2026-01-01,False,0,0
E00474,C0052,P0473,F01897,2026-02-01,True,1008,8
E00474,C0052,P0473,F01897,2026-03-01,True,388,5
E00474,C0052,P0473,F01897,2026-04-01,True,126,17
E00474,C0052,P0473,F01897,2026-05-01,True,205,6
E00474,C0052,P0473,F01897,2026-06-01,True,501,9
E00474,C0052,P0473,F01897,2026-07-01,True,598,17
E00474,C0052,P0473,F01897,2026-08-01,True,415,11
E00474,C0052,P0473,F01898,2025-09-01,False,0,0
E00474,C0052,P0473,F01898,2025-10-01,True,1062,9
E00474,C0052,P0473,F01898,2025-11-01,True,624,5
E00474,C0052,P0473,F01898,2025-12-01,False,0,0
E00474,C0052,P0473,F01898,2026-01-01,True,374,18
E00474,C0052,P0473,F01898,2026-02-01,True,179,10
E00474,C0052,P0473,F01898,2026-03-01,True,366,6
E00474,C0052,P0473,F01898,2026-04-01,True,216,5
E00474,C0052,P0473,F01898,2026-05-01,True,44,5
E00474,C0052,P0473,F01898,2026-06-01,True,413,7
E00474,C0052,P0473,F01898,2026-07-01,True,346,11
E00474,C0052,P0473,F01898,2026-08-01,False,0,0
E00474,C0052,P0473,F01899,2025-09-01,False,0,0
E00474,C0052,P0473,F01899,2025-10-01,True,306,17
E00474,C0052,P0473,F01899,2025-11-01,True,1308,5
E00474,C0052,P0473,F01899,2025-12-01,True,709,6
E00474,C0052,P0473,F01899,2026-01-01,True,475,4
E00474,C0052,P0473,F01899,2026-02-01,True,449,8
E00474,C0052,P0473,F01899,2026-03-01,True,260,12
E00474,C0052,P0473,F01392,2026-04-01,True,149,5
E00474,C0052,P0473,F01899,2026-05-01,True,273,20
E00474,C0052,P0473,F01899,2026-06-01,True,279,37
E00474,C0052,P0473,F01899,2026-07-01,False,0,0
E00474,C0052,P0473,F01899,2026-08-01,False,0,0
E00475,C0009,P0272,F01083,2025-09-01,True,1578,10
E00475,C0009,P0272,F01083,2025-10-01,True,1036,5
E00475,C0009,P0272,F01083,2025-11-01,True,372,12
E00475,C0009,P0272,F01083,2025-12-01,True,547,3
E00475,C0009,P0272,F01436,2026-01-01,True,405,23
E00475,C0009,P0272,F01083,2026-02-01,True,40,5
E00475,C0009,P0272,F01083,2026-03-01,True,855,6
E00475,C0009,P0272,F01083,2026-04-01,True,396,14
E00475,C0009,P0272,F01083,2026-05-01,True,179,4
E00475,C0009,P0272,F01083,2026-06-01,True,305,21
E00475,C0009,P0272,F01083,2026-07-01,True,408,4
E00475,C0009,P0272,F01083,2026-08-01,False,0,0
E00475,C0009,P0272,F01084,2025-09-01,False,0,0
E00475,C0009,P0272,F01084,2025-10-01,False,0,0
E00475,C0009,P0272,F01084,2025-11-01,False,0,0
E00475,C0009,P0272,F01084,2025-12-01,False,0,0
E00475,C0009,P0272,F01084,2026-01-01,False,0,0
E00475,C0009,P0272,F01084,2026-02-01,False,0,0
E00475,C0009,P0272,F01084,2026-03-01,False,0,0
E00475,C0009,P0272,F01084,2026-04-01,False,0,0
E00475,C0009,P0272,F01084,2026-05-01,False,0,0
E00475,C0009,P0272,F01084,2026-06-01,False,0,0
E00475,C0009,P0272,F01084,2026-07-01,False,0,0
E00475,C0009,P0272,F01084,2026-08-01,False,0,0
E00475,C0009,P0272,F01085,2025-09-01,False,0,0
E00475,C0009,P0272,F01085,2025-10-01,False,0,0
E00475,C0009,P0272,F00464,2025-11-01,True,0,0
E00475,C0009,P0272,F01085,2025-12-01,False,0,0
E00475,C0009,P0272,F01085,2026-01-01,False,0,0
E00475,C0009,P0272,F01085,2026-02-01,False,0,0
E00475,C0009,P0272,F01085,2026-03-01,False,0,0
E00475,C0009,P0272,F01085,2026-04-01,False,0,0
E00475,C0009,P0272,F01085,2026-05-01,False,0,0
E00475,C0009,P0272,F01085,2026-06-01,False,0,0
E00475,C0009,P0272,F01085,2026-07-01,False,0,0
E00475,C0009,P0272,F01085,2026-08-01,False,0,0
E00475,C0009,P0272,F01086,2025-09-01,False,0,0
E00475,C0009,P0272,F01086,2025-10-01,False,0,0
E00475,C0009,P0272,F01086,2025-11-01,False,0,0
E00475,C0009,P0272,F01086,2025-12-01,False,0,0
E00475,C0009,P0272,F01086,2026-01-01,False,0,0
E00475,C0009,P0272,F01086,2026-02-01,False,0,0
E00475,C0009,P0272,F01086,2026-03-01,False,0,0
E00475,C0009,P0272,F01086,2026-04-01,False,0,0
E00475,C0009,P0272,F01086,2026-05-01,False,0,0
E00475,C0009,P0272,F01086,2026-06-01,False,0,0
E00475,C0009,P0272,F01086,2026-07-01,False,0,0
E00475,C0009,P0272,F01086,2026-08-01,False,0,0
E00476,C0032,P0342,F01366,2025-10-01,False,0,0
E00476,C0032,P0342,F01366,2025-11-01,True,627,4
E00476,C0032,P0342,F01366,2025-12-01,True,476,9
E00476,C0032,P0342,F01366,2026-01-01,True,251,8
E00476,C0032,P0342,F01366,2026-02-01,True,325,10
E00476,C0032,P0342,F01366,2026-03-01,True,426,19
E00476,C0032,P0342,F01366,2026-04-01,True,1130,10
E00476,C0032,P0342,F01366,2026-05-01,True,642,11
E00476,C0032,P0342,F01366,2026-06-01,True,279,13
E00476,C0032,P0342,F01366,2026-07-01,True,96,5
E00476,C0032,P0342,F01366,2026-08-01,True,122,12
E00476,C0032,P0342,F01367,2025-10-01,False,0,0
E00476,C0032,P0342,F01367,2025-11-01,False,0,0
E00476,C0032,P0342,F01367,2025-12-01,False,0,0
E00476,C0032,P0342,F01367,2026-01-01,False,0,0
E00476,C0032,P0342,F01367,2026-02-01,False,0,0
E00476,C0032,P0342,F01367,2026-03-01,False,0,0
E00476,C0032,P0342,F01367,2026-04-01,False,0,0
E00476,C0032,P0342,F01367,2026-05-01,False,0,0
E00476,C0032,P0342,F01367,2026-06-01,False,0,0
E00476,C0032,P0342,F01367,2026-07-01,False,0,0
E00476,C0032,P0342,F01367,2026-08-01,False,0,0
E00476,C0032,P0342,F01368,2025-10-01,False,0,0
E00476,C0032,P0342,F01368,2025-11-01,False,0,0
E00476,C0032,P0342,F01368,2025-12-01,False,0,0
E00476,C0032,P0342,F01368,2026-01-01,False,0,0
E00476,C0032,P0342,F01368,2026-02-01,False,0,0
E00476,C0032,P0342,F01368,2026-03-01,False,0,0
E00476,C0032,P0342,F01368,2026-04-01,False,0,0
E00476,C0032,P0342,F01368,2026-05-01,True,53,4
E00476,C0032,P0342,F01368,2026-06-01,True,68,10
E00476,C0032,P0342,F01368,2026-07-01,True,247,9
E00476,C0032,P0342,F01368,2026-08-01,False,0,0
E00476,C0032,P0342,F01369,2025-10-01,False,0,0
E00476,C0032,P0342,F01369,2025-11-01,False,0,0
E00476,C0032,P0342,F01369,2025-12-01,False,0,0
E00476,C0032,P0342,F01369,2026-01-01,False,0,0
E00476,C0032,P0342,F01369,2026-02-01,False,0,0
E00476,C0032,P0342,F00814,2026-03-01,True,0,0
E00476,C0032,P0342,F01369,2026-04-01,False,0,0
E00476,C0032,P0342,F01369,2026-05-01,False,0,0
E00476,C0032,P0342,F01369,2026-06-01,False,0,0
E00476,C0032,P0342,F01369,2026-07-01,False,0,0
E00476,C0032,P0342,F01369,2026-08-01,False,0,0
E00477,C0055,P0139,F00541,2025-06-01,True,477,10
E00477,C0055,P0139,F00541,2025-07-01,True,269,2
E00477,C0055,P0139,F00541,2025-08-01,True,477,2
E00477,C0055,P0139,F00541,2025-09-01,True,410,57
E00477,C0055,P0139,F00541,2025-10-01,True,536,6
E00477,C0055,P0139,F00541,2025-11-01,True,675,35
E00477,C0055,P0139,F00541,2025-12-01,True,753,26
E00477,C0055,P0139,F00541,2026-01-01,True,168,7
E00477,C0055,P0139,F00541,2026-02-01,True,593,10
E00477,C0055,P0139,F00541,2026-03-01,True,156,15
E00477,C0055,P0139,F00542,2025-06-01,False,0,0
E00477,C0055,P0139,F00542,2025-07-01,False,0,0
E00477,C0055,P0139,F00542,2025-08-01,False,0,0
E00477,C0055,P0139,F00542,2025-09-01,False,0,0
E00477,C0055,P0139,F00542,2025-10-01,False,0,0
E00477,C0055,P0139,F01948,2025-11-01,True,0,0
E00477,C0055,P0139,F00542,2025-12-01,False,0,0
E00477,C0055,P0139,F00542,2026-01-01,False,0,0
E00477,C0055,P0139,F00542,2026-02-01,False,0,0
E00477,C0055,P0139,F01364,2026-03-01,True,0,0
E00477,C0055,P0139,F00543,2025-06-01,False,0,0
E00477,C0055,P0139,F00543,2025-07-01,False,0,0
E00477,C0055,P0139,F00543,2025-08-01,False,0,0
E00477,C0055,P0139,F00543,2025-09-01,False,0,0
E00477,C0055,P0139,F00543,2025-10-01,False,0,0
E00477,C0055,P0139,F00543,2025-11-01,False,0,0
E00477,C0055,P0139,F00543,2025-12-01,False,0,0
E00477,C0055,P0139,F00543,2026-01-01,False,0,0
E00477,C0055,P0139,F00543,2026-02-01,False,0,0
E00477,C0055,P0139,F00543,2026-03-01,False,0,0
E00478,C0074,P0442,F01356,2025-06-01,True,0,0
E00478,C0074,P0442,F01767,2025-07-01,True,592,8
E00478,C0074,P0442,F01767,2025-08-01,True,135,7
E00478,C0074,P0442,F01767,2025-09-01,True,258,11
E00478,C0074,P0442,F01767,2025-10-01,True,114,9
E00478,C0074,P0442,F01767,2025-11-01,True,228,15
E00478,C0074,P0442,F01767,2025-12-01,True,2732,12
E00478,C0074,P0442,F01767,2026-01-01,True,341,13
E00478,C0074,P0442,F01767,2026-02-01,True,604,1
E00478,C0074,P0442,F01767,2026-03-01,True,338,18
E00478,C0074,P0442,F01768,2025-06-01,False,0,0
E00478,C0074,P0442,F01768,2025-07-01,False,0,0
E00478,C0074,P0442,F01768,2025-08-01,False,0,0
E00478,C0074,P0442,F01768,2025-09-01,False,0,0
E00478,C0074,P0442,F01768,2025-10-01,False,0,0
E00478,C0074,P0442,F01768,2025-11-01,False,0,0
E00478,C0074,P0442,F01768,2025-12-01,False,0,0
E00478,C0074,P0442,F01768,2026-01-01,False,0,0
E00478,C0074,P0442,F01768,2026-02-01,False,0,0
E00478,C0074,P0442,F01768,2026-03-01,False,0,0
E00478,C0074,P0442,F01769,2025-06-01,False,0,0
E00478,C0074,P0442,F01769,2025-07-01,False,0,0
E00478,C0074,P0442,F01769,2025-08-01,True,76,12
E00478,C0074,P0442,F01769,2025-09-01,True,701,34
E00478,C0074,P0442,F01769,2025-10-01,True,438,15
E00478,C0074,P0442,F01769,2025-11-01,True,505,3
E00478,C0074,P0442,F01769,2025-12-01,True,1544,13
E00478,C0074,P0442,F01769,2026-01-01,True,301,24
E00478,C0074,P0442,F01769,2026-02-01,True,192,15
E00478,C0074,P0442,F01769,2026-03-01,True,279,6
E00478,C0074,P0442,F01770,2025-06-01,False,0,0
E00478,C0074,P0442,F01770,2025-07-01,False,0,0
E00478,C0074,P0442,F01770,2025-08-01,False,0,0
E00478,C0074,P0442,F01770,2025-09-01,False,0,0
E00478,C0074,P0442,F01770,2025-10-01,False,0,0
E00478,C0074,P0442,F01770,2025-11-01,False,0,0
E00478,C0074,P0442,F01770,2025-12-01,False,0,0
E00478,C0074,P0442,F01770,2026-01-01,False,0,0
E00478,C0074,P0442,F01770,2026-02-01,True,365,12
E00478,C0074,P0442,F01770,2026-03-01,True,331,45
E00479,C0054,P0229,F00903,2025-06-01,True,403,8
E00479,C0054,P0229,F00903,2025-07-01,True,396,17
E00479,C0054,P0229,F01908,2025-08-01,True,491,29
E00479,C0054,P0229,F00903,2025-09-01,True,440,1
E00479,C0054,P0229,F00903,2025-10-01,True,407,12
E00479,C0054,P0229,F00903,2025-11-01,True,723,2
E00479,C0054,P0229,F00903,2025-12-01,True,529,18
E00479,C0054,P0229,F00903,2026-01-01,True,413,17
E00479,C0054,P0229,F00904,2025-06-01,False,0,0
E00479,C0054,P0229,F00904,2025-07-01,False,0,0
E00479,C0054,P0229,F00904,2025-08-01,False,0,0
E00479,C0054,P0229,F00904,2025-09-01,True,161,19
E00479,C0054,P0229,F00904,2025-10-01,True,137,6
E00479,C0054,P0229,F00904,2025-11-01,True,574,36
E00479,C0054,P0229,F00904,2025-12-01,True,1161,13
E00479,C0054,P0229,F00904,2026-01-01,True,79,7
E00479,C0054,P0229,F00905,2025-06-01,False,0,0
E00479,C0054,P0229,F00905,2025-07-01,False,0,0
E00479,C0054,P0229,F00905,2025-08-01,False,0,0
E00479,C0054,P0229,F00905,2025-09-01,False,0,0
E00479,C0054,P0229,F00905,2025-10-01,False,0,0
E00479,C0054,P0229,F00905,2025-11-01,True,285,1
E00479,C0054,P0229,F00905,2025-12-01,True,134,19
E00479,C0054,P0229,F00905,2026-01-01,True,1110,22
E00480,C0012,P0143,F00556,2025-06-01,False,0,0
E00480,C0012,P0143,F00556,2025-07-01,False,0,0
E00480,C0012,P0143,F00556,2025-08-01,False,0,0
E00480,C0012,P0143,F00556,2025-09-01,False,0,0
E00480,C0012,P0143,F00556,2025-10-01,False,0,0
E00480,C0012,P0143,F00556,2025-11-01,False,0,0
E00480,C0012,P0143,F00556,2025-12-01,False,0,0
E00480,C0012,P0143,F00557,2025-06-01,False,0,0
E00480,C0012,P0143,F00557,2025-07-01,False,0,0
E00480,C0012,P0143,F00557,2025-08-01,False,0,0
E00480,C0012,P0143,F00557,2025-09-01,False,0,0
E00480,C0012,P0143,F00557,2025-10-01,False,0,0
E00480,C0012,P0143,F00557,2025-11-01,False,0,0
E00480,C0012,P0143,F00557,2025-12-01,False,0,0
E00480,C0012,P0143,F00558,2025-06-01,False,0,0
E00480,C0012,P0143,F00558,2025-07-01,False,0,0
E00480,C0012,P0143,F00558,2025-08-01,False,0,0
E00480,C0012,P0143,F00558,2025-09-01,False,0,0
E00480,C0012,P0143,F00558,2025-10-01,False,0,0
E00480,C0012,P0143,F00558,2025-11-01,False,0,0
E00480,C0012,P0143,F00558,2025-12-01,False,0,0
E00480,C0012,P0143,F00559,2025-06-01,False,0,0
E00480,C0012,P0143,F00559,2025-07-01,False,0,0
E00480,C0012,P0143,F00559,2025-08-01,False,0,0
E00480,C0012,P0143,F00559,2025-09-01,False,0,0
E00480,C0012,P0143,F00559,2025-10-01,False,0,0
E00480,C0012,P0143,F00559,2025-11-01,False,0,0
E00480,C0012,P0143,F00559,2025-12-01,False,0,0
E80001,C0006,P0276,F01097,2025-09-01,True,237,17
E80001,C0006,P0276,F01097,2025-10-01,True,357,4
E80001,C0006,P0276,F01097,2025-11-01,True,451,16
E80001,C0006,P0276,F01097,2025-12-01,True,160,3
E80001,C0006,P0276,F01097,2026-01-01,True,242,24
E80001,C0006,P0276,F01097,2026-02-01,True,631,7
E80001,C0006,P0276,F01097,2026-03-01,True,173,10
E80001,C0006,P0276,F01097,2026-04-01,True,126,12
E80001,C0006,P0276,F01097,2026-05-01,True,314,1
E80001,C0006,P0276,F01097,2026-06-01,True,268,1
E80001,C0006,P0276,F01097,2026-07-01,True,438,4
E80001,C0006,P0276,F01097,2026-08-01,True,64,8
E80001,C0006,P0276,F01098,2025-09-01,False,0,0
E80001,C0006,P0276,F01098,2025-10-01,False,0,0
E80001,C0006,P0276,F01098,2025-11-01,False,0,0
E80001,C0006,P0276,F01098,2025-12-01,False,0,0
E80001,C0006,P0276,F01098,2026-01-01,False,0,0
E80001,C0006,P0276,F01098,2026-02-01,False,0,0
E80001,C0006,P0276,F01098,2026-03-01,False,0,0
E80001,C0006,P0276,F01098,2026-04-01,False,0,0
E80001,C0006,P0276,F01098,2026-05-01,False,0,0
E80001,C0006,P0276,F01098,2026-06-01,False,0,0
E80001,C0006,P0276,F01098,2026-07-01,False,0,0
E80001,C0006,P0276,F01098,2026-08-01,False,0,0
E80001,C0006,P0276,F01099,2025-09-01,False,0,0
E80001,C0006,P0276,F01099,2025-10-01,False,0,0
E80001,C0006,P0276,F01099,2025-11-01,False,0,0
E80001,C0006,P0276,F01099,2025-12-01,False,0,0
E80001,C0006,P0276,F01099,2026-01-01,False,0,0
E80001,C0006,P0276,F01099,2026-02-01,False,0,0
E80001,C0006,P0276,F01099,2026-03-01,False,0,0
E80001,C0006,P0276,F01099,2026-04-01,False,0,0
E80001,C0006,P0276,F01099,2026-05-01,False,0,0
E80001,C0006,P0276,F01099,2026-06-01,False,0,0
E80001,C0006,P0276,F01099,2026-07-01,False,0,0
E80001,C0006,P0276,F01099,2026-08-01,False,0,0
E80001,C0006,P0276,F01100,2025-09-01,False,0,0
E80001,C0006,P0276,F01100,2025-10-01,False,0,0
E80001,C0006,P0276,F01100,2025-11-01,False,0,0
E80001,C0006,P0276,F01100,2025-12-01,False,0,0
E80001,C0006,P0276,F01100,2026-01-01,False,0,0
E80001,C0006,P0276,F01100,2026-02-01,False,0,0
E80001,C0006,P0276,F01100,2026-03-01,False,0,0
E80001,C0006,P0276,F01100,2026-04-01,False,0,0
E80001,C0006,P0276,F01100,2026-05-01,False,0,0
E80001,C0006,P0276,F01100,2026-06-01,False,0,0
E80001,C0006,P0276,F01100,2026-07-01,False,0,0
E80001,C0006,P0276,F01100,2026-08-01,False,0,0
E80001,C0006,P0276,F01101,2025-09-01,False,0,0
E80001,C0006,P0276,F01101,2025-10-01,False,0,0
E80001,C0006,P0276,F01101,2025-11-01,True,271,13
E80001,C0006,P0276,F01101,2025-12-01,False,0,0
E80001,C0006,P0276,F01101,2026-01-01,True,122,26
E80001,C0006,P0276,F01101,2026-02-01,True,608,26
E80001,C0006,P0276,F01101,2026-03-01,True,304,5
E80001,C0006,P0276,F01101,2026-04-01,True,1112,17
E80001,C0006,P0276,F01101,2026-05-01,True,286,10
E80001,C0006,P0276,F01101,2026-06-01,True,244,20
E80001,C0006,P0276,F01101,2026-07-01,True,476,15
E80001,C0006,P0276,F01101,2026-08-01,False,0,0
E80002,C0076,P0445,F01781,2025-09-01,False,0,0
E80002,C0076,P0445,F01781,2025-10-01,True,144,9
E80002,C0076,P0445,F01781,2025-11-01,False,0,0
E80002,C0076,P0445,F01781,2025-12-01,True,410,2
E80002,C0076,P0445,F01781,2026-01-01,True,471,11
E80002,C0076,P0445,F01781,2026-02-01,True,670,21
E80002,C0076,P0445,F01781,2026-03-01,True,1285,11
E80002,C0076,P0445,F01781,2026-04-01,True,268,4
E80002,C0076,P0445,F01781,2026-05-01,True,103,10
E80002,C0076,P0445,F01781,2026-06-01,True,93,4
E80002,C0076,P0445,F01781,2026-07-01,True,350,7
E80002,C0076,P0445,F01781,2026-08-01,False,0,0
E80002,C0076,P0445,F01782,2025-09-01,False,0,0
E80002,C0076,P0445,F01782,2025-10-01,False,0,0
E80002,C0076,P0445,F01782,2025-11-01,False,0,0
E80002,C0076,P0445,F01782,2025-12-01,False,0,0
E80002,C0076,P0445,F01782,2026-01-01,False,0,0
E80002,C0076,P0445,F01782,2026-02-01,False,0,0
E80002,C0076,P0445,F01782,2026-03-01,False,0,0
E80002,C0076,P0445,F01782,2026-04-01,False,0,0
E80002,C0076,P0445,F01782,2026-05-01,False,0,0
E80002,C0076,P0445,F01782,2026-06-01,False,0,0
E80002,C0076,P0445,F00644,2026-07-01,True,0,0
E80002,C0076,P0445,F01782,2026-08-01,False,0,0
E80002,C0076,P0445,F01783,2025-09-01,False,0,0
E80002,C0076,P0445,F01783,2025-10-01,False,0,0
E80002,C0076,P0445,F01783,2025-11-01,False,0,0
E80002,C0076,P0445,F01783,2025-12-01,False,0,0
E80002,C0076,P0445,F01783,2026-01-01,False,0,0
E80002,C0076,P0445,F01783,2026-02-01,False,0,0
E80002,C0076,P0445,F01783,2026-03-01,False,0,0
E80002,C0076,P0445,F01783,2026-04-01,False,0,0
E80002,C0076,P0445,F01783,2026-05-01,False,0,0
E80002,C0076,P0445,F01783,2026-06-01,False,0,0
E80002,C0076,P0445,F01783,2026-07-01,False,0,0
E80002,C0076,P0445,F01783,2026-08-01,False,0,0
E80003,C0038,P0331,F01325,2025-08-01,True,156,8
E80003,C0038,P0331,F01325,2025-09-01,True,622,14
E80003,C0038,P0331,F01325,2025-10-01,True,731,9
E80003,C0038,P0331,F01325,2025-11-01,True,244,11
E80003,C0038,P0331,F01325,2025-12-01,True,114,8
E80003,C0038,P0331,F01325,2026-01-01,True,262,50
E80003,C0038,P0331,F01325,2026-02-01,False,0,0
E80003,C0038,P0331,F01325,2026-03-01,True,830,16
E80003,C0038,P0331,F01325,2026-04-01,True,490,29
E80003,C0038,P0331,F01325,2026-05-01,True,487,5
E80003,C0038,P0331,F01325,2026-06-01,True,169,18
E80003,C0038,P0331,F01325,2026-07-01,True,554,14
E80003,C0038,P0331,F01325,2026-08-01,False,0,0
E80003,C0038,P0331,F01326,2025-08-01,False,0,0
E80003,C0038,P0331,F01326,2025-09-01,False,0,0
E80003,C0038,P0331,F01326,2025-10-01,True,754,20
E80003,C0038,P0331,F01326,2025-11-01,True,58,9
E80003,C0038,P0331,F01326,2025-12-01,True,523,25
E80003,C0038,P0331,F01326,2026-01-01,True,582,18
E80003,C0038,P0331,F01326,2026-02-01,True,131,3
E80003,C0038,P0331,F01326,2026-03-01,True,469,7
E80003,C0038,P0331,F01326,2026-04-01,True,532,6
E80003,C0038,P0331,F01326,2026-05-01,True,235,18
E80003,C0038,P0331,F01326,2026-06-01,True,366,6
E80003,C0038,P0331,F01326,2026-07-01,True,325,16
E80003,C0038,P0331,F01326,2026-08-01,False,0,0
E80003,C0038,P0331,F01327,2025-08-01,False,0,0
E80003,C0038,P0331,F01327,2025-09-01,True,343,15
E80003,C0038,P0331,F01327,2025-10-01,True,292,23
E80003,C0038,P0331,F01327,2025-11-01,True,320,7
E80003,C0038,P0331,F01327,2025-12-01,True,985,11
E80003,C0038,P0331,F01546,2026-01-01,True,513,7
E80003,C0038,P0331,F01327,2026-02-01,True,502,16
E80003,C0038,P0331,F01327,2026-03-01,True,182,19
E80003,C0038,P0331,F01327,2026-04-01,True,335,19
E80003,C0038,P0331,F01327,2026-05-01,True,199,7
E80003,C0038,P0331,F01327,2026-06-01,True,413,5
E80003,C0038,P0331,F01327,2026-07-01,True,423,13
E80003,C0038,P0331,F01327,2026-08-01,True,412,11
E80003,C0038,P0331,F01328,2025-08-01,False,0,0
E80003,C0038,P0331,F01328,2025-09-01,False,0,0
E80003,C0038,P0331,F01328,2025-10-01,False,0,0
E80003,C0038,P0331,F01328,2025-11-01,False,0,0
E80003,C0038,P0331,F01328,2025-12-01,False,0,0
E80003,C0038,P0331,F01328,2026-01-01,False,0,0
E80003,C0038,P0331,F01328,2026-02-01,False,0,0
E80003,C0038,P0331,F01328,2026-03-01,False,0,0
E80003,C0038,P0331,F01328,2026-04-01,False,0,0
E80003,C0038,P0331,F01328,2026-05-01,False,0,0
E80003,C0038,P0331,F01328,2026-06-01,False,0,0
E80003,C0038,P0331,F01328,2026-07-01,False,0,0
E80003,C0038,P0331,F01328,2026-08-01,False,0,0
E80003,C0038,P0331,F01329,2025-08-01,False,0,0
E80003,C0038,P0331,F01329,2025-09-01,False,0,0
E80003,C0038,P0331,F01329,2025-10-01,False,0,0
E80003,C0038,P0331,F01329,2025-11-01,False,0,0
E80003,C0038,P0331,F01329,2025-12-01,False,0,0
E80003,C0038,P0331,F01329,2026-01-01,False,0,0
E80003,C0038,P0331,F01329,2026-02-01,False,0,0
E80003,C0038,P0331,F01329,2026-03-01,False,0,0
E80003,C0038,P0331,F01329,2026-04-01,False,0,0
E80003,C0038,P0331,F01329,2026-05-01,False,0,0
E80003,C0038,P0331,F01329,2026-06-01,False,0,0
E80003,C0038,P0331,F01329,2026-07-01,False,0,0
E80003,C0038,P0331,F01329,2026-08-01,False,0,0
E80004,C0024,P0065,F00253,2025-07-01,False,0,0
E80004,C0024,P0065,F00253,2025-08-01,True,139,3
E80004,C0024,P0065,F00253,2025-09-01,False,0,0
E80004,C0024,P0065,F00253,2025-10-01,True,352,2
E80004,C0024,P0065,F00253,2025-11-01,True,52,7
E80004,C0024,P0065,F00253,2025-12-01,True,165,14
E80004,C0024,P0065,F00253,2026-01-01,True,351,13
E80004,C0024,P0065,F00253,2026-02-01,True,658,24
E80004,C0024,P0065,F00253,2026-03-01,True,605,12
E80004,C0024,P0065,F00253,2026-04-01,True,153,22
E80004,C0024,P0065,F00253,2026-05-01,True,126,19
E80004,C0024,P0065,F00253,2026-06-01,False,0,0
E80004,C0024,P0065,F00253,2026-07-01,True,906,14
E80004,C0024,P0065,F00254,2025-07-01,False,0,0
E80004,C0024,P0065,F00254,2025-08-01,False,0,0
E80004,C0024,P0065,F00254,2025-09-01,False,0,0
E80004,C0024,P0065,F00254,2025-10-01,False,0,0
E80004,C0024,P0065,F00254,2025-11-01,False,0,0
E80004,C0024,P0065,F00254,2025-12-01,False,0,0
E80004,C0024,P0065,F00254,2026-01-01,False,0,0
E80004,C0024,P0065,F00254,2026-02-01,False,0,0
E80004,C0024,P0065,F00022,2026-03-01,True,0,0
E80004,C0024,P0065,F00254,2026-04-01,False,0,0
E80004,C0024,P0065,F00254,2026-05-01,False,0,0
E80004,C0024,P0065,F00254,2026-06-01,False,0,0
E80004,C0024,P0065,F00254,2026-07-01,False,0,0
E80004,C0024,P0065,F00255,2025-07-01,False,0,0
E80004,C0024,P0065,F00255,2025-08-01,False,0,0
E80004,C0024,P0065,F00255,2025-09-01,False,0,0
E80004,C0024,P0065,F00255,2025-10-01,False,0,0
E80004,C0024,P0065,F00255,2025-11-01,False,0,0
E80004,C0024,P0065,F00255,2025-12-01,False,0,0
E80004,C0024,P0065,F00255,2026-01-01,False,0,0
E80004,C0024,P0065,F00255,2026-02-01,False,0,0
E80004,C0024,P0065,F00255,2026-03-01,False,0,0
E80004,C0024,P0065,F00255,2026-04-01,False,0,0
E80004,C0024,P0065,F00255,2026-05-01,False,0,0
E80004,C0024,P0065,F00255,2026-06-01,False,0,0
E80004,C0024,P0065,F00255,2026-07-01,False,0,0
E80005,C0010,P0166,F00650,2026-01-01,False,0,0
E80005,C0010,P0166,F00650,2026-02-01,True,157,7
E80005,C0010,P0166,F00650,2026-03-01,True,433,6
E80005,C0010,P0166,F00650,2026-04-01,True,400,14
E80005,C0010,P0166,F00650,2026-05-01,True,522,7
E80005,C0010,P0166,F00650,2026-06-01,True,367,12
E80005,C0010,P0166,F00650,2026-07-01,True,80,7
E80005,C0010,P0166,F00650,2026-08-01,False,0,0
E80005,C0010,P0166,F00651,2026-01-01,True,385,14
E80005,C0010,P0166,F00651,2026-02-01,True,961,13
E80005,C0010,P0166,F00651,2026-03-01,True,121,5
E80005,C0010,P0166,F00651,2026-04-01,True,696,33
E80005,C0010,P0166,F00651,2026-05-01,True,149,7
E80005,C0010,P0166,F00651,2026-06-01,True,1235,29
E80005,C0010,P0166,F00651,2026-07-01,True,556,7
E80005,C0010,P0166,F00651,2026-08-01,False,0,0
E80005,C0010,P0166,F00652,2026-01-01,False,0,0
E80005,C0010,P0166,F00652,2026-02-01,False,0,0
E80005,C0010,P0166,F00652,2026-03-01,False,0,0
E80005,C0010,P0166,F00652,2026-04-01,True,143,7
E80005,C0010,P0166,F00652,2026-05-01,True,272,8
E80005,C0010,P0166,F00528,2026-06-01,True,79,5
E80005,C0010,P0166,F00652,2026-07-01,True,393,7
E80005,C0010,P0166,F00652,2026-08-01,False,0,0
E80006,C0025,P0050,F00190,2025-11-01,True,117,5
E80006,C0025,P0050,F00190,2025-12-01,True,308,3
E80006,C0025,P0050,F00190,2026-01-01,True,866,3
E80006,C0025,P0050,F00190,2026-02-01,True,587,33
E80006,C0025,P0050,F00190,2026-03-01,True,113,4
E80006,C0025,P0050,F01693,2026-04-01,True,312,7
E80006,C0025,P0050,F00190,2026-05-01,True,711,9
E80006,C0025,P0050,F00190,2026-06-01,True,167,17
E80006,C0025,P0050,F00190,2026-07-01,True,273,5
E80006,C0025,P0050,F00190,2026-08-01,True,188,3
E80006,C0025,P0050,F00191,2025-11-01,False,0,0
E80006,C0025,P0050,F00191,2025-12-01,False,0,0
E80006,C0025,P0050,F00191,2026-01-01,False,0,0
E80006,C0025,P0050,F00191,2026-02-01,False,0,0
E80006,C0025,P0050,F00191,2026-03-01,True,40,4
E80006,C0025,P0050,F00191,2026-04-01,True,301,8
E80006,C0025,P0050,F00191,2026-05-01,True,86,5
E80006,C0025,P0050,F00191,2026-06-01,True,556,15
E80006,C0025,P0050,F00191,2026-07-01,True,376,4
E80006,C0025,P0050,F00191,2026-08-01,False,0,0
E80006,C0025,P0050,F00192,2025-11-01,False,0,0
E80006,C0025,P0050,F00192,2025-12-01,False,0,0
E80006,C0025,P0050,F00192,2026-01-01,False,0,0
E80006,C0025,P0050,F00192,2026-02-01,False,0,0
E80006,C0025,P0050,F00192,2026-03-01,False,0,0
E80006,C0025,P0050,F00192,2026-04-01,False,0,0
E80006,C0025,P0050,F00192,2026-05-01,False,0,0
E80006,C0025,P0050,F00192,2026-06-01,False,0,0
E80006,C0025,P0050,F00192,2026-07-01,False,0,0
E80006,C0025,P0050,F00192,2026-08-01,False,0,0
E80006,C0025,P0050,F00193,2025-11-01,True,706,9
E80006,C0025,P0050,F00193,2025-12-01,True,187,4
E80006,C0025,P0050,F00193,2026-01-01,True,594,1
E80006,C0025,P0050,F00193,2026-02-01,True,440,7
E80006,C0025,P0050,F00193,2026-03-01,True,772,40
E80006,C0025,P0050,F00193,2026-04-01,True,188,20
E80006,C0025,P0050,F00193,2026-05-01,True,456,12
E80006,C0025,P0050,F00193,2026-06-01,True,88,7
E80006,C0025,P0050,F00193,2026-07-01,False,0,0
E80006,C0025,P0050,F00193,2026-08-01,False,0,0
E80006,C0025,P0050,F01655,2025-11-01,True,0,0
E80006,C0025,P0050,F00194,2025-12-01,False,0,0
E80006,C0025,P0050,F00194,2026-01-01,False,0,0
E80006,C0025,P0050,F00194,2026-02-01,False,0,0
E80006,C0025,P0050,F00194,2026-03-01,False,0,0
E80006,C0025,P0050,F00194,2026-04-01,False,0,0
E80006,C0025,P0050,F00194,2026-05-01,False,0,0
E80006,C0025,P0050,F00194,2026-06-01,False,0,0
E80006,C0025,P0050,F00194,2026-07-01,False,0,0
E80006,C0025,P0050,F00194,2026-08-01,False,0,0
E80007,C0078,P0309,F01234,2025-07-01,True,693,23
E80007,C0078,P0309,F01234,2025-08-01,True,1027,7
E80007,C0078,P0309,F01234,2025-09-01,True,512,7
E80007,C0078,P0309,F01234,2025-10-01,True,395,14
E80007,C0078,P0309,F01234,2025-11-01,True,240,15
E80007,C0078,P0309,F01234,2025-12-01,True,301,10
E80007,C0078,P0309,F01234,2026-01-01,True,90,6
E80007,C0078,P0309,F01234,2026-02-01,True,217,43
E80007,C0078,P0309,F01234,2026-03-01,True,177,10
E80007,C0078,P0309,F01234,2026-04-01,True,180,9
E80007,C0078,P0309,F01234,2026-05-01,True,390,5
E80007,C0078,P0309,F01234,2026-06-01,True,661,5
E80007,C0078,P0309,F01234,2026-07-01,True,77,10
E80007,C0078,P0309,F01235,2025-07-01,False,0,0
E80007,C0078,P0309,F01235,2025-08-01,False,0,0
E80007,C0078,P0309,F01235,2025-09-01,False,0,0
E80007,C0078,P0309,F01235,2025-10-01,False,0,0
E80007,C0078,P0309,F01235,2025-11-01,False,0,0
E80007,C0078,P0309,F01235,2025-12-01,False,0,0
E80007,C0078,P0309,F01235,2026-01-01,True,1218,2
E80007,C0078,P0309,F01235,2026-02-01,True,103,18
E80007,C0078,P0309,F01235,2026-03-01,True,176,12
E80007,C0078,P0309,F01235,2026-04-01,True,741,17
E80007,C0078,P0309,F01235,2026-05-01,True,387,11
E80007,C0078,P0309,F01235,2026-06-01,True,386,12
E80007,C0078,P0309,F01235,2026-07-01,True,869,4
E80007,C0078,P0309,F01236,2025-07-01,False,0,0
E80007,C0078,P0309,F01236,2025-08-01,False,0,0
E80007,C0078,P0309,F01236,2025-09-01,False,0,0
E80007,C0078,P0309,F01236,2025-10-01,False,0,0
E80007,C0078,P0309,F01236,2025-11-01,False,0,0
E80007,C0078,P0309,F01236,2025-12-01,True,109,15
E80007,C0078,P0309,F01236,2026-01-01,True,199,28
E80007,C0078,P0309,F01236,2026-02-01,True,420,30
E80007,C0078,P0309,F01236,2026-03-01,True,586,8
E80007,C0078,P0309,F01236,2026-04-01,True,357,20
E80007,C0078,P0309,F01236,2026-05-01,True,82,21
E80007,C0078,P0309,F01236,2026-06-01,True,339,9
E80007,C0078,P0309,F00233,2026-07-01,True,1419,24
E80008,C0044,P0104,F00401,2025-10-01,False,0,0
E80008,C0044,P0104,F00401,2025-11-01,True,170,13
E80008,C0044,P0104,F00401,2025-12-01,True,149,14
E80008,C0044,P0104,F00401,2026-01-01,True,1249,28
E80008,C0044,P0104,F00401,2026-02-01,False,0,0
E80008,C0044,P0104,F00401,2026-03-01,True,492,13
E80008,C0044,P0104,F00401,2026-04-01,True,318,36
E80008,C0044,P0104,F00401,2026-05-01,True,656,7
E80008,C0044,P0104,F00401,2026-06-01,True,391,12
E80008,C0044,P0104,F00401,2026-07-01,True,180,12
E80008,C0044,P0104,F00401,2026-08-01,True,537,5
E80008,C0044,P0104,F00402,2025-10-01,False,0,0
E80008,C0044,P0104,F00402,2025-11-01,False,0,0
E80008,C0044,P0104,F00402,2025-12-01,False,0,0
E80008,C0044,P0104,F00402,2026-01-01,False,0,0
E80008,C0044,P0104,F00402,2026-02-01,False,0,0
E80008,C0044,P0104,F00402,2026-03-01,True,755,6
E80008,C0044,P0104,F00402,2026-04-01,True,254,6
E80008,C0044,P0104,F00402,2026-05-01,True,170,24
E80008,C0044,P0104,F00402,2026-06-01,True,951,7
E80008,C0044,P0104,F00402,2026-07-01,True,784,3
E80008,C0044,P0104,F00402,2026-08-01,False,0,0
E80008,C0044,P0104,F00403,2025-10-01,False,0,0
E80008,C0044,P0104,F00403,2025-11-01,False,0,0
E80008,C0044,P0104,F00403,2025-12-01,True,287,4
E80008,C0044,P0104,F00403,2026-01-01,True,1380,24
E80008,C0044,P0104,F00403,2026-02-01,True,70,5
E80008,C0044,P0104,F00403,2026-03-01,True,293,10
E80008,C0044,P0104,F01204,2026-04-01,True,110,17
E80008,C0044,P0104,F00403,2026-05-01,True,782,13
E80008,C0044,P0104,F00403,2026-06-01,True,443,6
E80008,C0044,P0104,F00403,2026-07-01,True,281,12
E80008,C0044,P0104,F00403,2026-08-01,True,461,10
E80008,C0044,P0104,F00404,2025-10-01,False,0,0
E80008,C0044,P0104,F00404,2025-11-01,False,0,0
E80008,C0044,P0104,F00404,2025-12-01,False,0,0
E80008,C0044,P0104,F00404,2026-01-01,False,0,0
E80008,C0044,P0104,F00404,2026-02-01,False,0,0
E80008,C0044,P0104,F00404,2026-03-01,False,0,0
E80008,C0044,P0104,F00404,2026-04-01,True,734,15
E80008,C0044,P0104,F00404,2026-05-01,True,790,11
E80008,C0044,P0104,F00404,2026-06-01,True,395,19
E80008,C0044,P0104,F00404,2026-07-01,True,155,53
E80008,C0044,P0104,F00404,2026-08-01,True,202,6
E90001,C0002,P0366,F01462,2025-08-01,False,0,0
E90001,C0002,P0366,F01462,2025-09-01,True,759,16
E90001,C0002,P0366,F01462,2025-10-01,True,621,12
E90001,C0002,P0366,F01462,2025-11-01,True,162,31
E90001,C0002,P0366,F01462,2025-12-01,True,737,7
E90001,C0002,P0366,F01462,2026-01-01,True,692,7
E90001,C0002,P0366,F01462,2026-02-01,True,272,8
E90001,C0002,P0366,F01462,2026-03-01,False,0,0
E90001,C0002,P0366,F01462,2026-04-01,True,209,11
E90001,C0002,P0366,F01462,2026-05-01,True,741,15
E90001,C0002,P0366,F01462,2026-06-01,True,617,13
E90001,C0002,P0366,F00828,2026-07-01,True,49,44
E90001,C0002,P0366,F01463,2025-08-01,False,0,0
E90001,C0002,P0366,F01463,2025-09-01,False,0,0
E90001,C0002,P0366,F01463,2025-10-01,True,832,13
E90001,C0002,P0366,F01463,2025-11-01,True,144,17
E90001,C0002,P0366,F01417,2025-12-01,True,375,12
E90001,C0002,P0366,F01463,2026-01-01,True,730,14
E90001,C0002,P0366,F01463,2026-02-01,True,946,8
E90001,C0002,P0366,F01463,2026-03-01,True,86,10
E90001,C0002,P0366,F01463,2026-04-01,True,270,15
E90001,C0002,P0366,F01463,2026-05-01,True,184,8
E90001,C0002,P0366,F01463,2026-06-01,True,559,9
E90001,C0002,P0366,F01463,2026-07-01,True,769,6
E90001,C0002,P0366,F01464,2025-08-01,False,0,0
E90001,C0002,P0366,F01464,2025-09-01,False,0,0
E90001,C0002,P0366,F01464,2025-10-01,False,0,0
E90001,C0002,P0366,F01464,2025-11-01,False,0,0
E90001,C0002,P0366,F01464,2025-12-01,False,0,0
E90001,C0002,P0366,F01464,2026-01-01,False,0,0
E90001,C0002,P0366,F01464,2026-02-01,False,0,0
E90001,C0002,P0366,F01464,2026-03-01,False,0,0
E90001,C0002,P0366,F01464,2026-04-01,False,0,0
E90001,C0002,P0366,F01464,2026-05-01,False,0,0
E90001,C0002,P0366,F01464,2026-06-01,False,0,0
E90001,C0002,P0366,F01464,2026-07-01,False,0,0
E90001,C0002,P0366,F01465,2025-08-01,False,0,0
E90001,C0002,P0366,F01465,2025-09-01,True,135,17
E90001,C0002,P0366,F01465,2025-10-01,True,115,2
E90001,C0002,P0366,F01465,2025-11-01,True,132,23
E90001,C0002,P0366,F01465,2025-12-01,True,232,8
E90001,C0002,P0366,F01465,2026-01-01,True,638,20
E90001,C0002,P0366,F01465,2026-02-01,True,649,17
E90001,C0002,P0366,F01465,2026-03-01,True,219,12
E90001,C0002,P0366,F01465,2026-04-01,True,113,8
E90001,C0002,P0366,F01465,2026-05-01,True,75,22
E90001,C0002,P0366,F01465,2026-06-01,True,276,11
E90001,C0002,P0366,F01465,2026-07-01,True,245,23
E90001,C0002,P0366,F01466,2025-08-01,False,0,0
E90001,C0002,P0366,F01466,2025-09-01,False,0,0
E90001,C0002,P0366,F01466,2025-10-01,False,0,0
E90001,C0002,P0366,F01466,2025-11-01,False,0,0
E90001,C0002,P0366,F01466,2025-12-01,False,0,0
E90001,C0002,P0366,F01466,2026-01-01,False,0,0
E90001,C0002,P0366,F01466,2026-02-01,False,0,0
E90001,C0002,P0366,F01466,2026-03-01,False,0,0
E90001,C0002,P0366,F01466,2026-04-01,False,0,0
E90001,C0002,P0366,F01466,2026-05-01,False,0,0
E90001,C0002,P0366,F01466,2026-06-01,False,0,0
E90001,C0002,P0366,F01466,2026-07-01,False,0,0
E90002,C0076,P0445,F01781,2025-08-01,False,0,0
E90002,C0076,P0445,F01781,2025-09-01,True,105,4
E90002,C0076,P0445,F01781,2025-10-01,True,393,12
E90002,C0076,P0445,F01781,2025-11-01,True,776,13
E90002,C0076,P0445,F01781,2025-12-01,False,0,0
E90002,C0076,P0445,F01781,2026-01-01,True,406,6
E90002,C0076,P0445,F01781,2026-02-01,True,840,9
E90002,C0076,P0445,F01781,2026-03-01,True,213,6
E90002,C0076,P0445,F01781,2026-04-01,True,402,3
E90002,C0076,P0445,F01781,2026-05-01,True,107,3
E90002,C0076,P0445,F01781,2026-06-01,True,1158,27
E90002,C0076,P0445,F01781,2026-07-01,True,173,13
E90002,C0076,P0445,F01782,2025-08-01,False,0,0
E90002,C0076,P0445,F01782,2025-09-01,False,0,0
E90002,C0076,P0445,F01782,2025-10-01,False,0,0
E90002,C0076,P0445,F01782,2025-11-01,False,0,0
E90002,C0076,P0445,F01782,2025-12-01,False,0,0
E90002,C0076,P0445,F01782,2026-01-01,False,0,0
E90002,C0076,P0445,F01782,2026-02-01,False,0,0
E90002,C0076,P0445,F01782,2026-03-01,False,0,0
E90002,C0076,P0445,F01782,2026-04-01,False,0,0
E90002,C0076,P0445,F01782,2026-05-01,False,0,0
E90002,C0076,P0445,F01782,2026-06-01,False,0,0
E90002,C0076,P0445,F01782,2026-07-01,False,0,0
E90002,C0076,P0445,F01783,2025-08-01,False,0,0
E90002,C0076,P0445,F01783,2025-09-01,False,0,0
E90002,C0076,P0445,F01783,2025-10-01,False,0,0
E90002,C0076,P0445,F01783,2025-11-01,False,0,0
E90002,C0076,P0445,F01783,2025-12-01,False,0,0
E90002,C0076,P0445,F01783,2026-01-01,False,0,0
E90002,C0076,P0445,F01783,2026-02-01,False,0,0
E90002,C0076,P0445,F01783,2026-03-01,True,620,14
E90002,C0076,P0445,F01783,2026-04-01,True,132,6
E90002,C0076,P0445,F01783,2026-05-01,True,458,3
E90002,C0076,P0445,F01783,2026-06-01,True,802,4
E90002,C0076,P0445,F01783,2026-07-01,True,423,19
E90003,C0027,P0151,F00589,2026-01-01,True,743,21
E90003,C0027,P0151,F00589,2026-02-01,True,204,7
E90003,C0027,P0151,F00589,2026-03-01,True,488,17
E90003,C0027,P0151,F00589,2026-04-01,True,585,18
E90003,C0027,P0151,F00589,2026-05-01,True,535,13
E90003,C0027,P0151,F00589,2026-06-01,True,219,14
E90003,C0027,P0151,F00589,2026-07-01,True,1074,9
E90003,C0027,P0151,F00589,2026-08-01,False,0,0
E90003,C0027,P0151,F00590,2026-01-01,True,275,16
E90003,C0027,P0151,F00590,2026-02-01,True,128,12
E90003,C0027,P0151,F00590,2026-03-01,True,779,12
E90003,C0027,P0151,F00590,2026-04-01,True,420,2
E90003,C0027,P0151,F00590,2026-05-01,True,303,5
E90003,C0027,P0151,F00590,2026-06-01,True,119,10
E90003,C0027,P0151,F00590,2026-07-01,True,604,9
E90003,C0027,P0151,F00590,2026-08-01,False,0,0
E90003,C0027,P0151,F00591,2026-01-01,False,0,0
E90003,C0027,P0151,F01670,2026-02-01,True,0,0
E90003,C0027,P0151,F00591,2026-03-01,False,0,0
E90003,C0027,P0151,F00591,2026-04-01,False,0,0
E90003,C0027,P0151,F00591,2026-05-01,True,699,17
E90003,C0027,P0151,F00591,2026-06-01,True,231,8
E90003,C0027,P0151,F00591,2026-07-01,True,61,37
E90003,C0027,P0151,F00591,2026-08-01,False,0,0
E90003,C0027,P0151,F00592,2026-01-01,False,0,0
E90003,C0027,P0151,F00592,2026-02-01,False,0,0
E90003,C0027,P0151,F00592,2026-03-01,False,0,0
E90003,C0027,P0151,F00592,2026-04-01,False,0,0
E90003,C0027,P0151,F00592,2026-05-01,False,0,0
E90003,C0027,P0151,F00592,2026-06-01,False,0,0
E90003,C0027,P0151,F00592,2026-07-01,False,0,0
E90003,C0027,P0151,F00592,2026-08-01,False,0,0
E90003,C0027,P0151,F00593,2026-01-01,False,0,0
E90003,C0027,P0151,F00593,2026-02-01,False,0,0
E90003,C0027,P0151,F00593,2026-03-01,False,0,0
E90003,C0027,P0151,F00593,2026-04-01,False,0,0
E90003,C0027,P0151,F00593,2026-05-01,False,0,0
E90003,C0027,P0151,F00593,2026-06-01,False,0,0
E90003,C0027,P0151,F00593,2026-07-01,False,0,0
E90003,C0027,P0151,F00593,2026-08-01,False,0,0
E90004,C0084,P0267,F01063,2025-11-01,True,173,12
E90004,C0084,P0267,F01063,2025-12-01,True,338,29
E90004,C0084,P0267,F01573,2026-01-01,True,475,11
E90004,C0084,P0267,F01063,2026-02-01,True,879,12
E90004,C0084,P0267,F01063,2026-03-01,True,188,15
E90004,C0084,P0267,F01063,2026-04-01,True,114,5
E90004,C0084,P0267,F01063,2026-05-01,True,267,4
E90004,C0084,P0267,F01063,2026-06-01,True,292,1
E90004,C0084,P0267,F01063,2026-07-01,True,423,15
E90004,C0084,P0267,F01063,2026-08-01,False,0,0
E90004,C0084,P0267,F01064,2025-11-01,False,0,0
E90004,C0084,P0267,F01064,2025-12-01,False,0,0
E90004,C0084,P0267,F01064,2026-01-01,False,0,0
E90004,C0084,P0267,F01064,2026-02-01,False,0,0
E90004,C0084,P0267,F01064,2026-03-01,True,239,3
E90004,C0084,P0267,F01064,2026-04-01,False,0,0
E90004,C0084,P0267,F01064,2026-05-01,True,367,17
E90004,C0084,P0267,F01064,2026-06-01,True,104,53
E90004,C0084,P0267,F01064,2026-07-01,True,433,17
E90004,C0084,P0267,F01064,2026-08-01,False,0,0
E90004,C0084,P0267,F01065,2025-11-01,False,0,0
E90004,C0084,P0267,F01065,2025-12-01,False,0,0
E90004,C0084,P0267,F01065,2026-01-01,True,1622,14
E90004,C0084,P0267,F01065,2026-02-01,True,183,6
E90004,C0084,P0267,F01065,2026-03-01,True,753,19
E90004,C0084,P0267,F01065,2026-04-01,True,762,16
E90004,C0084,P0267,F01065,2026-05-01,True,514,18
E90004,C0084,P0267,F01065,2026-06-01,True,493,5
E90004,C0084,P0267,F01065,2026-07-01,True,219,19
E90004,C0084,P0267,F01065,2026-08-01,True,1641,22
E90004,C0084,P0267,F01066,2025-11-01,False,0,0
E90004,C0084,P0267,F01066,2025-12-01,False,0,0
E90004,C0084,P0267,F01066,2026-01-01,False,0,0
E90004,C0084,P0267,F01066,2026-02-01,False,0,0
E90004,C0084,P0267,F01066,2026-03-01,False,0,0
E90004,C0084,P0267,F01066,2026-04-01,True,1100,3
E90004,C0084,P0267,F01066,2026-05-01,True,818,18
E90004,C0084,P0267,F01066,2026-06-01,True,471,7
E90004,C0084,P0267,F01066,2026-07-01,True,529,20
E90004,C0084,P0267,F01066,2026-08-01,False,0,0
E90004,C0084,P0267,F01067,2025-11-01,False,0,0
E90004,C0084,P0267,F01067,2025-12-01,False,0,0
E90004,C0084,P0267,F01067,2026-01-01,False,0,0
E90004,C0084,P0267,F01067,2026-02-01,False,0,0
E90004,C0084,P0267,F01067,2026-03-01,False,0,0
E90004,C0084,P0267,F01067,2026-04-01,True,392,6
E90004,C0084,P0267,F01067,2026-05-01,True,988,9
E90004,C0084,P0267,F01067,2026-06-01,True,484,2
E90004,C0084,P0267,F01067,2026-07-01,True,193,23
E90004,C0084,P0267,F01067,2026-08-01,True,786,15
E90005,C0056,P0025,F00093,2026-02-01,False,0,0
E90005,C0056,P0025,F00093,2026-03-01,True,61,6
E90005,C0056,P0025,F00093,2026-04-01,True,1297,11
E90005,C0056,P0025,F00093,2026-05-01,True,698,6
E90005,C0056,P0025,F00093,2026-06-01,True,386,6
E90005,C0056,P0025,F00093,2026-07-01,True,284,6
E90005,C0056,P0025,F00093,2026-08-01,True,327,10
E90005,C0056,P0025,F00094,2026-02-01,False,0,0
E90005,C0056,P0025,F00094,2026-03-01,False,0,0
E90005,C0056,P0025,F00094,2026-04-01,False,0,0
E90005,C0056,P0025,F00094,2026-05-01,False,0,0
E90005,C0056,P0025,F00094,2026-06-01,False,0,0
E90005,C0056,P0025,F00094,2026-07-01,False,0,0
E90005,C0056,P0025,F00094,2026-08-01,False,0,0
E90005,C0056,P0025,F00095,2026-02-01,False,0,0
E90005,C0056,P0025,F00095,2026-03-01,False,0,0
E90005,C0056,P0025,F00095,2026-04-01,False,0,0
E90005,C0056,P0025,F00095,2026-05-01,True,640,3
E90005,C0056,P0025,F00095,2026-06-01,True,124,11
E90005,C0056,P0025,F00095,2026-07-01,True,139,5
E90005,C0056,P0025,F00095,2026-08-01,True,1081,17
E90005,C0056,P0025,F00096,2026-02-01,False,0,0
E90005,C0056,P0025,F00096,2026-03-01,True,328,6
E90005,C0056,P0025,F00096,2026-04-01,True,1137,3
E90005,C0056,P0025,F00096,2026-05-01,True,756,33
E90005,C0056,P0025,F00096,2026-06-01,True,393,14
E90005,C0056,P0025,F00096,2026-07-01,True,527,18
E90005,C0056,P0025,F00096,2026-08-01,True,460,14
E90005,C0056,P0025,F00097,2026-02-01,False,0,0
E90005,C0056,P0025,F00097,2026-03-01,False,0,0
E90005,C0056,P0025,F00097,2026-04-01,False,0,0
E90005,C0056,P0025,F00097,2026-05-01,False,0,0
E90005,C0056,P0025,F01139,2026-06-01,True,0,0
E90005,C0056,P0025,F00097,2026-07-01,True,197,2
E90005,C0056,P0025,F00097,2026-08-01,False,0,0
E90006,C0040,P0397,F01590,2026-02-01,False,0,0
E90006,C0040,P0397,F01590,2026-03-01,False,0,0
E90006,C0040,P0397,F01590,2026-04-01,False,0,0
E90006,C0040,P0397,F01590,2026-05-01,False,0,0
E90006,C0040,P0397,F01590,2026-06-01,False,0,0
E90006,C0040,P0397,F01590,2026-07-01,False,0,0
E90006,C0040,P0397,F01590,2026-08-01,False,0,0
E90006,C0040,P0397,F01591,2026-02-01,False,0,0
E90006,C0040,P0397,F01591,2026-03-01,False,0,0
E90006,C0040,P0397,F01591,2026-04-01,False,0,0
E90006,C0040,P0397,F01591,2026-05-01,False,0,0
E90006,C0040,P0397,F01591,2026-06-01,False,0,0
E90006,C0040,P0397,F01591,2026-07-01,False,0,0
E90006,C0040,P0397,F01591,2026-08-01,False,0,0
E90006,C0040,P0397,F01592,2026-02-01,False,0,0
E90006,C0040,P0397,F01592,2026-03-01,False,0,0
E90006,C0040,P0397,F01592,2026-04-01,False,0,0
E90006,C0040,P0397,F01592,2026-05-01,False,0,0
E90006,C0040,P0397,F01592,2026-06-01,False,0,0
E90006,C0040,P0397,F01592,2026-07-01,False,0,0
E90006,C0040,P0397,F01592,2026-08-01,False,0,0
E90006,C0040,P0397,F01593,2026-02-01,False,0,0
E90006,C0040,P0397,F01540,2026-03-01,True,0,0
E90006,C0040,P0397,F01593,2026-04-01,False,0,0
E90006,C0040,P0397,F00376,2026-05-01,True,0,0
E90006,C0040,P0397,F01593,2026-06-01,False,0,0
E90006,C0040,P0397,F01593,2026-07-01,False,0,0
E90006,C0040,P0397,F01593,2026-08-01,False,0,0
E90007,C0054,P0389,F01560,2025-12-01,True,722,4
E90007,C0054,P0389,F01560,2026-01-01,True,1027,10
E90007,C0054,P0389,F01560,2026-02-01,True,1383,14
E90007,C0054,P0389,F01560,2026-03-01,True,269,17
E90007,C0054,P0389,F01560,2026-04-01,True,1274,12
E90007,C0054,P0389,F01560,2026-05-01,True,398,11
E90007,C0054,P0389,F01560,2026-06-01,True,265,13
E90007,C0054,P0389,F01560,2026-07-01,True,515,38
E90007,C0054,P0389,F01560,2026-08-01,True,269,31
E90007,C0054,P0389,F01561,2025-12-01,False,0,0
E90007,C0054,P0389,F01561,2026-01-01,False,0,0
E90007,C0054,P0389,F01561,2026-02-01,False,0,0
E90007,C0054,P0389,F01561,2026-03-01,False,0,0
E90007,C0054,P0389,F01561,2026-04-01,False,0,0
E90007,C0054,P0389,F01561,2026-05-01,True,538,17
E90007,C0054,P0389,F01561,2026-06-01,True,238,10
E90007,C0054,P0389,F01561,2026-07-01,True,299,18
E90007,C0054,P0389,F01561,2026-08-01,False,0,0
E90007,C0054,P0389,F01562,2025-12-01,False,0,0
E90007,C0054,P0389,F01562,2026-01-01,False,0,0
E90007,C0054,P0389,F01562,2026-02-01,False,0,0
E90007,C0054,P0389,F01562,2026-03-01,False,0,0
E90007,C0054,P0389,F01562,2026-04-01,False,0,0
E90007,C0054,P0389,F01562,2026-05-01,False,0,0
E90007,C0054,P0389,F01562,2026-06-01,False,0,0
E90007,C0054,P0389,F01562,2026-07-01,False,0,0
E90007,C0054,P0389,F01562,2026-08-01,False,0,0
E90008,C0035,P0051,F00195,2026-02-01,False,0,0
E90008,C0035,P0051,F00195,2026-03-01,True,169,5
E90008,C0035,P0051,F00195,2026-04-01,True,43,17
E90008,C0035,P0051,F00195,2026-05-01,True,126,11
E90008,C0035,P0051,F00195,2026-06-01,True,107,11
E90008,C0035,P0051,F00195,2026-07-01,True,374,7
E90008,C0035,P0051,F00195,2026-08-01,False,0,0
E90008,C0035,P0051,F00196,2026-02-01,True,517,7
E90008,C0035,P0051,F00196,2026-03-01,True,710,23
E90008,C0035,P0051,F00196,2026-04-01,True,864,11
E90008,C0035,P0051,F00196,2026-05-01,True,587,11
E90008,C0035,P0051,F00196,2026-06-01,True,539,11
E90008,C0035,P0051,F00196,2026-07-01,True,434,29
E90008,C0035,P0051,F00196,2026-08-01,False,0,0
E90008,C0035,P0051,F00197,2026-02-01,False,0,0
E90008,C0035,P0051,F00197,2026-03-01,False,0,0
E90008,C0035,P0051,F00197,2026-04-01,False,0,0
E90008,C0035,P0051,F00197,2026-05-01,False,0,0
E90008,C0035,P0051,F00197,2026-06-01,False,0,0
E90008,C0035,P0051,F00197,2026-07-01,True,62,13
E90008,C0035,P0051,F00197,2026-08-01,True,446,7
E90008,C0035,P0051,F00198,2026-02-01,False,0,0
E90008,C0035,P0051,F00198,2026-03-01,False,0,0
E90008,C0035,P0051,F00198,2026-04-01,False,0,0
E90008,C0035,P0051,F00198,2026-05-01,False,0,0
E90008,C0035,P0051,F00198,2026-06-01,True,575,11
E90008,C0035,P0051,F00198,2026-07-01,True,253,12
E90008,C0035,P0051,F00198,2026-08-01,False,0,0
E90008,C0035,P0051,F01008,2026-02-01,True,0,0
E90008,C0035,P0051,F00199,2026-03-01,False,0,0
E90008,C0035,P0051,F00199,2026-04-01,False,0,0
E90008,C0035,P0051,F00199,2026-05-01,False,0,0
E90008,C0035,P0051,F00199,2026-06-01,True,1102,46
E90008,C0035,P0051,F00199,2026-07-01,True,326,9
E90008,C0035,P0051,F00199,2026-08-01,True,370,3
E90009,C0062,P0023,F00085,2025-10-01,False,0,0
E90009,C0062,P0023,F00085,2025-11-01,False,0,0
E90009,C0062,P0023,F00085,2025-12-01,False,0,0
E90009,C0062,P0023,F00085,2026-01-01,False,0,0
E90009,C0062,P0023,F00085,2026-02-01,False,0,0
E90009,C0062,P0023,F00085,2026-03-01,False,0,0
E90009,C0062,P0023,F00085,2026-04-01,False,0,0
E90009,C0062,P0023,F00085,2026-05-01,False,0,0
E90009,C0062,P0023,F00085,2026-06-01,False,0,0
E90009,C0062,P0023,F00085,2026-07-01,False,0,0
E90009,C0062,P0023,F00085,2026-08-01,False,0,0
E90009,C0062,P0023,F00086,2025-10-01,False,0,0
E90009,C0062,P0023,F00086,2025-11-01,False,0,0
E90009,C0062,P0023,F00086,2025-12-01,False,0,0
E90009,C0062,P0023,F01895,2026-01-01,True,0,0
E90009,C0062,P0023,F00086,2026-02-01,False,0,0
E90009,C0062,P0023,F00086,2026-03-01,False,0,0
E90009,C0062,P0023,F00086,2026-04-01,False,0,0
E90009,C0062,P0023,F00086,2026-05-01,False,0,0
E90009,C0062,P0023,F00086,2026-06-01,False,0,0
E90009,C0062,P0023,F00086,2026-07-01,False,0,0
E90009,C0062,P0023,F00086,2026-08-01,False,0,0
E90009,C0062,P0023,F00087,2025-10-01,False,0,0
E90009,C0062,P0023,F00087,2025-11-01,False,0,0
E90009,C0062,P0023,F00087,2025-12-01,False,0,0
E90009,C0062,P0023,F00087,2026-01-01,False,0,0
E90009,C0062,P0023,F00087,2026-02-01,False,0,0
E90009,C0062,P0023,F00087,2026-03-01,False,0,0
E90009,C0062,P0023,F00087,2026-04-01,False,0,0
E90009,C0062,P0023,F00087,2026-05-01,False,0,0
E90009,C0062,P0023,F00087,2026-06-01,False,0,0
E90009,C0062,P0023,F00087,2026-07-01,False,0,0
E90009,C0062,P0023,F00087,2026-08-01,False,0,0
E90010,C0087,P0347,F01385,2026-03-01,True,339,2
E90010,C0087,P0347,F01385,2026-04-01,True,192,15
E90010,C0087,P0347,F01385,2026-05-01,True,168,13
E90010,C0087,P0347,F01385,2026-06-01,True,301,7
E90010,C0087,P0347,F01385,2026-07-01,True,736,12
E90010,C0087,P0347,F01385,2026-08-01,False,0,0
E90010,C0087,P0347,F01386,2026-03-01,False,0,0
E90010,C0087,P0347,F01386,2026-04-01,True,523,9
E90010,C0087,P0347,F01386,2026-05-01,True,666,4
E90010,C0087,P0347,F01386,2026-06-01,True,855,1
E90010,C0087,P0347,F01386,2026-07-01,True,36,7
E90010,C0087,P0347,F01386,2026-08-01,False,0,0
E90010,C0087,P0347,F01387,2026-03-01,False,0,0
E90010,C0087,P0347,F01387,2026-04-01,False,0,0
E90010,C0087,P0347,F01387,2026-05-01,False,0,0
E90010,C0087,P0347,F01387,2026-06-01,False,0,0
E90010,C0087,P0347,F01387,2026-07-01,True,297,8
E90010,C0087,P0347,F01387,2026-08-01,True,169,32
E90010,C0087,P0347,F01388,2026-03-01,False,0,0
E90010,C0087,P0347,F01388,2026-04-01,False,0,0
E90010,C0087,P0347,F01388,2026-05-01,False,0,0
E90010,C0087,P0347,F01388,2026-06-01,False,0,0
E90010,C0087,P0347,F01388,2026-07-01,False,0,0
E90010,C0087,P0347,F01388,2026-08-01,False,0,0
E90010,C0087,P0347,F01389,2026-03-01,False,0,0
E90010,C0087,P0347,F01389,2026-04-01,False,0,0
E90010,C0087,P0347,F01389,2026-05-01,False,0,0
E90010,C0087,P0347,F01389,2026-06-01,False,0,0
E90010,C0087,P0347,F01389,2026-07-01,False,0,0
E90010,C0087,P0347,F01389,2026-08-01,True,357,24
E90011,C0068,P0484,F01937,2026-02-01,True,66,5
E90011,C0068,P0484,F01937,2026-03-01,True,138,2
E90011,C0068,P0484,F01937,2026-04-01,True,440,7
E90011,C0068,P0484,F01937,2026-05-01,True,105,6
E90011,C0068,P0484,F01937,2026-06-01,True,594,27
E90011,C0068,P0484,F01937,2026-07-01,True,250,6
E90011,C0068,P0484,F01937,2026-08-01,False,0,0
E90011,C0068,P0484,F01938,2026-02-01,False,0,0
E90011,C0068,P0484,F01938,2026-03-01,False,0,0
E90011,C0068,P0484,F01938,2026-04-01,False,0,0
E90011,C0068,P0484,F01938,2026-05-01,False,0,0
E90011,C0068,P0484,F01938,2026-06-01,False,0,0
E90011,C0068,P0484,F01938,2026-07-01,True,263,6
E90011,C0068,P0484,F01938,2026-08-01,True,214,29
E90011,C0068,P0484,F01939,2026-02-01,False,0,0
E90011,C0068,P0484,F01939,2026-03-01,False,0,0
E90011,C0068,P0484,F01939,2026-04-01,False,0,0
E90011,C0068,P0484,F01939,2026-05-01,False,0,0
E90011,C0068,P0484,F01939,2026-06-01,False,0,0
E90011,C0068,P0484,F01939,2026-07-01,True,615,19
E90011,C0068,P0484,F01939,2026-08-01,True,166,17
E90011,C0068,P0484,F01940,2026-02-01,False,0,0
E90011,C0068,P0484,F01940,2026-03-01,False,0,0
E90011,C0068,P0484,F01940,2026-04-01,False,0,0
E90011,C0068,P0484,F01940,2026-05-01,False,0,0
E90011,C0068,P0484,F01940,2026-06-01,False,0,0
E90011,C0068,P0484,F01940,2026-07-01,True,311,4
E90011,C0068,P0484,F01940,2026-08-01,True,1501,14
E90011,C0068,P0484,F01941,2026-02-01,False,0,0
E90011,C0068,P0484,F01941,2026-03-01,False,0,0
E90011,C0068,P0484,F01941,2026-04-01,False,0,0
E90011,C0068,P0484,F01941,2026-05-01,False,0,0
E90011,C0068,P0484,F01941,2026-06-01,False,0,0
E90011,C0068,P0484,F01941,2026-07-01,False,0,0
E90011,C0068,P0484,F01941,2026-08-01,False,0,0
E90012,C0004,P0054,F00206,2025-12-01,False,0,0
E90012,C0004,P0054,F00206,2026-01-01,False,0,0
E90012,C0004,P0054,F00206,2026-02-01,False,0,0
E90012,C0004,P0054,F00206,2026-03-01,False,0,0
E90012,C0004,P0054,F00206,2026-04-01,False,0,0
E90012,C0004,P0054,F00206,2026-05-01,False,0,0
E90012,C0004,P0054,F00206,2026-06-01,False,0,0
E90012,C0004,P0054,F00206,2026-07-01,False,0,0
E90012,C0004,P0054,F00206,2026-08-01,False,0,0
E90012,C0004,P0054,F00207,2025-12-01,False,0,0
E90012,C0004,P0054,F00207,2026-01-01,False,0,0
E90012,C0004,P0054,F00207,2026-02-01,False,0,0
E90012,C0004,P0054,F00207,2026-03-01,False,0,0
E90012,C0004,P0054,F00207,2026-04-01,False,0,0
E90012,C0004,P0054,F00207,2026-05-01,False,0,0
E90012,C0004,P0054,F00207,2026-06-01,False,0,0
E90012,C0004,P0054,F00207,2026-07-01,False,0,0
E90012,C0004,P0054,F00207,2026-08-01,False,0,0
E90012,C0004,P0054,F00208,2025-12-01,False,0,0
E90012,C0004,P0054,F00208,2026-01-01,False,0,0
E90012,C0004,P0054,F00208,2026-02-01,False,0,0
E90012,C0004,P0054,F00208,2026-03-01,False,0,0
E90012,C0004,P0054,F00208,2026-04-01,False,0,0
E90012,C0004,P0054,F00208,2026-05-01,False,0,0
E90012,C0004,P0054,F00208,2026-06-01,False,0,0
E90012,C0004,P0054,F00208,2026-07-01,False,0,0
E90012,C0004,P0054,F00208,2026-08-01,False,0,0
E90012,C0004,P0054,F00209,2025-12-01,False,0,0
E90012,C0004,P0054,F00209,2026-01-01,False,0,0
E90012,C0004,P0054,F00209,2026-02-01,False,0,0
E90012,C0004,P0054,F00209,2026-03-01,False,0,0
E90012,C0004,P0054,F00209,2026-04-01,False,0,0
E90012,C0004,P0054,F00209,2026-05-01,False,0,0
E90012,C0004,P0054,F00209,2026-06-01,False,0,0
E90012,C0004,P0054,F00209,2026-07-01,False,0,0
E90012,C0004,P0054,F00209,2026-08-01,False,0,0
